canonical_lgd_code,indicator_id,harmonized_value,provenance_status,provenance_class
745,rhs_phc_density_per_100k,1.772,INHERITED_FROM_520,INHERITED
745,census_total_population,2200000.0,OBSERVED,DIRECT_OBSERVED
745,rhs_hospital_presence,2.0,INHERITED_FROM_520,INHERITED
745,hypertension_combined_pct_women,90.0,IMPUTED_STATE_MEAN,STATISTICALLY_IMPUTED
745,insurance_pct,70.625,IMPUTED_STATE_MEAN,STATISTICALLY_IMPUTED
745,clean_fuel_pct,3.0,IMPUTED_STATE_MEAN,STATISTICALLY_IMPUTED
745,census_population_age_0_6_pct,10.2,OBSERVED,DIRECT_OBSERVED
745,rhs_subcentre_density_per_100k,13.357,INHERITED_FROM_520,INHERITED
745,underweight_pct,28.9417,IMPUTED_STATE_MEAN,STATISTICALLY_IMPUTED
745,nfhs_underweight_pct,33.5,INHERITED_FROM_520,INHERITED
745,nfhs_insurance_pct,64.9,INHERITED_FROM_520,INHERITED
745,nfhs_sanitation_pct,77.8,INHERITED_FROM_520,INHERITED
745,jan_aushadhi_density_per_100k,1.773,OBSERVED,DIRECT_OBSERVED
745,census_literacy_rate_pct,76.0,OBSERVED,DIRECT_OBSERVED
745,nfhs_clean_fuel_pct,3.0,INHERITED_FROM_520,INHERITED
745,wasting_pct,16.25,IMPUTED_STATE_MEAN,STATISTICALLY_IMPUTED
745,rhs_chc_density_per_100k,0.303,INHERITED_FROM_520,INHERITED
745,nfhs_oope_delivery_rs,2200.0,INHERITED_FROM_520,INHERITED
745,niti_aspirational_district_flag,1.0,OBSERVED,DIRECT_OBSERVED
745,nfhs_hypertension_combined_pct,59.6,INHERITED_FROM_520,INHERITED
745,stunting_pct,30.05,IMPUTED_STATE_MEAN,STATISTICALLY_IMPUTED
745,nfhs_wasting_pct,21.5,INHERITED_FROM_520,INHERITED
745,mca21_pharma_density_per_100k,0.364,OBSERVED,DIRECT_OBSERVED
745,sanitation_pct,75.975,IMPUTED_STATE_MEAN,STATISTICALLY_IMPUTED
745,nfhs_diabetes_combined_pct,17.6,INHERITED_FROM_520,INHERITED
745,oope_delivery_rs,3102.4545,IMPUTED_STATE_MEAN,STATISTICALLY_IMPUTED
745,hypertension_combined_pct_men,28.6917,IMPUTED_STATE_MEAN,STATISTICALLY_IMPUTED
745,mca21_raw_company_count,8.0,OBSERVED,DIRECT_OBSERVED
745,diabetes_combined_pct_women,19.3083,IMPUTED_STATE_MEAN,STATISTICALLY_IMPUTED
745,diabetes_combined_pct_men,21.3583,IMPUTED_STATE_MEAN,STATISTICALLY_IMPUTED
745,jan_aushadhi_raw_count,39.0,OBSERVED,DIRECT_OBSERVED
745,census_decadal_growth_pct,12.4,OBSERVED,DIRECT_OBSERVED
745,nfhs_stunting_pct,31.0,INHERITED_FROM_520,INHERITED
745,census_urban_population_pct,42.6,OBSERVED,DIRECT_OBSERVED
744,rhs_phc_density_per_100k,1.772,INHERITED_FROM_520,INHERITED
744,census_total_population,2200000.0,OBSERVED,DIRECT_OBSERVED
744,rhs_hospital_presence,2.0,INHERITED_FROM_520,INHERITED
744,hypertension_combined_pct_women,90.0,IMPUTED_STATE_MEAN,STATISTICALLY_IMPUTED
744,insurance_pct,70.625,IMPUTED_STATE_MEAN,STATISTICALLY_IMPUTED
744,clean_fuel_pct,3.0,IMPUTED_STATE_MEAN,STATISTICALLY_IMPUTED
744,census_population_age_0_6_pct,10.2,OBSERVED,DIRECT_OBSERVED
744,rhs_subcentre_density_per_100k,13.357,INHERITED_FROM_520,INHERITED
744,underweight_pct,28.9417,IMPUTED_STATE_MEAN,STATISTICALLY_IMPUTED
744,nfhs_underweight_pct,33.5,INHERITED_FROM_520,INHERITED
744,nfhs_insurance_pct,64.9,INHERITED_FROM_520,INHERITED
744,nfhs_sanitation_pct,77.8,INHERITED_FROM_520,INHERITED
744,jan_aushadhi_density_per_100k,1.773,OBSERVED,DIRECT_OBSERVED
744,census_literacy_rate_pct,76.0,OBSERVED,DIRECT_OBSERVED
744,nfhs_clean_fuel_pct,3.0,INHERITED_FROM_520,INHERITED
744,wasting_pct,16.25,IMPUTED_STATE_MEAN,STATISTICALLY_IMPUTED
744,rhs_chc_density_per_100k,0.303,INHERITED_FROM_520,INHERITED
744,nfhs_oope_delivery_rs,2200.0,INHERITED_FROM_520,INHERITED
744,niti_aspirational_district_flag,0.0,OBSERVED,DIRECT_OBSERVED
744,nfhs_hypertension_combined_pct,59.6,INHERITED_FROM_520,INHERITED
744,stunting_pct,30.05,IMPUTED_STATE_MEAN,STATISTICALLY_IMPUTED
744,nfhs_wasting_pct,21.5,INHERITED_FROM_520,INHERITED
744,mca21_pharma_density_per_100k,0.364,OBSERVED,DIRECT_OBSERVED
744,sanitation_pct,75.975,IMPUTED_STATE_MEAN,STATISTICALLY_IMPUTED
744,nfhs_diabetes_combined_pct,17.6,INHERITED_FROM_520,INHERITED
744,oope_delivery_rs,3102.4545,IMPUTED_STATE_MEAN,STATISTICALLY_IMPUTED
744,hypertension_combined_pct_men,28.6917,IMPUTED_STATE_MEAN,STATISTICALLY_IMPUTED
744,mca21_raw_company_count,8.0,OBSERVED,DIRECT_OBSERVED
744,diabetes_combined_pct_women,19.3083,IMPUTED_STATE_MEAN,STATISTICALLY_IMPUTED
744,diabetes_combined_pct_men,21.3583,IMPUTED_STATE_MEAN,STATISTICALLY_IMPUTED
744,jan_aushadhi_raw_count,39.0,OBSERVED,DIRECT_OBSERVED
744,census_decadal_growth_pct,12.4,OBSERVED,DIRECT_OBSERVED
744,nfhs_stunting_pct,31.0,INHERITED_FROM_520,INHERITED
744,census_urban_population_pct,42.6,OBSERVED,DIRECT_OBSERVED
502,rhs_phc_density_per_100k,3.727,OBSERVED,DIRECT_OBSERVED
502,census_total_population,2200000.0,OBSERVED,DIRECT_OBSERVED
502,rhs_hospital_presence,3.0,OBSERVED,DIRECT_OBSERVED
502,hypertension_combined_pct_women,90.0,OBSERVED,DIRECT_OBSERVED
502,insurance_pct,73.2,OBSERVED,DIRECT_OBSERVED
502,clean_fuel_pct,3.0,OBSERVED,DIRECT_OBSERVED
502,census_population_age_0_6_pct,10.2,OBSERVED,DIRECT_OBSERVED
502,rhs_subcentre_density_per_100k,27.682,OBSERVED,DIRECT_OBSERVED
502,underweight_pct,40.6,OBSERVED,DIRECT_OBSERVED
502,nfhs_underweight_pct,40.6,OBSERVED,DIRECT_OBSERVED
502,nfhs_insurance_pct,73.2,OBSERVED,DIRECT_OBSERVED
502,nfhs_sanitation_pct,71.3,OBSERVED,DIRECT_OBSERVED
502,jan_aushadhi_density_per_100k,1.773,OBSERVED,DIRECT_OBSERVED
502,census_literacy_rate_pct,76.0,OBSERVED,DIRECT_OBSERVED
502,nfhs_clean_fuel_pct,3.0,OBSERVED,DIRECT_OBSERVED
502,wasting_pct,19.3,OBSERVED,DIRECT_OBSERVED
502,rhs_chc_density_per_100k,0.5,OBSERVED,DIRECT_OBSERVED
502,nfhs_oope_delivery_rs,2682.0,OBSERVED,DIRECT_OBSERVED
502,niti_aspirational_district_flag,0.0,OBSERVED,DIRECT_OBSERVED
502,nfhs_hypertension_combined_pct,58.35,OBSERVED,DIRECT_OBSERVED
502,stunting_pct,36.0,OBSERVED,DIRECT_OBSERVED
502,nfhs_wasting_pct,19.3,OBSERVED,DIRECT_OBSERVED
502,mca21_pharma_density_per_100k,0.364,OBSERVED,DIRECT_OBSERVED
502,sanitation_pct,71.3,OBSERVED,DIRECT_OBSERVED
502,nfhs_diabetes_combined_pct,15.5,OBSERVED,DIRECT_OBSERVED
502,oope_delivery_rs,2682.0,OBSERVED,DIRECT_OBSERVED
502,hypertension_combined_pct_men,26.7,OBSERVED,DIRECT_OBSERVED
502,mca21_raw_company_count,8.0,OBSERVED,DIRECT_OBSERVED
502,diabetes_combined_pct_women,14.2,OBSERVED,DIRECT_OBSERVED
502,diabetes_combined_pct_men,16.8,OBSERVED,DIRECT_OBSERVED
502,jan_aushadhi_raw_count,39.0,OBSERVED,DIRECT_OBSERVED
502,census_decadal_growth_pct,12.4,OBSERVED,DIRECT_OBSERVED
502,nfhs_stunting_pct,36.0,OBSERVED,DIRECT_OBSERVED
502,census_urban_population_pct,42.6,OBSERVED,DIRECT_OBSERVED
753,rhs_phc_density_per_100k,3.0012,IMPUTED_STATE_MEAN,STATISTICALLY_IMPUTED
753,census_total_population,2200000.0,OBSERVED,DIRECT_OBSERVED
753,rhs_hospital_presence,3.125,IMPUTED_STATE_MEAN,STATISTICALLY_IMPUTED
753,hypertension_combined_pct_women,90.0,IMPUTED_STATE_MEAN,STATISTICALLY_IMPUTED
753,insurance_pct,70.625,IMPUTED_STATE_MEAN,STATISTICALLY_IMPUTED
753,clean_fuel_pct,3.0,IMPUTED_STATE_MEAN,STATISTICALLY_IMPUTED
753,census_population_age_0_6_pct,10.2,OBSERVED,DIRECT_OBSERVED
753,rhs_subcentre_density_per_100k,23.4058,IMPUTED_STATE_MEAN,STATISTICALLY_IMPUTED
753,underweight_pct,28.9417,IMPUTED_STATE_MEAN,STATISTICALLY_IMPUTED
753,nfhs_underweight_pct,29.3125,IMPUTED_STATE_MEAN,STATISTICALLY_IMPUTED
753,nfhs_insurance_pct,70.0792,IMPUTED_STATE_MEAN,STATISTICALLY_IMPUTED
753,nfhs_sanitation_pct,76.2708,IMPUTED_STATE_MEAN,STATISTICALLY_IMPUTED
753,jan_aushadhi_density_per_100k,1.773,OBSERVED,DIRECT_OBSERVED
753,census_literacy_rate_pct,76.0,OBSERVED,DIRECT_OBSERVED
753,nfhs_clean_fuel_pct,3.0,IMPUTED_STATE_MEAN,STATISTICALLY_IMPUTED
753,wasting_pct,16.25,IMPUTED_STATE_MEAN,STATISTICALLY_IMPUTED
753,rhs_chc_density_per_100k,0.5155,IMPUTED_STATE_MEAN,STATISTICALLY_IMPUTED
753,nfhs_oope_delivery_rs,3388.7826,IMPUTED_STATE_MEAN,STATISTICALLY_IMPUTED
753,niti_aspirational_district_flag,0.0,OBSERVED,DIRECT_OBSERVED
753,nfhs_hypertension_combined_pct,59.5896,IMPUTED_STATE_MEAN,STATISTICALLY_IMPUTED
753,stunting_pct,30.05,IMPUTED_STATE_MEAN,STATISTICALLY_IMPUTED
753,nfhs_wasting_pct,16.5917,IMPUTED_STATE_MEAN,STATISTICALLY_IMPUTED
753,mca21_pharma_density_per_100k,0.364,OBSERVED,DIRECT_OBSERVED
753,sanitation_pct,75.975,IMPUTED_STATE_MEAN,STATISTICALLY_IMPUTED
753,nfhs_diabetes_combined_pct,20.3708,IMPUTED_STATE_MEAN,STATISTICALLY_IMPUTED
753,oope_delivery_rs,3102.4545,IMPUTED_STATE_MEAN,STATISTICALLY_IMPUTED
753,hypertension_combined_pct_men,28.6917,IMPUTED_STATE_MEAN,STATISTICALLY_IMPUTED
753,mca21_raw_company_count,8.0,OBSERVED,DIRECT_OBSERVED
753,diabetes_combined_pct_women,19.3083,IMPUTED_STATE_MEAN,STATISTICALLY_IMPUTED
753,diabetes_combined_pct_men,21.3583,IMPUTED_STATE_MEAN,STATISTICALLY_IMPUTED
753,jan_aushadhi_raw_count,39.0,OBSERVED,DIRECT_OBSERVED
753,census_decadal_growth_pct,12.4,OBSERVED,DIRECT_OBSERVED
753,nfhs_stunting_pct,30.3167,IMPUTED_STATE_MEAN,STATISTICALLY_IMPUTED
753,census_urban_population_pct,42.6,OBSERVED,DIRECT_OBSERVED
750,rhs_phc_density_per_100k,1.516,INHERITED_FROM_506,INHERITED
750,census_total_population,2200000.0,OBSERVED,DIRECT_OBSERVED
750,rhs_hospital_presence,3.0,INHERITED_FROM_506,INHERITED
750,hypertension_combined_pct_women,90.0,IMPUTED_STATE_MEAN,STATISTICALLY_IMPUTED
750,insurance_pct,70.625,IMPUTED_STATE_MEAN,STATISTICALLY_IMPUTED
750,clean_fuel_pct,3.0,IMPUTED_STATE_MEAN,STATISTICALLY_IMPUTED
750,census_population_age_0_6_pct,10.2,OBSERVED,DIRECT_OBSERVED
750,rhs_subcentre_density_per_100k,14.119,INHERITED_FROM_506,INHERITED
750,underweight_pct,28.9417,IMPUTED_STATE_MEAN,STATISTICALLY_IMPUTED
750,nfhs_underweight_pct,26.9,INHERITED_FROM_506,INHERITED
750,nfhs_insurance_pct,71.1,INHERITED_FROM_506,INHERITED
750,nfhs_sanitation_pct,83.4,INHERITED_FROM_506,INHERITED
750,jan_aushadhi_density_per_100k,1.773,OBSERVED,DIRECT_OBSERVED
750,census_literacy_rate_pct,76.0,OBSERVED,DIRECT_OBSERVED
750,nfhs_clean_fuel_pct,3.0,INHERITED_FROM_506,INHERITED
750,wasting_pct,16.25,IMPUTED_STATE_MEAN,STATISTICALLY_IMPUTED
750,rhs_chc_density_per_100k,0.328,INHERITED_FROM_506,INHERITED
750,nfhs_oope_delivery_rs,3912.0,INHERITED_FROM_506,INHERITED
750,niti_aspirational_district_flag,0.0,OBSERVED,DIRECT_OBSERVED
750,nfhs_hypertension_combined_pct,60.65,INHERITED_FROM_506,INHERITED
750,stunting_pct,30.05,IMPUTED_STATE_MEAN,STATISTICALLY_IMPUTED
750,nfhs_wasting_pct,17.8,INHERITED_FROM_506,INHERITED
750,mca21_pharma_density_per_100k,0.364,OBSERVED,DIRECT_OBSERVED
750,sanitation_pct,75.975,IMPUTED_STATE_MEAN,STATISTICALLY_IMPUTED
750,nfhs_diabetes_combined_pct,24.3,INHERITED_FROM_506,INHERITED
750,oope_delivery_rs,3102.4545,IMPUTED_STATE_MEAN,STATISTICALLY_IMPUTED
750,hypertension_combined_pct_men,28.6917,IMPUTED_STATE_MEAN,STATISTICALLY_IMPUTED
750,mca21_raw_company_count,8.0,OBSERVED,DIRECT_OBSERVED
750,diabetes_combined_pct_women,19.3083,IMPUTED_STATE_MEAN,STATISTICALLY_IMPUTED
750,diabetes_combined_pct_men,21.3583,IMPUTED_STATE_MEAN,STATISTICALLY_IMPUTED
750,jan_aushadhi_raw_count,39.0,OBSERVED,DIRECT_OBSERVED
750,census_decadal_growth_pct,12.4,OBSERVED,DIRECT_OBSERVED
750,nfhs_stunting_pct,23.8,INHERITED_FROM_506,INHERITED
750,census_urban_population_pct,42.6,OBSERVED,DIRECT_OBSERVED
503,rhs_phc_density_per_100k,4.273,OBSERVED,DIRECT_OBSERVED
503,census_total_population,2200000.0,OBSERVED,DIRECT_OBSERVED
503,rhs_hospital_presence,6.0,OBSERVED,DIRECT_OBSERVED
503,hypertension_combined_pct_women,90.0,OBSERVED,DIRECT_OBSERVED
503,insurance_pct,70.7,OBSERVED,DIRECT_OBSERVED
503,clean_fuel_pct,3.0,OBSERVED,DIRECT_OBSERVED
503,census_population_age_0_6_pct,10.2,OBSERVED,DIRECT_OBSERVED
503,rhs_subcentre_density_per_100k,29.682,OBSERVED,DIRECT_OBSERVED
503,underweight_pct,27.9,OBSERVED,DIRECT_OBSERVED
503,nfhs_underweight_pct,27.9,OBSERVED,DIRECT_OBSERVED
503,nfhs_insurance_pct,70.7,OBSERVED,DIRECT_OBSERVED
503,nfhs_sanitation_pct,74.6,OBSERVED,DIRECT_OBSERVED
503,jan_aushadhi_density_per_100k,1.773,OBSERVED,DIRECT_OBSERVED
503,census_literacy_rate_pct,76.0,OBSERVED,DIRECT_OBSERVED
503,nfhs_clean_fuel_pct,3.0,OBSERVED,DIRECT_OBSERVED
503,wasting_pct,14.8,OBSERVED,DIRECT_OBSERVED
503,rhs_chc_density_per_100k,0.409,OBSERVED,DIRECT_OBSERVED
503,nfhs_oope_delivery_rs,2533.0,OBSERVED,DIRECT_OBSERVED
503,niti_aspirational_district_flag,0.0,OBSERVED,DIRECT_OBSERVED
503,nfhs_hypertension_combined_pct,58.55,OBSERVED,DIRECT_OBSERVED
503,stunting_pct,27.1,OBSERVED,DIRECT_OBSERVED
503,nfhs_wasting_pct,14.8,OBSERVED,DIRECT_OBSERVED
503,mca21_pharma_density_per_100k,0.364,OBSERVED,DIRECT_OBSERVED
503,sanitation_pct,74.6,OBSERVED,DIRECT_OBSERVED
503,nfhs_diabetes_combined_pct,19.8,OBSERVED,DIRECT_OBSERVED
503,oope_delivery_rs,2533.0,OBSERVED,DIRECT_OBSERVED
503,hypertension_combined_pct_men,27.1,OBSERVED,DIRECT_OBSERVED
503,mca21_raw_company_count,8.0,OBSERVED,DIRECT_OBSERVED
503,diabetes_combined_pct_women,17.2,OBSERVED,DIRECT_OBSERVED
503,diabetes_combined_pct_men,22.4,OBSERVED,DIRECT_OBSERVED
503,jan_aushadhi_raw_count,39.0,OBSERVED,DIRECT_OBSERVED
503,census_decadal_growth_pct,12.4,OBSERVED,DIRECT_OBSERVED
503,nfhs_stunting_pct,27.1,OBSERVED,DIRECT_OBSERVED
503,census_urban_population_pct,42.6,OBSERVED,DIRECT_OBSERVED
747,rhs_phc_density_per_100k,4.364,INHERITED_FROM_505,INHERITED
747,census_total_population,2200000.0,OBSERVED,DIRECT_OBSERVED
747,rhs_hospital_presence,4.0,INHERITED_FROM_505,INHERITED
747,hypertension_combined_pct_women,90.0,IMPUTED_STATE_MEAN,STATISTICALLY_IMPUTED
747,insurance_pct,70.625,IMPUTED_STATE_MEAN,STATISTICALLY_IMPUTED
747,clean_fuel_pct,3.0,IMPUTED_STATE_MEAN,STATISTICALLY_IMPUTED
747,census_population_age_0_6_pct,10.2,OBSERVED,DIRECT_OBSERVED
747,rhs_subcentre_density_per_100k,36.773,INHERITED_FROM_505,INHERITED
747,underweight_pct,28.9417,IMPUTED_STATE_MEAN,STATISTICALLY_IMPUTED
747,nfhs_underweight_pct,22.4,INHERITED_FROM_505,INHERITED
747,nfhs_insurance_pct,66.4,INHERITED_FROM_505,INHERITED
747,nfhs_sanitation_pct,77.7,INHERITED_FROM_505,INHERITED
747,jan_aushadhi_density_per_100k,1.773,OBSERVED,DIRECT_OBSERVED
747,census_literacy_rate_pct,76.0,OBSERVED,DIRECT_OBSERVED
747,nfhs_clean_fuel_pct,3.0,INHERITED_FROM_505,INHERITED
747,wasting_pct,16.25,IMPUTED_STATE_MEAN,STATISTICALLY_IMPUTED
747,rhs_chc_density_per_100k,0.909,INHERITED_FROM_505,INHERITED
747,nfhs_oope_delivery_rs,8159.0,INHERITED_FROM_505,INHERITED
747,niti_aspirational_district_flag,0.0,OBSERVED,DIRECT_OBSERVED
747,nfhs_hypertension_combined_pct,61.1,INHERITED_FROM_505,INHERITED
747,stunting_pct,30.05,IMPUTED_STATE_MEAN,STATISTICALLY_IMPUTED
747,nfhs_wasting_pct,14.3,INHERITED_FROM_505,INHERITED
747,mca21_pharma_density_per_100k,0.364,OBSERVED,DIRECT_OBSERVED
747,sanitation_pct,75.975,IMPUTED_STATE_MEAN,STATISTICALLY_IMPUTED
747,nfhs_diabetes_combined_pct,24.65,INHERITED_FROM_505,INHERITED
747,oope_delivery_rs,3102.4545,IMPUTED_STATE_MEAN,STATISTICALLY_IMPUTED
747,hypertension_combined_pct_men,28.6917,IMPUTED_STATE_MEAN,STATISTICALLY_IMPUTED
747,mca21_raw_company_count,8.0,OBSERVED,DIRECT_OBSERVED
747,diabetes_combined_pct_women,19.3083,IMPUTED_STATE_MEAN,STATISTICALLY_IMPUTED
747,diabetes_combined_pct_men,21.3583,IMPUTED_STATE_MEAN,STATISTICALLY_IMPUTED
747,jan_aushadhi_raw_count,39.0,OBSERVED,DIRECT_OBSERVED
747,census_decadal_growth_pct,12.4,OBSERVED,DIRECT_OBSERVED
747,nfhs_stunting_pct,23.1,INHERITED_FROM_505,INHERITED
747,census_urban_population_pct,42.6,OBSERVED,DIRECT_OBSERVED
505,rhs_phc_density_per_100k,4.364,OBSERVED,DIRECT_OBSERVED
505,census_total_population,2200000.0,OBSERVED,DIRECT_OBSERVED
505,rhs_hospital_presence,4.0,OBSERVED,DIRECT_OBSERVED
505,hypertension_combined_pct_women,90.0,OBSERVED,DIRECT_OBSERVED
505,insurance_pct,66.4,OBSERVED,DIRECT_OBSERVED
505,clean_fuel_pct,3.0,OBSERVED,DIRECT_OBSERVED
505,census_population_age_0_6_pct,10.2,OBSERVED,DIRECT_OBSERVED
505,rhs_subcentre_density_per_100k,36.773,OBSERVED,DIRECT_OBSERVED
505,underweight_pct,22.4,OBSERVED,DIRECT_OBSERVED
505,nfhs_underweight_pct,22.4,OBSERVED,DIRECT_OBSERVED
505,nfhs_insurance_pct,66.4,OBSERVED,DIRECT_OBSERVED
505,nfhs_sanitation_pct,77.7,OBSERVED,DIRECT_OBSERVED
505,jan_aushadhi_density_per_100k,1.773,OBSERVED,DIRECT_OBSERVED
505,census_literacy_rate_pct,76.0,OBSERVED,DIRECT_OBSERVED
505,nfhs_clean_fuel_pct,3.0,OBSERVED,DIRECT_OBSERVED
505,wasting_pct,14.3,OBSERVED,DIRECT_OBSERVED
505,rhs_chc_density_per_100k,0.909,OBSERVED,DIRECT_OBSERVED
505,nfhs_oope_delivery_rs,8159.0,OBSERVED,DIRECT_OBSERVED
505,niti_aspirational_district_flag,0.0,OBSERVED,DIRECT_OBSERVED
505,nfhs_hypertension_combined_pct,61.1,OBSERVED,DIRECT_OBSERVED
505,stunting_pct,23.1,OBSERVED,DIRECT_OBSERVED
505,nfhs_wasting_pct,14.3,OBSERVED,DIRECT_OBSERVED
505,mca21_pharma_density_per_100k,0.364,OBSERVED,DIRECT_OBSERVED
505,sanitation_pct,77.7,OBSERVED,DIRECT_OBSERVED
505,nfhs_diabetes_combined_pct,24.65,OBSERVED,DIRECT_OBSERVED
505,oope_delivery_rs,8159.0,OBSERVED,DIRECT_OBSERVED
505,hypertension_combined_pct_men,32.2,OBSERVED,DIRECT_OBSERVED
505,mca21_raw_company_count,8.0,OBSERVED,DIRECT_OBSERVED
505,diabetes_combined_pct_women,21.7,OBSERVED,DIRECT_OBSERVED
505,diabetes_combined_pct_men,27.6,OBSERVED,DIRECT_OBSERVED
505,jan_aushadhi_raw_count,39.0,OBSERVED,DIRECT_OBSERVED
505,census_decadal_growth_pct,12.4,OBSERVED,DIRECT_OBSERVED
505,nfhs_stunting_pct,23.1,OBSERVED,DIRECT_OBSERVED
505,census_urban_population_pct,42.6,OBSERVED,DIRECT_OBSERVED
748,rhs_phc_density_per_100k,3.182,INHERITED_FROM_523,INHERITED
748,census_total_population,2200000.0,OBSERVED,DIRECT_OBSERVED
748,rhs_hospital_presence,4.0,INHERITED_FROM_523,INHERITED
748,hypertension_combined_pct_women,90.0,IMPUTED_STATE_MEAN,STATISTICALLY_IMPUTED
748,insurance_pct,70.625,IMPUTED_STATE_MEAN,STATISTICALLY_IMPUTED
748,clean_fuel_pct,3.0,IMPUTED_STATE_MEAN,STATISTICALLY_IMPUTED
748,census_population_age_0_6_pct,10.2,OBSERVED,DIRECT_OBSERVED
748,rhs_subcentre_density_per_100k,29.227,INHERITED_FROM_523,INHERITED
748,underweight_pct,28.9417,IMPUTED_STATE_MEAN,STATISTICALLY_IMPUTED
748,nfhs_underweight_pct,22.5,INHERITED_FROM_523,INHERITED
748,nfhs_insurance_pct,67.6,INHERITED_FROM_523,INHERITED
748,nfhs_sanitation_pct,80.8,INHERITED_FROM_523,INHERITED
748,jan_aushadhi_density_per_100k,1.773,OBSERVED,DIRECT_OBSERVED
748,census_literacy_rate_pct,76.0,OBSERVED,DIRECT_OBSERVED
748,nfhs_clean_fuel_pct,3.0,INHERITED_FROM_523,INHERITED
748,wasting_pct,16.25,IMPUTED_STATE_MEAN,STATISTICALLY_IMPUTED
748,rhs_chc_density_per_100k,0.682,INHERITED_FROM_523,INHERITED
748,nfhs_oope_delivery_rs,2318.0,INHERITED_FROM_523,INHERITED
748,niti_aspirational_district_flag,0.0,OBSERVED,DIRECT_OBSERVED
748,nfhs_hypertension_combined_pct,60.7,INHERITED_FROM_523,INHERITED
748,stunting_pct,30.05,IMPUTED_STATE_MEAN,STATISTICALLY_IMPUTED
748,nfhs_wasting_pct,11.7,INHERITED_FROM_523,INHERITED
748,mca21_pharma_density_per_100k,0.364,OBSERVED,DIRECT_OBSERVED
748,sanitation_pct,75.975,IMPUTED_STATE_MEAN,STATISTICALLY_IMPUTED
748,nfhs_diabetes_combined_pct,21.35,INHERITED_FROM_523,INHERITED
748,oope_delivery_rs,3102.4545,IMPUTED_STATE_MEAN,STATISTICALLY_IMPUTED
748,hypertension_combined_pct_men,28.6917,IMPUTED_STATE_MEAN,STATISTICALLY_IMPUTED
748,mca21_raw_company_count,8.0,OBSERVED,DIRECT_OBSERVED
748,diabetes_combined_pct_women,19.3083,IMPUTED_STATE_MEAN,STATISTICALLY_IMPUTED
748,diabetes_combined_pct_men,21.3583,IMPUTED_STATE_MEAN,STATISTICALLY_IMPUTED
748,jan_aushadhi_raw_count,39.0,OBSERVED,DIRECT_OBSERVED
748,census_decadal_growth_pct,12.4,OBSERVED,DIRECT_OBSERVED
748,nfhs_stunting_pct,31.4,INHERITED_FROM_523,INHERITED
748,census_urban_population_pct,42.6,OBSERVED,DIRECT_OBSERVED
506,rhs_phc_density_per_100k,1.516,OBSERVED,DIRECT_OBSERVED
506,census_total_population,4880000.0,OBSERVED,DIRECT_OBSERVED
506,rhs_hospital_presence,3.0,OBSERVED,DIRECT_OBSERVED
506,hypertension_combined_pct_women,90.0,OBSERVED,DIRECT_OBSERVED
506,insurance_pct,71.1,OBSERVED,DIRECT_OBSERVED
506,clean_fuel_pct,3.0,OBSERVED,DIRECT_OBSERVED
506,census_population_age_0_6_pct,10.2,OBSERVED,DIRECT_OBSERVED
506,rhs_subcentre_density_per_100k,14.119,OBSERVED,DIRECT_OBSERVED
506,underweight_pct,26.9,OBSERVED,DIRECT_OBSERVED
506,nfhs_underweight_pct,26.9,OBSERVED,DIRECT_OBSERVED
506,nfhs_insurance_pct,71.1,OBSERVED,DIRECT_OBSERVED
506,nfhs_sanitation_pct,83.4,OBSERVED,DIRECT_OBSERVED
506,jan_aushadhi_density_per_100k,0.943,OBSERVED,DIRECT_OBSERVED
506,census_literacy_rate_pct,76.0,OBSERVED,DIRECT_OBSERVED
506,nfhs_clean_fuel_pct,3.0,OBSERVED,DIRECT_OBSERVED
506,wasting_pct,17.8,OBSERVED,DIRECT_OBSERVED
506,rhs_chc_density_per_100k,0.328,OBSERVED,DIRECT_OBSERVED
506,nfhs_oope_delivery_rs,3912.0,OBSERVED,DIRECT_OBSERVED
506,niti_aspirational_district_flag,0.0,OBSERVED,DIRECT_OBSERVED
506,nfhs_hypertension_combined_pct,60.65,OBSERVED,DIRECT_OBSERVED
506,stunting_pct,23.8,OBSERVED,DIRECT_OBSERVED
506,nfhs_wasting_pct,17.8,OBSERVED,DIRECT_OBSERVED
506,mca21_pharma_density_per_100k,0.389,OBSERVED,DIRECT_OBSERVED
506,sanitation_pct,83.4,OBSERVED,DIRECT_OBSERVED
506,nfhs_diabetes_combined_pct,24.3,OBSERVED,DIRECT_OBSERVED
506,oope_delivery_rs,3912.0,OBSERVED,DIRECT_OBSERVED
506,hypertension_combined_pct_men,31.3,OBSERVED,DIRECT_OBSERVED
506,mca21_raw_company_count,19.0,OBSERVED,DIRECT_OBSERVED
506,diabetes_combined_pct_women,22.7,OBSERVED,DIRECT_OBSERVED
506,diabetes_combined_pct_men,25.9,OBSERVED,DIRECT_OBSERVED
506,jan_aushadhi_raw_count,46.0,OBSERVED,DIRECT_OBSERVED
506,census_decadal_growth_pct,12.4,OBSERVED,DIRECT_OBSERVED
506,nfhs_stunting_pct,23.8,OBSERVED,DIRECT_OBSERVED
506,census_urban_population_pct,64.04,OBSERVED,DIRECT_OBSERVED
746,rhs_phc_density_per_100k,4.364,INHERITED_FROM_505,INHERITED
746,census_total_population,2200000.0,OBSERVED,DIRECT_OBSERVED
746,rhs_hospital_presence,4.0,INHERITED_FROM_505,INHERITED
746,hypertension_combined_pct_women,90.0,IMPUTED_STATE_MEAN,STATISTICALLY_IMPUTED
746,insurance_pct,70.625,IMPUTED_STATE_MEAN,STATISTICALLY_IMPUTED
746,clean_fuel_pct,3.0,IMPUTED_STATE_MEAN,STATISTICALLY_IMPUTED
746,census_population_age_0_6_pct,10.2,OBSERVED,DIRECT_OBSERVED
746,rhs_subcentre_density_per_100k,36.773,INHERITED_FROM_505,INHERITED
746,underweight_pct,28.9417,IMPUTED_STATE_MEAN,STATISTICALLY_IMPUTED
746,nfhs_underweight_pct,22.4,INHERITED_FROM_505,INHERITED
746,nfhs_insurance_pct,66.4,INHERITED_FROM_505,INHERITED
746,nfhs_sanitation_pct,77.7,INHERITED_FROM_505,INHERITED
746,jan_aushadhi_density_per_100k,1.773,OBSERVED,DIRECT_OBSERVED
746,census_literacy_rate_pct,76.0,OBSERVED,DIRECT_OBSERVED
746,nfhs_clean_fuel_pct,3.0,INHERITED_FROM_505,INHERITED
746,wasting_pct,16.25,IMPUTED_STATE_MEAN,STATISTICALLY_IMPUTED
746,rhs_chc_density_per_100k,0.909,INHERITED_FROM_505,INHERITED
746,nfhs_oope_delivery_rs,8159.0,INHERITED_FROM_505,INHERITED
746,niti_aspirational_district_flag,0.0,OBSERVED,DIRECT_OBSERVED
746,nfhs_hypertension_combined_pct,61.1,INHERITED_FROM_505,INHERITED
746,stunting_pct,30.05,IMPUTED_STATE_MEAN,STATISTICALLY_IMPUTED
746,nfhs_wasting_pct,14.3,INHERITED_FROM_505,INHERITED
746,mca21_pharma_density_per_100k,0.364,OBSERVED,DIRECT_OBSERVED
746,sanitation_pct,75.975,IMPUTED_STATE_MEAN,STATISTICALLY_IMPUTED
746,nfhs_diabetes_combined_pct,24.65,INHERITED_FROM_505,INHERITED
746,oope_delivery_rs,3102.4545,IMPUTED_STATE_MEAN,STATISTICALLY_IMPUTED
746,hypertension_combined_pct_men,28.6917,IMPUTED_STATE_MEAN,STATISTICALLY_IMPUTED
746,mca21_raw_company_count,8.0,OBSERVED,DIRECT_OBSERVED
746,diabetes_combined_pct_women,19.3083,IMPUTED_STATE_MEAN,STATISTICALLY_IMPUTED
746,diabetes_combined_pct_men,21.3583,IMPUTED_STATE_MEAN,STATISTICALLY_IMPUTED
746,jan_aushadhi_raw_count,39.0,OBSERVED,DIRECT_OBSERVED
746,census_decadal_growth_pct,12.4,OBSERVED,DIRECT_OBSERVED
746,nfhs_stunting_pct,23.1,INHERITED_FROM_505,INHERITED
746,census_urban_population_pct,42.6,OBSERVED,DIRECT_OBSERVED
510,rhs_phc_density_per_100k,3.273,OBSERVED,DIRECT_OBSERVED
510,census_total_population,2200000.0,OBSERVED,DIRECT_OBSERVED
510,rhs_hospital_presence,3.0,OBSERVED,DIRECT_OBSERVED
510,hypertension_combined_pct_women,90.0,OBSERVED,DIRECT_OBSERVED
510,insurance_pct,68.1,OBSERVED,DIRECT_OBSERVED
510,clean_fuel_pct,3.0,OBSERVED,DIRECT_OBSERVED
510,census_population_age_0_6_pct,10.2,OBSERVED,DIRECT_OBSERVED
510,rhs_subcentre_density_per_100k,27.682,OBSERVED,DIRECT_OBSERVED
510,underweight_pct,21.1,OBSERVED,DIRECT_OBSERVED
510,nfhs_underweight_pct,21.1,OBSERVED,DIRECT_OBSERVED
510,nfhs_insurance_pct,68.1,OBSERVED,DIRECT_OBSERVED
510,nfhs_sanitation_pct,79.1,OBSERVED,DIRECT_OBSERVED
510,jan_aushadhi_density_per_100k,1.773,OBSERVED,DIRECT_OBSERVED
510,census_literacy_rate_pct,76.0,OBSERVED,DIRECT_OBSERVED
510,nfhs_clean_fuel_pct,3.0,OBSERVED,DIRECT_OBSERVED
510,wasting_pct,14.3,OBSERVED,DIRECT_OBSERVED
510,rhs_chc_density_per_100k,0.409,OBSERVED,DIRECT_OBSERVED
510,nfhs_oope_delivery_rs,3715.0,OBSERVED,DIRECT_OBSERVED
510,niti_aspirational_district_flag,0.0,OBSERVED,DIRECT_OBSERVED
510,nfhs_hypertension_combined_pct,59.25,OBSERVED,DIRECT_OBSERVED
510,stunting_pct,29.8,OBSERVED,DIRECT_OBSERVED
510,nfhs_wasting_pct,14.3,OBSERVED,DIRECT_OBSERVED
510,mca21_pharma_density_per_100k,0.364,OBSERVED,DIRECT_OBSERVED
510,sanitation_pct,79.1,OBSERVED,DIRECT_OBSERVED
510,nfhs_diabetes_combined_pct,22.9,OBSERVED,DIRECT_OBSERVED
510,oope_delivery_rs,3715.0,OBSERVED,DIRECT_OBSERVED
510,hypertension_combined_pct_men,28.5,OBSERVED,DIRECT_OBSERVED
510,mca21_raw_company_count,8.0,OBSERVED,DIRECT_OBSERVED
510,diabetes_combined_pct_women,23.3,OBSERVED,DIRECT_OBSERVED
510,diabetes_combined_pct_men,22.5,OBSERVED,DIRECT_OBSERVED
510,jan_aushadhi_raw_count,39.0,OBSERVED,DIRECT_OBSERVED
510,census_decadal_growth_pct,12.4,OBSERVED,DIRECT_OBSERVED
510,nfhs_stunting_pct,29.8,OBSERVED,DIRECT_OBSERVED
510,census_urban_population_pct,42.6,OBSERVED,DIRECT_OBSERVED
511,rhs_phc_density_per_100k,2.173,OBSERVED,DIRECT_OBSERVED
511,census_total_population,4050000.0,OBSERVED,DIRECT_OBSERVED
511,rhs_hospital_presence,2.0,OBSERVED,DIRECT_OBSERVED
511,hypertension_combined_pct_women,90.0,OBSERVED,DIRECT_OBSERVED
511,insurance_pct,73.3,OBSERVED,DIRECT_OBSERVED
511,clean_fuel_pct,3.0,OBSERVED,DIRECT_OBSERVED
511,census_population_age_0_6_pct,10.2,OBSERVED,DIRECT_OBSERVED
511,rhs_subcentre_density_per_100k,14.222,OBSERVED,DIRECT_OBSERVED
511,underweight_pct,46.3,OBSERVED,DIRECT_OBSERVED
511,nfhs_underweight_pct,46.3,OBSERVED,DIRECT_OBSERVED
511,nfhs_insurance_pct,73.3,OBSERVED,DIRECT_OBSERVED
511,nfhs_sanitation_pct,73.5,OBSERVED,DIRECT_OBSERVED
511,jan_aushadhi_density_per_100k,0.938,OBSERVED,DIRECT_OBSERVED
511,census_literacy_rate_pct,76.0,OBSERVED,DIRECT_OBSERVED
511,nfhs_clean_fuel_pct,3.0,OBSERVED,DIRECT_OBSERVED
511,wasting_pct,16.7,OBSERVED,DIRECT_OBSERVED
511,rhs_chc_density_per_100k,0.444,OBSERVED,DIRECT_OBSERVED
511,nfhs_oope_delivery_rs,2094.0,OBSERVED,DIRECT_OBSERVED
511,niti_aspirational_district_flag,0.0,OBSERVED,DIRECT_OBSERVED
511,nfhs_hypertension_combined_pct,60.9,OBSERVED,DIRECT_OBSERVED
511,stunting_pct,50.5,OBSERVED,DIRECT_OBSERVED
511,nfhs_wasting_pct,16.7,OBSERVED,DIRECT_OBSERVED
511,mca21_pharma_density_per_100k,0.395,OBSERVED,DIRECT_OBSERVED
511,sanitation_pct,73.5,OBSERVED,DIRECT_OBSERVED
511,nfhs_diabetes_combined_pct,17.85,OBSERVED,DIRECT_OBSERVED
511,oope_delivery_rs,2094.0,OBSERVED,DIRECT_OBSERVED
511,hypertension_combined_pct_men,31.8,OBSERVED,DIRECT_OBSERVED
511,mca21_raw_company_count,16.0,OBSERVED,DIRECT_OBSERVED
511,diabetes_combined_pct_women,15.1,OBSERVED,DIRECT_OBSERVED
511,diabetes_combined_pct_men,20.6,OBSERVED,DIRECT_OBSERVED
511,jan_aushadhi_raw_count,38.0,OBSERVED,DIRECT_OBSERVED
511,census_decadal_growth_pct,12.4,OBSERVED,DIRECT_OBSERVED
511,nfhs_stunting_pct,50.5,OBSERVED,DIRECT_OBSERVED
511,census_urban_population_pct,57.4,OBSERVED,DIRECT_OBSERVED
755,rhs_phc_density_per_100k,2.173,INHERITED_FROM_511,INHERITED
755,census_total_population,2200000.0,OBSERVED,DIRECT_OBSERVED
755,rhs_hospital_presence,2.0,INHERITED_FROM_511,INHERITED
755,hypertension_combined_pct_women,90.0,IMPUTED_STATE_MEAN,STATISTICALLY_IMPUTED
755,insurance_pct,70.625,IMPUTED_STATE_MEAN,STATISTICALLY_IMPUTED
755,clean_fuel_pct,3.0,IMPUTED_STATE_MEAN,STATISTICALLY_IMPUTED
755,census_population_age_0_6_pct,10.2,OBSERVED,DIRECT_OBSERVED
755,rhs_subcentre_density_per_100k,14.222,INHERITED_FROM_511,INHERITED
755,underweight_pct,28.9417,IMPUTED_STATE_MEAN,STATISTICALLY_IMPUTED
755,nfhs_underweight_pct,46.3,INHERITED_FROM_511,INHERITED
755,nfhs_insurance_pct,73.3,INHERITED_FROM_511,INHERITED
755,nfhs_sanitation_pct,73.5,INHERITED_FROM_511,INHERITED
755,jan_aushadhi_density_per_100k,1.773,OBSERVED,DIRECT_OBSERVED
755,census_literacy_rate_pct,76.0,OBSERVED,DIRECT_OBSERVED
755,nfhs_clean_fuel_pct,3.0,INHERITED_FROM_511,INHERITED
755,wasting_pct,16.25,IMPUTED_STATE_MEAN,STATISTICALLY_IMPUTED
755,rhs_chc_density_per_100k,0.444,INHERITED_FROM_511,INHERITED
755,nfhs_oope_delivery_rs,2094.0,INHERITED_FROM_511,INHERITED
755,niti_aspirational_district_flag,0.0,OBSERVED,DIRECT_OBSERVED
755,nfhs_hypertension_combined_pct,60.9,INHERITED_FROM_511,INHERITED
755,stunting_pct,30.05,IMPUTED_STATE_MEAN,STATISTICALLY_IMPUTED
755,nfhs_wasting_pct,16.7,INHERITED_FROM_511,INHERITED
755,mca21_pharma_density_per_100k,0.364,OBSERVED,DIRECT_OBSERVED
755,sanitation_pct,75.975,IMPUTED_STATE_MEAN,STATISTICALLY_IMPUTED
755,nfhs_diabetes_combined_pct,17.85,INHERITED_FROM_511,INHERITED
755,oope_delivery_rs,3102.4545,IMPUTED_STATE_MEAN,STATISTICALLY_IMPUTED
755,hypertension_combined_pct_men,28.6917,IMPUTED_STATE_MEAN,STATISTICALLY_IMPUTED
755,mca21_raw_company_count,8.0,OBSERVED,DIRECT_OBSERVED
755,diabetes_combined_pct_women,19.3083,IMPUTED_STATE_MEAN,STATISTICALLY_IMPUTED
755,diabetes_combined_pct_men,21.3583,IMPUTED_STATE_MEAN,STATISTICALLY_IMPUTED
755,jan_aushadhi_raw_count,39.0,OBSERVED,DIRECT_OBSERVED
755,census_decadal_growth_pct,12.4,OBSERVED,DIRECT_OBSERVED
755,nfhs_stunting_pct,50.5,INHERITED_FROM_511,INHERITED
755,census_urban_population_pct,42.6,OBSERVED,DIRECT_OBSERVED
749,rhs_phc_density_per_100k,3.273,INHERITED_FROM_510,INHERITED
749,census_total_population,2200000.0,OBSERVED,DIRECT_OBSERVED
749,rhs_hospital_presence,3.0,INHERITED_FROM_510,INHERITED
749,hypertension_combined_pct_women,90.0,IMPUTED_STATE_MEAN,STATISTICALLY_IMPUTED
749,insurance_pct,70.625,IMPUTED_STATE_MEAN,STATISTICALLY_IMPUTED
749,clean_fuel_pct,3.0,IMPUTED_STATE_MEAN,STATISTICALLY_IMPUTED
749,census_population_age_0_6_pct,10.2,OBSERVED,DIRECT_OBSERVED
749,rhs_subcentre_density_per_100k,27.682,INHERITED_FROM_510,INHERITED
749,underweight_pct,28.9417,IMPUTED_STATE_MEAN,STATISTICALLY_IMPUTED
749,nfhs_underweight_pct,21.1,INHERITED_FROM_510,INHERITED
749,nfhs_insurance_pct,68.1,INHERITED_FROM_510,INHERITED
749,nfhs_sanitation_pct,79.1,INHERITED_FROM_510,INHERITED
749,jan_aushadhi_density_per_100k,1.773,OBSERVED,DIRECT_OBSERVED
749,census_literacy_rate_pct,76.0,OBSERVED,DIRECT_OBSERVED
749,nfhs_clean_fuel_pct,3.0,INHERITED_FROM_510,INHERITED
749,wasting_pct,16.25,IMPUTED_STATE_MEAN,STATISTICALLY_IMPUTED
749,rhs_chc_density_per_100k,0.409,INHERITED_FROM_510,INHERITED
749,nfhs_oope_delivery_rs,3715.0,INHERITED_FROM_510,INHERITED
749,niti_aspirational_district_flag,0.0,OBSERVED,DIRECT_OBSERVED
749,nfhs_hypertension_combined_pct,59.25,INHERITED_FROM_510,INHERITED
749,stunting_pct,30.05,IMPUTED_STATE_MEAN,STATISTICALLY_IMPUTED
749,nfhs_wasting_pct,14.3,INHERITED_FROM_510,INHERITED
749,mca21_pharma_density_per_100k,0.364,OBSERVED,DIRECT_OBSERVED
749,sanitation_pct,75.975,IMPUTED_STATE_MEAN,STATISTICALLY_IMPUTED
749,nfhs_diabetes_combined_pct,22.9,INHERITED_FROM_510,INHERITED
749,oope_delivery_rs,3102.4545,IMPUTED_STATE_MEAN,STATISTICALLY_IMPUTED
749,hypertension_combined_pct_men,28.6917,IMPUTED_STATE_MEAN,STATISTICALLY_IMPUTED
749,mca21_raw_company_count,8.0,OBSERVED,DIRECT_OBSERVED
749,diabetes_combined_pct_women,19.3083,IMPUTED_STATE_MEAN,STATISTICALLY_IMPUTED
749,diabetes_combined_pct_men,21.3583,IMPUTED_STATE_MEAN,STATISTICALLY_IMPUTED
749,jan_aushadhi_raw_count,39.0,OBSERVED,DIRECT_OBSERVED
749,census_decadal_growth_pct,12.4,OBSERVED,DIRECT_OBSERVED
749,nfhs_stunting_pct,29.8,INHERITED_FROM_510,INHERITED
749,census_urban_population_pct,42.6,OBSERVED,DIRECT_OBSERVED
751,rhs_phc_density_per_100k,1.516,INHERITED_FROM_506,INHERITED
751,census_total_population,2200000.0,OBSERVED,DIRECT_OBSERVED
751,rhs_hospital_presence,3.0,INHERITED_FROM_506,INHERITED
751,hypertension_combined_pct_women,90.0,IMPUTED_STATE_MEAN,STATISTICALLY_IMPUTED
751,insurance_pct,70.625,IMPUTED_STATE_MEAN,STATISTICALLY_IMPUTED
751,clean_fuel_pct,3.0,IMPUTED_STATE_MEAN,STATISTICALLY_IMPUTED
751,census_population_age_0_6_pct,10.2,OBSERVED,DIRECT_OBSERVED
751,rhs_subcentre_density_per_100k,14.119,INHERITED_FROM_506,INHERITED
751,underweight_pct,28.9417,IMPUTED_STATE_MEAN,STATISTICALLY_IMPUTED
751,nfhs_underweight_pct,26.9,INHERITED_FROM_506,INHERITED
751,nfhs_insurance_pct,71.1,INHERITED_FROM_506,INHERITED
751,nfhs_sanitation_pct,83.4,INHERITED_FROM_506,INHERITED
751,jan_aushadhi_density_per_100k,1.773,OBSERVED,DIRECT_OBSERVED
751,census_literacy_rate_pct,76.0,OBSERVED,DIRECT_OBSERVED
751,nfhs_clean_fuel_pct,3.0,INHERITED_FROM_506,INHERITED
751,wasting_pct,16.25,IMPUTED_STATE_MEAN,STATISTICALLY_IMPUTED
751,rhs_chc_density_per_100k,0.328,INHERITED_FROM_506,INHERITED
751,nfhs_oope_delivery_rs,3912.0,INHERITED_FROM_506,INHERITED
751,niti_aspirational_district_flag,0.0,OBSERVED,DIRECT_OBSERVED
751,nfhs_hypertension_combined_pct,60.65,INHERITED_FROM_506,INHERITED
751,stunting_pct,30.05,IMPUTED_STATE_MEAN,STATISTICALLY_IMPUTED
751,nfhs_wasting_pct,17.8,INHERITED_FROM_506,INHERITED
751,mca21_pharma_density_per_100k,0.364,OBSERVED,DIRECT_OBSERVED
751,sanitation_pct,75.975,IMPUTED_STATE_MEAN,STATISTICALLY_IMPUTED
751,nfhs_diabetes_combined_pct,24.3,INHERITED_FROM_506,INHERITED
751,oope_delivery_rs,3102.4545,IMPUTED_STATE_MEAN,STATISTICALLY_IMPUTED
751,hypertension_combined_pct_men,28.6917,IMPUTED_STATE_MEAN,STATISTICALLY_IMPUTED
751,mca21_raw_company_count,8.0,OBSERVED,DIRECT_OBSERVED
751,diabetes_combined_pct_women,19.3083,IMPUTED_STATE_MEAN,STATISTICALLY_IMPUTED
751,diabetes_combined_pct_men,21.3583,IMPUTED_STATE_MEAN,STATISTICALLY_IMPUTED
751,jan_aushadhi_raw_count,39.0,OBSERVED,DIRECT_OBSERVED
751,census_decadal_growth_pct,12.4,OBSERVED,DIRECT_OBSERVED
751,nfhs_stunting_pct,23.8,INHERITED_FROM_506,INHERITED
751,census_urban_population_pct,42.6,OBSERVED,DIRECT_OBSERVED
743,rhs_phc_density_per_100k,2.636,INHERITED_FROM_521,INHERITED
743,census_total_population,2200000.0,OBSERVED,DIRECT_OBSERVED
743,rhs_hospital_presence,2.0,INHERITED_FROM_521,INHERITED
743,hypertension_combined_pct_women,90.0,IMPUTED_STATE_MEAN,STATISTICALLY_IMPUTED
743,insurance_pct,70.625,IMPUTED_STATE_MEAN,STATISTICALLY_IMPUTED
743,clean_fuel_pct,3.0,IMPUTED_STATE_MEAN,STATISTICALLY_IMPUTED
743,census_population_age_0_6_pct,10.2,OBSERVED,DIRECT_OBSERVED
743,rhs_subcentre_density_per_100k,21.364,INHERITED_FROM_521,INHERITED
743,underweight_pct,28.9417,IMPUTED_STATE_MEAN,STATISTICALLY_IMPUTED
743,nfhs_underweight_pct,32.2,INHERITED_FROM_521,INHERITED
743,nfhs_insurance_pct,76.7,INHERITED_FROM_521,INHERITED
743,nfhs_sanitation_pct,61.7,INHERITED_FROM_521,INHERITED
743,jan_aushadhi_density_per_100k,1.773,OBSERVED,DIRECT_OBSERVED
743,census_literacy_rate_pct,76.0,OBSERVED,DIRECT_OBSERVED
743,nfhs_clean_fuel_pct,3.0,INHERITED_FROM_521,INHERITED
743,wasting_pct,16.25,IMPUTED_STATE_MEAN,STATISTICALLY_IMPUTED
743,rhs_chc_density_per_100k,0.455,INHERITED_FROM_521,INHERITED
743,nfhs_oope_delivery_rs,1931.0,INHERITED_FROM_521,INHERITED
743,niti_aspirational_district_flag,1.0,OBSERVED,DIRECT_OBSERVED
743,nfhs_hypertension_combined_pct,57.55,INHERITED_FROM_521,INHERITED
743,stunting_pct,30.05,IMPUTED_STATE_MEAN,STATISTICALLY_IMPUTED
743,nfhs_wasting_pct,19.2,INHERITED_FROM_521,INHERITED
743,mca21_pharma_density_per_100k,0.364,OBSERVED,DIRECT_OBSERVED
743,sanitation_pct,75.975,IMPUTED_STATE_MEAN,STATISTICALLY_IMPUTED
743,nfhs_diabetes_combined_pct,14.4,INHERITED_FROM_521,INHERITED
743,oope_delivery_rs,3102.4545,IMPUTED_STATE_MEAN,STATISTICALLY_IMPUTED
743,hypertension_combined_pct_men,28.6917,IMPUTED_STATE_MEAN,STATISTICALLY_IMPUTED
743,mca21_raw_company_count,8.0,OBSERVED,DIRECT_OBSERVED
743,diabetes_combined_pct_women,19.3083,IMPUTED_STATE_MEAN,STATISTICALLY_IMPUTED
743,diabetes_combined_pct_men,21.3583,IMPUTED_STATE_MEAN,STATISTICALLY_IMPUTED
743,jan_aushadhi_raw_count,39.0,OBSERVED,DIRECT_OBSERVED
743,census_decadal_growth_pct,12.4,OBSERVED,DIRECT_OBSERVED
743,nfhs_stunting_pct,36.4,INHERITED_FROM_521,INHERITED
743,census_urban_population_pct,42.6,OBSERVED,DIRECT_OBSERVED
517,rhs_phc_density_per_100k,3.864,OBSERVED,DIRECT_OBSERVED
517,census_total_population,2200000.0,OBSERVED,DIRECT_OBSERVED
517,rhs_hospital_presence,3.0,OBSERVED,DIRECT_OBSERVED
517,hypertension_combined_pct_women,90.0,OBSERVED,DIRECT_OBSERVED
517,insurance_pct,67.6,OBSERVED,DIRECT_OBSERVED
517,clean_fuel_pct,3.0,OBSERVED,DIRECT_OBSERVED
517,census_population_age_0_6_pct,10.2,OBSERVED,DIRECT_OBSERVED
517,rhs_subcentre_density_per_100k,25.227,OBSERVED,DIRECT_OBSERVED
517,underweight_pct,24.7,OBSERVED,DIRECT_OBSERVED
517,nfhs_underweight_pct,24.7,OBSERVED,DIRECT_OBSERVED
517,nfhs_insurance_pct,67.6,OBSERVED,DIRECT_OBSERVED
517,nfhs_sanitation_pct,78.4,OBSERVED,DIRECT_OBSERVED
517,jan_aushadhi_density_per_100k,1.773,OBSERVED,DIRECT_OBSERVED
517,census_literacy_rate_pct,76.0,OBSERVED,DIRECT_OBSERVED
517,nfhs_clean_fuel_pct,3.0,OBSERVED,DIRECT_OBSERVED
517,wasting_pct,8.7,OBSERVED,DIRECT_OBSERVED
517,rhs_chc_density_per_100k,0.636,OBSERVED,DIRECT_OBSERVED
517,nfhs_oope_delivery_rs,3388.7826,IMPUTED_STATE_MEAN,STATISTICALLY_IMPUTED
517,niti_aspirational_district_flag,0.0,OBSERVED,DIRECT_OBSERVED
517,nfhs_hypertension_combined_pct,61.5,OBSERVED,DIRECT_OBSERVED
517,stunting_pct,22.6,OBSERVED,DIRECT_OBSERVED
517,nfhs_wasting_pct,8.7,OBSERVED,DIRECT_OBSERVED
517,mca21_pharma_density_per_100k,0.364,OBSERVED,DIRECT_OBSERVED
517,sanitation_pct,78.4,OBSERVED,DIRECT_OBSERVED
517,nfhs_diabetes_combined_pct,26.7,OBSERVED,DIRECT_OBSERVED
517,oope_delivery_rs,3102.4545,IMPUTED_STATE_MEAN,STATISTICALLY_IMPUTED
517,hypertension_combined_pct_men,33.0,OBSERVED,DIRECT_OBSERVED
517,mca21_raw_company_count,8.0,OBSERVED,DIRECT_OBSERVED
517,diabetes_combined_pct_women,23.2,OBSERVED,DIRECT_OBSERVED
517,diabetes_combined_pct_men,30.2,OBSERVED,DIRECT_OBSERVED
517,jan_aushadhi_raw_count,39.0,OBSERVED,DIRECT_OBSERVED
517,census_decadal_growth_pct,12.4,OBSERVED,DIRECT_OBSERVED
517,nfhs_stunting_pct,22.6,OBSERVED,DIRECT_OBSERVED
517,census_urban_population_pct,42.6,OBSERVED,DIRECT_OBSERVED
515,rhs_phc_density_per_100k,2.773,OBSERVED,DIRECT_OBSERVED
515,census_total_population,2200000.0,OBSERVED,DIRECT_OBSERVED
515,rhs_hospital_presence,3.0,OBSERVED,DIRECT_OBSERVED
515,hypertension_combined_pct_women,90.0,OBSERVED,DIRECT_OBSERVED
515,insurance_pct,72.3,OBSERVED,DIRECT_OBSERVED
515,clean_fuel_pct,3.0,OBSERVED,DIRECT_OBSERVED
515,census_population_age_0_6_pct,10.2,OBSERVED,DIRECT_OBSERVED
515,rhs_subcentre_density_per_100k,21.864,OBSERVED,DIRECT_OBSERVED
515,underweight_pct,27.8,OBSERVED,DIRECT_OBSERVED
515,nfhs_underweight_pct,27.8,OBSERVED,DIRECT_OBSERVED
515,nfhs_insurance_pct,72.3,OBSERVED,DIRECT_OBSERVED
515,nfhs_sanitation_pct,81.8,OBSERVED,DIRECT_OBSERVED
515,jan_aushadhi_density_per_100k,1.773,OBSERVED,DIRECT_OBSERVED
515,census_literacy_rate_pct,76.0,OBSERVED,DIRECT_OBSERVED
515,nfhs_clean_fuel_pct,3.0,OBSERVED,DIRECT_OBSERVED
515,wasting_pct,17.2,OBSERVED,DIRECT_OBSERVED
515,rhs_chc_density_per_100k,0.682,OBSERVED,DIRECT_OBSERVED
515,nfhs_oope_delivery_rs,1104.0,OBSERVED,DIRECT_OBSERVED
515,niti_aspirational_district_flag,0.0,OBSERVED,DIRECT_OBSERVED
515,nfhs_hypertension_combined_pct,57.55,OBSERVED,DIRECT_OBSERVED
515,stunting_pct,29.2,OBSERVED,DIRECT_OBSERVED
515,nfhs_wasting_pct,17.2,OBSERVED,DIRECT_OBSERVED
515,mca21_pharma_density_per_100k,0.364,OBSERVED,DIRECT_OBSERVED
515,sanitation_pct,81.8,OBSERVED,DIRECT_OBSERVED
515,nfhs_diabetes_combined_pct,21.45,OBSERVED,DIRECT_OBSERVED
515,oope_delivery_rs,1104.0,OBSERVED,DIRECT_OBSERVED
515,hypertension_combined_pct_men,25.1,OBSERVED,DIRECT_OBSERVED
515,mca21_raw_company_count,8.0,OBSERVED,DIRECT_OBSERVED
515,diabetes_combined_pct_women,21.8,OBSERVED,DIRECT_OBSERVED
515,diabetes_combined_pct_men,21.1,OBSERVED,DIRECT_OBSERVED
515,jan_aushadhi_raw_count,39.0,OBSERVED,DIRECT_OBSERVED
515,census_decadal_growth_pct,12.4,OBSERVED,DIRECT_OBSERVED
515,nfhs_stunting_pct,29.2,OBSERVED,DIRECT_OBSERVED
515,census_urban_population_pct,42.6,OBSERVED,DIRECT_OBSERVED
754,rhs_phc_density_per_100k,3.727,INHERITED_FROM_502,INHERITED
754,census_total_population,2200000.0,OBSERVED,DIRECT_OBSERVED
754,rhs_hospital_presence,3.0,INHERITED_FROM_502,INHERITED
754,hypertension_combined_pct_women,90.0,IMPUTED_STATE_MEAN,STATISTICALLY_IMPUTED
754,insurance_pct,70.625,IMPUTED_STATE_MEAN,STATISTICALLY_IMPUTED
754,clean_fuel_pct,3.0,IMPUTED_STATE_MEAN,STATISTICALLY_IMPUTED
754,census_population_age_0_6_pct,10.2,OBSERVED,DIRECT_OBSERVED
754,rhs_subcentre_density_per_100k,27.682,INHERITED_FROM_502,INHERITED
754,underweight_pct,28.9417,IMPUTED_STATE_MEAN,STATISTICALLY_IMPUTED
754,nfhs_underweight_pct,40.6,INHERITED_FROM_502,INHERITED
754,nfhs_insurance_pct,73.2,INHERITED_FROM_502,INHERITED
754,nfhs_sanitation_pct,71.3,INHERITED_FROM_502,INHERITED
754,jan_aushadhi_density_per_100k,1.773,OBSERVED,DIRECT_OBSERVED
754,census_literacy_rate_pct,76.0,OBSERVED,DIRECT_OBSERVED
754,nfhs_clean_fuel_pct,3.0,INHERITED_FROM_502,INHERITED
754,wasting_pct,16.25,IMPUTED_STATE_MEAN,STATISTICALLY_IMPUTED
754,rhs_chc_density_per_100k,0.5,INHERITED_FROM_502,INHERITED
754,nfhs_oope_delivery_rs,2682.0,INHERITED_FROM_502,INHERITED
754,niti_aspirational_district_flag,0.0,OBSERVED,DIRECT_OBSERVED
754,nfhs_hypertension_combined_pct,58.35,INHERITED_FROM_502,INHERITED
754,stunting_pct,30.05,IMPUTED_STATE_MEAN,STATISTICALLY_IMPUTED
754,nfhs_wasting_pct,19.3,INHERITED_FROM_502,INHERITED
754,mca21_pharma_density_per_100k,0.364,OBSERVED,DIRECT_OBSERVED
754,sanitation_pct,75.975,IMPUTED_STATE_MEAN,STATISTICALLY_IMPUTED
754,nfhs_diabetes_combined_pct,15.5,INHERITED_FROM_502,INHERITED
754,oope_delivery_rs,3102.4545,IMPUTED_STATE_MEAN,STATISTICALLY_IMPUTED
754,hypertension_combined_pct_men,28.6917,IMPUTED_STATE_MEAN,STATISTICALLY_IMPUTED
754,mca21_raw_company_count,8.0,OBSERVED,DIRECT_OBSERVED
754,diabetes_combined_pct_women,19.3083,IMPUTED_STATE_MEAN,STATISTICALLY_IMPUTED
754,diabetes_combined_pct_men,21.3583,IMPUTED_STATE_MEAN,STATISTICALLY_IMPUTED
754,jan_aushadhi_raw_count,39.0,OBSERVED,DIRECT_OBSERVED
754,census_decadal_growth_pct,12.4,OBSERVED,DIRECT_OBSERVED
754,nfhs_stunting_pct,36.0,INHERITED_FROM_502,INHERITED
754,census_urban_population_pct,42.6,OBSERVED,DIRECT_OBSERVED
519,rhs_phc_density_per_100k,3.909,OBSERVED,DIRECT_OBSERVED
519,census_total_population,2200000.0,OBSERVED,DIRECT_OBSERVED
519,rhs_hospital_presence,2.0,OBSERVED,DIRECT_OBSERVED
519,hypertension_combined_pct_women,90.0,OBSERVED,DIRECT_OBSERVED
519,insurance_pct,75.6,OBSERVED,DIRECT_OBSERVED
519,clean_fuel_pct,3.0,OBSERVED,DIRECT_OBSERVED
519,census_population_age_0_6_pct,10.2,OBSERVED,DIRECT_OBSERVED
519,rhs_subcentre_density_per_100k,22.182,OBSERVED,DIRECT_OBSERVED
519,underweight_pct,21.4,OBSERVED,DIRECT_OBSERVED
519,nfhs_underweight_pct,21.4,OBSERVED,DIRECT_OBSERVED
519,nfhs_insurance_pct,75.6,OBSERVED,DIRECT_OBSERVED
519,nfhs_sanitation_pct,71.6,OBSERVED,DIRECT_OBSERVED
519,jan_aushadhi_density_per_100k,1.773,OBSERVED,DIRECT_OBSERVED
519,census_literacy_rate_pct,76.0,OBSERVED,DIRECT_OBSERVED
519,nfhs_clean_fuel_pct,3.0,OBSERVED,DIRECT_OBSERVED
519,wasting_pct,19.5,OBSERVED,DIRECT_OBSERVED
519,rhs_chc_density_per_100k,0.636,OBSERVED,DIRECT_OBSERVED
519,nfhs_oope_delivery_rs,3479.0,OBSERVED,DIRECT_OBSERVED
519,niti_aspirational_district_flag,0.0,OBSERVED,DIRECT_OBSERVED
519,nfhs_hypertension_combined_pct,56.45,OBSERVED,DIRECT_OBSERVED
519,stunting_pct,19.7,OBSERVED,DIRECT_OBSERVED
519,nfhs_wasting_pct,19.5,OBSERVED,DIRECT_OBSERVED
519,mca21_pharma_density_per_100k,0.364,OBSERVED,DIRECT_OBSERVED
519,sanitation_pct,71.6,OBSERVED,DIRECT_OBSERVED
519,nfhs_diabetes_combined_pct,17.5,OBSERVED,DIRECT_OBSERVED
519,oope_delivery_rs,3479.0,OBSERVED,DIRECT_OBSERVED
519,hypertension_combined_pct_men,22.9,OBSERVED,DIRECT_OBSERVED
519,mca21_raw_company_count,8.0,OBSERVED,DIRECT_OBSERVED
519,diabetes_combined_pct_women,17.4,OBSERVED,DIRECT_OBSERVED
519,diabetes_combined_pct_men,17.6,OBSERVED,DIRECT_OBSERVED
519,jan_aushadhi_raw_count,39.0,OBSERVED,DIRECT_OBSERVED
519,census_decadal_growth_pct,12.4,OBSERVED,DIRECT_OBSERVED
519,nfhs_stunting_pct,19.7,OBSERVED,DIRECT_OBSERVED
519,census_urban_population_pct,42.6,OBSERVED,DIRECT_OBSERVED
752,rhs_phc_density_per_100k,4.273,INHERITED_FROM_503,INHERITED
752,census_total_population,2200000.0,OBSERVED,DIRECT_OBSERVED
752,rhs_hospital_presence,6.0,INHERITED_FROM_503,INHERITED
752,hypertension_combined_pct_women,90.0,IMPUTED_STATE_MEAN,STATISTICALLY_IMPUTED
752,insurance_pct,70.625,IMPUTED_STATE_MEAN,STATISTICALLY_IMPUTED
752,clean_fuel_pct,3.0,IMPUTED_STATE_MEAN,STATISTICALLY_IMPUTED
752,census_population_age_0_6_pct,10.2,OBSERVED,DIRECT_OBSERVED
752,rhs_subcentre_density_per_100k,29.682,INHERITED_FROM_503,INHERITED
752,underweight_pct,28.9417,IMPUTED_STATE_MEAN,STATISTICALLY_IMPUTED
752,nfhs_underweight_pct,27.9,INHERITED_FROM_503,INHERITED
752,nfhs_insurance_pct,70.7,INHERITED_FROM_503,INHERITED
752,nfhs_sanitation_pct,74.6,INHERITED_FROM_503,INHERITED
752,jan_aushadhi_density_per_100k,1.773,OBSERVED,DIRECT_OBSERVED
752,census_literacy_rate_pct,76.0,OBSERVED,DIRECT_OBSERVED
752,nfhs_clean_fuel_pct,3.0,INHERITED_FROM_503,INHERITED
752,wasting_pct,16.25,IMPUTED_STATE_MEAN,STATISTICALLY_IMPUTED
752,rhs_chc_density_per_100k,0.409,INHERITED_FROM_503,INHERITED
752,nfhs_oope_delivery_rs,2533.0,INHERITED_FROM_503,INHERITED
752,niti_aspirational_district_flag,0.0,OBSERVED,DIRECT_OBSERVED
752,nfhs_hypertension_combined_pct,58.55,INHERITED_FROM_503,INHERITED
752,stunting_pct,30.05,IMPUTED_STATE_MEAN,STATISTICALLY_IMPUTED
752,nfhs_wasting_pct,14.8,INHERITED_FROM_503,INHERITED
752,mca21_pharma_density_per_100k,0.364,OBSERVED,DIRECT_OBSERVED
752,sanitation_pct,75.975,IMPUTED_STATE_MEAN,STATISTICALLY_IMPUTED
752,nfhs_diabetes_combined_pct,19.8,INHERITED_FROM_503,INHERITED
752,oope_delivery_rs,3102.4545,IMPUTED_STATE_MEAN,STATISTICALLY_IMPUTED
752,hypertension_combined_pct_men,28.6917,IMPUTED_STATE_MEAN,STATISTICALLY_IMPUTED
752,mca21_raw_company_count,8.0,OBSERVED,DIRECT_OBSERVED
752,diabetes_combined_pct_women,19.3083,IMPUTED_STATE_MEAN,STATISTICALLY_IMPUTED
752,diabetes_combined_pct_men,21.3583,IMPUTED_STATE_MEAN,STATISTICALLY_IMPUTED
752,jan_aushadhi_raw_count,39.0,OBSERVED,DIRECT_OBSERVED
752,census_decadal_growth_pct,12.4,OBSERVED,DIRECT_OBSERVED
752,nfhs_stunting_pct,27.1,INHERITED_FROM_503,INHERITED
752,census_urban_population_pct,42.6,OBSERVED,DIRECT_OBSERVED
520,rhs_phc_density_per_100k,1.772,OBSERVED,DIRECT_OBSERVED
520,census_total_population,4290000.0,OBSERVED,DIRECT_OBSERVED
520,rhs_hospital_presence,2.0,OBSERVED,DIRECT_OBSERVED
520,hypertension_combined_pct_women,90.0,OBSERVED,DIRECT_OBSERVED
520,insurance_pct,64.9,OBSERVED,DIRECT_OBSERVED
520,clean_fuel_pct,3.0,OBSERVED,DIRECT_OBSERVED
520,census_population_age_0_6_pct,10.2,OBSERVED,DIRECT_OBSERVED
520,rhs_subcentre_density_per_100k,13.357,OBSERVED,DIRECT_OBSERVED
520,underweight_pct,33.5,OBSERVED,DIRECT_OBSERVED
520,nfhs_underweight_pct,33.5,OBSERVED,DIRECT_OBSERVED
520,nfhs_insurance_pct,64.9,OBSERVED,DIRECT_OBSERVED
520,nfhs_sanitation_pct,77.8,OBSERVED,DIRECT_OBSERVED
520,jan_aushadhi_density_per_100k,1.445,OBSERVED,DIRECT_OBSERVED
520,census_literacy_rate_pct,76.0,OBSERVED,DIRECT_OBSERVED
520,nfhs_clean_fuel_pct,3.0,OBSERVED,DIRECT_OBSERVED
520,wasting_pct,21.5,OBSERVED,DIRECT_OBSERVED
520,rhs_chc_density_per_100k,0.303,OBSERVED,DIRECT_OBSERVED
520,nfhs_oope_delivery_rs,2200.0,OBSERVED,DIRECT_OBSERVED
520,niti_aspirational_district_flag,1.0,OBSERVED,DIRECT_OBSERVED
520,nfhs_hypertension_combined_pct,59.6,OBSERVED,DIRECT_OBSERVED
520,stunting_pct,31.0,OBSERVED,DIRECT_OBSERVED
520,nfhs_wasting_pct,21.5,OBSERVED,DIRECT_OBSERVED
520,mca21_pharma_density_per_100k,2.214,OBSERVED,DIRECT_OBSERVED
520,sanitation_pct,77.8,OBSERVED,DIRECT_OBSERVED
520,nfhs_diabetes_combined_pct,17.6,OBSERVED,DIRECT_OBSERVED
520,oope_delivery_rs,2200.0,OBSERVED,DIRECT_OBSERVED
520,hypertension_combined_pct_men,29.2,OBSERVED,DIRECT_OBSERVED
520,mca21_raw_company_count,95.0,OBSERVED,DIRECT_OBSERVED
520,diabetes_combined_pct_women,17.0,OBSERVED,DIRECT_OBSERVED
520,diabetes_combined_pct_men,18.2,OBSERVED,DIRECT_OBSERVED
520,jan_aushadhi_raw_count,62.0,OBSERVED,DIRECT_OBSERVED
520,census_decadal_growth_pct,12.4,OBSERVED,DIRECT_OBSERVED
520,nfhs_stunting_pct,31.0,OBSERVED,DIRECT_OBSERVED
520,census_urban_population_pct,59.32,OBSERVED,DIRECT_OBSERVED
521,rhs_phc_density_per_100k,2.636,OBSERVED,DIRECT_OBSERVED
521,census_total_population,2200000.0,OBSERVED,DIRECT_OBSERVED
521,rhs_hospital_presence,2.0,OBSERVED,DIRECT_OBSERVED
521,hypertension_combined_pct_women,90.0,OBSERVED,DIRECT_OBSERVED
521,insurance_pct,76.7,OBSERVED,DIRECT_OBSERVED
521,clean_fuel_pct,3.0,OBSERVED,DIRECT_OBSERVED
521,census_population_age_0_6_pct,10.2,OBSERVED,DIRECT_OBSERVED
521,rhs_subcentre_density_per_100k,21.364,OBSERVED,DIRECT_OBSERVED
521,underweight_pct,32.2,OBSERVED,DIRECT_OBSERVED
521,nfhs_underweight_pct,32.2,OBSERVED,DIRECT_OBSERVED
521,nfhs_insurance_pct,76.7,OBSERVED,DIRECT_OBSERVED
521,nfhs_sanitation_pct,61.7,OBSERVED,DIRECT_OBSERVED
521,jan_aushadhi_density_per_100k,1.773,OBSERVED,DIRECT_OBSERVED
521,census_literacy_rate_pct,76.0,OBSERVED,DIRECT_OBSERVED
521,nfhs_clean_fuel_pct,3.0,OBSERVED,DIRECT_OBSERVED
521,wasting_pct,19.2,OBSERVED,DIRECT_OBSERVED
521,rhs_chc_density_per_100k,0.455,OBSERVED,DIRECT_OBSERVED
521,nfhs_oope_delivery_rs,1931.0,OBSERVED,DIRECT_OBSERVED
521,niti_aspirational_district_flag,1.0,OBSERVED,DIRECT_OBSERVED
521,nfhs_hypertension_combined_pct,57.55,OBSERVED,DIRECT_OBSERVED
521,stunting_pct,36.4,OBSERVED,DIRECT_OBSERVED
521,nfhs_wasting_pct,19.2,OBSERVED,DIRECT_OBSERVED
521,mca21_pharma_density_per_100k,0.364,OBSERVED,DIRECT_OBSERVED
521,sanitation_pct,61.7,OBSERVED,DIRECT_OBSERVED
521,nfhs_diabetes_combined_pct,14.4,OBSERVED,DIRECT_OBSERVED
521,oope_delivery_rs,1931.0,OBSERVED,DIRECT_OBSERVED
521,hypertension_combined_pct_men,25.1,OBSERVED,DIRECT_OBSERVED
521,mca21_raw_company_count,8.0,OBSERVED,DIRECT_OBSERVED
521,diabetes_combined_pct_women,14.3,OBSERVED,DIRECT_OBSERVED
521,diabetes_combined_pct_men,14.5,OBSERVED,DIRECT_OBSERVED
521,jan_aushadhi_raw_count,39.0,OBSERVED,DIRECT_OBSERVED
521,census_decadal_growth_pct,12.4,OBSERVED,DIRECT_OBSERVED
521,nfhs_stunting_pct,36.4,OBSERVED,DIRECT_OBSERVED
521,census_urban_population_pct,42.6,OBSERVED,DIRECT_OBSERVED
523,rhs_phc_density_per_100k,3.182,OBSERVED,DIRECT_OBSERVED
523,census_total_population,2200000.0,OBSERVED,DIRECT_OBSERVED
523,rhs_hospital_presence,4.0,OBSERVED,DIRECT_OBSERVED
523,hypertension_combined_pct_women,90.0,OBSERVED,DIRECT_OBSERVED
523,insurance_pct,67.6,OBSERVED,DIRECT_OBSERVED
523,clean_fuel_pct,3.0,OBSERVED,DIRECT_OBSERVED
523,census_population_age_0_6_pct,10.2,OBSERVED,DIRECT_OBSERVED
523,rhs_subcentre_density_per_100k,29.227,OBSERVED,DIRECT_OBSERVED
523,underweight_pct,22.5,OBSERVED,DIRECT_OBSERVED
523,nfhs_underweight_pct,22.5,OBSERVED,DIRECT_OBSERVED
523,nfhs_insurance_pct,67.6,OBSERVED,DIRECT_OBSERVED
523,nfhs_sanitation_pct,80.8,OBSERVED,DIRECT_OBSERVED
523,jan_aushadhi_density_per_100k,1.773,OBSERVED,DIRECT_OBSERVED
523,census_literacy_rate_pct,76.0,OBSERVED,DIRECT_OBSERVED
523,nfhs_clean_fuel_pct,3.0,OBSERVED,DIRECT_OBSERVED
523,wasting_pct,11.7,OBSERVED,DIRECT_OBSERVED
523,rhs_chc_density_per_100k,0.682,OBSERVED,DIRECT_OBSERVED
523,nfhs_oope_delivery_rs,2318.0,OBSERVED,DIRECT_OBSERVED
523,niti_aspirational_district_flag,0.0,OBSERVED,DIRECT_OBSERVED
523,nfhs_hypertension_combined_pct,60.7,OBSERVED,DIRECT_OBSERVED
523,stunting_pct,31.4,OBSERVED,DIRECT_OBSERVED
523,nfhs_wasting_pct,11.7,OBSERVED,DIRECT_OBSERVED
523,mca21_pharma_density_per_100k,0.364,OBSERVED,DIRECT_OBSERVED
523,sanitation_pct,80.8,OBSERVED,DIRECT_OBSERVED
523,nfhs_diabetes_combined_pct,21.35,OBSERVED,DIRECT_OBSERVED
523,oope_delivery_rs,2318.0,OBSERVED,DIRECT_OBSERVED
523,hypertension_combined_pct_men,31.4,OBSERVED,DIRECT_OBSERVED
523,mca21_raw_company_count,8.0,OBSERVED,DIRECT_OBSERVED
523,diabetes_combined_pct_women,23.8,OBSERVED,DIRECT_OBSERVED
523,diabetes_combined_pct_men,18.9,OBSERVED,DIRECT_OBSERVED
523,jan_aushadhi_raw_count,39.0,OBSERVED,DIRECT_OBSERVED
523,census_decadal_growth_pct,12.4,OBSERVED,DIRECT_OBSERVED
523,nfhs_stunting_pct,31.4,OBSERVED,DIRECT_OBSERVED
523,census_urban_population_pct,42.6,OBSERVED,DIRECT_OBSERVED
504,rhs_phc_density_per_100k,3.0012,IMPUTED_STATE_MEAN,STATISTICALLY_IMPUTED
504,census_total_population,2200000.0,OBSERVED,DIRECT_OBSERVED
504,rhs_hospital_presence,3.125,IMPUTED_STATE_MEAN,STATISTICALLY_IMPUTED
504,hypertension_combined_pct_women,90.0,IMPUTED_STATE_MEAN,STATISTICALLY_IMPUTED
504,insurance_pct,70.625,IMPUTED_STATE_MEAN,STATISTICALLY_IMPUTED
504,clean_fuel_pct,3.0,IMPUTED_STATE_MEAN,STATISTICALLY_IMPUTED
504,census_population_age_0_6_pct,10.2,OBSERVED,DIRECT_OBSERVED
504,rhs_subcentre_density_per_100k,23.4058,IMPUTED_STATE_MEAN,STATISTICALLY_IMPUTED
504,underweight_pct,28.9417,IMPUTED_STATE_MEAN,STATISTICALLY_IMPUTED
504,nfhs_underweight_pct,29.3125,IMPUTED_STATE_MEAN,STATISTICALLY_IMPUTED
504,nfhs_insurance_pct,70.0792,IMPUTED_STATE_MEAN,STATISTICALLY_IMPUTED
504,nfhs_sanitation_pct,76.2708,IMPUTED_STATE_MEAN,STATISTICALLY_IMPUTED
504,jan_aushadhi_density_per_100k,1.773,OBSERVED,DIRECT_OBSERVED
504,census_literacy_rate_pct,76.0,OBSERVED,DIRECT_OBSERVED
504,nfhs_clean_fuel_pct,3.0,IMPUTED_STATE_MEAN,STATISTICALLY_IMPUTED
504,wasting_pct,16.25,IMPUTED_STATE_MEAN,STATISTICALLY_IMPUTED
504,rhs_chc_density_per_100k,0.5155,IMPUTED_STATE_MEAN,STATISTICALLY_IMPUTED
504,nfhs_oope_delivery_rs,3388.7826,IMPUTED_STATE_MEAN,STATISTICALLY_IMPUTED
504,niti_aspirational_district_flag,0.0,OBSERVED,DIRECT_OBSERVED
504,nfhs_hypertension_combined_pct,59.5896,IMPUTED_STATE_MEAN,STATISTICALLY_IMPUTED
504,stunting_pct,30.05,IMPUTED_STATE_MEAN,STATISTICALLY_IMPUTED
504,nfhs_wasting_pct,16.5917,IMPUTED_STATE_MEAN,STATISTICALLY_IMPUTED
504,mca21_pharma_density_per_100k,0.364,OBSERVED,DIRECT_OBSERVED
504,sanitation_pct,75.975,IMPUTED_STATE_MEAN,STATISTICALLY_IMPUTED
504,nfhs_diabetes_combined_pct,20.3708,IMPUTED_STATE_MEAN,STATISTICALLY_IMPUTED
504,oope_delivery_rs,3102.4545,IMPUTED_STATE_MEAN,STATISTICALLY_IMPUTED
504,hypertension_combined_pct_men,28.6917,IMPUTED_STATE_MEAN,STATISTICALLY_IMPUTED
504,mca21_raw_company_count,8.0,OBSERVED,DIRECT_OBSERVED
504,diabetes_combined_pct_women,19.3083,IMPUTED_STATE_MEAN,STATISTICALLY_IMPUTED
504,diabetes_combined_pct_men,21.3583,IMPUTED_STATE_MEAN,STATISTICALLY_IMPUTED
504,jan_aushadhi_raw_count,39.0,OBSERVED,DIRECT_OBSERVED
504,census_decadal_growth_pct,12.4,OBSERVED,DIRECT_OBSERVED
504,nfhs_stunting_pct,30.3167,IMPUTED_STATE_MEAN,STATISTICALLY_IMPUTED
504,census_urban_population_pct,42.6,OBSERVED,DIRECT_OBSERVED
551,rhs_phc_density_per_100k,1.341,OBSERVED,DIRECT_OBSERVED
551,census_total_population,820000.0,OBSERVED,DIRECT_OBSERVED
551,rhs_hospital_presence,1.0,OBSERVED,DIRECT_OBSERVED
551,hypertension_combined_pct_women,90.0,OBSERVED,DIRECT_OBSERVED
551,insurance_pct,64.8,OBSERVED,DIRECT_OBSERVED
551,clean_fuel_pct,3.0,OBSERVED,DIRECT_OBSERVED
551,census_population_age_0_6_pct,10.2,OBSERVED,DIRECT_OBSERVED
551,rhs_subcentre_density_per_100k,12.683,OBSERVED,DIRECT_OBSERVED
551,underweight_pct,25.8,OBSERVED,DIRECT_OBSERVED
551,nfhs_underweight_pct,25.8,OBSERVED,DIRECT_OBSERVED
551,nfhs_insurance_pct,64.8,OBSERVED,DIRECT_OBSERVED
551,nfhs_sanitation_pct,87.7,OBSERVED,DIRECT_OBSERVED
551,jan_aushadhi_density_per_100k,2.683,OBSERVED,DIRECT_OBSERVED
551,census_literacy_rate_pct,76.0,OBSERVED,DIRECT_OBSERVED
551,nfhs_clean_fuel_pct,3.0,OBSERVED,DIRECT_OBSERVED
551,wasting_pct,17.7,OBSERVED,DIRECT_OBSERVED
551,rhs_chc_density_per_100k,0.366,OBSERVED,DIRECT_OBSERVED
551,nfhs_oope_delivery_rs,3824.0,OBSERVED,DIRECT_OBSERVED
551,niti_aspirational_district_flag,0.0,OBSERVED,DIRECT_OBSERVED
551,nfhs_hypertension_combined_pct,90.0,OBSERVED,DIRECT_OBSERVED
551,stunting_pct,24.2,OBSERVED,DIRECT_OBSERVED
551,nfhs_wasting_pct,17.7,OBSERVED,DIRECT_OBSERVED
551,mca21_pharma_density_per_100k,4.634,OBSERVED,DIRECT_OBSERVED
551,sanitation_pct,87.7,OBSERVED,DIRECT_OBSERVED
551,nfhs_diabetes_combined_pct,22.75,OBSERVED,DIRECT_OBSERVED
551,oope_delivery_rs,3824.0,OBSERVED,DIRECT_OBSERVED
551,hypertension_combined_pct_men,90.0,OBSERVED,DIRECT_OBSERVED
551,mca21_raw_company_count,38.0,OBSERVED,DIRECT_OBSERVED
551,diabetes_combined_pct_women,20.6,OBSERVED,DIRECT_OBSERVED
551,diabetes_combined_pct_men,24.9,OBSERVED,DIRECT_OBSERVED
551,jan_aushadhi_raw_count,22.0,OBSERVED,DIRECT_OBSERVED
551,census_decadal_growth_pct,12.4,OBSERVED,DIRECT_OBSERVED
551,nfhs_stunting_pct,24.2,OBSERVED,DIRECT_OBSERVED
551,census_urban_population_pct,31.56,OBSERVED,DIRECT_OBSERVED
552,rhs_phc_density_per_100k,1.25,OBSERVED,DIRECT_OBSERVED
552,census_total_population,640000.0,OBSERVED,DIRECT_OBSERVED
552,rhs_hospital_presence,1.0,OBSERVED,DIRECT_OBSERVED
552,hypertension_combined_pct_women,90.0,OBSERVED,DIRECT_OBSERVED
552,insurance_pct,67.7,OBSERVED,DIRECT_OBSERVED
552,clean_fuel_pct,3.0,OBSERVED,DIRECT_OBSERVED
552,census_population_age_0_6_pct,10.2,OBSERVED,DIRECT_OBSERVED
552,rhs_subcentre_density_per_100k,11.094,OBSERVED,DIRECT_OBSERVED
552,underweight_pct,21.0,OBSERVED,DIRECT_OBSERVED
552,nfhs_underweight_pct,21.0,OBSERVED,DIRECT_OBSERVED
552,nfhs_insurance_pct,67.7,OBSERVED,DIRECT_OBSERVED
552,nfhs_sanitation_pct,88.2,OBSERVED,DIRECT_OBSERVED
552,jan_aushadhi_density_per_100k,2.812,OBSERVED,DIRECT_OBSERVED
552,census_literacy_rate_pct,76.0,OBSERVED,DIRECT_OBSERVED
552,nfhs_clean_fuel_pct,3.0,OBSERVED,DIRECT_OBSERVED
552,wasting_pct,21.4,OBSERVED,DIRECT_OBSERVED
552,rhs_chc_density_per_100k,0.312,OBSERVED,DIRECT_OBSERVED
552,nfhs_oope_delivery_rs,3768.0,OBSERVED,DIRECT_OBSERVED
552,niti_aspirational_district_flag,0.0,OBSERVED,DIRECT_OBSERVED
552,nfhs_hypertension_combined_pct,90.0,OBSERVED,DIRECT_OBSERVED
552,stunting_pct,28.3,OBSERVED,DIRECT_OBSERVED
552,nfhs_wasting_pct,21.4,OBSERVED,DIRECT_OBSERVED
552,mca21_pharma_density_per_100k,5.0,OBSERVED,DIRECT_OBSERVED
552,sanitation_pct,88.2,OBSERVED,DIRECT_OBSERVED
552,nfhs_diabetes_combined_pct,22.15,OBSERVED,DIRECT_OBSERVED
552,oope_delivery_rs,3768.0,OBSERVED,DIRECT_OBSERVED
552,hypertension_combined_pct_men,90.0,OBSERVED,DIRECT_OBSERVED
552,mca21_raw_company_count,32.0,OBSERVED,DIRECT_OBSERVED
552,diabetes_combined_pct_women,21.1,OBSERVED,DIRECT_OBSERVED
552,diabetes_combined_pct_men,23.2,OBSERVED,DIRECT_OBSERVED
552,jan_aushadhi_raw_count,18.0,OBSERVED,DIRECT_OBSERVED
552,census_decadal_growth_pct,12.4,OBSERVED,DIRECT_OBSERVED
552,nfhs_stunting_pct,28.3,OBSERVED,DIRECT_OBSERVED
552,census_urban_population_pct,30.12,OBSERVED,DIRECT_OBSERVED
524,rhs_phc_density_per_100k,2.273,OBSERVED,DIRECT_OBSERVED
524,census_total_population,2200000.0,OBSERVED,DIRECT_OBSERVED
524,rhs_hospital_presence,6.0,OBSERVED,DIRECT_OBSERVED
524,hypertension_combined_pct_women,90.0,OBSERVED,DIRECT_OBSERVED
524,insurance_pct,22.3,OBSERVED,DIRECT_OBSERVED
524,clean_fuel_pct,3.0,OBSERVED,DIRECT_OBSERVED
524,census_population_age_0_6_pct,10.2,OBSERVED,DIRECT_OBSERVED
524,rhs_subcentre_density_per_100k,10.636,OBSERVED,DIRECT_OBSERVED
524,underweight_pct,42.3,OBSERVED,DIRECT_OBSERVED
524,nfhs_underweight_pct,42.3,OBSERVED,DIRECT_OBSERVED
524,nfhs_insurance_pct,22.3,OBSERVED,DIRECT_OBSERVED
524,nfhs_sanitation_pct,51.3,OBSERVED,DIRECT_OBSERVED
524,jan_aushadhi_density_per_100k,1.773,OBSERVED,DIRECT_OBSERVED
524,census_literacy_rate_pct,76.0,OBSERVED,DIRECT_OBSERVED
524,nfhs_clean_fuel_pct,3.0,OBSERVED,DIRECT_OBSERVED
524,wasting_pct,16.9,OBSERVED,DIRECT_OBSERVED
524,rhs_chc_density_per_100k,0.318,OBSERVED,DIRECT_OBSERVED
524,nfhs_oope_delivery_rs,4576.0,OBSERVED,DIRECT_OBSERVED
524,niti_aspirational_district_flag,0.0,OBSERVED,DIRECT_OBSERVED
524,nfhs_hypertension_combined_pct,55.5,OBSERVED,DIRECT_OBSERVED
524,stunting_pct,48.3,OBSERVED,DIRECT_OBSERVED
524,nfhs_wasting_pct,16.9,OBSERVED,DIRECT_OBSERVED
524,mca21_pharma_density_per_100k,0.364,OBSERVED,DIRECT_OBSERVED
524,sanitation_pct,51.3,OBSERVED,DIRECT_OBSERVED
524,nfhs_diabetes_combined_pct,12.3,OBSERVED,DIRECT_OBSERVED
524,oope_delivery_rs,4576.0,OBSERVED,DIRECT_OBSERVED
524,hypertension_combined_pct_men,21.0,OBSERVED,DIRECT_OBSERVED
524,mca21_raw_company_count,8.0,OBSERVED,DIRECT_OBSERVED
524,diabetes_combined_pct_women,11.8,OBSERVED,DIRECT_OBSERVED
524,diabetes_combined_pct_men,12.8,OBSERVED,DIRECT_OBSERVED
524,jan_aushadhi_raw_count,39.0,OBSERVED,DIRECT_OBSERVED
524,census_decadal_growth_pct,12.4,OBSERVED,DIRECT_OBSERVED
524,nfhs_stunting_pct,48.3,OBSERVED,DIRECT_OBSERVED
524,census_urban_population_pct,42.6,OBSERVED,DIRECT_OBSERVED
528,rhs_phc_density_per_100k,3.409,OBSERVED,DIRECT_OBSERVED
528,census_total_population,2200000.0,OBSERVED,DIRECT_OBSERVED
528,rhs_hospital_presence,7.0,OBSERVED,DIRECT_OBSERVED
528,hypertension_combined_pct_women,90.0,OBSERVED,DIRECT_OBSERVED
528,insurance_pct,25.7,OBSERVED,DIRECT_OBSERVED
528,clean_fuel_pct,3.0,OBSERVED,DIRECT_OBSERVED
528,census_population_age_0_6_pct,10.2,OBSERVED,DIRECT_OBSERVED
528,rhs_subcentre_density_per_100k,12.364,OBSERVED,DIRECT_OBSERVED
528,underweight_pct,36.5,OBSERVED,DIRECT_OBSERVED
528,nfhs_underweight_pct,36.5,OBSERVED,DIRECT_OBSERVED
528,nfhs_insurance_pct,25.7,OBSERVED,DIRECT_OBSERVED
528,nfhs_sanitation_pct,64.1,OBSERVED,DIRECT_OBSERVED
528,jan_aushadhi_density_per_100k,1.773,OBSERVED,DIRECT_OBSERVED
528,census_literacy_rate_pct,76.0,OBSERVED,DIRECT_OBSERVED
528,nfhs_clean_fuel_pct,3.0,OBSERVED,DIRECT_OBSERVED
528,wasting_pct,22.9,OBSERVED,DIRECT_OBSERVED
528,rhs_chc_density_per_100k,0.364,OBSERVED,DIRECT_OBSERVED
528,nfhs_oope_delivery_rs,12348.0,OBSERVED,DIRECT_OBSERVED
528,niti_aspirational_district_flag,0.0,OBSERVED,DIRECT_OBSERVED
528,nfhs_hypertension_combined_pct,55.45,OBSERVED,DIRECT_OBSERVED
528,stunting_pct,36.1,OBSERVED,DIRECT_OBSERVED
528,nfhs_wasting_pct,22.9,OBSERVED,DIRECT_OBSERVED
528,mca21_pharma_density_per_100k,0.364,OBSERVED,DIRECT_OBSERVED
528,sanitation_pct,64.1,OBSERVED,DIRECT_OBSERVED
528,nfhs_diabetes_combined_pct,10.4,OBSERVED,DIRECT_OBSERVED
528,oope_delivery_rs,12348.0,OBSERVED,DIRECT_OBSERVED
528,hypertension_combined_pct_men,20.9,OBSERVED,DIRECT_OBSERVED
528,mca21_raw_company_count,8.0,OBSERVED,DIRECT_OBSERVED
528,diabetes_combined_pct_women,9.2,OBSERVED,DIRECT_OBSERVED
528,diabetes_combined_pct_men,11.6,OBSERVED,DIRECT_OBSERVED
528,jan_aushadhi_raw_count,39.0,OBSERVED,DIRECT_OBSERVED
528,census_decadal_growth_pct,12.4,OBSERVED,DIRECT_OBSERVED
528,nfhs_stunting_pct,36.1,OBSERVED,DIRECT_OBSERVED
528,census_urban_population_pct,42.6,OBSERVED,DIRECT_OBSERVED
527,rhs_phc_density_per_100k,3.222,OBSERVED,DIRECT_OBSERVED
527,census_total_population,4780000.0,OBSERVED,DIRECT_OBSERVED
527,rhs_hospital_presence,10.0,OBSERVED,DIRECT_OBSERVED
527,hypertension_combined_pct_women,90.0,OBSERVED,DIRECT_OBSERVED
527,insurance_pct,20.7,OBSERVED,DIRECT_OBSERVED
527,clean_fuel_pct,3.0,OBSERVED,DIRECT_OBSERVED
527,census_population_age_0_6_pct,10.2,OBSERVED,DIRECT_OBSERVED
527,rhs_subcentre_density_per_100k,11.485,OBSERVED,DIRECT_OBSERVED
527,underweight_pct,36.9,OBSERVED,DIRECT_OBSERVED
527,nfhs_underweight_pct,36.9,OBSERVED,DIRECT_OBSERVED
527,nfhs_insurance_pct,20.7,OBSERVED,DIRECT_OBSERVED
527,nfhs_sanitation_pct,67.7,OBSERVED,DIRECT_OBSERVED
527,jan_aushadhi_density_per_100k,1.004,OBSERVED,DIRECT_OBSERVED
527,census_literacy_rate_pct,76.0,OBSERVED,DIRECT_OBSERVED
527,nfhs_clean_fuel_pct,3.0,OBSERVED,DIRECT_OBSERVED
527,wasting_pct,23.6,OBSERVED,DIRECT_OBSERVED
527,rhs_chc_density_per_100k,0.335,OBSERVED,DIRECT_OBSERVED
527,nfhs_oope_delivery_rs,3902.0,OBSERVED,DIRECT_OBSERVED
527,niti_aspirational_district_flag,0.0,OBSERVED,DIRECT_OBSERVED
527,nfhs_hypertension_combined_pct,56.1,OBSERVED,DIRECT_OBSERVED
527,stunting_pct,32.8,OBSERVED,DIRECT_OBSERVED
527,nfhs_wasting_pct,23.6,OBSERVED,DIRECT_OBSERVED
527,mca21_pharma_density_per_100k,0.397,OBSERVED,DIRECT_OBSERVED
527,sanitation_pct,67.7,OBSERVED,DIRECT_OBSERVED
527,nfhs_diabetes_combined_pct,12.55,OBSERVED,DIRECT_OBSERVED
527,oope_delivery_rs,3902.0,OBSERVED,DIRECT_OBSERVED
527,hypertension_combined_pct_men,22.2,OBSERVED,DIRECT_OBSERVED
527,mca21_raw_company_count,19.0,OBSERVED,DIRECT_OBSERVED
527,diabetes_combined_pct_women,12.9,OBSERVED,DIRECT_OBSERVED
527,diabetes_combined_pct_men,12.2,OBSERVED,DIRECT_OBSERVED
527,jan_aushadhi_raw_count,48.0,OBSERVED,DIRECT_OBSERVED
527,census_decadal_growth_pct,12.4,OBSERVED,DIRECT_OBSERVED
527,nfhs_stunting_pct,32.8,OBSERVED,DIRECT_OBSERVED
527,census_urban_population_pct,63.24,OBSERVED,DIRECT_OBSERVED
526,rhs_phc_density_per_100k,4.747,OBSERVED,DIRECT_OBSERVED
526,census_total_population,990000.0,OBSERVED,DIRECT_OBSERVED
526,rhs_hospital_presence,4.0,OBSERVED,DIRECT_OBSERVED
526,hypertension_combined_pct_women,90.0,OBSERVED,DIRECT_OBSERVED
526,insurance_pct,34.9,OBSERVED,DIRECT_OBSERVED
526,clean_fuel_pct,3.0,OBSERVED,DIRECT_OBSERVED
526,census_population_age_0_6_pct,10.2,OBSERVED,DIRECT_OBSERVED
526,rhs_subcentre_density_per_100k,16.869,OBSERVED,DIRECT_OBSERVED
526,underweight_pct,23.8,OBSERVED,DIRECT_OBSERVED
526,nfhs_underweight_pct,23.8,OBSERVED,DIRECT_OBSERVED
526,nfhs_insurance_pct,34.9,OBSERVED,DIRECT_OBSERVED
526,nfhs_sanitation_pct,88.8,OBSERVED,DIRECT_OBSERVED
526,jan_aushadhi_density_per_100k,1.717,OBSERVED,DIRECT_OBSERVED
526,census_literacy_rate_pct,76.0,OBSERVED,DIRECT_OBSERVED
526,nfhs_clean_fuel_pct,3.0,OBSERVED,DIRECT_OBSERVED
526,wasting_pct,16.2,OBSERVED,DIRECT_OBSERVED
526,rhs_chc_density_per_100k,0.101,OBSERVED,DIRECT_OBSERVED
526,nfhs_oope_delivery_rs,4836.0,OBSERVED,DIRECT_OBSERVED
526,niti_aspirational_district_flag,0.0,OBSERVED,DIRECT_OBSERVED
526,nfhs_hypertension_combined_pct,60.4,OBSERVED,DIRECT_OBSERVED
526,stunting_pct,36.6,OBSERVED,DIRECT_OBSERVED
526,nfhs_wasting_pct,16.2,OBSERVED,DIRECT_OBSERVED
526,mca21_pharma_density_per_100k,0.303,OBSERVED,DIRECT_OBSERVED
526,sanitation_pct,88.8,OBSERVED,DIRECT_OBSERVED
526,nfhs_diabetes_combined_pct,15.65,OBSERVED,DIRECT_OBSERVED
526,oope_delivery_rs,4836.0,OBSERVED,DIRECT_OBSERVED
526,hypertension_combined_pct_men,30.8,OBSERVED,DIRECT_OBSERVED
526,mca21_raw_company_count,3.0,OBSERVED,DIRECT_OBSERVED
526,diabetes_combined_pct_women,13.6,OBSERVED,DIRECT_OBSERVED
526,diabetes_combined_pct_men,17.7,OBSERVED,DIRECT_OBSERVED
526,jan_aushadhi_raw_count,17.0,OBSERVED,DIRECT_OBSERVED
526,census_decadal_growth_pct,12.4,OBSERVED,DIRECT_OBSERVED
526,nfhs_stunting_pct,36.6,OBSERVED,DIRECT_OBSERVED
526,census_urban_population_pct,12.0,OBSERVED,DIRECT_OBSERVED
525,rhs_phc_density_per_100k,0.78,OBSERVED,DIRECT_OBSERVED
525,census_total_population,9620000.0,OBSERVED,DIRECT_OBSERVED
525,rhs_hospital_presence,6.0,OBSERVED,DIRECT_OBSERVED
525,hypertension_combined_pct_women,90.0,OBSERVED,DIRECT_OBSERVED
525,insurance_pct,28.8,OBSERVED,DIRECT_OBSERVED
525,clean_fuel_pct,3.0,OBSERVED,DIRECT_OBSERVED
525,census_population_age_0_6_pct,10.2,OBSERVED,DIRECT_OBSERVED
525,rhs_subcentre_density_per_100k,2.027,OBSERVED,DIRECT_OBSERVED
525,underweight_pct,28.1,OBSERVED,DIRECT_OBSERVED
525,nfhs_underweight_pct,28.1,OBSERVED,DIRECT_OBSERVED
525,nfhs_insurance_pct,28.8,OBSERVED,DIRECT_OBSERVED
525,nfhs_sanitation_pct,90.4,OBSERVED,DIRECT_OBSERVED
525,jan_aushadhi_density_per_100k,1.476,OBSERVED,DIRECT_OBSERVED
525,census_literacy_rate_pct,76.0,OBSERVED,DIRECT_OBSERVED
525,nfhs_clean_fuel_pct,3.0,OBSERVED,DIRECT_OBSERVED
525,wasting_pct,19.2,OBSERVED,DIRECT_OBSERVED
525,rhs_chc_density_per_100k,0.031,OBSERVED,DIRECT_OBSERVED
525,nfhs_oope_delivery_rs,3633.0,OBSERVED,DIRECT_OBSERVED
525,niti_aspirational_district_flag,0.0,OBSERVED,DIRECT_OBSERVED
525,nfhs_hypertension_combined_pct,61.75,OBSERVED,DIRECT_OBSERVED
525,stunting_pct,31.3,OBSERVED,DIRECT_OBSERVED
525,nfhs_wasting_pct,19.2,OBSERVED,DIRECT_OBSERVED
525,mca21_pharma_density_per_100k,3.638,OBSERVED,DIRECT_OBSERVED
525,sanitation_pct,90.4,OBSERVED,DIRECT_OBSERVED
525,nfhs_diabetes_combined_pct,20.35,OBSERVED,DIRECT_OBSERVED
525,oope_delivery_rs,3633.0,OBSERVED,DIRECT_OBSERVED
525,hypertension_combined_pct_men,33.5,OBSERVED,DIRECT_OBSERVED
525,mca21_raw_company_count,350.0,OBSERVED,DIRECT_OBSERVED
525,diabetes_combined_pct_women,19.4,OBSERVED,DIRECT_OBSERVED
525,diabetes_combined_pct_men,21.3,OBSERVED,DIRECT_OBSERVED
525,jan_aushadhi_raw_count,142.0,OBSERVED,DIRECT_OBSERVED
525,census_decadal_growth_pct,12.4,OBSERVED,DIRECT_OBSERVED
525,nfhs_stunting_pct,31.3,OBSERVED,DIRECT_OBSERVED
525,census_urban_population_pct,85.0,OBSERVED,DIRECT_OBSERVED
529,rhs_phc_density_per_100k,2.409,OBSERVED,DIRECT_OBSERVED
529,census_total_population,2200000.0,OBSERVED,DIRECT_OBSERVED
529,rhs_hospital_presence,5.0,OBSERVED,DIRECT_OBSERVED
529,hypertension_combined_pct_women,90.0,OBSERVED,DIRECT_OBSERVED
529,insurance_pct,21.4,OBSERVED,DIRECT_OBSERVED
529,clean_fuel_pct,3.0,OBSERVED,DIRECT_OBSERVED
529,census_population_age_0_6_pct,10.2,OBSERVED,DIRECT_OBSERVED
529,rhs_subcentre_density_per_100k,12.682,OBSERVED,DIRECT_OBSERVED
529,underweight_pct,36.1,OBSERVED,DIRECT_OBSERVED
529,nfhs_underweight_pct,36.1,OBSERVED,DIRECT_OBSERVED
529,nfhs_insurance_pct,21.4,OBSERVED,DIRECT_OBSERVED
529,nfhs_sanitation_pct,56.5,OBSERVED,DIRECT_OBSERVED
529,jan_aushadhi_density_per_100k,1.773,OBSERVED,DIRECT_OBSERVED
529,census_literacy_rate_pct,76.0,OBSERVED,DIRECT_OBSERVED
529,nfhs_clean_fuel_pct,3.0,OBSERVED,DIRECT_OBSERVED
529,wasting_pct,22.1,OBSERVED,DIRECT_OBSERVED
529,rhs_chc_density_per_100k,0.273,OBSERVED,DIRECT_OBSERVED
529,nfhs_oope_delivery_rs,4091.0,OBSERVED,DIRECT_OBSERVED
529,niti_aspirational_district_flag,0.0,OBSERVED,DIRECT_OBSERVED
529,nfhs_hypertension_combined_pct,57.05,OBSERVED,DIRECT_OBSERVED
529,stunting_pct,36.8,OBSERVED,DIRECT_OBSERVED
529,nfhs_wasting_pct,22.1,OBSERVED,DIRECT_OBSERVED
529,mca21_pharma_density_per_100k,0.364,OBSERVED,DIRECT_OBSERVED
529,sanitation_pct,56.5,OBSERVED,DIRECT_OBSERVED
529,nfhs_diabetes_combined_pct,10.75,OBSERVED,DIRECT_OBSERVED
529,oope_delivery_rs,4091.0,OBSERVED,DIRECT_OBSERVED
529,hypertension_combined_pct_men,24.1,OBSERVED,DIRECT_OBSERVED
529,mca21_raw_company_count,8.0,OBSERVED,DIRECT_OBSERVED
529,diabetes_combined_pct_women,9.0,OBSERVED,DIRECT_OBSERVED
529,diabetes_combined_pct_men,12.5,OBSERVED,DIRECT_OBSERVED
529,jan_aushadhi_raw_count,39.0,OBSERVED,DIRECT_OBSERVED
529,census_decadal_growth_pct,12.4,OBSERVED,DIRECT_OBSERVED
529,nfhs_stunting_pct,36.8,OBSERVED,DIRECT_OBSERVED
529,census_urban_population_pct,42.6,OBSERVED,DIRECT_OBSERVED
531,rhs_phc_density_per_100k,2.727,OBSERVED,DIRECT_OBSERVED
531,census_total_population,2200000.0,OBSERVED,DIRECT_OBSERVED
531,rhs_hospital_presence,4.0,OBSERVED,DIRECT_OBSERVED
531,hypertension_combined_pct_women,90.0,OBSERVED,DIRECT_OBSERVED
531,insurance_pct,34.4,OBSERVED,DIRECT_OBSERVED
531,clean_fuel_pct,3.0,OBSERVED,DIRECT_OBSERVED
531,census_population_age_0_6_pct,10.2,OBSERVED,DIRECT_OBSERVED
531,rhs_subcentre_density_per_100k,11.136,OBSERVED,DIRECT_OBSERVED
531,underweight_pct,28.7,OBSERVED,DIRECT_OBSERVED
531,nfhs_underweight_pct,28.7,OBSERVED,DIRECT_OBSERVED
531,nfhs_insurance_pct,34.4,OBSERVED,DIRECT_OBSERVED
531,nfhs_sanitation_pct,75.2,OBSERVED,DIRECT_OBSERVED
531,jan_aushadhi_density_per_100k,1.773,OBSERVED,DIRECT_OBSERVED
531,census_literacy_rate_pct,76.0,OBSERVED,DIRECT_OBSERVED
531,nfhs_clean_fuel_pct,3.0,OBSERVED,DIRECT_OBSERVED
531,wasting_pct,18.0,OBSERVED,DIRECT_OBSERVED
531,rhs_chc_density_per_100k,0.136,OBSERVED,DIRECT_OBSERVED
531,nfhs_oope_delivery_rs,4270.0,OBSERVED,DIRECT_OBSERVED
531,niti_aspirational_district_flag,0.0,OBSERVED,DIRECT_OBSERVED
531,nfhs_hypertension_combined_pct,59.95,OBSERVED,DIRECT_OBSERVED
531,stunting_pct,32.2,OBSERVED,DIRECT_OBSERVED
531,nfhs_wasting_pct,18.0,OBSERVED,DIRECT_OBSERVED
531,mca21_pharma_density_per_100k,0.364,OBSERVED,DIRECT_OBSERVED
531,sanitation_pct,75.2,OBSERVED,DIRECT_OBSERVED
531,nfhs_diabetes_combined_pct,14.45,OBSERVED,DIRECT_OBSERVED
531,oope_delivery_rs,4270.0,OBSERVED,DIRECT_OBSERVED
531,hypertension_combined_pct_men,29.9,OBSERVED,DIRECT_OBSERVED
531,mca21_raw_company_count,8.0,OBSERVED,DIRECT_OBSERVED
531,diabetes_combined_pct_women,14.1,OBSERVED,DIRECT_OBSERVED
531,diabetes_combined_pct_men,14.8,OBSERVED,DIRECT_OBSERVED
531,jan_aushadhi_raw_count,39.0,OBSERVED,DIRECT_OBSERVED
531,census_decadal_growth_pct,12.4,OBSERVED,DIRECT_OBSERVED
531,nfhs_stunting_pct,32.2,OBSERVED,DIRECT_OBSERVED
531,census_urban_population_pct,42.6,OBSERVED,DIRECT_OBSERVED
630,rhs_phc_density_per_100k,2.727,OBSERVED,DIRECT_OBSERVED
630,census_total_population,2200000.0,OBSERVED,DIRECT_OBSERVED
630,rhs_hospital_presence,6.0,OBSERVED,DIRECT_OBSERVED
630,hypertension_combined_pct_women,90.0,OBSERVED,DIRECT_OBSERVED
630,insurance_pct,26.1,OBSERVED,DIRECT_OBSERVED
630,clean_fuel_pct,3.0,OBSERVED,DIRECT_OBSERVED
630,census_population_age_0_6_pct,10.2,OBSERVED,DIRECT_OBSERVED
630,rhs_subcentre_density_per_100k,9.045,OBSERVED,DIRECT_OBSERVED
630,underweight_pct,25.2,OBSERVED,DIRECT_OBSERVED
630,nfhs_underweight_pct,25.2,OBSERVED,DIRECT_OBSERVED
630,nfhs_insurance_pct,26.1,OBSERVED,DIRECT_OBSERVED
630,nfhs_sanitation_pct,84.9,OBSERVED,DIRECT_OBSERVED
630,jan_aushadhi_density_per_100k,1.773,OBSERVED,DIRECT_OBSERVED
630,census_literacy_rate_pct,76.0,OBSERVED,DIRECT_OBSERVED
630,nfhs_clean_fuel_pct,3.0,OBSERVED,DIRECT_OBSERVED
630,wasting_pct,16.1,OBSERVED,DIRECT_OBSERVED
630,rhs_chc_density_per_100k,0.091,OBSERVED,DIRECT_OBSERVED
630,nfhs_oope_delivery_rs,4324.0,OBSERVED,DIRECT_OBSERVED
630,niti_aspirational_district_flag,0.0,OBSERVED,DIRECT_OBSERVED
630,nfhs_hypertension_combined_pct,61.25,OBSERVED,DIRECT_OBSERVED
630,stunting_pct,31.3,OBSERVED,DIRECT_OBSERVED
630,nfhs_wasting_pct,16.1,OBSERVED,DIRECT_OBSERVED
630,mca21_pharma_density_per_100k,0.364,OBSERVED,DIRECT_OBSERVED
630,sanitation_pct,84.9,OBSERVED,DIRECT_OBSERVED
630,nfhs_diabetes_combined_pct,14.2,OBSERVED,DIRECT_OBSERVED
630,oope_delivery_rs,4324.0,OBSERVED,DIRECT_OBSERVED
630,hypertension_combined_pct_men,32.5,OBSERVED,DIRECT_OBSERVED
630,mca21_raw_company_count,8.0,OBSERVED,DIRECT_OBSERVED
630,diabetes_combined_pct_women,11.9,OBSERVED,DIRECT_OBSERVED
630,diabetes_combined_pct_men,16.5,OBSERVED,DIRECT_OBSERVED
630,jan_aushadhi_raw_count,39.0,OBSERVED,DIRECT_OBSERVED
630,census_decadal_growth_pct,12.4,OBSERVED,DIRECT_OBSERVED
630,nfhs_stunting_pct,31.3,OBSERVED,DIRECT_OBSERVED
630,census_urban_population_pct,42.6,OBSERVED,DIRECT_OBSERVED
532,rhs_phc_density_per_100k,4.182,OBSERVED,DIRECT_OBSERVED
532,census_total_population,2200000.0,OBSERVED,DIRECT_OBSERVED
532,rhs_hospital_presence,7.0,OBSERVED,DIRECT_OBSERVED
532,hypertension_combined_pct_women,90.0,OBSERVED,DIRECT_OBSERVED
532,insurance_pct,30.0,OBSERVED,DIRECT_OBSERVED
532,clean_fuel_pct,3.0,OBSERVED,DIRECT_OBSERVED
532,census_population_age_0_6_pct,10.2,OBSERVED,DIRECT_OBSERVED
532,rhs_subcentre_density_per_100k,17.045,OBSERVED,DIRECT_OBSERVED
532,underweight_pct,25.4,OBSERVED,DIRECT_OBSERVED
532,nfhs_underweight_pct,25.4,OBSERVED,DIRECT_OBSERVED
532,nfhs_insurance_pct,30.0,OBSERVED,DIRECT_OBSERVED
532,nfhs_sanitation_pct,92.3,OBSERVED,DIRECT_OBSERVED
532,jan_aushadhi_density_per_100k,1.773,OBSERVED,DIRECT_OBSERVED
532,census_literacy_rate_pct,76.0,OBSERVED,DIRECT_OBSERVED
532,nfhs_clean_fuel_pct,3.0,OBSERVED,DIRECT_OBSERVED
532,wasting_pct,24.9,OBSERVED,DIRECT_OBSERVED
532,rhs_chc_density_per_100k,0.182,OBSERVED,DIRECT_OBSERVED
532,nfhs_oope_delivery_rs,4544.0,OBSERVED,DIRECT_OBSERVED
532,niti_aspirational_district_flag,0.0,OBSERVED,DIRECT_OBSERVED
532,nfhs_hypertension_combined_pct,59.35,OBSERVED,DIRECT_OBSERVED
532,stunting_pct,27.3,OBSERVED,DIRECT_OBSERVED
532,nfhs_wasting_pct,24.9,OBSERVED,DIRECT_OBSERVED
532,mca21_pharma_density_per_100k,0.364,OBSERVED,DIRECT_OBSERVED
532,sanitation_pct,92.3,OBSERVED,DIRECT_OBSERVED
532,nfhs_diabetes_combined_pct,15.65,OBSERVED,DIRECT_OBSERVED
532,oope_delivery_rs,4544.0,OBSERVED,DIRECT_OBSERVED
532,hypertension_combined_pct_men,28.7,OBSERVED,DIRECT_OBSERVED
532,mca21_raw_company_count,8.0,OBSERVED,DIRECT_OBSERVED
532,diabetes_combined_pct_women,15.6,OBSERVED,DIRECT_OBSERVED
532,diabetes_combined_pct_men,15.7,OBSERVED,DIRECT_OBSERVED
532,jan_aushadhi_raw_count,39.0,OBSERVED,DIRECT_OBSERVED
532,census_decadal_growth_pct,12.4,OBSERVED,DIRECT_OBSERVED
532,nfhs_stunting_pct,27.3,OBSERVED,DIRECT_OBSERVED
532,census_urban_population_pct,42.6,OBSERVED,DIRECT_OBSERVED
533,rhs_phc_density_per_100k,4.045,OBSERVED,DIRECT_OBSERVED
533,census_total_population,2200000.0,OBSERVED,DIRECT_OBSERVED
533,rhs_hospital_presence,6.0,OBSERVED,DIRECT_OBSERVED
533,hypertension_combined_pct_women,90.0,OBSERVED,DIRECT_OBSERVED
533,insurance_pct,35.3,OBSERVED,DIRECT_OBSERVED
533,clean_fuel_pct,3.0,OBSERVED,DIRECT_OBSERVED
533,census_population_age_0_6_pct,10.2,OBSERVED,DIRECT_OBSERVED
533,rhs_subcentre_density_per_100k,12.864,OBSERVED,DIRECT_OBSERVED
533,underweight_pct,32.4,OBSERVED,DIRECT_OBSERVED
533,nfhs_underweight_pct,32.4,OBSERVED,DIRECT_OBSERVED
533,nfhs_insurance_pct,35.3,OBSERVED,DIRECT_OBSERVED
533,nfhs_sanitation_pct,63.1,OBSERVED,DIRECT_OBSERVED
533,jan_aushadhi_density_per_100k,1.773,OBSERVED,DIRECT_OBSERVED
533,census_literacy_rate_pct,76.0,OBSERVED,DIRECT_OBSERVED
533,nfhs_clean_fuel_pct,3.0,OBSERVED,DIRECT_OBSERVED
533,wasting_pct,17.9,OBSERVED,DIRECT_OBSERVED
533,rhs_chc_density_per_100k,0.455,OBSERVED,DIRECT_OBSERVED
533,nfhs_oope_delivery_rs,4234.0,OBSERVED,DIRECT_OBSERVED
533,niti_aspirational_district_flag,0.0,OBSERVED,DIRECT_OBSERVED
533,nfhs_hypertension_combined_pct,60.3,OBSERVED,DIRECT_OBSERVED
533,stunting_pct,36.0,OBSERVED,DIRECT_OBSERVED
533,nfhs_wasting_pct,17.9,OBSERVED,DIRECT_OBSERVED
533,mca21_pharma_density_per_100k,0.364,OBSERVED,DIRECT_OBSERVED
533,sanitation_pct,63.1,OBSERVED,DIRECT_OBSERVED
533,nfhs_diabetes_combined_pct,14.75,OBSERVED,DIRECT_OBSERVED
533,oope_delivery_rs,4234.0,OBSERVED,DIRECT_OBSERVED
533,hypertension_combined_pct_men,30.6,OBSERVED,DIRECT_OBSERVED
533,mca21_raw_company_count,8.0,OBSERVED,DIRECT_OBSERVED
533,diabetes_combined_pct_women,15.1,OBSERVED,DIRECT_OBSERVED
533,diabetes_combined_pct_men,14.4,OBSERVED,DIRECT_OBSERVED
533,jan_aushadhi_raw_count,39.0,OBSERVED,DIRECT_OBSERVED
533,census_decadal_growth_pct,12.4,OBSERVED,DIRECT_OBSERVED
533,nfhs_stunting_pct,36.0,OBSERVED,DIRECT_OBSERVED
533,census_urban_population_pct,42.6,OBSERVED,DIRECT_OBSERVED
534,rhs_phc_density_per_100k,3.227,OBSERVED,DIRECT_OBSERVED
534,census_total_population,2200000.0,OBSERVED,DIRECT_OBSERVED
534,rhs_hospital_presence,5.0,OBSERVED,DIRECT_OBSERVED
534,hypertension_combined_pct_women,90.0,OBSERVED,DIRECT_OBSERVED
534,insurance_pct,36.3,OBSERVED,DIRECT_OBSERVED
534,clean_fuel_pct,3.0,OBSERVED,DIRECT_OBSERVED
534,census_population_age_0_6_pct,10.2,OBSERVED,DIRECT_OBSERVED
534,rhs_subcentre_density_per_100k,20.0,OBSERVED,DIRECT_OBSERVED
534,underweight_pct,26.4,OBSERVED,DIRECT_OBSERVED
534,nfhs_underweight_pct,26.4,OBSERVED,DIRECT_OBSERVED
534,nfhs_insurance_pct,36.3,OBSERVED,DIRECT_OBSERVED
534,nfhs_sanitation_pct,97.1,OBSERVED,DIRECT_OBSERVED
534,jan_aushadhi_density_per_100k,1.773,OBSERVED,DIRECT_OBSERVED
534,census_literacy_rate_pct,76.0,OBSERVED,DIRECT_OBSERVED
534,nfhs_clean_fuel_pct,3.0,OBSERVED,DIRECT_OBSERVED
534,wasting_pct,30.5,OBSERVED,DIRECT_OBSERVED
534,rhs_chc_density_per_100k,0.273,OBSERVED,DIRECT_OBSERVED
534,nfhs_oope_delivery_rs,3699.0,OBSERVED,DIRECT_OBSERVED
534,niti_aspirational_district_flag,0.0,OBSERVED,DIRECT_OBSERVED
534,nfhs_hypertension_combined_pct,59.95,OBSERVED,DIRECT_OBSERVED
534,stunting_pct,25.1,OBSERVED,DIRECT_OBSERVED
534,nfhs_wasting_pct,30.5,OBSERVED,DIRECT_OBSERVED
534,mca21_pharma_density_per_100k,0.364,OBSERVED,DIRECT_OBSERVED
534,sanitation_pct,97.1,OBSERVED,DIRECT_OBSERVED
534,nfhs_diabetes_combined_pct,15.1,OBSERVED,DIRECT_OBSERVED
534,oope_delivery_rs,3699.0,OBSERVED,DIRECT_OBSERVED
534,hypertension_combined_pct_men,29.9,OBSERVED,DIRECT_OBSERVED
534,mca21_raw_company_count,8.0,OBSERVED,DIRECT_OBSERVED
534,diabetes_combined_pct_women,15.4,OBSERVED,DIRECT_OBSERVED
534,diabetes_combined_pct_men,14.8,OBSERVED,DIRECT_OBSERVED
534,jan_aushadhi_raw_count,39.0,OBSERVED,DIRECT_OBSERVED
534,census_decadal_growth_pct,12.4,OBSERVED,DIRECT_OBSERVED
534,nfhs_stunting_pct,25.1,OBSERVED,DIRECT_OBSERVED
534,census_urban_population_pct,42.6,OBSERVED,DIRECT_OBSERVED
535,rhs_phc_density_per_100k,4.909,OBSERVED,DIRECT_OBSERVED
535,census_total_population,2200000.0,OBSERVED,DIRECT_OBSERVED
535,rhs_hospital_presence,6.0,OBSERVED,DIRECT_OBSERVED
535,hypertension_combined_pct_women,90.0,OBSERVED,DIRECT_OBSERVED
535,insurance_pct,25.2,OBSERVED,DIRECT_OBSERVED
535,clean_fuel_pct,3.0,OBSERVED,DIRECT_OBSERVED
535,census_population_age_0_6_pct,10.2,OBSERVED,DIRECT_OBSERVED
535,rhs_subcentre_density_per_100k,13.682,OBSERVED,DIRECT_OBSERVED
535,underweight_pct,32.8,OBSERVED,DIRECT_OBSERVED
535,nfhs_underweight_pct,32.8,OBSERVED,DIRECT_OBSERVED
535,nfhs_insurance_pct,25.2,OBSERVED,DIRECT_OBSERVED
535,nfhs_sanitation_pct,83.3,OBSERVED,DIRECT_OBSERVED
535,jan_aushadhi_density_per_100k,1.773,OBSERVED,DIRECT_OBSERVED
535,census_literacy_rate_pct,76.0,OBSERVED,DIRECT_OBSERVED
535,nfhs_clean_fuel_pct,3.0,OBSERVED,DIRECT_OBSERVED
535,wasting_pct,18.8,OBSERVED,DIRECT_OBSERVED
535,rhs_chc_density_per_100k,0.227,OBSERVED,DIRECT_OBSERVED
535,nfhs_oope_delivery_rs,7508.0,OBSERVED,DIRECT_OBSERVED
535,niti_aspirational_district_flag,0.0,OBSERVED,DIRECT_OBSERVED
535,nfhs_hypertension_combined_pct,59.75,OBSERVED,DIRECT_OBSERVED
535,stunting_pct,38.4,OBSERVED,DIRECT_OBSERVED
535,nfhs_wasting_pct,18.8,OBSERVED,DIRECT_OBSERVED
535,mca21_pharma_density_per_100k,0.364,OBSERVED,DIRECT_OBSERVED
535,sanitation_pct,83.3,OBSERVED,DIRECT_OBSERVED
535,nfhs_diabetes_combined_pct,16.8,OBSERVED,DIRECT_OBSERVED
535,oope_delivery_rs,7508.0,OBSERVED,DIRECT_OBSERVED
535,hypertension_combined_pct_men,29.5,OBSERVED,DIRECT_OBSERVED
535,mca21_raw_company_count,8.0,OBSERVED,DIRECT_OBSERVED
535,diabetes_combined_pct_women,16.1,OBSERVED,DIRECT_OBSERVED
535,diabetes_combined_pct_men,17.5,OBSERVED,DIRECT_OBSERVED
535,jan_aushadhi_raw_count,39.0,OBSERVED,DIRECT_OBSERVED
535,census_decadal_growth_pct,12.4,OBSERVED,DIRECT_OBSERVED
535,nfhs_stunting_pct,38.4,OBSERVED,DIRECT_OBSERVED
535,census_urban_population_pct,42.6,OBSERVED,DIRECT_OBSERVED
536,rhs_phc_density_per_100k,1.455,OBSERVED,DIRECT_OBSERVED
536,census_total_population,2200000.0,OBSERVED,DIRECT_OBSERVED
536,rhs_hospital_presence,4.0,OBSERVED,DIRECT_OBSERVED
536,hypertension_combined_pct_women,90.0,OBSERVED,DIRECT_OBSERVED
536,insurance_pct,24.5,OBSERVED,DIRECT_OBSERVED
536,clean_fuel_pct,3.0,OBSERVED,DIRECT_OBSERVED
536,census_population_age_0_6_pct,10.2,OBSERVED,DIRECT_OBSERVED
536,rhs_subcentre_density_per_100k,8.818,OBSERVED,DIRECT_OBSERVED
536,underweight_pct,40.4,OBSERVED,DIRECT_OBSERVED
536,nfhs_underweight_pct,40.4,OBSERVED,DIRECT_OBSERVED
536,nfhs_insurance_pct,24.5,OBSERVED,DIRECT_OBSERVED
536,nfhs_sanitation_pct,79.3,OBSERVED,DIRECT_OBSERVED
536,jan_aushadhi_density_per_100k,1.773,OBSERVED,DIRECT_OBSERVED
536,census_literacy_rate_pct,76.0,OBSERVED,DIRECT_OBSERVED
536,nfhs_clean_fuel_pct,3.0,OBSERVED,DIRECT_OBSERVED
536,wasting_pct,16.5,OBSERVED,DIRECT_OBSERVED
536,rhs_chc_density_per_100k,0.0,OBSERVED,DIRECT_OBSERVED
536,nfhs_oope_delivery_rs,3225.0,OBSERVED,DIRECT_OBSERVED
536,niti_aspirational_district_flag,0.0,OBSERVED,DIRECT_OBSERVED
536,nfhs_hypertension_combined_pct,56.85,OBSERVED,DIRECT_OBSERVED
536,stunting_pct,45.2,OBSERVED,DIRECT_OBSERVED
536,nfhs_wasting_pct,16.5,OBSERVED,DIRECT_OBSERVED
536,mca21_pharma_density_per_100k,0.364,OBSERVED,DIRECT_OBSERVED
536,sanitation_pct,79.3,OBSERVED,DIRECT_OBSERVED
536,nfhs_diabetes_combined_pct,13.95,OBSERVED,DIRECT_OBSERVED
536,oope_delivery_rs,3225.0,OBSERVED,DIRECT_OBSERVED
536,hypertension_combined_pct_men,23.7,OBSERVED,DIRECT_OBSERVED
536,mca21_raw_company_count,8.0,OBSERVED,DIRECT_OBSERVED
536,diabetes_combined_pct_women,13.8,OBSERVED,DIRECT_OBSERVED
536,diabetes_combined_pct_men,14.1,OBSERVED,DIRECT_OBSERVED
536,jan_aushadhi_raw_count,39.0,OBSERVED,DIRECT_OBSERVED
536,census_decadal_growth_pct,12.4,OBSERVED,DIRECT_OBSERVED
536,nfhs_stunting_pct,45.2,OBSERVED,DIRECT_OBSERVED
536,census_urban_population_pct,42.6,OBSERVED,DIRECT_OBSERVED
537,rhs_phc_density_per_100k,1.682,OBSERVED,DIRECT_OBSERVED
537,census_total_population,2200000.0,OBSERVED,DIRECT_OBSERVED
537,rhs_hospital_presence,5.0,OBSERVED,DIRECT_OBSERVED
537,hypertension_combined_pct_women,90.0,OBSERVED,DIRECT_OBSERVED
537,insurance_pct,28.3,OBSERVED,DIRECT_OBSERVED
537,clean_fuel_pct,3.0,OBSERVED,DIRECT_OBSERVED
537,census_population_age_0_6_pct,10.2,OBSERVED,DIRECT_OBSERVED
537,rhs_subcentre_density_per_100k,7.636,OBSERVED,DIRECT_OBSERVED
537,underweight_pct,39.8,OBSERVED,DIRECT_OBSERVED
537,nfhs_underweight_pct,39.8,OBSERVED,DIRECT_OBSERVED
537,nfhs_insurance_pct,28.3,OBSERVED,DIRECT_OBSERVED
537,nfhs_sanitation_pct,55.2,OBSERVED,DIRECT_OBSERVED
537,jan_aushadhi_density_per_100k,1.773,OBSERVED,DIRECT_OBSERVED
537,census_literacy_rate_pct,76.0,OBSERVED,DIRECT_OBSERVED
537,nfhs_clean_fuel_pct,3.0,OBSERVED,DIRECT_OBSERVED
537,wasting_pct,18.2,OBSERVED,DIRECT_OBSERVED
537,rhs_chc_density_per_100k,0.091,OBSERVED,DIRECT_OBSERVED
537,nfhs_oope_delivery_rs,5726.0,OBSERVED,DIRECT_OBSERVED
537,niti_aspirational_district_flag,0.0,OBSERVED,DIRECT_OBSERVED
537,nfhs_hypertension_combined_pct,56.95,OBSERVED,DIRECT_OBSERVED
537,stunting_pct,45.2,OBSERVED,DIRECT_OBSERVED
537,nfhs_wasting_pct,18.2,OBSERVED,DIRECT_OBSERVED
537,mca21_pharma_density_per_100k,0.364,OBSERVED,DIRECT_OBSERVED
537,sanitation_pct,55.2,OBSERVED,DIRECT_OBSERVED
537,nfhs_diabetes_combined_pct,12.65,OBSERVED,DIRECT_OBSERVED
537,oope_delivery_rs,5726.0,OBSERVED,DIRECT_OBSERVED
537,hypertension_combined_pct_men,23.9,OBSERVED,DIRECT_OBSERVED
537,mca21_raw_company_count,8.0,OBSERVED,DIRECT_OBSERVED
537,diabetes_combined_pct_women,12.1,OBSERVED,DIRECT_OBSERVED
537,diabetes_combined_pct_men,13.2,OBSERVED,DIRECT_OBSERVED
537,jan_aushadhi_raw_count,39.0,OBSERVED,DIRECT_OBSERVED
537,census_decadal_growth_pct,12.4,OBSERVED,DIRECT_OBSERVED
537,nfhs_stunting_pct,45.2,OBSERVED,DIRECT_OBSERVED
537,census_urban_population_pct,42.6,OBSERVED,DIRECT_OBSERVED
539,rhs_phc_density_per_100k,6.227,OBSERVED,DIRECT_OBSERVED
539,census_total_population,2200000.0,OBSERVED,DIRECT_OBSERVED
539,rhs_hospital_presence,8.0,OBSERVED,DIRECT_OBSERVED
539,hypertension_combined_pct_women,90.0,OBSERVED,DIRECT_OBSERVED
539,insurance_pct,36.9,OBSERVED,DIRECT_OBSERVED
539,clean_fuel_pct,3.0,OBSERVED,DIRECT_OBSERVED
539,census_population_age_0_6_pct,10.2,OBSERVED,DIRECT_OBSERVED
539,rhs_subcentre_density_per_100k,20.727,OBSERVED,DIRECT_OBSERVED
539,underweight_pct,23.8,OBSERVED,DIRECT_OBSERVED
539,nfhs_underweight_pct,23.8,OBSERVED,DIRECT_OBSERVED
539,nfhs_insurance_pct,36.9,OBSERVED,DIRECT_OBSERVED
539,nfhs_sanitation_pct,87.9,OBSERVED,DIRECT_OBSERVED
539,jan_aushadhi_density_per_100k,1.773,OBSERVED,DIRECT_OBSERVED
539,census_literacy_rate_pct,76.0,OBSERVED,DIRECT_OBSERVED
539,nfhs_clean_fuel_pct,3.0,OBSERVED,DIRECT_OBSERVED
539,wasting_pct,15.2,OBSERVED,DIRECT_OBSERVED
539,rhs_chc_density_per_100k,0.636,OBSERVED,DIRECT_OBSERVED
539,nfhs_oope_delivery_rs,3421.0,OBSERVED,DIRECT_OBSERVED
539,niti_aspirational_district_flag,0.0,OBSERVED,DIRECT_OBSERVED
539,nfhs_hypertension_combined_pct,59.75,OBSERVED,DIRECT_OBSERVED
539,stunting_pct,27.1,OBSERVED,DIRECT_OBSERVED
539,nfhs_wasting_pct,15.2,OBSERVED,DIRECT_OBSERVED
539,mca21_pharma_density_per_100k,0.364,OBSERVED,DIRECT_OBSERVED
539,sanitation_pct,87.9,OBSERVED,DIRECT_OBSERVED
539,nfhs_diabetes_combined_pct,17.5,OBSERVED,DIRECT_OBSERVED
539,oope_delivery_rs,3421.0,OBSERVED,DIRECT_OBSERVED
539,hypertension_combined_pct_men,29.5,OBSERVED,DIRECT_OBSERVED
539,mca21_raw_company_count,8.0,OBSERVED,DIRECT_OBSERVED
539,diabetes_combined_pct_women,16.3,OBSERVED,DIRECT_OBSERVED
539,diabetes_combined_pct_men,18.7,OBSERVED,DIRECT_OBSERVED
539,jan_aushadhi_raw_count,39.0,OBSERVED,DIRECT_OBSERVED
539,census_decadal_growth_pct,12.4,OBSERVED,DIRECT_OBSERVED
539,nfhs_stunting_pct,27.1,OBSERVED,DIRECT_OBSERVED
539,census_urban_population_pct,42.6,OBSERVED,DIRECT_OBSERVED
540,rhs_phc_density_per_100k,3.273,OBSERVED,DIRECT_OBSERVED
540,census_total_population,2200000.0,OBSERVED,DIRECT_OBSERVED
540,rhs_hospital_presence,7.0,OBSERVED,DIRECT_OBSERVED
540,hypertension_combined_pct_women,90.0,OBSERVED,DIRECT_OBSERVED
540,insurance_pct,28.8,OBSERVED,DIRECT_OBSERVED
540,clean_fuel_pct,3.0,OBSERVED,DIRECT_OBSERVED
540,census_population_age_0_6_pct,10.2,OBSERVED,DIRECT_OBSERVED
540,rhs_subcentre_density_per_100k,13.773,OBSERVED,DIRECT_OBSERVED
540,underweight_pct,35.0,OBSERVED,DIRECT_OBSERVED
540,nfhs_underweight_pct,35.0,OBSERVED,DIRECT_OBSERVED
540,nfhs_insurance_pct,28.8,OBSERVED,DIRECT_OBSERVED
540,nfhs_sanitation_pct,68.9,OBSERVED,DIRECT_OBSERVED
540,jan_aushadhi_density_per_100k,1.773,OBSERVED,DIRECT_OBSERVED
540,census_literacy_rate_pct,76.0,OBSERVED,DIRECT_OBSERVED
540,nfhs_clean_fuel_pct,3.0,OBSERVED,DIRECT_OBSERVED
540,wasting_pct,17.7,OBSERVED,DIRECT_OBSERVED
540,rhs_chc_density_per_100k,0.227,OBSERVED,DIRECT_OBSERVED
540,nfhs_oope_delivery_rs,11573.0,OBSERVED,DIRECT_OBSERVED
540,niti_aspirational_district_flag,0.0,OBSERVED,DIRECT_OBSERVED
540,nfhs_hypertension_combined_pct,57.2,OBSERVED,DIRECT_OBSERVED
540,stunting_pct,29.9,OBSERVED,DIRECT_OBSERVED
540,nfhs_wasting_pct,17.7,OBSERVED,DIRECT_OBSERVED
540,mca21_pharma_density_per_100k,0.364,OBSERVED,DIRECT_OBSERVED
540,sanitation_pct,68.9,OBSERVED,DIRECT_OBSERVED
540,nfhs_diabetes_combined_pct,13.95,OBSERVED,DIRECT_OBSERVED
540,oope_delivery_rs,11573.0,OBSERVED,DIRECT_OBSERVED
540,hypertension_combined_pct_men,24.4,OBSERVED,DIRECT_OBSERVED
540,mca21_raw_company_count,8.0,OBSERVED,DIRECT_OBSERVED
540,diabetes_combined_pct_women,12.7,OBSERVED,DIRECT_OBSERVED
540,diabetes_combined_pct_men,15.2,OBSERVED,DIRECT_OBSERVED
540,jan_aushadhi_raw_count,39.0,OBSERVED,DIRECT_OBSERVED
540,census_decadal_growth_pct,12.4,OBSERVED,DIRECT_OBSERVED
540,nfhs_stunting_pct,29.9,OBSERVED,DIRECT_OBSERVED
540,census_urban_population_pct,42.6,OBSERVED,DIRECT_OBSERVED
538,rhs_phc_density_per_100k,4.045,OBSERVED,DIRECT_OBSERVED
538,census_total_population,2200000.0,OBSERVED,DIRECT_OBSERVED
538,rhs_hospital_presence,7.0,OBSERVED,DIRECT_OBSERVED
538,hypertension_combined_pct_women,90.0,OBSERVED,DIRECT_OBSERVED
538,insurance_pct,17.4,OBSERVED,DIRECT_OBSERVED
538,clean_fuel_pct,3.0,OBSERVED,DIRECT_OBSERVED
538,census_population_age_0_6_pct,10.2,OBSERVED,DIRECT_OBSERVED
538,rhs_subcentre_density_per_100k,15.773,OBSERVED,DIRECT_OBSERVED
538,underweight_pct,36.2,OBSERVED,DIRECT_OBSERVED
538,nfhs_underweight_pct,36.2,OBSERVED,DIRECT_OBSERVED
538,nfhs_insurance_pct,17.4,OBSERVED,DIRECT_OBSERVED
538,nfhs_sanitation_pct,36.5,OBSERVED,DIRECT_OBSERVED
538,jan_aushadhi_density_per_100k,1.773,OBSERVED,DIRECT_OBSERVED
538,census_literacy_rate_pct,76.0,OBSERVED,DIRECT_OBSERVED
538,nfhs_clean_fuel_pct,3.0,OBSERVED,DIRECT_OBSERVED
538,wasting_pct,25.0,OBSERVED,DIRECT_OBSERVED
538,rhs_chc_density_per_100k,0.727,OBSERVED,DIRECT_OBSERVED
538,nfhs_oope_delivery_rs,3738.0,OBSERVED,DIRECT_OBSERVED
538,niti_aspirational_district_flag,0.0,OBSERVED,DIRECT_OBSERVED
538,nfhs_hypertension_combined_pct,57.4,OBSERVED,DIRECT_OBSERVED
538,stunting_pct,34.5,OBSERVED,DIRECT_OBSERVED
538,nfhs_wasting_pct,25.0,OBSERVED,DIRECT_OBSERVED
538,mca21_pharma_density_per_100k,0.364,OBSERVED,DIRECT_OBSERVED
538,sanitation_pct,36.5,OBSERVED,DIRECT_OBSERVED
538,nfhs_diabetes_combined_pct,13.25,OBSERVED,DIRECT_OBSERVED
538,oope_delivery_rs,3738.0,OBSERVED,DIRECT_OBSERVED
538,hypertension_combined_pct_men,24.8,OBSERVED,DIRECT_OBSERVED
538,mca21_raw_company_count,8.0,OBSERVED,DIRECT_OBSERVED
538,diabetes_combined_pct_women,11.4,OBSERVED,DIRECT_OBSERVED
538,diabetes_combined_pct_men,15.1,OBSERVED,DIRECT_OBSERVED
538,jan_aushadhi_raw_count,39.0,OBSERVED,DIRECT_OBSERVED
538,census_decadal_growth_pct,12.4,OBSERVED,DIRECT_OBSERVED
538,nfhs_stunting_pct,34.5,OBSERVED,DIRECT_OBSERVED
538,census_urban_population_pct,42.6,OBSERVED,DIRECT_OBSERVED
541,rhs_phc_density_per_100k,1.455,OBSERVED,DIRECT_OBSERVED
541,census_total_population,2200000.0,OBSERVED,DIRECT_OBSERVED
541,rhs_hospital_presence,3.0,OBSERVED,DIRECT_OBSERVED
541,hypertension_combined_pct_women,90.0,OBSERVED,DIRECT_OBSERVED
541,insurance_pct,45.6,OBSERVED,DIRECT_OBSERVED
541,clean_fuel_pct,3.0,OBSERVED,DIRECT_OBSERVED
541,census_population_age_0_6_pct,10.2,OBSERVED,DIRECT_OBSERVED
541,rhs_subcentre_density_per_100k,9.364,OBSERVED,DIRECT_OBSERVED
541,underweight_pct,22.6,OBSERVED,DIRECT_OBSERVED
541,nfhs_underweight_pct,22.6,OBSERVED,DIRECT_OBSERVED
541,nfhs_insurance_pct,45.6,OBSERVED,DIRECT_OBSERVED
541,nfhs_sanitation_pct,93.9,OBSERVED,DIRECT_OBSERVED
541,jan_aushadhi_density_per_100k,1.773,OBSERVED,DIRECT_OBSERVED
541,census_literacy_rate_pct,76.0,OBSERVED,DIRECT_OBSERVED
541,nfhs_clean_fuel_pct,3.0,OBSERVED,DIRECT_OBSERVED
541,wasting_pct,21.7,OBSERVED,DIRECT_OBSERVED
541,rhs_chc_density_per_100k,0.273,OBSERVED,DIRECT_OBSERVED
541,nfhs_oope_delivery_rs,2830.0,OBSERVED,DIRECT_OBSERVED
541,niti_aspirational_district_flag,0.0,OBSERVED,DIRECT_OBSERVED
541,nfhs_hypertension_combined_pct,61.65,OBSERVED,DIRECT_OBSERVED
541,stunting_pct,30.4,OBSERVED,DIRECT_OBSERVED
541,nfhs_wasting_pct,21.7,OBSERVED,DIRECT_OBSERVED
541,mca21_pharma_density_per_100k,0.364,OBSERVED,DIRECT_OBSERVED
541,sanitation_pct,93.9,OBSERVED,DIRECT_OBSERVED
541,nfhs_diabetes_combined_pct,18.35,OBSERVED,DIRECT_OBSERVED
541,oope_delivery_rs,2830.0,OBSERVED,DIRECT_OBSERVED
541,hypertension_combined_pct_men,33.3,OBSERVED,DIRECT_OBSERVED
541,mca21_raw_company_count,8.0,OBSERVED,DIRECT_OBSERVED
541,diabetes_combined_pct_women,17.4,OBSERVED,DIRECT_OBSERVED
541,diabetes_combined_pct_men,19.3,OBSERVED,DIRECT_OBSERVED
541,jan_aushadhi_raw_count,39.0,OBSERVED,DIRECT_OBSERVED
541,census_decadal_growth_pct,12.4,OBSERVED,DIRECT_OBSERVED
541,nfhs_stunting_pct,30.4,OBSERVED,DIRECT_OBSERVED
541,census_urban_population_pct,42.6,OBSERVED,DIRECT_OBSERVED
542,rhs_phc_density_per_100k,2.818,OBSERVED,DIRECT_OBSERVED
542,census_total_population,2200000.0,OBSERVED,DIRECT_OBSERVED
542,rhs_hospital_presence,6.0,OBSERVED,DIRECT_OBSERVED
542,hypertension_combined_pct_women,90.0,OBSERVED,DIRECT_OBSERVED
542,insurance_pct,33.9,OBSERVED,DIRECT_OBSERVED
542,clean_fuel_pct,3.0,OBSERVED,DIRECT_OBSERVED
542,census_population_age_0_6_pct,10.2,OBSERVED,DIRECT_OBSERVED
542,rhs_subcentre_density_per_100k,12.5,OBSERVED,DIRECT_OBSERVED
542,underweight_pct,15.7,OBSERVED,DIRECT_OBSERVED
542,nfhs_underweight_pct,15.7,OBSERVED,DIRECT_OBSERVED
542,nfhs_insurance_pct,33.9,OBSERVED,DIRECT_OBSERVED
542,nfhs_sanitation_pct,89.2,OBSERVED,DIRECT_OBSERVED
542,jan_aushadhi_density_per_100k,1.773,OBSERVED,DIRECT_OBSERVED
542,census_literacy_rate_pct,76.0,OBSERVED,DIRECT_OBSERVED
542,nfhs_clean_fuel_pct,3.0,OBSERVED,DIRECT_OBSERVED
542,wasting_pct,15.5,OBSERVED,DIRECT_OBSERVED
542,rhs_chc_density_per_100k,0.091,OBSERVED,DIRECT_OBSERVED
542,nfhs_oope_delivery_rs,3188.0,OBSERVED,DIRECT_OBSERVED
542,niti_aspirational_district_flag,0.0,OBSERVED,DIRECT_OBSERVED
542,nfhs_hypertension_combined_pct,58.95,OBSERVED,DIRECT_OBSERVED
542,stunting_pct,31.1,OBSERVED,DIRECT_OBSERVED
542,nfhs_wasting_pct,15.5,OBSERVED,DIRECT_OBSERVED
542,mca21_pharma_density_per_100k,0.364,OBSERVED,DIRECT_OBSERVED
542,sanitation_pct,89.2,OBSERVED,DIRECT_OBSERVED
542,nfhs_diabetes_combined_pct,13.8,OBSERVED,DIRECT_OBSERVED
542,oope_delivery_rs,3188.0,OBSERVED,DIRECT_OBSERVED
542,hypertension_combined_pct_men,27.9,OBSERVED,DIRECT_OBSERVED
542,mca21_raw_company_count,8.0,OBSERVED,DIRECT_OBSERVED
542,diabetes_combined_pct_women,12.5,OBSERVED,DIRECT_OBSERVED
542,diabetes_combined_pct_men,15.1,OBSERVED,DIRECT_OBSERVED
542,jan_aushadhi_raw_count,39.0,OBSERVED,DIRECT_OBSERVED
542,census_decadal_growth_pct,12.4,OBSERVED,DIRECT_OBSERVED
542,nfhs_stunting_pct,31.1,OBSERVED,DIRECT_OBSERVED
542,census_urban_population_pct,42.6,OBSERVED,DIRECT_OBSERVED
543,rhs_phc_density_per_100k,2.136,OBSERVED,DIRECT_OBSERVED
543,census_total_population,2200000.0,OBSERVED,DIRECT_OBSERVED
543,rhs_hospital_presence,4.0,OBSERVED,DIRECT_OBSERVED
543,hypertension_combined_pct_women,90.0,OBSERVED,DIRECT_OBSERVED
543,insurance_pct,20.6,OBSERVED,DIRECT_OBSERVED
543,clean_fuel_pct,3.0,OBSERVED,DIRECT_OBSERVED
543,census_population_age_0_6_pct,10.2,OBSERVED,DIRECT_OBSERVED
543,rhs_subcentre_density_per_100k,8.409,OBSERVED,DIRECT_OBSERVED
543,underweight_pct,45.8,OBSERVED,DIRECT_OBSERVED
543,nfhs_underweight_pct,45.8,OBSERVED,DIRECT_OBSERVED
543,nfhs_insurance_pct,20.6,OBSERVED,DIRECT_OBSERVED
543,nfhs_sanitation_pct,58.8,OBSERVED,DIRECT_OBSERVED
543,jan_aushadhi_density_per_100k,1.773,OBSERVED,DIRECT_OBSERVED
543,census_literacy_rate_pct,76.0,OBSERVED,DIRECT_OBSERVED
543,nfhs_clean_fuel_pct,3.0,OBSERVED,DIRECT_OBSERVED
543,wasting_pct,23.1,OBSERVED,DIRECT_OBSERVED
543,rhs_chc_density_per_100k,0.364,OBSERVED,DIRECT_OBSERVED
543,nfhs_oope_delivery_rs,4909.0,OBSERVED,DIRECT_OBSERVED
543,niti_aspirational_district_flag,0.0,OBSERVED,DIRECT_OBSERVED
543,nfhs_hypertension_combined_pct,56.1,OBSERVED,DIRECT_OBSERVED
543,stunting_pct,49.1,OBSERVED,DIRECT_OBSERVED
543,nfhs_wasting_pct,23.1,OBSERVED,DIRECT_OBSERVED
543,mca21_pharma_density_per_100k,0.364,OBSERVED,DIRECT_OBSERVED
543,sanitation_pct,58.8,OBSERVED,DIRECT_OBSERVED
543,nfhs_diabetes_combined_pct,12.05,OBSERVED,DIRECT_OBSERVED
543,oope_delivery_rs,4909.0,OBSERVED,DIRECT_OBSERVED
543,hypertension_combined_pct_men,22.2,OBSERVED,DIRECT_OBSERVED
543,mca21_raw_company_count,8.0,OBSERVED,DIRECT_OBSERVED
543,diabetes_combined_pct_women,9.6,OBSERVED,DIRECT_OBSERVED
543,diabetes_combined_pct_men,14.5,OBSERVED,DIRECT_OBSERVED
543,jan_aushadhi_raw_count,39.0,OBSERVED,DIRECT_OBSERVED
543,census_decadal_growth_pct,12.4,OBSERVED,DIRECT_OBSERVED
543,nfhs_stunting_pct,49.1,OBSERVED,DIRECT_OBSERVED
543,census_urban_population_pct,42.6,OBSERVED,DIRECT_OBSERVED
544,rhs_phc_density_per_100k,5.182,OBSERVED,DIRECT_OBSERVED
544,census_total_population,2200000.0,OBSERVED,DIRECT_OBSERVED
544,rhs_hospital_presence,7.0,OBSERVED,DIRECT_OBSERVED
544,hypertension_combined_pct_women,90.0,OBSERVED,DIRECT_OBSERVED
544,insurance_pct,39.9,OBSERVED,DIRECT_OBSERVED
544,clean_fuel_pct,3.0,OBSERVED,DIRECT_OBSERVED
544,census_population_age_0_6_pct,10.2,OBSERVED,DIRECT_OBSERVED
544,rhs_subcentre_density_per_100k,17.5,OBSERVED,DIRECT_OBSERVED
544,underweight_pct,16.7,OBSERVED,DIRECT_OBSERVED
544,nfhs_underweight_pct,16.7,OBSERVED,DIRECT_OBSERVED
544,nfhs_insurance_pct,39.9,OBSERVED,DIRECT_OBSERVED
544,nfhs_sanitation_pct,86.7,OBSERVED,DIRECT_OBSERVED
544,jan_aushadhi_density_per_100k,1.773,OBSERVED,DIRECT_OBSERVED
544,census_literacy_rate_pct,76.0,OBSERVED,DIRECT_OBSERVED
544,nfhs_clean_fuel_pct,3.0,OBSERVED,DIRECT_OBSERVED
544,wasting_pct,11.8,OBSERVED,DIRECT_OBSERVED
544,rhs_chc_density_per_100k,0.318,OBSERVED,DIRECT_OBSERVED
544,nfhs_oope_delivery_rs,4109.0,OBSERVED,DIRECT_OBSERVED
544,niti_aspirational_district_flag,0.0,OBSERVED,DIRECT_OBSERVED
544,nfhs_hypertension_combined_pct,59.9,OBSERVED,DIRECT_OBSERVED
544,stunting_pct,24.3,OBSERVED,DIRECT_OBSERVED
544,nfhs_wasting_pct,11.8,OBSERVED,DIRECT_OBSERVED
544,mca21_pharma_density_per_100k,0.364,OBSERVED,DIRECT_OBSERVED
544,sanitation_pct,86.7,OBSERVED,DIRECT_OBSERVED
544,nfhs_diabetes_combined_pct,17.15,OBSERVED,DIRECT_OBSERVED
544,oope_delivery_rs,4109.0,OBSERVED,DIRECT_OBSERVED
544,hypertension_combined_pct_men,29.8,OBSERVED,DIRECT_OBSERVED
544,mca21_raw_company_count,8.0,OBSERVED,DIRECT_OBSERVED
544,diabetes_combined_pct_women,16.1,OBSERVED,DIRECT_OBSERVED
544,diabetes_combined_pct_men,18.2,OBSERVED,DIRECT_OBSERVED
544,jan_aushadhi_raw_count,39.0,OBSERVED,DIRECT_OBSERVED
544,census_decadal_growth_pct,12.4,OBSERVED,DIRECT_OBSERVED
544,nfhs_stunting_pct,24.3,OBSERVED,DIRECT_OBSERVED
544,census_urban_population_pct,42.6,OBSERVED,DIRECT_OBSERVED
545,rhs_phc_density_per_100k,4.667,OBSERVED,DIRECT_OBSERVED
545,census_total_population,3000000.0,OBSERVED,DIRECT_OBSERVED
545,rhs_hospital_presence,6.0,OBSERVED,DIRECT_OBSERVED
545,hypertension_combined_pct_women,90.0,OBSERVED,DIRECT_OBSERVED
545,insurance_pct,26.2,OBSERVED,DIRECT_OBSERVED
545,clean_fuel_pct,3.0,OBSERVED,DIRECT_OBSERVED
545,census_population_age_0_6_pct,10.2,OBSERVED,DIRECT_OBSERVED
545,rhs_subcentre_density_per_100k,14.6,OBSERVED,DIRECT_OBSERVED
545,underweight_pct,28.2,OBSERVED,DIRECT_OBSERVED
545,nfhs_underweight_pct,28.2,OBSERVED,DIRECT_OBSERVED
545,nfhs_insurance_pct,26.2,OBSERVED,DIRECT_OBSERVED
545,nfhs_sanitation_pct,86.4,OBSERVED,DIRECT_OBSERVED
545,jan_aushadhi_density_per_100k,1.733,OBSERVED,DIRECT_OBSERVED
545,census_literacy_rate_pct,76.0,OBSERVED,DIRECT_OBSERVED
545,nfhs_clean_fuel_pct,3.0,OBSERVED,DIRECT_OBSERVED
545,wasting_pct,15.6,OBSERVED,DIRECT_OBSERVED
545,rhs_chc_density_per_100k,0.3,OBSERVED,DIRECT_OBSERVED
545,nfhs_oope_delivery_rs,4143.0,OBSERVED,DIRECT_OBSERVED
545,niti_aspirational_district_flag,0.0,OBSERVED,DIRECT_OBSERVED
545,nfhs_hypertension_combined_pct,58.7,OBSERVED,DIRECT_OBSERVED
545,stunting_pct,27.5,OBSERVED,DIRECT_OBSERVED
545,nfhs_wasting_pct,15.6,OBSERVED,DIRECT_OBSERVED
545,mca21_pharma_density_per_100k,1.4,OBSERVED,DIRECT_OBSERVED
545,sanitation_pct,86.4,OBSERVED,DIRECT_OBSERVED
545,nfhs_diabetes_combined_pct,13.9,OBSERVED,DIRECT_OBSERVED
545,oope_delivery_rs,4143.0,OBSERVED,DIRECT_OBSERVED
545,hypertension_combined_pct_men,27.4,OBSERVED,DIRECT_OBSERVED
545,mca21_raw_company_count,42.0,OBSERVED,DIRECT_OBSERVED
545,diabetes_combined_pct_women,13.8,OBSERVED,DIRECT_OBSERVED
545,diabetes_combined_pct_men,14.0,OBSERVED,DIRECT_OBSERVED
545,jan_aushadhi_raw_count,52.0,OBSERVED,DIRECT_OBSERVED
545,census_decadal_growth_pct,12.4,OBSERVED,DIRECT_OBSERVED
545,nfhs_stunting_pct,27.5,OBSERVED,DIRECT_OBSERVED
545,census_urban_population_pct,49.0,OBSERVED,DIRECT_OBSERVED
546,rhs_phc_density_per_100k,2.409,OBSERVED,DIRECT_OBSERVED
546,census_total_population,2200000.0,OBSERVED,DIRECT_OBSERVED
546,rhs_hospital_presence,5.0,OBSERVED,DIRECT_OBSERVED
546,hypertension_combined_pct_women,90.0,OBSERVED,DIRECT_OBSERVED
546,insurance_pct,17.8,OBSERVED,DIRECT_OBSERVED
546,clean_fuel_pct,3.0,OBSERVED,DIRECT_OBSERVED
546,census_population_age_0_6_pct,10.2,OBSERVED,DIRECT_OBSERVED
546,rhs_subcentre_density_per_100k,10.136,OBSERVED,DIRECT_OBSERVED
546,underweight_pct,40.7,OBSERVED,DIRECT_OBSERVED
546,nfhs_underweight_pct,40.7,OBSERVED,DIRECT_OBSERVED
546,nfhs_insurance_pct,17.8,OBSERVED,DIRECT_OBSERVED
546,nfhs_sanitation_pct,53.0,OBSERVED,DIRECT_OBSERVED
546,jan_aushadhi_density_per_100k,1.773,OBSERVED,DIRECT_OBSERVED
546,census_literacy_rate_pct,76.0,OBSERVED,DIRECT_OBSERVED
546,nfhs_clean_fuel_pct,3.0,OBSERVED,DIRECT_OBSERVED
546,wasting_pct,23.2,OBSERVED,DIRECT_OBSERVED
546,rhs_chc_density_per_100k,0.227,OBSERVED,DIRECT_OBSERVED
546,nfhs_oope_delivery_rs,6277.0,OBSERVED,DIRECT_OBSERVED
546,niti_aspirational_district_flag,1.0,OBSERVED,DIRECT_OBSERVED
546,nfhs_hypertension_combined_pct,53.35,OBSERVED,DIRECT_OBSERVED
546,stunting_pct,39.8,OBSERVED,DIRECT_OBSERVED
546,nfhs_wasting_pct,23.2,OBSERVED,DIRECT_OBSERVED
546,mca21_pharma_density_per_100k,0.364,OBSERVED,DIRECT_OBSERVED
546,sanitation_pct,53.0,OBSERVED,DIRECT_OBSERVED
546,nfhs_diabetes_combined_pct,9.05,OBSERVED,DIRECT_OBSERVED
546,oope_delivery_rs,6277.0,OBSERVED,DIRECT_OBSERVED
546,hypertension_combined_pct_men,16.7,OBSERVED,DIRECT_OBSERVED
546,mca21_raw_company_count,8.0,OBSERVED,DIRECT_OBSERVED
546,diabetes_combined_pct_women,8.9,OBSERVED,DIRECT_OBSERVED
546,diabetes_combined_pct_men,9.2,OBSERVED,DIRECT_OBSERVED
546,jan_aushadhi_raw_count,39.0,OBSERVED,DIRECT_OBSERVED
546,census_decadal_growth_pct,12.4,OBSERVED,DIRECT_OBSERVED
546,nfhs_stunting_pct,39.8,OBSERVED,DIRECT_OBSERVED
546,census_urban_population_pct,42.6,OBSERVED,DIRECT_OBSERVED
631,rhs_phc_density_per_100k,2.727,OBSERVED,DIRECT_OBSERVED
631,census_total_population,2200000.0,OBSERVED,DIRECT_OBSERVED
631,rhs_hospital_presence,4.0,OBSERVED,DIRECT_OBSERVED
631,hypertension_combined_pct_women,90.0,OBSERVED,DIRECT_OBSERVED
631,insurance_pct,35.7,OBSERVED,DIRECT_OBSERVED
631,clean_fuel_pct,3.0,OBSERVED,DIRECT_OBSERVED
631,census_population_age_0_6_pct,10.2,OBSERVED,DIRECT_OBSERVED
631,rhs_subcentre_density_per_100k,10.455,OBSERVED,DIRECT_OBSERVED
631,underweight_pct,19.8,OBSERVED,DIRECT_OBSERVED
631,nfhs_underweight_pct,19.8,OBSERVED,DIRECT_OBSERVED
631,nfhs_insurance_pct,35.7,OBSERVED,DIRECT_OBSERVED
631,nfhs_sanitation_pct,89.6,OBSERVED,DIRECT_OBSERVED
631,jan_aushadhi_density_per_100k,1.773,OBSERVED,DIRECT_OBSERVED
631,census_literacy_rate_pct,76.0,OBSERVED,DIRECT_OBSERVED
631,nfhs_clean_fuel_pct,3.0,OBSERVED,DIRECT_OBSERVED
631,wasting_pct,20.0,OBSERVED,DIRECT_OBSERVED
631,rhs_chc_density_per_100k,0.136,OBSERVED,DIRECT_OBSERVED
631,nfhs_oope_delivery_rs,4877.0,OBSERVED,DIRECT_OBSERVED
631,niti_aspirational_district_flag,0.0,OBSERVED,DIRECT_OBSERVED
631,nfhs_hypertension_combined_pct,59.95,OBSERVED,DIRECT_OBSERVED
631,stunting_pct,15.6,OBSERVED,DIRECT_OBSERVED
631,nfhs_wasting_pct,20.0,OBSERVED,DIRECT_OBSERVED
631,mca21_pharma_density_per_100k,0.364,OBSERVED,DIRECT_OBSERVED
631,sanitation_pct,89.6,OBSERVED,DIRECT_OBSERVED
631,nfhs_diabetes_combined_pct,18.9,OBSERVED,DIRECT_OBSERVED
631,oope_delivery_rs,4877.0,OBSERVED,DIRECT_OBSERVED
631,hypertension_combined_pct_men,29.9,OBSERVED,DIRECT_OBSERVED
631,mca21_raw_company_count,8.0,OBSERVED,DIRECT_OBSERVED
631,diabetes_combined_pct_women,18.2,OBSERVED,DIRECT_OBSERVED
631,diabetes_combined_pct_men,19.6,OBSERVED,DIRECT_OBSERVED
631,jan_aushadhi_raw_count,39.0,OBSERVED,DIRECT_OBSERVED
631,census_decadal_growth_pct,12.4,OBSERVED,DIRECT_OBSERVED
631,nfhs_stunting_pct,15.6,OBSERVED,DIRECT_OBSERVED
631,census_urban_population_pct,42.6,OBSERVED,DIRECT_OBSERVED
547,rhs_phc_density_per_100k,4.136,OBSERVED,DIRECT_OBSERVED
547,census_total_population,2200000.0,OBSERVED,DIRECT_OBSERVED
547,rhs_hospital_presence,7.0,OBSERVED,DIRECT_OBSERVED
547,hypertension_combined_pct_women,90.0,OBSERVED,DIRECT_OBSERVED
547,insurance_pct,26.5,OBSERVED,DIRECT_OBSERVED
547,clean_fuel_pct,3.0,OBSERVED,DIRECT_OBSERVED
547,census_population_age_0_6_pct,10.2,OBSERVED,DIRECT_OBSERVED
547,rhs_subcentre_density_per_100k,13.864,OBSERVED,DIRECT_OBSERVED
547,underweight_pct,34.4,OBSERVED,DIRECT_OBSERVED
547,nfhs_underweight_pct,34.4,OBSERVED,DIRECT_OBSERVED
547,nfhs_insurance_pct,26.5,OBSERVED,DIRECT_OBSERVED
547,nfhs_sanitation_pct,85.4,OBSERVED,DIRECT_OBSERVED
547,jan_aushadhi_density_per_100k,1.773,OBSERVED,DIRECT_OBSERVED
547,census_literacy_rate_pct,76.0,OBSERVED,DIRECT_OBSERVED
547,nfhs_clean_fuel_pct,3.0,OBSERVED,DIRECT_OBSERVED
547,wasting_pct,23.2,OBSERVED,DIRECT_OBSERVED
547,rhs_chc_density_per_100k,0.227,OBSERVED,DIRECT_OBSERVED
547,nfhs_oope_delivery_rs,5284.0,OBSERVED,DIRECT_OBSERVED
547,niti_aspirational_district_flag,0.0,OBSERVED,DIRECT_OBSERVED
547,nfhs_hypertension_combined_pct,59.35,OBSERVED,DIRECT_OBSERVED
547,stunting_pct,29.0,OBSERVED,DIRECT_OBSERVED
547,nfhs_wasting_pct,23.2,OBSERVED,DIRECT_OBSERVED
547,mca21_pharma_density_per_100k,0.364,OBSERVED,DIRECT_OBSERVED
547,sanitation_pct,85.4,OBSERVED,DIRECT_OBSERVED
547,nfhs_diabetes_combined_pct,16.0,OBSERVED,DIRECT_OBSERVED
547,oope_delivery_rs,5284.0,OBSERVED,DIRECT_OBSERVED
547,hypertension_combined_pct_men,28.7,OBSERVED,DIRECT_OBSERVED
547,mca21_raw_company_count,8.0,OBSERVED,DIRECT_OBSERVED
547,diabetes_combined_pct_women,15.3,OBSERVED,DIRECT_OBSERVED
547,diabetes_combined_pct_men,16.7,OBSERVED,DIRECT_OBSERVED
547,jan_aushadhi_raw_count,39.0,OBSERVED,DIRECT_OBSERVED
547,census_decadal_growth_pct,12.4,OBSERVED,DIRECT_OBSERVED
547,nfhs_stunting_pct,29.0,OBSERVED,DIRECT_OBSERVED
547,census_urban_population_pct,42.6,OBSERVED,DIRECT_OBSERVED
548,rhs_phc_density_per_100k,6.5,OBSERVED,DIRECT_OBSERVED
548,census_total_population,2200000.0,OBSERVED,DIRECT_OBSERVED
548,rhs_hospital_presence,10.0,OBSERVED,DIRECT_OBSERVED
548,hypertension_combined_pct_women,90.0,OBSERVED,DIRECT_OBSERVED
548,insurance_pct,31.0,OBSERVED,DIRECT_OBSERVED
548,clean_fuel_pct,3.0,OBSERVED,DIRECT_OBSERVED
548,census_population_age_0_6_pct,10.2,OBSERVED,DIRECT_OBSERVED
548,rhs_subcentre_density_per_100k,22.136,OBSERVED,DIRECT_OBSERVED
548,underweight_pct,26.7,OBSERVED,DIRECT_OBSERVED
548,nfhs_underweight_pct,26.7,OBSERVED,DIRECT_OBSERVED
548,nfhs_insurance_pct,31.0,OBSERVED,DIRECT_OBSERVED
548,nfhs_sanitation_pct,86.1,OBSERVED,DIRECT_OBSERVED
548,jan_aushadhi_density_per_100k,1.773,OBSERVED,DIRECT_OBSERVED
548,census_literacy_rate_pct,76.0,OBSERVED,DIRECT_OBSERVED
548,nfhs_clean_fuel_pct,3.0,OBSERVED,DIRECT_OBSERVED
548,wasting_pct,10.9,OBSERVED,DIRECT_OBSERVED
548,rhs_chc_density_per_100k,0.182,OBSERVED,DIRECT_OBSERVED
548,nfhs_oope_delivery_rs,4533.0,OBSERVED,DIRECT_OBSERVED
548,niti_aspirational_district_flag,0.0,OBSERVED,DIRECT_OBSERVED
548,nfhs_hypertension_combined_pct,62.0,OBSERVED,DIRECT_OBSERVED
548,stunting_pct,40.3,OBSERVED,DIRECT_OBSERVED
548,nfhs_wasting_pct,10.9,OBSERVED,DIRECT_OBSERVED
548,mca21_pharma_density_per_100k,0.364,OBSERVED,DIRECT_OBSERVED
548,sanitation_pct,86.1,OBSERVED,DIRECT_OBSERVED
548,nfhs_diabetes_combined_pct,17.65,OBSERVED,DIRECT_OBSERVED
548,oope_delivery_rs,4533.0,OBSERVED,DIRECT_OBSERVED
548,hypertension_combined_pct_men,34.0,OBSERVED,DIRECT_OBSERVED
548,mca21_raw_company_count,8.0,OBSERVED,DIRECT_OBSERVED
548,diabetes_combined_pct_women,15.4,OBSERVED,DIRECT_OBSERVED
548,diabetes_combined_pct_men,19.9,OBSERVED,DIRECT_OBSERVED
548,jan_aushadhi_raw_count,39.0,OBSERVED,DIRECT_OBSERVED
548,census_decadal_growth_pct,12.4,OBSERVED,DIRECT_OBSERVED
548,nfhs_stunting_pct,40.3,OBSERVED,DIRECT_OBSERVED
548,census_urban_population_pct,42.6,OBSERVED,DIRECT_OBSERVED
549,rhs_phc_density_per_100k,3.318,OBSERVED,DIRECT_OBSERVED
549,census_total_population,2200000.0,OBSERVED,DIRECT_OBSERVED
549,rhs_hospital_presence,3.0,OBSERVED,DIRECT_OBSERVED
549,hypertension_combined_pct_women,90.0,OBSERVED,DIRECT_OBSERVED
549,insurance_pct,50.9,OBSERVED,DIRECT_OBSERVED
549,clean_fuel_pct,3.0,OBSERVED,DIRECT_OBSERVED
549,census_population_age_0_6_pct,10.2,OBSERVED,DIRECT_OBSERVED
549,rhs_subcentre_density_per_100k,13.682,OBSERVED,DIRECT_OBSERVED
549,underweight_pct,21.0,OBSERVED,DIRECT_OBSERVED
549,nfhs_underweight_pct,21.0,OBSERVED,DIRECT_OBSERVED
549,nfhs_insurance_pct,50.9,OBSERVED,DIRECT_OBSERVED
549,nfhs_sanitation_pct,94.5,OBSERVED,DIRECT_OBSERVED
549,jan_aushadhi_density_per_100k,1.773,OBSERVED,DIRECT_OBSERVED
549,census_literacy_rate_pct,76.0,OBSERVED,DIRECT_OBSERVED
549,nfhs_clean_fuel_pct,3.0,OBSERVED,DIRECT_OBSERVED
549,wasting_pct,17.6,OBSERVED,DIRECT_OBSERVED
549,rhs_chc_density_per_100k,0.318,OBSERVED,DIRECT_OBSERVED
549,nfhs_oope_delivery_rs,2886.0,OBSERVED,DIRECT_OBSERVED
549,niti_aspirational_district_flag,0.0,OBSERVED,DIRECT_OBSERVED
549,nfhs_hypertension_combined_pct,61.25,OBSERVED,DIRECT_OBSERVED
549,stunting_pct,23.1,OBSERVED,DIRECT_OBSERVED
549,nfhs_wasting_pct,17.6,OBSERVED,DIRECT_OBSERVED
549,mca21_pharma_density_per_100k,0.364,OBSERVED,DIRECT_OBSERVED
549,sanitation_pct,94.5,OBSERVED,DIRECT_OBSERVED
549,nfhs_diabetes_combined_pct,17.2,OBSERVED,DIRECT_OBSERVED
549,oope_delivery_rs,2886.0,OBSERVED,DIRECT_OBSERVED
549,hypertension_combined_pct_men,32.5,OBSERVED,DIRECT_OBSERVED
549,mca21_raw_company_count,8.0,OBSERVED,DIRECT_OBSERVED
549,diabetes_combined_pct_women,16.7,OBSERVED,DIRECT_OBSERVED
549,diabetes_combined_pct_men,17.7,OBSERVED,DIRECT_OBSERVED
549,jan_aushadhi_raw_count,39.0,OBSERVED,DIRECT_OBSERVED
549,census_decadal_growth_pct,12.4,OBSERVED,DIRECT_OBSERVED
549,nfhs_stunting_pct,23.1,OBSERVED,DIRECT_OBSERVED
549,census_urban_population_pct,42.6,OBSERVED,DIRECT_OBSERVED
550,rhs_phc_density_per_100k,3.636,OBSERVED,DIRECT_OBSERVED
550,census_total_population,2200000.0,OBSERVED,DIRECT_OBSERVED
550,rhs_hospital_presence,11.0,OBSERVED,DIRECT_OBSERVED
550,hypertension_combined_pct_women,90.0,OBSERVED,DIRECT_OBSERVED
550,insurance_pct,32.0,OBSERVED,DIRECT_OBSERVED
550,clean_fuel_pct,3.0,OBSERVED,DIRECT_OBSERVED
550,census_population_age_0_6_pct,10.2,OBSERVED,DIRECT_OBSERVED
550,rhs_subcentre_density_per_100k,15.591,OBSERVED,DIRECT_OBSERVED
550,underweight_pct,33.3,OBSERVED,DIRECT_OBSERVED
550,nfhs_underweight_pct,33.3,OBSERVED,DIRECT_OBSERVED
550,nfhs_insurance_pct,32.0,OBSERVED,DIRECT_OBSERVED
550,nfhs_sanitation_pct,89.6,OBSERVED,DIRECT_OBSERVED
550,jan_aushadhi_density_per_100k,1.773,OBSERVED,DIRECT_OBSERVED
550,census_literacy_rate_pct,76.0,OBSERVED,DIRECT_OBSERVED
550,nfhs_clean_fuel_pct,3.0,OBSERVED,DIRECT_OBSERVED
550,wasting_pct,21.9,OBSERVED,DIRECT_OBSERVED
550,rhs_chc_density_per_100k,0.136,OBSERVED,DIRECT_OBSERVED
550,nfhs_oope_delivery_rs,5362.0,OBSERVED,DIRECT_OBSERVED
550,niti_aspirational_district_flag,0.0,OBSERVED,DIRECT_OBSERVED
550,nfhs_hypertension_combined_pct,57.55,OBSERVED,DIRECT_OBSERVED
550,stunting_pct,29.6,OBSERVED,DIRECT_OBSERVED
550,nfhs_wasting_pct,21.9,OBSERVED,DIRECT_OBSERVED
550,mca21_pharma_density_per_100k,0.364,OBSERVED,DIRECT_OBSERVED
550,sanitation_pct,89.6,OBSERVED,DIRECT_OBSERVED
550,nfhs_diabetes_combined_pct,13.25,OBSERVED,DIRECT_OBSERVED
550,oope_delivery_rs,5362.0,OBSERVED,DIRECT_OBSERVED
550,hypertension_combined_pct_men,25.1,OBSERVED,DIRECT_OBSERVED
550,mca21_raw_company_count,8.0,OBSERVED,DIRECT_OBSERVED
550,diabetes_combined_pct_women,12.7,OBSERVED,DIRECT_OBSERVED
550,diabetes_combined_pct_men,13.8,OBSERVED,DIRECT_OBSERVED
550,jan_aushadhi_raw_count,39.0,OBSERVED,DIRECT_OBSERVED
550,census_decadal_growth_pct,12.4,OBSERVED,DIRECT_OBSERVED
550,nfhs_stunting_pct,29.6,OBSERVED,DIRECT_OBSERVED
550,census_urban_population_pct,42.6,OBSERVED,DIRECT_OBSERVED
738,rhs_phc_density_per_100k,3.409,INHERITED_FROM_528,INHERITED
738,census_total_population,2200000.0,OBSERVED,DIRECT_OBSERVED
738,rhs_hospital_presence,7.0,INHERITED_FROM_528,INHERITED
738,hypertension_combined_pct_women,90.0,IMPUTED_STATE_MEAN,STATISTICALLY_IMPUTED
738,insurance_pct,29.1667,IMPUTED_STATE_MEAN,STATISTICALLY_IMPUTED
738,clean_fuel_pct,3.0,IMPUTED_STATE_MEAN,STATISTICALLY_IMPUTED
738,census_population_age_0_6_pct,10.2,OBSERVED,DIRECT_OBSERVED
738,rhs_subcentre_density_per_100k,12.364,INHERITED_FROM_528,INHERITED
738,underweight_pct,31.2967,IMPUTED_STATE_MEAN,STATISTICALLY_IMPUTED
738,nfhs_underweight_pct,36.5,INHERITED_FROM_528,INHERITED
738,nfhs_insurance_pct,25.7,INHERITED_FROM_528,INHERITED
738,nfhs_sanitation_pct,64.1,INHERITED_FROM_528,INHERITED
738,jan_aushadhi_density_per_100k,1.773,OBSERVED,DIRECT_OBSERVED
738,census_literacy_rate_pct,76.0,OBSERVED,DIRECT_OBSERVED
738,nfhs_clean_fuel_pct,3.0,INHERITED_FROM_528,INHERITED
738,wasting_pct,19.23,IMPUTED_STATE_MEAN,STATISTICALLY_IMPUTED
738,rhs_chc_density_per_100k,0.364,INHERITED_FROM_528,INHERITED
738,nfhs_oope_delivery_rs,12348.0,INHERITED_FROM_528,INHERITED
738,niti_aspirational_district_flag,0.0,OBSERVED,DIRECT_OBSERVED
738,nfhs_hypertension_combined_pct,55.45,INHERITED_FROM_528,INHERITED
738,stunting_pct,34.58,IMPUTED_STATE_MEAN,STATISTICALLY_IMPUTED
738,nfhs_wasting_pct,22.9,INHERITED_FROM_528,INHERITED
738,mca21_pharma_density_per_100k,0.364,OBSERVED,DIRECT_OBSERVED
738,sanitation_pct,74.5967,IMPUTED_STATE_MEAN,STATISTICALLY_IMPUTED
738,nfhs_diabetes_combined_pct,10.4,INHERITED_FROM_528,INHERITED
738,oope_delivery_rs,4854.3333,IMPUTED_STATE_MEAN,STATISTICALLY_IMPUTED
738,hypertension_combined_pct_men,26.88,IMPUTED_STATE_MEAN,STATISTICALLY_IMPUTED
738,mca21_raw_company_count,8.0,OBSERVED,DIRECT_OBSERVED
738,diabetes_combined_pct_women,13.5433,IMPUTED_STATE_MEAN,STATISTICALLY_IMPUTED
738,diabetes_combined_pct_men,15.45,IMPUTED_STATE_MEAN,STATISTICALLY_IMPUTED
738,jan_aushadhi_raw_count,39.0,OBSERVED,DIRECT_OBSERVED
738,census_decadal_growth_pct,12.4,OBSERVED,DIRECT_OBSERVED
738,nfhs_stunting_pct,36.1,INHERITED_FROM_528,INHERITED
738,census_urban_population_pct,42.6,OBSERVED,DIRECT_OBSERVED
530,rhs_phc_density_per_100k,3.091,OBSERVED,DIRECT_OBSERVED
530,census_total_population,2200000.0,OBSERVED,DIRECT_OBSERVED
530,rhs_hospital_presence,5.0,OBSERVED,DIRECT_OBSERVED
530,hypertension_combined_pct_women,90.0,OBSERVED,DIRECT_OBSERVED
530,insurance_pct,21.2,OBSERVED,DIRECT_OBSERVED
530,clean_fuel_pct,3.0,OBSERVED,DIRECT_OBSERVED
530,census_population_age_0_6_pct,10.2,OBSERVED,DIRECT_OBSERVED
530,rhs_subcentre_density_per_100k,14.045,OBSERVED,DIRECT_OBSERVED
530,underweight_pct,39.0,OBSERVED,DIRECT_OBSERVED
530,nfhs_underweight_pct,39.0,OBSERVED,DIRECT_OBSERVED
530,nfhs_insurance_pct,21.2,OBSERVED,DIRECT_OBSERVED
530,nfhs_sanitation_pct,44.8,OBSERVED,DIRECT_OBSERVED
530,jan_aushadhi_density_per_100k,1.773,OBSERVED,DIRECT_OBSERVED
530,census_literacy_rate_pct,76.0,OBSERVED,DIRECT_OBSERVED
530,nfhs_clean_fuel_pct,3.0,OBSERVED,DIRECT_OBSERVED
530,wasting_pct,15.0,OBSERVED,DIRECT_OBSERVED
530,rhs_chc_density_per_100k,0.364,OBSERVED,DIRECT_OBSERVED
530,nfhs_oope_delivery_rs,3198.0,OBSERVED,DIRECT_OBSERVED
530,niti_aspirational_district_flag,0.0,OBSERVED,DIRECT_OBSERVED
530,nfhs_hypertension_combined_pct,55.5,OBSERVED,DIRECT_OBSERVED
530,stunting_pct,45.9,OBSERVED,DIRECT_OBSERVED
530,nfhs_wasting_pct,15.0,OBSERVED,DIRECT_OBSERVED
530,mca21_pharma_density_per_100k,0.364,OBSERVED,DIRECT_OBSERVED
530,sanitation_pct,44.8,OBSERVED,DIRECT_OBSERVED
530,nfhs_diabetes_combined_pct,12.95,OBSERVED,DIRECT_OBSERVED
530,oope_delivery_rs,3198.0,OBSERVED,DIRECT_OBSERVED
530,hypertension_combined_pct_men,21.0,OBSERVED,DIRECT_OBSERVED
530,mca21_raw_company_count,8.0,OBSERVED,DIRECT_OBSERVED
530,diabetes_combined_pct_women,11.6,OBSERVED,DIRECT_OBSERVED
530,diabetes_combined_pct_men,14.3,OBSERVED,DIRECT_OBSERVED
530,jan_aushadhi_raw_count,39.0,OBSERVED,DIRECT_OBSERVED
530,census_decadal_growth_pct,12.4,OBSERVED,DIRECT_OBSERVED
530,nfhs_stunting_pct,45.9,OBSERVED,DIRECT_OBSERVED
530,census_urban_population_pct,42.6,OBSERVED,DIRECT_OBSERVED
635,rhs_phc_density_per_100k,2.091,OBSERVED,DIRECT_OBSERVED
635,census_total_population,2200000.0,OBSERVED,DIRECT_OBSERVED
635,rhs_hospital_presence,3.0,OBSERVED,DIRECT_OBSERVED
635,hypertension_combined_pct_women,90.0,OBSERVED,DIRECT_OBSERVED
635,insurance_pct,16.7,OBSERVED,DIRECT_OBSERVED
635,clean_fuel_pct,3.0,OBSERVED,DIRECT_OBSERVED
635,census_population_age_0_6_pct,10.2,OBSERVED,DIRECT_OBSERVED
635,rhs_subcentre_density_per_100k,8.0,OBSERVED,DIRECT_OBSERVED
635,underweight_pct,45.2,OBSERVED,DIRECT_OBSERVED
635,nfhs_underweight_pct,45.2,OBSERVED,DIRECT_OBSERVED
635,nfhs_insurance_pct,16.7,OBSERVED,DIRECT_OBSERVED
635,nfhs_sanitation_pct,37.4,OBSERVED,DIRECT_OBSERVED
635,jan_aushadhi_density_per_100k,1.773,OBSERVED,DIRECT_OBSERVED
635,census_literacy_rate_pct,76.0,OBSERVED,DIRECT_OBSERVED
635,nfhs_clean_fuel_pct,3.0,OBSERVED,DIRECT_OBSERVED
635,wasting_pct,17.7,OBSERVED,DIRECT_OBSERVED
635,rhs_chc_density_per_100k,0.227,OBSERVED,DIRECT_OBSERVED
635,nfhs_oope_delivery_rs,4386.0,OBSERVED,DIRECT_OBSERVED
635,niti_aspirational_district_flag,1.0,OBSERVED,DIRECT_OBSERVED
635,nfhs_hypertension_combined_pct,54.0,OBSERVED,DIRECT_OBSERVED
635,stunting_pct,57.6,OBSERVED,DIRECT_OBSERVED
635,nfhs_wasting_pct,17.7,OBSERVED,DIRECT_OBSERVED
635,mca21_pharma_density_per_100k,0.364,OBSERVED,DIRECT_OBSERVED
635,sanitation_pct,37.4,OBSERVED,DIRECT_OBSERVED
635,nfhs_diabetes_combined_pct,10.4,OBSERVED,DIRECT_OBSERVED
635,oope_delivery_rs,4386.0,OBSERVED,DIRECT_OBSERVED
635,hypertension_combined_pct_men,18.0,OBSERVED,DIRECT_OBSERVED
635,mca21_raw_company_count,8.0,OBSERVED,DIRECT_OBSERVED
635,diabetes_combined_pct_women,7.7,OBSERVED,DIRECT_OBSERVED
635,diabetes_combined_pct_men,13.1,OBSERVED,DIRECT_OBSERVED
635,jan_aushadhi_raw_count,39.0,OBSERVED,DIRECT_OBSERVED
635,census_decadal_growth_pct,12.4,OBSERVED,DIRECT_OBSERVED
635,nfhs_stunting_pct,57.6,OBSERVED,DIRECT_OBSERVED
635,census_urban_population_pct,42.6,OBSERVED,DIRECT_OBSERVED
554,rhs_phc_density_per_100k,2.545,OBSERVED,DIRECT_OBSERVED
554,census_total_population,2200000.0,OBSERVED,DIRECT_OBSERVED
554,rhs_hospital_presence,4.0,OBSERVED,DIRECT_OBSERVED
554,hypertension_combined_pct_women,90.0,OBSERVED,DIRECT_OBSERVED
554,insurance_pct,60.4,OBSERVED,DIRECT_OBSERVED
554,clean_fuel_pct,3.0,OBSERVED,DIRECT_OBSERVED
554,census_population_age_0_6_pct,10.2,OBSERVED,DIRECT_OBSERVED
554,rhs_subcentre_density_per_100k,14.727,OBSERVED,DIRECT_OBSERVED
554,underweight_pct,20.4,OBSERVED,DIRECT_OBSERVED
554,nfhs_underweight_pct,20.4,OBSERVED,DIRECT_OBSERVED
554,nfhs_insurance_pct,60.4,OBSERVED,DIRECT_OBSERVED
554,nfhs_sanitation_pct,99.2,OBSERVED,DIRECT_OBSERVED
554,jan_aushadhi_density_per_100k,1.773,OBSERVED,DIRECT_OBSERVED
554,census_literacy_rate_pct,94.0,OBSERVED,DIRECT_OBSERVED
554,nfhs_clean_fuel_pct,3.0,OBSERVED,DIRECT_OBSERVED
554,wasting_pct,14.4,OBSERVED,DIRECT_OBSERVED
554,rhs_chc_density_per_100k,0.727,OBSERVED,DIRECT_OBSERVED
554,nfhs_oope_delivery_rs,9472.0,OBSERVED,DIRECT_OBSERVED
554,niti_aspirational_district_flag,0.0,OBSERVED,DIRECT_OBSERVED
554,nfhs_hypertension_combined_pct,90.0,OBSERVED,DIRECT_OBSERVED
554,stunting_pct,20.1,OBSERVED,DIRECT_OBSERVED
554,nfhs_wasting_pct,14.4,OBSERVED,DIRECT_OBSERVED
554,mca21_pharma_density_per_100k,0.364,OBSERVED,DIRECT_OBSERVED
554,sanitation_pct,99.2,OBSERVED,DIRECT_OBSERVED
554,nfhs_diabetes_combined_pct,25.3,OBSERVED,DIRECT_OBSERVED
554,oope_delivery_rs,9472.0,OBSERVED,DIRECT_OBSERVED
554,hypertension_combined_pct_men,90.0,OBSERVED,DIRECT_OBSERVED
554,mca21_raw_company_count,8.0,OBSERVED,DIRECT_OBSERVED
554,diabetes_combined_pct_women,25.2,OBSERVED,DIRECT_OBSERVED
554,diabetes_combined_pct_men,25.4,OBSERVED,DIRECT_OBSERVED
554,jan_aushadhi_raw_count,39.0,OBSERVED,DIRECT_OBSERVED
554,census_decadal_growth_pct,12.4,OBSERVED,DIRECT_OBSERVED
554,nfhs_stunting_pct,20.1,OBSERVED,DIRECT_OBSERVED
554,census_urban_population_pct,42.6,OBSERVED,DIRECT_OBSERVED
555,rhs_phc_density_per_100k,2.134,OBSERVED,DIRECT_OBSERVED
555,census_total_population,3280000.0,OBSERVED,DIRECT_OBSERVED
555,rhs_hospital_presence,2.0,OBSERVED,DIRECT_OBSERVED
555,hypertension_combined_pct_women,90.0,OBSERVED,DIRECT_OBSERVED
555,insurance_pct,46.2,OBSERVED,DIRECT_OBSERVED
555,clean_fuel_pct,3.0,OBSERVED,DIRECT_OBSERVED
555,census_population_age_0_6_pct,10.2,OBSERVED,DIRECT_OBSERVED
555,rhs_subcentre_density_per_100k,10.976,OBSERVED,DIRECT_OBSERVED
555,underweight_pct,19.4,OBSERVED,DIRECT_OBSERVED
555,nfhs_underweight_pct,19.4,OBSERVED,DIRECT_OBSERVED
555,nfhs_insurance_pct,46.2,OBSERVED,DIRECT_OBSERVED
555,nfhs_sanitation_pct,99.3,OBSERVED,DIRECT_OBSERVED
555,jan_aushadhi_density_per_100k,2.561,OBSERVED,DIRECT_OBSERVED
555,census_literacy_rate_pct,94.0,OBSERVED,DIRECT_OBSERVED
555,nfhs_clean_fuel_pct,3.0,OBSERVED,DIRECT_OBSERVED
555,wasting_pct,17.1,OBSERVED,DIRECT_OBSERVED
555,rhs_chc_density_per_100k,0.701,OBSERVED,DIRECT_OBSERVED
555,nfhs_oope_delivery_rs,4940.0,OBSERVED,DIRECT_OBSERVED
555,niti_aspirational_district_flag,0.0,OBSERVED,DIRECT_OBSERVED
555,nfhs_hypertension_combined_pct,90.0,OBSERVED,DIRECT_OBSERVED
555,stunting_pct,22.0,OBSERVED,DIRECT_OBSERVED
555,nfhs_wasting_pct,17.1,OBSERVED,DIRECT_OBSERVED
555,mca21_pharma_density_per_100k,1.982,OBSERVED,DIRECT_OBSERVED
555,sanitation_pct,99.3,OBSERVED,DIRECT_OBSERVED
555,nfhs_diabetes_combined_pct,25.65,OBSERVED,DIRECT_OBSERVED
555,oope_delivery_rs,4940.0,OBSERVED,DIRECT_OBSERVED
555,hypertension_combined_pct_men,90.0,OBSERVED,DIRECT_OBSERVED
555,mca21_raw_company_count,65.0,OBSERVED,DIRECT_OBSERVED
555,diabetes_combined_pct_women,25.8,OBSERVED,DIRECT_OBSERVED
555,diabetes_combined_pct_men,25.5,OBSERVED,DIRECT_OBSERVED
555,jan_aushadhi_raw_count,84.0,OBSERVED,DIRECT_OBSERVED
555,census_decadal_growth_pct,12.4,OBSERVED,DIRECT_OBSERVED
555,nfhs_stunting_pct,22.0,OBSERVED,DIRECT_OBSERVED
555,census_urban_population_pct,51.24,OBSERVED,DIRECT_OBSERVED
556,rhs_phc_density_per_100k,1.818,OBSERVED,DIRECT_OBSERVED
556,census_total_population,2200000.0,OBSERVED,DIRECT_OBSERVED
556,rhs_hospital_presence,3.0,OBSERVED,DIRECT_OBSERVED
556,hypertension_combined_pct_women,90.0,OBSERVED,DIRECT_OBSERVED
556,insurance_pct,58.1,OBSERVED,DIRECT_OBSERVED
556,clean_fuel_pct,3.0,OBSERVED,DIRECT_OBSERVED
556,census_population_age_0_6_pct,10.2,OBSERVED,DIRECT_OBSERVED
556,rhs_subcentre_density_per_100k,12.545,OBSERVED,DIRECT_OBSERVED
556,underweight_pct,23.6,OBSERVED,DIRECT_OBSERVED
556,nfhs_underweight_pct,23.6,OBSERVED,DIRECT_OBSERVED
556,nfhs_insurance_pct,58.1,OBSERVED,DIRECT_OBSERVED
556,nfhs_sanitation_pct,97.5,OBSERVED,DIRECT_OBSERVED
556,jan_aushadhi_density_per_100k,1.773,OBSERVED,DIRECT_OBSERVED
556,census_literacy_rate_pct,94.0,OBSERVED,DIRECT_OBSERVED
556,nfhs_clean_fuel_pct,3.0,OBSERVED,DIRECT_OBSERVED
556,wasting_pct,14.5,OBSERVED,DIRECT_OBSERVED
556,rhs_chc_density_per_100k,0.636,OBSERVED,DIRECT_OBSERVED
556,nfhs_oope_delivery_rs,4942.0,OBSERVED,DIRECT_OBSERVED
556,niti_aspirational_district_flag,0.0,OBSERVED,DIRECT_OBSERVED
556,nfhs_hypertension_combined_pct,90.0,OBSERVED,DIRECT_OBSERVED
556,stunting_pct,24.3,OBSERVED,DIRECT_OBSERVED
556,nfhs_wasting_pct,14.5,OBSERVED,DIRECT_OBSERVED
556,mca21_pharma_density_per_100k,0.364,OBSERVED,DIRECT_OBSERVED
556,sanitation_pct,97.5,OBSERVED,DIRECT_OBSERVED
556,nfhs_diabetes_combined_pct,23.35,OBSERVED,DIRECT_OBSERVED
556,oope_delivery_rs,4942.0,OBSERVED,DIRECT_OBSERVED
556,hypertension_combined_pct_men,90.0,OBSERVED,DIRECT_OBSERVED
556,mca21_raw_company_count,8.0,OBSERVED,DIRECT_OBSERVED
556,diabetes_combined_pct_women,22.8,OBSERVED,DIRECT_OBSERVED
556,diabetes_combined_pct_men,23.9,OBSERVED,DIRECT_OBSERVED
556,jan_aushadhi_raw_count,39.0,OBSERVED,DIRECT_OBSERVED
556,census_decadal_growth_pct,12.4,OBSERVED,DIRECT_OBSERVED
556,nfhs_stunting_pct,24.3,OBSERVED,DIRECT_OBSERVED
556,census_urban_population_pct,42.6,OBSERVED,DIRECT_OBSERVED
557,rhs_phc_density_per_100k,3.682,OBSERVED,DIRECT_OBSERVED
557,census_total_population,2200000.0,OBSERVED,DIRECT_OBSERVED
557,rhs_hospital_presence,4.0,OBSERVED,DIRECT_OBSERVED
557,hypertension_combined_pct_women,90.0,OBSERVED,DIRECT_OBSERVED
557,insurance_pct,47.9,OBSERVED,DIRECT_OBSERVED
557,clean_fuel_pct,3.0,OBSERVED,DIRECT_OBSERVED
557,census_population_age_0_6_pct,10.2,OBSERVED,DIRECT_OBSERVED
557,rhs_subcentre_density_per_100k,16.455,OBSERVED,DIRECT_OBSERVED
557,underweight_pct,17.9,OBSERVED,DIRECT_OBSERVED
557,nfhs_underweight_pct,17.9,OBSERVED,DIRECT_OBSERVED
557,nfhs_insurance_pct,47.9,OBSERVED,DIRECT_OBSERVED
557,nfhs_sanitation_pct,99.5,OBSERVED,DIRECT_OBSERVED
557,jan_aushadhi_density_per_100k,1.773,OBSERVED,DIRECT_OBSERVED
557,census_literacy_rate_pct,94.0,OBSERVED,DIRECT_OBSERVED
557,nfhs_clean_fuel_pct,3.0,OBSERVED,DIRECT_OBSERVED
557,wasting_pct,14.0,OBSERVED,DIRECT_OBSERVED
557,rhs_chc_density_per_100k,0.455,OBSERVED,DIRECT_OBSERVED
557,nfhs_oope_delivery_rs,6125.0,OBSERVED,DIRECT_OBSERVED
557,niti_aspirational_district_flag,0.0,OBSERVED,DIRECT_OBSERVED
557,nfhs_hypertension_combined_pct,90.0,OBSERVED,DIRECT_OBSERVED
557,stunting_pct,19.4,OBSERVED,DIRECT_OBSERVED
557,nfhs_wasting_pct,14.0,OBSERVED,DIRECT_OBSERVED
557,mca21_pharma_density_per_100k,0.364,OBSERVED,DIRECT_OBSERVED
557,sanitation_pct,99.5,OBSERVED,DIRECT_OBSERVED
557,nfhs_diabetes_combined_pct,24.4,OBSERVED,DIRECT_OBSERVED
557,oope_delivery_rs,6125.0,OBSERVED,DIRECT_OBSERVED
557,hypertension_combined_pct_men,90.0,OBSERVED,DIRECT_OBSERVED
557,mca21_raw_company_count,8.0,OBSERVED,DIRECT_OBSERVED
557,diabetes_combined_pct_women,23.8,OBSERVED,DIRECT_OBSERVED
557,diabetes_combined_pct_men,25.0,OBSERVED,DIRECT_OBSERVED
557,jan_aushadhi_raw_count,39.0,OBSERVED,DIRECT_OBSERVED
557,census_decadal_growth_pct,12.4,OBSERVED,DIRECT_OBSERVED
557,nfhs_stunting_pct,19.4,OBSERVED,DIRECT_OBSERVED
557,census_urban_population_pct,42.6,OBSERVED,DIRECT_OBSERVED
558,rhs_phc_density_per_100k,1.818,OBSERVED,DIRECT_OBSERVED
558,census_total_population,2200000.0,OBSERVED,DIRECT_OBSERVED
558,rhs_hospital_presence,2.0,OBSERVED,DIRECT_OBSERVED
558,hypertension_combined_pct_women,90.0,OBSERVED,DIRECT_OBSERVED
558,insurance_pct,44.0,OBSERVED,DIRECT_OBSERVED
558,clean_fuel_pct,3.0,OBSERVED,DIRECT_OBSERVED
558,census_population_age_0_6_pct,10.2,OBSERVED,DIRECT_OBSERVED
558,rhs_subcentre_density_per_100k,10.0,OBSERVED,DIRECT_OBSERVED
558,underweight_pct,21.4,OBSERVED,DIRECT_OBSERVED
558,nfhs_underweight_pct,21.4,OBSERVED,DIRECT_OBSERVED
558,nfhs_insurance_pct,44.0,OBSERVED,DIRECT_OBSERVED
558,nfhs_sanitation_pct,98.9,OBSERVED,DIRECT_OBSERVED
558,jan_aushadhi_density_per_100k,1.773,OBSERVED,DIRECT_OBSERVED
558,census_literacy_rate_pct,94.0,OBSERVED,DIRECT_OBSERVED
558,nfhs_clean_fuel_pct,3.0,OBSERVED,DIRECT_OBSERVED
558,wasting_pct,12.6,OBSERVED,DIRECT_OBSERVED
558,rhs_chc_density_per_100k,0.409,OBSERVED,DIRECT_OBSERVED
558,nfhs_oope_delivery_rs,3778.0,OBSERVED,DIRECT_OBSERVED
558,niti_aspirational_district_flag,0.0,OBSERVED,DIRECT_OBSERVED
558,nfhs_hypertension_combined_pct,90.0,OBSERVED,DIRECT_OBSERVED
558,stunting_pct,25.3,OBSERVED,DIRECT_OBSERVED
558,nfhs_wasting_pct,12.6,OBSERVED,DIRECT_OBSERVED
558,mca21_pharma_density_per_100k,0.364,OBSERVED,DIRECT_OBSERVED
558,sanitation_pct,98.9,OBSERVED,DIRECT_OBSERVED
558,nfhs_diabetes_combined_pct,21.35,OBSERVED,DIRECT_OBSERVED
558,oope_delivery_rs,3778.0,OBSERVED,DIRECT_OBSERVED
558,hypertension_combined_pct_men,90.0,OBSERVED,DIRECT_OBSERVED
558,mca21_raw_company_count,8.0,OBSERVED,DIRECT_OBSERVED
558,diabetes_combined_pct_women,20.4,OBSERVED,DIRECT_OBSERVED
558,diabetes_combined_pct_men,22.3,OBSERVED,DIRECT_OBSERVED
558,jan_aushadhi_raw_count,39.0,OBSERVED,DIRECT_OBSERVED
558,census_decadal_growth_pct,12.4,OBSERVED,DIRECT_OBSERVED
558,nfhs_stunting_pct,25.3,OBSERVED,DIRECT_OBSERVED
558,census_urban_population_pct,42.6,OBSERVED,DIRECT_OBSERVED
559,rhs_phc_density_per_100k,2.273,OBSERVED,DIRECT_OBSERVED
559,census_total_population,2200000.0,OBSERVED,DIRECT_OBSERVED
559,rhs_hospital_presence,6.0,OBSERVED,DIRECT_OBSERVED
559,hypertension_combined_pct_women,90.0,OBSERVED,DIRECT_OBSERVED
559,insurance_pct,56.0,OBSERVED,DIRECT_OBSERVED
559,clean_fuel_pct,3.0,OBSERVED,DIRECT_OBSERVED
559,census_population_age_0_6_pct,10.2,OBSERVED,DIRECT_OBSERVED
559,rhs_subcentre_density_per_100k,16.727,OBSERVED,DIRECT_OBSERVED
559,underweight_pct,17.0,OBSERVED,DIRECT_OBSERVED
559,nfhs_underweight_pct,17.0,OBSERVED,DIRECT_OBSERVED
559,nfhs_insurance_pct,56.0,OBSERVED,DIRECT_OBSERVED
559,nfhs_sanitation_pct,97.5,OBSERVED,DIRECT_OBSERVED
559,jan_aushadhi_density_per_100k,1.773,OBSERVED,DIRECT_OBSERVED
559,census_literacy_rate_pct,94.0,OBSERVED,DIRECT_OBSERVED
559,nfhs_clean_fuel_pct,3.0,OBSERVED,DIRECT_OBSERVED
559,wasting_pct,21.4,OBSERVED,DIRECT_OBSERVED
559,rhs_chc_density_per_100k,0.727,OBSERVED,DIRECT_OBSERVED
559,nfhs_oope_delivery_rs,6836.0,OBSERVED,DIRECT_OBSERVED
559,niti_aspirational_district_flag,0.0,OBSERVED,DIRECT_OBSERVED
559,nfhs_hypertension_combined_pct,90.0,OBSERVED,DIRECT_OBSERVED
559,stunting_pct,15.5,OBSERVED,DIRECT_OBSERVED
559,nfhs_wasting_pct,21.4,OBSERVED,DIRECT_OBSERVED
559,mca21_pharma_density_per_100k,0.364,OBSERVED,DIRECT_OBSERVED
559,sanitation_pct,97.5,OBSERVED,DIRECT_OBSERVED
559,nfhs_diabetes_combined_pct,28.2,OBSERVED,DIRECT_OBSERVED
559,oope_delivery_rs,6836.0,OBSERVED,DIRECT_OBSERVED
559,hypertension_combined_pct_men,90.0,OBSERVED,DIRECT_OBSERVED
559,mca21_raw_company_count,8.0,OBSERVED,DIRECT_OBSERVED
559,diabetes_combined_pct_women,26.2,OBSERVED,DIRECT_OBSERVED
559,diabetes_combined_pct_men,30.2,OBSERVED,DIRECT_OBSERVED
559,jan_aushadhi_raw_count,39.0,OBSERVED,DIRECT_OBSERVED
559,census_decadal_growth_pct,12.4,OBSERVED,DIRECT_OBSERVED
559,nfhs_stunting_pct,15.5,OBSERVED,DIRECT_OBSERVED
559,census_urban_population_pct,42.6,OBSERVED,DIRECT_OBSERVED
560,rhs_phc_density_per_100k,2.455,OBSERVED,DIRECT_OBSERVED
560,census_total_population,2200000.0,OBSERVED,DIRECT_OBSERVED
560,rhs_hospital_presence,3.0,OBSERVED,DIRECT_OBSERVED
560,hypertension_combined_pct_women,90.0,OBSERVED,DIRECT_OBSERVED
560,insurance_pct,53.2,OBSERVED,DIRECT_OBSERVED
560,clean_fuel_pct,3.0,OBSERVED,DIRECT_OBSERVED
560,census_population_age_0_6_pct,10.2,OBSERVED,DIRECT_OBSERVED
560,rhs_subcentre_density_per_100k,13.318,OBSERVED,DIRECT_OBSERVED
560,underweight_pct,17.3,OBSERVED,DIRECT_OBSERVED
560,nfhs_underweight_pct,17.3,OBSERVED,DIRECT_OBSERVED
560,nfhs_insurance_pct,53.2,OBSERVED,DIRECT_OBSERVED
560,nfhs_sanitation_pct,98.6,OBSERVED,DIRECT_OBSERVED
560,jan_aushadhi_density_per_100k,1.773,OBSERVED,DIRECT_OBSERVED
560,census_literacy_rate_pct,94.0,OBSERVED,DIRECT_OBSERVED
560,nfhs_clean_fuel_pct,3.0,OBSERVED,DIRECT_OBSERVED
560,wasting_pct,8.4,OBSERVED,DIRECT_OBSERVED
560,rhs_chc_density_per_100k,0.773,OBSERVED,DIRECT_OBSERVED
560,nfhs_oope_delivery_rs,6260.0,OBSERVED,DIRECT_OBSERVED
560,niti_aspirational_district_flag,0.0,OBSERVED,DIRECT_OBSERVED
560,nfhs_hypertension_combined_pct,90.0,OBSERVED,DIRECT_OBSERVED
560,stunting_pct,23.4,OBSERVED,DIRECT_OBSERVED
560,nfhs_wasting_pct,8.4,OBSERVED,DIRECT_OBSERVED
560,mca21_pharma_density_per_100k,0.364,OBSERVED,DIRECT_OBSERVED
560,sanitation_pct,98.6,OBSERVED,DIRECT_OBSERVED
560,nfhs_diabetes_combined_pct,29.05,OBSERVED,DIRECT_OBSERVED
560,oope_delivery_rs,6260.0,OBSERVED,DIRECT_OBSERVED
560,hypertension_combined_pct_men,90.0,OBSERVED,DIRECT_OBSERVED
560,mca21_raw_company_count,8.0,OBSERVED,DIRECT_OBSERVED
560,diabetes_combined_pct_women,28.7,OBSERVED,DIRECT_OBSERVED
560,diabetes_combined_pct_men,29.4,OBSERVED,DIRECT_OBSERVED
560,jan_aushadhi_raw_count,39.0,OBSERVED,DIRECT_OBSERVED
560,census_decadal_growth_pct,12.4,OBSERVED,DIRECT_OBSERVED
560,nfhs_stunting_pct,23.4,OBSERVED,DIRECT_OBSERVED
560,census_urban_population_pct,42.6,OBSERVED,DIRECT_OBSERVED
561,rhs_phc_density_per_100k,2.773,OBSERVED,DIRECT_OBSERVED
561,census_total_population,2200000.0,OBSERVED,DIRECT_OBSERVED
561,rhs_hospital_presence,4.0,OBSERVED,DIRECT_OBSERVED
561,hypertension_combined_pct_women,90.0,OBSERVED,DIRECT_OBSERVED
561,insurance_pct,61.1,OBSERVED,DIRECT_OBSERVED
561,clean_fuel_pct,3.0,OBSERVED,DIRECT_OBSERVED
561,census_population_age_0_6_pct,10.2,OBSERVED,DIRECT_OBSERVED
561,rhs_subcentre_density_per_100k,16.091,OBSERVED,DIRECT_OBSERVED
561,underweight_pct,18.9,OBSERVED,DIRECT_OBSERVED
561,nfhs_underweight_pct,18.9,OBSERVED,DIRECT_OBSERVED
561,nfhs_insurance_pct,61.1,OBSERVED,DIRECT_OBSERVED
561,nfhs_sanitation_pct,99.6,OBSERVED,DIRECT_OBSERVED
561,jan_aushadhi_density_per_100k,1.773,OBSERVED,DIRECT_OBSERVED
561,census_literacy_rate_pct,94.0,OBSERVED,DIRECT_OBSERVED
561,nfhs_clean_fuel_pct,3.0,OBSERVED,DIRECT_OBSERVED
561,wasting_pct,14.1,OBSERVED,DIRECT_OBSERVED
561,rhs_chc_density_per_100k,0.727,OBSERVED,DIRECT_OBSERVED
561,nfhs_oope_delivery_rs,4734.0,OBSERVED,DIRECT_OBSERVED
561,niti_aspirational_district_flag,0.0,OBSERVED,DIRECT_OBSERVED
561,nfhs_hypertension_combined_pct,90.0,OBSERVED,DIRECT_OBSERVED
561,stunting_pct,21.3,OBSERVED,DIRECT_OBSERVED
561,nfhs_wasting_pct,14.1,OBSERVED,DIRECT_OBSERVED
561,mca21_pharma_density_per_100k,0.364,OBSERVED,DIRECT_OBSERVED
561,sanitation_pct,99.6,OBSERVED,DIRECT_OBSERVED
561,nfhs_diabetes_combined_pct,23.2,OBSERVED,DIRECT_OBSERVED
561,oope_delivery_rs,4734.0,OBSERVED,DIRECT_OBSERVED
561,hypertension_combined_pct_men,90.0,OBSERVED,DIRECT_OBSERVED
561,mca21_raw_company_count,8.0,OBSERVED,DIRECT_OBSERVED
561,diabetes_combined_pct_women,22.5,OBSERVED,DIRECT_OBSERVED
561,diabetes_combined_pct_men,23.9,OBSERVED,DIRECT_OBSERVED
561,jan_aushadhi_raw_count,39.0,OBSERVED,DIRECT_OBSERVED
561,census_decadal_growth_pct,12.4,OBSERVED,DIRECT_OBSERVED
561,nfhs_stunting_pct,21.3,OBSERVED,DIRECT_OBSERVED
561,census_urban_population_pct,42.6,OBSERVED,DIRECT_OBSERVED
562,rhs_phc_density_per_100k,2.044,OBSERVED,DIRECT_OBSERVED
562,census_total_population,4110000.0,OBSERVED,DIRECT_OBSERVED
562,rhs_hospital_presence,2.0,OBSERVED,DIRECT_OBSERVED
562,hypertension_combined_pct_women,90.0,OBSERVED,DIRECT_OBSERVED
562,insurance_pct,42.8,OBSERVED,DIRECT_OBSERVED
562,clean_fuel_pct,3.0,OBSERVED,DIRECT_OBSERVED
562,census_population_age_0_6_pct,10.2,OBSERVED,DIRECT_OBSERVED
562,rhs_subcentre_density_per_100k,12.506,OBSERVED,DIRECT_OBSERVED
562,underweight_pct,21.4,OBSERVED,DIRECT_OBSERVED
562,nfhs_underweight_pct,21.4,OBSERVED,DIRECT_OBSERVED
562,nfhs_insurance_pct,42.8,OBSERVED,DIRECT_OBSERVED
562,nfhs_sanitation_pct,99.9,OBSERVED,DIRECT_OBSERVED
562,jan_aushadhi_density_per_100k,1.776,OBSERVED,DIRECT_OBSERVED
562,census_literacy_rate_pct,94.0,OBSERVED,DIRECT_OBSERVED
562,nfhs_clean_fuel_pct,3.0,OBSERVED,DIRECT_OBSERVED
562,wasting_pct,18.2,OBSERVED,DIRECT_OBSERVED
562,rhs_chc_density_per_100k,0.511,OBSERVED,DIRECT_OBSERVED
562,nfhs_oope_delivery_rs,6760.0,OBSERVED,DIRECT_OBSERVED
562,niti_aspirational_district_flag,0.0,OBSERVED,DIRECT_OBSERVED
562,nfhs_hypertension_combined_pct,90.0,OBSERVED,DIRECT_OBSERVED
562,stunting_pct,29.4,OBSERVED,DIRECT_OBSERVED
562,nfhs_wasting_pct,18.2,OBSERVED,DIRECT_OBSERVED
562,mca21_pharma_density_per_100k,0.389,OBSERVED,DIRECT_OBSERVED
562,sanitation_pct,99.9,OBSERVED,DIRECT_OBSERVED
562,nfhs_diabetes_combined_pct,22.7,OBSERVED,DIRECT_OBSERVED
562,oope_delivery_rs,6760.0,OBSERVED,DIRECT_OBSERVED
562,hypertension_combined_pct_men,90.0,OBSERVED,DIRECT_OBSERVED
562,mca21_raw_company_count,16.0,OBSERVED,DIRECT_OBSERVED
562,diabetes_combined_pct_women,21.4,OBSERVED,DIRECT_OBSERVED
562,diabetes_combined_pct_men,24.0,OBSERVED,DIRECT_OBSERVED
562,jan_aushadhi_raw_count,73.0,OBSERVED,DIRECT_OBSERVED
562,census_decadal_growth_pct,12.4,OBSERVED,DIRECT_OBSERVED
562,nfhs_stunting_pct,29.4,OBSERVED,DIRECT_OBSERVED
562,census_urban_population_pct,57.88,OBSERVED,DIRECT_OBSERVED
563,rhs_phc_density_per_100k,3.364,OBSERVED,DIRECT_OBSERVED
563,census_total_population,2200000.0,OBSERVED,DIRECT_OBSERVED
563,rhs_hospital_presence,4.0,OBSERVED,DIRECT_OBSERVED
563,hypertension_combined_pct_women,90.0,OBSERVED,DIRECT_OBSERVED
563,insurance_pct,53.8,OBSERVED,DIRECT_OBSERVED
563,clean_fuel_pct,3.0,OBSERVED,DIRECT_OBSERVED
563,census_population_age_0_6_pct,10.2,OBSERVED,DIRECT_OBSERVED
563,rhs_subcentre_density_per_100k,20.045,OBSERVED,DIRECT_OBSERVED
563,underweight_pct,27.7,OBSERVED,DIRECT_OBSERVED
563,nfhs_underweight_pct,27.7,OBSERVED,DIRECT_OBSERVED
563,nfhs_insurance_pct,53.8,OBSERVED,DIRECT_OBSERVED
563,nfhs_sanitation_pct,99.0,OBSERVED,DIRECT_OBSERVED
563,jan_aushadhi_density_per_100k,1.773,OBSERVED,DIRECT_OBSERVED
563,census_literacy_rate_pct,94.0,OBSERVED,DIRECT_OBSERVED
563,nfhs_clean_fuel_pct,3.0,OBSERVED,DIRECT_OBSERVED
563,wasting_pct,21.7,OBSERVED,DIRECT_OBSERVED
563,rhs_chc_density_per_100k,0.818,OBSERVED,DIRECT_OBSERVED
563,nfhs_oope_delivery_rs,6211.0,OBSERVED,DIRECT_OBSERVED
563,niti_aspirational_district_flag,0.0,OBSERVED,DIRECT_OBSERVED
563,nfhs_hypertension_combined_pct,90.0,OBSERVED,DIRECT_OBSERVED
563,stunting_pct,29.7,OBSERVED,DIRECT_OBSERVED
563,nfhs_wasting_pct,21.7,OBSERVED,DIRECT_OBSERVED
563,mca21_pharma_density_per_100k,0.364,OBSERVED,DIRECT_OBSERVED
563,sanitation_pct,99.0,OBSERVED,DIRECT_OBSERVED
563,nfhs_diabetes_combined_pct,25.45,OBSERVED,DIRECT_OBSERVED
563,oope_delivery_rs,6211.0,OBSERVED,DIRECT_OBSERVED
563,hypertension_combined_pct_men,90.0,OBSERVED,DIRECT_OBSERVED
563,mca21_raw_company_count,8.0,OBSERVED,DIRECT_OBSERVED
563,diabetes_combined_pct_women,24.6,OBSERVED,DIRECT_OBSERVED
563,diabetes_combined_pct_men,26.3,OBSERVED,DIRECT_OBSERVED
563,jan_aushadhi_raw_count,39.0,OBSERVED,DIRECT_OBSERVED
563,census_decadal_growth_pct,12.4,OBSERVED,DIRECT_OBSERVED
563,nfhs_stunting_pct,29.7,OBSERVED,DIRECT_OBSERVED
563,census_urban_population_pct,42.6,OBSERVED,DIRECT_OBSERVED
564,rhs_phc_density_per_100k,1.909,OBSERVED,DIRECT_OBSERVED
564,census_total_population,2200000.0,OBSERVED,DIRECT_OBSERVED
564,rhs_hospital_presence,2.0,OBSERVED,DIRECT_OBSERVED
564,hypertension_combined_pct_women,90.0,OBSERVED,DIRECT_OBSERVED
564,insurance_pct,50.1,OBSERVED,DIRECT_OBSERVED
564,clean_fuel_pct,3.0,OBSERVED,DIRECT_OBSERVED
564,census_population_age_0_6_pct,10.2,OBSERVED,DIRECT_OBSERVED
564,rhs_subcentre_density_per_100k,10.455,OBSERVED,DIRECT_OBSERVED
564,underweight_pct,11.2,OBSERVED,DIRECT_OBSERVED
564,nfhs_underweight_pct,11.2,OBSERVED,DIRECT_OBSERVED
564,nfhs_insurance_pct,50.1,OBSERVED,DIRECT_OBSERVED
564,nfhs_sanitation_pct,98.9,OBSERVED,DIRECT_OBSERVED
564,jan_aushadhi_density_per_100k,1.773,OBSERVED,DIRECT_OBSERVED
564,census_literacy_rate_pct,94.0,OBSERVED,DIRECT_OBSERVED
564,nfhs_clean_fuel_pct,3.0,OBSERVED,DIRECT_OBSERVED
564,wasting_pct,11.4,OBSERVED,DIRECT_OBSERVED
564,rhs_chc_density_per_100k,0.591,OBSERVED,DIRECT_OBSERVED
564,nfhs_oope_delivery_rs,7467.0,OBSERVED,DIRECT_OBSERVED
564,niti_aspirational_district_flag,0.0,OBSERVED,DIRECT_OBSERVED
564,nfhs_hypertension_combined_pct,90.0,OBSERVED,DIRECT_OBSERVED
564,stunting_pct,22.7,OBSERVED,DIRECT_OBSERVED
564,nfhs_wasting_pct,11.4,OBSERVED,DIRECT_OBSERVED
564,mca21_pharma_density_per_100k,0.364,OBSERVED,DIRECT_OBSERVED
564,sanitation_pct,98.9,OBSERVED,DIRECT_OBSERVED
564,nfhs_diabetes_combined_pct,33.4,OBSERVED,DIRECT_OBSERVED
564,oope_delivery_rs,7467.0,OBSERVED,DIRECT_OBSERVED
564,hypertension_combined_pct_men,90.0,OBSERVED,DIRECT_OBSERVED
564,mca21_raw_company_count,8.0,OBSERVED,DIRECT_OBSERVED
564,diabetes_combined_pct_women,32.1,OBSERVED,DIRECT_OBSERVED
564,diabetes_combined_pct_men,34.7,OBSERVED,DIRECT_OBSERVED
564,jan_aushadhi_raw_count,39.0,OBSERVED,DIRECT_OBSERVED
564,census_decadal_growth_pct,12.4,OBSERVED,DIRECT_OBSERVED
564,nfhs_stunting_pct,22.7,OBSERVED,DIRECT_OBSERVED
564,census_urban_population_pct,42.6,OBSERVED,DIRECT_OBSERVED
565,rhs_phc_density_per_100k,1.848,OBSERVED,DIRECT_OBSERVED
565,census_total_population,3300000.0,OBSERVED,DIRECT_OBSERVED
565,rhs_hospital_presence,2.0,OBSERVED,DIRECT_OBSERVED
565,hypertension_combined_pct_women,90.0,OBSERVED,DIRECT_OBSERVED
565,insurance_pct,48.7,OBSERVED,DIRECT_OBSERVED
565,clean_fuel_pct,3.0,OBSERVED,DIRECT_OBSERVED
565,census_population_age_0_6_pct,10.2,OBSERVED,DIRECT_OBSERVED
565,rhs_subcentre_density_per_100k,12.727,OBSERVED,DIRECT_OBSERVED
565,underweight_pct,15.2,OBSERVED,DIRECT_OBSERVED
565,nfhs_underweight_pct,15.2,OBSERVED,DIRECT_OBSERVED
565,nfhs_insurance_pct,48.7,OBSERVED,DIRECT_OBSERVED
565,nfhs_sanitation_pct,95.4,OBSERVED,DIRECT_OBSERVED
565,jan_aushadhi_density_per_100k,2.788,OBSERVED,DIRECT_OBSERVED
565,census_literacy_rate_pct,94.0,OBSERVED,DIRECT_OBSERVED
565,nfhs_clean_fuel_pct,3.0,OBSERVED,DIRECT_OBSERVED
565,wasting_pct,17.4,OBSERVED,DIRECT_OBSERVED
565,rhs_chc_density_per_100k,0.576,OBSERVED,DIRECT_OBSERVED
565,nfhs_oope_delivery_rs,8788.0,OBSERVED,DIRECT_OBSERVED
565,niti_aspirational_district_flag,0.0,OBSERVED,DIRECT_OBSERVED
565,nfhs_hypertension_combined_pct,90.0,OBSERVED,DIRECT_OBSERVED
565,stunting_pct,19.5,OBSERVED,DIRECT_OBSERVED
565,nfhs_wasting_pct,17.4,OBSERVED,DIRECT_OBSERVED
565,mca21_pharma_density_per_100k,0.394,OBSERVED,DIRECT_OBSERVED
565,sanitation_pct,95.4,OBSERVED,DIRECT_OBSERVED
565,nfhs_diabetes_combined_pct,31.15,OBSERVED,DIRECT_OBSERVED
565,oope_delivery_rs,8788.0,OBSERVED,DIRECT_OBSERVED
565,hypertension_combined_pct_men,90.0,OBSERVED,DIRECT_OBSERVED
565,mca21_raw_company_count,13.0,OBSERVED,DIRECT_OBSERVED
565,diabetes_combined_pct_women,26.1,OBSERVED,DIRECT_OBSERVED
565,diabetes_combined_pct_men,36.2,OBSERVED,DIRECT_OBSERVED
565,jan_aushadhi_raw_count,92.0,OBSERVED,DIRECT_OBSERVED
565,census_decadal_growth_pct,12.4,OBSERVED,DIRECT_OBSERVED
565,nfhs_stunting_pct,19.5,OBSERVED,DIRECT_OBSERVED
565,census_urban_population_pct,51.4,OBSERVED,DIRECT_OBSERVED
566,rhs_phc_density_per_100k,3.409,OBSERVED,DIRECT_OBSERVED
566,census_total_population,2200000.0,OBSERVED,DIRECT_OBSERVED
566,rhs_hospital_presence,3.0,OBSERVED,DIRECT_OBSERVED
566,hypertension_combined_pct_women,90.0,OBSERVED,DIRECT_OBSERVED
566,insurance_pct,48.7,OBSERVED,DIRECT_OBSERVED
566,clean_fuel_pct,3.0,OBSERVED,DIRECT_OBSERVED
566,census_population_age_0_6_pct,10.2,OBSERVED,DIRECT_OBSERVED
566,rhs_subcentre_density_per_100k,18.773,OBSERVED,DIRECT_OBSERVED
566,underweight_pct,17.3,OBSERVED,DIRECT_OBSERVED
566,nfhs_underweight_pct,17.3,OBSERVED,DIRECT_OBSERVED
566,nfhs_insurance_pct,48.7,OBSERVED,DIRECT_OBSERVED
566,nfhs_sanitation_pct,99.5,OBSERVED,DIRECT_OBSERVED
566,jan_aushadhi_density_per_100k,1.773,OBSERVED,DIRECT_OBSERVED
566,census_literacy_rate_pct,94.0,OBSERVED,DIRECT_OBSERVED
566,nfhs_clean_fuel_pct,3.0,OBSERVED,DIRECT_OBSERVED
566,wasting_pct,9.6,OBSERVED,DIRECT_OBSERVED
566,rhs_chc_density_per_100k,1.091,OBSERVED,DIRECT_OBSERVED
566,nfhs_oope_delivery_rs,5053.0,OBSERVED,DIRECT_OBSERVED
566,niti_aspirational_district_flag,0.0,OBSERVED,DIRECT_OBSERVED
566,nfhs_hypertension_combined_pct,90.0,OBSERVED,DIRECT_OBSERVED
566,stunting_pct,22.0,OBSERVED,DIRECT_OBSERVED
566,nfhs_wasting_pct,9.6,OBSERVED,DIRECT_OBSERVED
566,mca21_pharma_density_per_100k,0.364,OBSERVED,DIRECT_OBSERVED
566,sanitation_pct,99.5,OBSERVED,DIRECT_OBSERVED
566,nfhs_diabetes_combined_pct,30.0,OBSERVED,DIRECT_OBSERVED
566,oope_delivery_rs,5053.0,OBSERVED,DIRECT_OBSERVED
566,hypertension_combined_pct_men,90.0,OBSERVED,DIRECT_OBSERVED
566,mca21_raw_company_count,8.0,OBSERVED,DIRECT_OBSERVED
566,diabetes_combined_pct_women,28.3,OBSERVED,DIRECT_OBSERVED
566,diabetes_combined_pct_men,31.7,OBSERVED,DIRECT_OBSERVED
566,jan_aushadhi_raw_count,39.0,OBSERVED,DIRECT_OBSERVED
566,census_decadal_growth_pct,12.4,OBSERVED,DIRECT_OBSERVED
566,nfhs_stunting_pct,22.0,OBSERVED,DIRECT_OBSERVED
566,census_urban_population_pct,42.6,OBSERVED,DIRECT_OBSERVED
567,rhs_phc_density_per_100k,0.955,OBSERVED,DIRECT_OBSERVED
567,census_total_population,2200000.0,OBSERVED,DIRECT_OBSERVED
567,rhs_hospital_presence,2.0,OBSERVED,DIRECT_OBSERVED
567,hypertension_combined_pct_women,90.0,OBSERVED,DIRECT_OBSERVED
567,insurance_pct,64.8,OBSERVED,DIRECT_OBSERVED
567,clean_fuel_pct,3.0,OBSERVED,DIRECT_OBSERVED
567,census_population_age_0_6_pct,10.2,OBSERVED,DIRECT_OBSERVED
567,rhs_subcentre_density_per_100k,0.0,OBSERVED,DIRECT_OBSERVED
567,underweight_pct,22.5,OBSERVED,DIRECT_OBSERVED
567,nfhs_underweight_pct,22.5,OBSERVED,DIRECT_OBSERVED
567,nfhs_insurance_pct,64.8,OBSERVED,DIRECT_OBSERVED
567,nfhs_sanitation_pct,97.6,OBSERVED,DIRECT_OBSERVED
567,jan_aushadhi_density_per_100k,1.773,OBSERVED,DIRECT_OBSERVED
567,census_literacy_rate_pct,94.0,OBSERVED,DIRECT_OBSERVED
567,nfhs_clean_fuel_pct,3.0,OBSERVED,DIRECT_OBSERVED
567,wasting_pct,16.1,OBSERVED,DIRECT_OBSERVED
567,rhs_chc_density_per_100k,0.364,OBSERVED,DIRECT_OBSERVED
567,nfhs_oope_delivery_rs,4232.0,OBSERVED,DIRECT_OBSERVED
567,niti_aspirational_district_flag,1.0,OBSERVED,DIRECT_OBSERVED
567,nfhs_hypertension_combined_pct,90.0,OBSERVED,DIRECT_OBSERVED
567,stunting_pct,31.3,OBSERVED,DIRECT_OBSERVED
567,nfhs_wasting_pct,16.1,OBSERVED,DIRECT_OBSERVED
567,mca21_pharma_density_per_100k,0.364,OBSERVED,DIRECT_OBSERVED
567,sanitation_pct,97.6,OBSERVED,DIRECT_OBSERVED
567,nfhs_diabetes_combined_pct,18.1,OBSERVED,DIRECT_OBSERVED
567,oope_delivery_rs,4232.0,OBSERVED,DIRECT_OBSERVED
567,hypertension_combined_pct_men,90.0,OBSERVED,DIRECT_OBSERVED
567,mca21_raw_company_count,8.0,OBSERVED,DIRECT_OBSERVED
567,diabetes_combined_pct_women,18.3,OBSERVED,DIRECT_OBSERVED
567,diabetes_combined_pct_men,17.9,OBSERVED,DIRECT_OBSERVED
567,jan_aushadhi_raw_count,39.0,OBSERVED,DIRECT_OBSERVED
567,census_decadal_growth_pct,12.4,OBSERVED,DIRECT_OBSERVED
567,nfhs_stunting_pct,31.3,OBSERVED,DIRECT_OBSERVED
567,census_urban_population_pct,42.6,OBSERVED,DIRECT_OBSERVED
598,rhs_phc_density_per_100k,4.5,OBSERVED,DIRECT_OBSERVED
598,census_total_population,200000.0,OBSERVED,DIRECT_OBSERVED
598,rhs_hospital_presence,0.0,OBSERVED,DIRECT_OBSERVED
598,hypertension_combined_pct_women,90.0,OBSERVED,DIRECT_OBSERVED
598,insurance_pct,26.9,OBSERVED,DIRECT_OBSERVED
598,clean_fuel_pct,3.0,OBSERVED,DIRECT_OBSERVED
598,census_population_age_0_6_pct,10.2,OBSERVED,DIRECT_OBSERVED
598,rhs_subcentre_density_per_100k,8.5,OBSERVED,DIRECT_OBSERVED
598,underweight_pct,19.7,OBSERVED,DIRECT_OBSERVED
598,nfhs_underweight_pct,19.7,OBSERVED,DIRECT_OBSERVED
598,nfhs_insurance_pct,26.9,OBSERVED,DIRECT_OBSERVED
598,nfhs_sanitation_pct,84.3,OBSERVED,DIRECT_OBSERVED
598,jan_aushadhi_density_per_100k,4.0,OBSERVED,DIRECT_OBSERVED
598,census_literacy_rate_pct,76.0,OBSERVED,DIRECT_OBSERVED
598,nfhs_clean_fuel_pct,3.0,OBSERVED,DIRECT_OBSERVED
598,wasting_pct,15.3,OBSERVED,DIRECT_OBSERVED
598,rhs_chc_density_per_100k,0.5,OBSERVED,DIRECT_OBSERVED
598,nfhs_oope_delivery_rs,2788.0,OBSERVED,DIRECT_OBSERVED
598,niti_aspirational_district_flag,0.0,OBSERVED,DIRECT_OBSERVED
598,nfhs_hypertension_combined_pct,90.0,OBSERVED,DIRECT_OBSERVED
598,stunting_pct,25.5,OBSERVED,DIRECT_OBSERVED
598,nfhs_wasting_pct,15.3,OBSERVED,DIRECT_OBSERVED
598,mca21_pharma_density_per_100k,0.5,OBSERVED,DIRECT_OBSERVED
598,sanitation_pct,84.3,OBSERVED,DIRECT_OBSERVED
598,nfhs_diabetes_combined_pct,22.6,OBSERVED,DIRECT_OBSERVED
598,oope_delivery_rs,2788.0,OBSERVED,DIRECT_OBSERVED
598,hypertension_combined_pct_men,90.0,OBSERVED,DIRECT_OBSERVED
598,mca21_raw_company_count,1.0,OBSERVED,DIRECT_OBSERVED
598,diabetes_combined_pct_women,22.4,OBSERVED,DIRECT_OBSERVED
598,diabetes_combined_pct_men,22.8,OBSERVED,DIRECT_OBSERVED
598,jan_aushadhi_raw_count,8.0,OBSERVED,DIRECT_OBSERVED
598,census_decadal_growth_pct,12.4,OBSERVED,DIRECT_OBSERVED
598,nfhs_stunting_pct,25.5,OBSERVED,DIRECT_OBSERVED
598,census_urban_population_pct,26.6,OBSERVED,DIRECT_OBSERVED
599,rhs_phc_density_per_100k,0.0,OBSERVED,DIRECT_OBSERVED
599,census_total_population,2200000.0,OBSERVED,DIRECT_OBSERVED
599,rhs_hospital_presence,0.0,OBSERVED,DIRECT_OBSERVED
599,hypertension_combined_pct_women,90.0,OBSERVED,DIRECT_OBSERVED
599,insurance_pct,23.6,OBSERVED,DIRECT_OBSERVED
599,clean_fuel_pct,3.0,OBSERVED,DIRECT_OBSERVED
599,census_population_age_0_6_pct,10.2,OBSERVED,DIRECT_OBSERVED
599,rhs_subcentre_density_per_100k,0.0,OBSERVED,DIRECT_OBSERVED
599,underweight_pct,32.6,OBSERVED,DIRECT_OBSERVED
599,nfhs_underweight_pct,32.6,OBSERVED,DIRECT_OBSERVED
599,nfhs_insurance_pct,23.6,OBSERVED,DIRECT_OBSERVED
599,nfhs_sanitation_pct,99.8,OBSERVED,DIRECT_OBSERVED
599,jan_aushadhi_density_per_100k,1.773,OBSERVED,DIRECT_OBSERVED
599,census_literacy_rate_pct,76.0,OBSERVED,DIRECT_OBSERVED
599,nfhs_clean_fuel_pct,3.0,OBSERVED,DIRECT_OBSERVED
599,wasting_pct,7.3,OBSERVED,DIRECT_OBSERVED
599,rhs_chc_density_per_100k,0.0,OBSERVED,DIRECT_OBSERVED
599,nfhs_oope_delivery_rs,8288.0,OBSERVED,DIRECT_OBSERVED
599,niti_aspirational_district_flag,0.0,OBSERVED,DIRECT_OBSERVED
599,nfhs_hypertension_combined_pct,90.0,OBSERVED,DIRECT_OBSERVED
599,stunting_pct,48.2,OBSERVED,DIRECT_OBSERVED
599,nfhs_wasting_pct,7.3,OBSERVED,DIRECT_OBSERVED
599,mca21_pharma_density_per_100k,0.364,OBSERVED,DIRECT_OBSERVED
599,sanitation_pct,99.8,OBSERVED,DIRECT_OBSERVED
599,nfhs_diabetes_combined_pct,27.85,OBSERVED,DIRECT_OBSERVED
599,oope_delivery_rs,8288.0,OBSERVED,DIRECT_OBSERVED
599,hypertension_combined_pct_men,90.0,OBSERVED,DIRECT_OBSERVED
599,mca21_raw_company_count,8.0,OBSERVED,DIRECT_OBSERVED
599,diabetes_combined_pct_women,27.1,OBSERVED,DIRECT_OBSERVED
599,diabetes_combined_pct_men,28.6,OBSERVED,DIRECT_OBSERVED
599,jan_aushadhi_raw_count,39.0,OBSERVED,DIRECT_OBSERVED
599,census_decadal_growth_pct,12.4,OBSERVED,DIRECT_OBSERVED
599,nfhs_stunting_pct,48.2,OBSERVED,DIRECT_OBSERVED
599,census_urban_population_pct,42.6,OBSERVED,DIRECT_OBSERVED
600,rhs_phc_density_per_100k,1.579,OBSERVED,DIRECT_OBSERVED
600,census_total_population,950000.0,OBSERVED,DIRECT_OBSERVED
600,rhs_hospital_presence,0.0,OBSERVED,DIRECT_OBSERVED
600,hypertension_combined_pct_women,90.0,OBSERVED,DIRECT_OBSERVED
600,insurance_pct,31.3,OBSERVED,DIRECT_OBSERVED
600,clean_fuel_pct,3.0,OBSERVED,DIRECT_OBSERVED
600,census_population_age_0_6_pct,10.2,OBSERVED,DIRECT_OBSERVED
600,rhs_subcentre_density_per_100k,3.789,OBSERVED,DIRECT_OBSERVED
600,underweight_pct,13.1,OBSERVED,DIRECT_OBSERVED
600,nfhs_underweight_pct,13.1,OBSERVED,DIRECT_OBSERVED
600,nfhs_insurance_pct,31.3,OBSERVED,DIRECT_OBSERVED
600,nfhs_sanitation_pct,84.6,OBSERVED,DIRECT_OBSERVED
600,jan_aushadhi_density_per_100k,2.526,OBSERVED,DIRECT_OBSERVED
600,census_literacy_rate_pct,76.0,OBSERVED,DIRECT_OBSERVED
600,nfhs_clean_fuel_pct,3.0,OBSERVED,DIRECT_OBSERVED
600,wasting_pct,11.6,OBSERVED,DIRECT_OBSERVED
600,rhs_chc_density_per_100k,0.211,OBSERVED,DIRECT_OBSERVED
600,nfhs_oope_delivery_rs,3317.0,OBSERVED,DIRECT_OBSERVED
600,niti_aspirational_district_flag,0.0,OBSERVED,DIRECT_OBSERVED
600,nfhs_hypertension_combined_pct,90.0,OBSERVED,DIRECT_OBSERVED
600,stunting_pct,17.0,OBSERVED,DIRECT_OBSERVED
600,nfhs_wasting_pct,11.6,OBSERVED,DIRECT_OBSERVED
600,mca21_pharma_density_per_100k,2.632,OBSERVED,DIRECT_OBSERVED
600,sanitation_pct,84.6,OBSERVED,DIRECT_OBSERVED
600,nfhs_diabetes_combined_pct,20.05,OBSERVED,DIRECT_OBSERVED
600,oope_delivery_rs,3317.0,OBSERVED,DIRECT_OBSERVED
600,hypertension_combined_pct_men,90.0,OBSERVED,DIRECT_OBSERVED
600,mca21_raw_company_count,25.0,OBSERVED,DIRECT_OBSERVED
600,diabetes_combined_pct_women,19.1,OBSERVED,DIRECT_OBSERVED
600,diabetes_combined_pct_men,21.0,OBSERVED,DIRECT_OBSERVED
600,jan_aushadhi_raw_count,24.0,OBSERVED,DIRECT_OBSERVED
600,census_decadal_growth_pct,12.4,OBSERVED,DIRECT_OBSERVED
600,nfhs_stunting_pct,17.0,OBSERVED,DIRECT_OBSERVED
600,census_urban_population_pct,32.6,OBSERVED,DIRECT_OBSERVED
601,rhs_phc_density_per_100k,0.0,OBSERVED,DIRECT_OBSERVED
601,census_total_population,2200000.0,OBSERVED,DIRECT_OBSERVED
601,rhs_hospital_presence,0.0,OBSERVED,DIRECT_OBSERVED
601,hypertension_combined_pct_women,90.0,OBSERVED,DIRECT_OBSERVED
601,insurance_pct,29.2,OBSERVED,DIRECT_OBSERVED
601,clean_fuel_pct,3.0,OBSERVED,DIRECT_OBSERVED
601,census_population_age_0_6_pct,10.2,OBSERVED,DIRECT_OBSERVED
601,rhs_subcentre_density_per_100k,0.0,OBSERVED,DIRECT_OBSERVED
601,underweight_pct,18.7,OBSERVED,DIRECT_OBSERVED
601,nfhs_underweight_pct,18.7,OBSERVED,DIRECT_OBSERVED
601,nfhs_insurance_pct,29.2,OBSERVED,DIRECT_OBSERVED
601,nfhs_sanitation_pct,84.1,OBSERVED,DIRECT_OBSERVED
601,jan_aushadhi_density_per_100k,1.773,OBSERVED,DIRECT_OBSERVED
601,census_literacy_rate_pct,76.0,OBSERVED,DIRECT_OBSERVED
601,nfhs_clean_fuel_pct,3.0,OBSERVED,DIRECT_OBSERVED
601,wasting_pct,12.4,OBSERVED,DIRECT_OBSERVED
601,rhs_chc_density_per_100k,0.0,OBSERVED,DIRECT_OBSERVED
601,nfhs_oope_delivery_rs,2763.0,OBSERVED,DIRECT_OBSERVED
601,niti_aspirational_district_flag,0.0,OBSERVED,DIRECT_OBSERVED
601,nfhs_hypertension_combined_pct,90.0,OBSERVED,DIRECT_OBSERVED
601,stunting_pct,25.0,OBSERVED,DIRECT_OBSERVED
601,nfhs_wasting_pct,12.4,OBSERVED,DIRECT_OBSERVED
601,mca21_pharma_density_per_100k,0.364,OBSERVED,DIRECT_OBSERVED
601,sanitation_pct,84.1,OBSERVED,DIRECT_OBSERVED
601,nfhs_diabetes_combined_pct,23.35,OBSERVED,DIRECT_OBSERVED
601,oope_delivery_rs,2763.0,OBSERVED,DIRECT_OBSERVED
601,hypertension_combined_pct_men,90.0,OBSERVED,DIRECT_OBSERVED
601,mca21_raw_company_count,8.0,OBSERVED,DIRECT_OBSERVED
601,diabetes_combined_pct_women,22.0,OBSERVED,DIRECT_OBSERVED
601,diabetes_combined_pct_men,24.7,OBSERVED,DIRECT_OBSERVED
601,jan_aushadhi_raw_count,39.0,OBSERVED,DIRECT_OBSERVED
601,census_decadal_growth_pct,12.4,OBSERVED,DIRECT_OBSERVED
601,nfhs_stunting_pct,25.0,OBSERVED,DIRECT_OBSERVED
601,census_urban_population_pct,42.6,OBSERVED,DIRECT_OBSERVED
610,rhs_phc_density_per_100k,2.318,INHERITED_FROM_581,INHERITED
610,census_total_population,2200000.0,OBSERVED,DIRECT_OBSERVED
610,rhs_hospital_presence,7.0,INHERITED_FROM_581,INHERITED
610,hypertension_combined_pct_women,90.0,IMPUTED_STATE_MEAN,STATISTICALLY_IMPUTED
610,insurance_pct,67.8,IMPUTED_STATE_MEAN,STATISTICALLY_IMPUTED
610,clean_fuel_pct,3.0,IMPUTED_STATE_MEAN,STATISTICALLY_IMPUTED
610,census_population_age_0_6_pct,10.2,OBSERVED,DIRECT_OBSERVED
610,rhs_subcentre_density_per_100k,9.227,INHERITED_FROM_581,INHERITED
610,underweight_pct,22.3258,IMPUTED_STATE_MEAN,STATISTICALLY_IMPUTED
610,nfhs_underweight_pct,22.3,INHERITED_FROM_581,INHERITED
610,nfhs_insurance_pct,75.5,INHERITED_FROM_581,INHERITED
610,nfhs_sanitation_pct,57.4,INHERITED_FROM_581,INHERITED
610,jan_aushadhi_density_per_100k,1.773,OBSERVED,DIRECT_OBSERVED
610,census_literacy_rate_pct,82.0,OBSERVED,DIRECT_OBSERVED
610,nfhs_clean_fuel_pct,3.0,INHERITED_FROM_581,INHERITED
610,wasting_pct,14.8419,IMPUTED_STATE_MEAN,STATISTICALLY_IMPUTED
610,rhs_chc_density_per_100k,0.455,INHERITED_FROM_581,INHERITED
610,nfhs_oope_delivery_rs,3707.0,INHERITED_FROM_581,INHERITED
610,niti_aspirational_district_flag,0.0,OBSERVED,DIRECT_OBSERVED
610,nfhs_hypertension_combined_pct,90.0,INHERITED_FROM_581,INHERITED
610,stunting_pct,25.3161,IMPUTED_STATE_MEAN,STATISTICALLY_IMPUTED
610,nfhs_wasting_pct,15.9,INHERITED_FROM_581,INHERITED
610,mca21_pharma_density_per_100k,0.364,OBSERVED,DIRECT_OBSERVED
610,sanitation_pct,72.1194,IMPUTED_STATE_MEAN,STATISTICALLY_IMPUTED
610,nfhs_diabetes_combined_pct,22.1,INHERITED_FROM_581,INHERITED
610,oope_delivery_rs,3327.4839,IMPUTED_STATE_MEAN,STATISTICALLY_IMPUTED
610,hypertension_combined_pct_men,90.0,IMPUTED_STATE_MEAN,STATISTICALLY_IMPUTED
610,mca21_raw_company_count,8.0,OBSERVED,DIRECT_OBSERVED
610,diabetes_combined_pct_women,20.5419,IMPUTED_STATE_MEAN,STATISTICALLY_IMPUTED
610,diabetes_combined_pct_men,22.2452,IMPUTED_STATE_MEAN,STATISTICALLY_IMPUTED
610,jan_aushadhi_raw_count,39.0,OBSERVED,DIRECT_OBSERVED
610,census_decadal_growth_pct,12.4,OBSERVED,DIRECT_OBSERVED
610,nfhs_stunting_pct,29.1,INHERITED_FROM_581,INHERITED
610,census_urban_population_pct,42.6,OBSERVED,DIRECT_OBSERVED
730,rhs_phc_density_per_100k,2.0,INHERITED_FROM_574,INHERITED
730,census_total_population,2200000.0,OBSERVED,DIRECT_OBSERVED
730,rhs_hospital_presence,8.0,INHERITED_FROM_574,INHERITED
730,hypertension_combined_pct_women,90.0,IMPUTED_STATE_MEAN,STATISTICALLY_IMPUTED
730,insurance_pct,67.8,IMPUTED_STATE_MEAN,STATISTICALLY_IMPUTED
730,clean_fuel_pct,3.0,IMPUTED_STATE_MEAN,STATISTICALLY_IMPUTED
730,census_population_age_0_6_pct,10.2,OBSERVED,DIRECT_OBSERVED
730,rhs_subcentre_density_per_100k,16.545,INHERITED_FROM_574,INHERITED
730,underweight_pct,22.3258,IMPUTED_STATE_MEAN,STATISTICALLY_IMPUTED
730,nfhs_underweight_pct,19.8,INHERITED_FROM_574,INHERITED
730,nfhs_insurance_pct,59.7,INHERITED_FROM_574,INHERITED
730,nfhs_sanitation_pct,75.9,INHERITED_FROM_574,INHERITED
730,jan_aushadhi_density_per_100k,1.773,OBSERVED,DIRECT_OBSERVED
730,census_literacy_rate_pct,82.0,OBSERVED,DIRECT_OBSERVED
730,nfhs_clean_fuel_pct,3.0,INHERITED_FROM_574,INHERITED
730,wasting_pct,14.8419,IMPUTED_STATE_MEAN,STATISTICALLY_IMPUTED
730,rhs_chc_density_per_100k,0.591,INHERITED_FROM_574,INHERITED
730,nfhs_oope_delivery_rs,3531.0,INHERITED_FROM_574,INHERITED
730,niti_aspirational_district_flag,0.0,OBSERVED,DIRECT_OBSERVED
730,nfhs_hypertension_combined_pct,90.0,INHERITED_FROM_574,INHERITED
730,stunting_pct,25.3161,IMPUTED_STATE_MEAN,STATISTICALLY_IMPUTED
730,nfhs_wasting_pct,15.7,INHERITED_FROM_574,INHERITED
730,mca21_pharma_density_per_100k,0.364,OBSERVED,DIRECT_OBSERVED
730,sanitation_pct,72.1194,IMPUTED_STATE_MEAN,STATISTICALLY_IMPUTED
730,nfhs_diabetes_combined_pct,23.6,INHERITED_FROM_574,INHERITED
730,oope_delivery_rs,3327.4839,IMPUTED_STATE_MEAN,STATISTICALLY_IMPUTED
730,hypertension_combined_pct_men,90.0,IMPUTED_STATE_MEAN,STATISTICALLY_IMPUTED
730,mca21_raw_company_count,8.0,OBSERVED,DIRECT_OBSERVED
730,diabetes_combined_pct_women,20.5419,IMPUTED_STATE_MEAN,STATISTICALLY_IMPUTED
730,diabetes_combined_pct_men,22.2452,IMPUTED_STATE_MEAN,STATISTICALLY_IMPUTED
730,jan_aushadhi_raw_count,39.0,OBSERVED,DIRECT_OBSERVED
730,census_decadal_growth_pct,12.4,OBSERVED,DIRECT_OBSERVED
730,nfhs_stunting_pct,20.6,INHERITED_FROM_574,INHERITED
730,census_urban_population_pct,42.6,OBSERVED,DIRECT_OBSERVED
568,rhs_phc_density_per_100k,1.8864,IMPUTED_STATE_MEAN,STATISTICALLY_IMPUTED
568,census_total_population,4650000.0,OBSERVED,DIRECT_OBSERVED
568,rhs_hospital_presence,8.8824,IMPUTED_STATE_MEAN,STATISTICALLY_IMPUTED
568,hypertension_combined_pct_women,90.0,OBSERVED,DIRECT_OBSERVED
568,insurance_pct,58.2,OBSERVED,DIRECT_OBSERVED
568,clean_fuel_pct,3.0,OBSERVED,DIRECT_OBSERVED
568,census_population_age_0_6_pct,10.2,OBSERVED,DIRECT_OBSERVED
568,rhs_subcentre_density_per_100k,13.6474,IMPUTED_STATE_MEAN,STATISTICALLY_IMPUTED
568,underweight_pct,21.9,OBSERVED,DIRECT_OBSERVED
568,nfhs_underweight_pct,21.9,OBSERVED,DIRECT_OBSERVED
568,nfhs_insurance_pct,58.2,OBSERVED,DIRECT_OBSERVED
568,nfhs_sanitation_pct,90.4,OBSERVED,DIRECT_OBSERVED
568,jan_aushadhi_density_per_100k,2.473,OBSERVED,DIRECT_OBSERVED
568,census_literacy_rate_pct,82.0,OBSERVED,DIRECT_OBSERVED
568,nfhs_clean_fuel_pct,3.0,OBSERVED,DIRECT_OBSERVED
568,wasting_pct,18.3,OBSERVED,DIRECT_OBSERVED
568,rhs_chc_density_per_100k,0.6026,IMPUTED_STATE_MEAN,STATISTICALLY_IMPUTED
568,nfhs_oope_delivery_rs,3951.0,OBSERVED,DIRECT_OBSERVED
568,niti_aspirational_district_flag,0.0,OBSERVED,DIRECT_OBSERVED
568,nfhs_hypertension_combined_pct,90.0,OBSERVED,DIRECT_OBSERVED
568,stunting_pct,20.4,OBSERVED,DIRECT_OBSERVED
568,nfhs_wasting_pct,18.3,OBSERVED,DIRECT_OBSERVED
568,mca21_pharma_density_per_100k,6.237,OBSERVED,DIRECT_OBSERVED
568,sanitation_pct,90.4,OBSERVED,DIRECT_OBSERVED
568,nfhs_diabetes_combined_pct,24.65,OBSERVED,DIRECT_OBSERVED
568,oope_delivery_rs,3951.0,OBSERVED,DIRECT_OBSERVED
568,hypertension_combined_pct_men,90.0,OBSERVED,DIRECT_OBSERVED
568,mca21_raw_company_count,290.0,OBSERVED,DIRECT_OBSERVED
568,diabetes_combined_pct_women,27.2,OBSERVED,DIRECT_OBSERVED
568,diabetes_combined_pct_men,22.1,OBSERVED,DIRECT_OBSERVED
568,jan_aushadhi_raw_count,115.0,OBSERVED,DIRECT_OBSERVED
568,census_decadal_growth_pct,12.4,OBSERVED,DIRECT_OBSERVED
568,nfhs_stunting_pct,20.4,OBSERVED,DIRECT_OBSERVED
568,census_urban_population_pct,85.0,OBSERVED,DIRECT_OBSERVED
569,rhs_phc_density_per_100k,1.012,OBSERVED,DIRECT_OBSERVED
569,census_total_population,3460000.0,OBSERVED,DIRECT_OBSERVED
569,rhs_hospital_presence,9.0,OBSERVED,DIRECT_OBSERVED
569,hypertension_combined_pct_women,90.0,OBSERVED,DIRECT_OBSERVED
569,insurance_pct,61.0,OBSERVED,DIRECT_OBSERVED
569,clean_fuel_pct,3.0,OBSERVED,DIRECT_OBSERVED
569,census_population_age_0_6_pct,10.2,OBSERVED,DIRECT_OBSERVED
569,rhs_subcentre_density_per_100k,9.48,OBSERVED,DIRECT_OBSERVED
569,underweight_pct,18.5,OBSERVED,DIRECT_OBSERVED
569,nfhs_underweight_pct,18.5,OBSERVED,DIRECT_OBSERVED
569,nfhs_insurance_pct,61.0,OBSERVED,DIRECT_OBSERVED
569,nfhs_sanitation_pct,78.5,OBSERVED,DIRECT_OBSERVED
569,jan_aushadhi_density_per_100k,2.254,OBSERVED,DIRECT_OBSERVED
569,census_literacy_rate_pct,82.0,OBSERVED,DIRECT_OBSERVED
569,nfhs_clean_fuel_pct,3.0,OBSERVED,DIRECT_OBSERVED
569,wasting_pct,7.0,OBSERVED,DIRECT_OBSERVED
569,rhs_chc_density_per_100k,0.347,OBSERVED,DIRECT_OBSERVED
569,nfhs_oope_delivery_rs,5609.0,OBSERVED,DIRECT_OBSERVED
569,niti_aspirational_district_flag,0.0,OBSERVED,DIRECT_OBSERVED
569,nfhs_hypertension_combined_pct,90.0,OBSERVED,DIRECT_OBSERVED
569,stunting_pct,23.0,OBSERVED,DIRECT_OBSERVED
569,nfhs_wasting_pct,7.0,OBSERVED,DIRECT_OBSERVED
569,mca21_pharma_density_per_100k,1.59,OBSERVED,DIRECT_OBSERVED
569,sanitation_pct,78.5,OBSERVED,DIRECT_OBSERVED
569,nfhs_diabetes_combined_pct,18.7,OBSERVED,DIRECT_OBSERVED
569,oope_delivery_rs,5609.0,OBSERVED,DIRECT_OBSERVED
569,hypertension_combined_pct_men,90.0,OBSERVED,DIRECT_OBSERVED
569,mca21_raw_company_count,55.0,OBSERVED,DIRECT_OBSERVED
569,diabetes_combined_pct_women,19.1,OBSERVED,DIRECT_OBSERVED
569,diabetes_combined_pct_men,18.3,OBSERVED,DIRECT_OBSERVED
569,jan_aushadhi_raw_count,78.0,OBSERVED,DIRECT_OBSERVED
569,census_decadal_growth_pct,12.4,OBSERVED,DIRECT_OBSERVED
569,nfhs_stunting_pct,23.0,OBSERVED,DIRECT_OBSERVED
569,census_urban_population_pct,52.68,OBSERVED,DIRECT_OBSERVED
570,rhs_phc_density_per_100k,2.136,OBSERVED,DIRECT_OBSERVED
570,census_total_population,2200000.0,OBSERVED,DIRECT_OBSERVED
570,rhs_hospital_presence,8.0,OBSERVED,DIRECT_OBSERVED
570,hypertension_combined_pct_women,90.0,OBSERVED,DIRECT_OBSERVED
570,insurance_pct,64.4,OBSERVED,DIRECT_OBSERVED
570,clean_fuel_pct,3.0,OBSERVED,DIRECT_OBSERVED
570,census_population_age_0_6_pct,10.2,OBSERVED,DIRECT_OBSERVED
570,rhs_subcentre_density_per_100k,14.5,OBSERVED,DIRECT_OBSERVED
570,underweight_pct,18.0,OBSERVED,DIRECT_OBSERVED
570,nfhs_underweight_pct,18.0,OBSERVED,DIRECT_OBSERVED
570,nfhs_insurance_pct,64.4,OBSERVED,DIRECT_OBSERVED
570,nfhs_sanitation_pct,61.3,OBSERVED,DIRECT_OBSERVED
570,jan_aushadhi_density_per_100k,1.773,OBSERVED,DIRECT_OBSERVED
570,census_literacy_rate_pct,82.0,OBSERVED,DIRECT_OBSERVED
570,nfhs_clean_fuel_pct,3.0,OBSERVED,DIRECT_OBSERVED
570,wasting_pct,13.9,OBSERVED,DIRECT_OBSERVED
570,rhs_chc_density_per_100k,0.591,OBSERVED,DIRECT_OBSERVED
570,nfhs_oope_delivery_rs,3803.0,OBSERVED,DIRECT_OBSERVED
570,niti_aspirational_district_flag,0.0,OBSERVED,DIRECT_OBSERVED
570,nfhs_hypertension_combined_pct,90.0,OBSERVED,DIRECT_OBSERVED
570,stunting_pct,20.2,OBSERVED,DIRECT_OBSERVED
570,nfhs_wasting_pct,13.9,OBSERVED,DIRECT_OBSERVED
570,mca21_pharma_density_per_100k,0.364,OBSERVED,DIRECT_OBSERVED
570,sanitation_pct,61.3,OBSERVED,DIRECT_OBSERVED
570,nfhs_diabetes_combined_pct,20.6,OBSERVED,DIRECT_OBSERVED
570,oope_delivery_rs,3803.0,OBSERVED,DIRECT_OBSERVED
570,hypertension_combined_pct_men,90.0,OBSERVED,DIRECT_OBSERVED
570,mca21_raw_company_count,8.0,OBSERVED,DIRECT_OBSERVED
570,diabetes_combined_pct_women,20.5,OBSERVED,DIRECT_OBSERVED
570,diabetes_combined_pct_men,20.7,OBSERVED,DIRECT_OBSERVED
570,jan_aushadhi_raw_count,39.0,OBSERVED,DIRECT_OBSERVED
570,census_decadal_growth_pct,12.4,OBSERVED,DIRECT_OBSERVED
570,nfhs_stunting_pct,20.2,OBSERVED,DIRECT_OBSERVED
570,census_urban_population_pct,42.6,OBSERVED,DIRECT_OBSERVED
571,rhs_phc_density_per_100k,1.273,OBSERVED,DIRECT_OBSERVED
571,census_total_population,2200000.0,OBSERVED,DIRECT_OBSERVED
571,rhs_hospital_presence,4.0,OBSERVED,DIRECT_OBSERVED
571,hypertension_combined_pct_women,90.0,OBSERVED,DIRECT_OBSERVED
571,insurance_pct,75.5,OBSERVED,DIRECT_OBSERVED
571,clean_fuel_pct,3.0,OBSERVED,DIRECT_OBSERVED
571,census_population_age_0_6_pct,10.2,OBSERVED,DIRECT_OBSERVED
571,rhs_subcentre_density_per_100k,9.909,OBSERVED,DIRECT_OBSERVED
571,underweight_pct,23.2,OBSERVED,DIRECT_OBSERVED
571,nfhs_underweight_pct,23.2,OBSERVED,DIRECT_OBSERVED
571,nfhs_insurance_pct,75.5,OBSERVED,DIRECT_OBSERVED
571,nfhs_sanitation_pct,72.4,OBSERVED,DIRECT_OBSERVED
571,jan_aushadhi_density_per_100k,1.773,OBSERVED,DIRECT_OBSERVED
571,census_literacy_rate_pct,82.0,OBSERVED,DIRECT_OBSERVED
571,nfhs_clean_fuel_pct,3.0,OBSERVED,DIRECT_OBSERVED
571,wasting_pct,16.9,OBSERVED,DIRECT_OBSERVED
571,rhs_chc_density_per_100k,0.364,OBSERVED,DIRECT_OBSERVED
571,nfhs_oope_delivery_rs,2808.0,OBSERVED,DIRECT_OBSERVED
571,niti_aspirational_district_flag,0.0,OBSERVED,DIRECT_OBSERVED
571,nfhs_hypertension_combined_pct,90.0,OBSERVED,DIRECT_OBSERVED
571,stunting_pct,28.7,OBSERVED,DIRECT_OBSERVED
571,nfhs_wasting_pct,16.9,OBSERVED,DIRECT_OBSERVED
571,mca21_pharma_density_per_100k,0.364,OBSERVED,DIRECT_OBSERVED
571,sanitation_pct,72.4,OBSERVED,DIRECT_OBSERVED
571,nfhs_diabetes_combined_pct,16.75,OBSERVED,DIRECT_OBSERVED
571,oope_delivery_rs,2808.0,OBSERVED,DIRECT_OBSERVED
571,hypertension_combined_pct_men,90.0,OBSERVED,DIRECT_OBSERVED
571,mca21_raw_company_count,8.0,OBSERVED,DIRECT_OBSERVED
571,diabetes_combined_pct_women,15.4,OBSERVED,DIRECT_OBSERVED
571,diabetes_combined_pct_men,18.1,OBSERVED,DIRECT_OBSERVED
571,jan_aushadhi_raw_count,39.0,OBSERVED,DIRECT_OBSERVED
571,census_decadal_growth_pct,12.4,OBSERVED,DIRECT_OBSERVED
571,nfhs_stunting_pct,28.7,OBSERVED,DIRECT_OBSERVED
571,census_urban_population_pct,42.6,OBSERVED,DIRECT_OBSERVED
572,rhs_phc_density_per_100k,1.955,OBSERVED,DIRECT_OBSERVED
572,census_total_population,2200000.0,OBSERVED,DIRECT_OBSERVED
572,rhs_hospital_presence,12.0,OBSERVED,DIRECT_OBSERVED
572,hypertension_combined_pct_women,90.0,OBSERVED,DIRECT_OBSERVED
572,insurance_pct,71.9,OBSERVED,DIRECT_OBSERVED
572,clean_fuel_pct,3.0,OBSERVED,DIRECT_OBSERVED
572,census_population_age_0_6_pct,10.2,OBSERVED,DIRECT_OBSERVED
572,rhs_subcentre_density_per_100k,14.136,OBSERVED,DIRECT_OBSERVED
572,underweight_pct,28.4,OBSERVED,DIRECT_OBSERVED
572,nfhs_underweight_pct,28.4,OBSERVED,DIRECT_OBSERVED
572,nfhs_insurance_pct,71.9,OBSERVED,DIRECT_OBSERVED
572,nfhs_sanitation_pct,61.0,OBSERVED,DIRECT_OBSERVED
572,jan_aushadhi_density_per_100k,1.773,OBSERVED,DIRECT_OBSERVED
572,census_literacy_rate_pct,82.0,OBSERVED,DIRECT_OBSERVED
572,nfhs_clean_fuel_pct,3.0,OBSERVED,DIRECT_OBSERVED
572,wasting_pct,21.1,OBSERVED,DIRECT_OBSERVED
572,rhs_chc_density_per_100k,0.636,OBSERVED,DIRECT_OBSERVED
572,nfhs_oope_delivery_rs,2828.0,OBSERVED,DIRECT_OBSERVED
572,niti_aspirational_district_flag,0.0,OBSERVED,DIRECT_OBSERVED
572,nfhs_hypertension_combined_pct,90.0,OBSERVED,DIRECT_OBSERVED
572,stunting_pct,27.1,OBSERVED,DIRECT_OBSERVED
572,nfhs_wasting_pct,21.1,OBSERVED,DIRECT_OBSERVED
572,mca21_pharma_density_per_100k,0.364,OBSERVED,DIRECT_OBSERVED
572,sanitation_pct,61.0,OBSERVED,DIRECT_OBSERVED
572,nfhs_diabetes_combined_pct,23.6,OBSERVED,DIRECT_OBSERVED
572,oope_delivery_rs,2828.0,OBSERVED,DIRECT_OBSERVED
572,hypertension_combined_pct_men,90.0,OBSERVED,DIRECT_OBSERVED
572,mca21_raw_company_count,8.0,OBSERVED,DIRECT_OBSERVED
572,diabetes_combined_pct_women,22.1,OBSERVED,DIRECT_OBSERVED
572,diabetes_combined_pct_men,25.1,OBSERVED,DIRECT_OBSERVED
572,jan_aushadhi_raw_count,39.0,OBSERVED,DIRECT_OBSERVED
572,census_decadal_growth_pct,12.4,OBSERVED,DIRECT_OBSERVED
572,nfhs_stunting_pct,27.1,OBSERVED,DIRECT_OBSERVED
572,census_urban_population_pct,42.6,OBSERVED,DIRECT_OBSERVED
573,rhs_phc_density_per_100k,1.727,OBSERVED,DIRECT_OBSERVED
573,census_total_population,2200000.0,OBSERVED,DIRECT_OBSERVED
573,rhs_hospital_presence,8.0,OBSERVED,DIRECT_OBSERVED
573,hypertension_combined_pct_women,90.0,OBSERVED,DIRECT_OBSERVED
573,insurance_pct,77.7,OBSERVED,DIRECT_OBSERVED
573,clean_fuel_pct,3.0,OBSERVED,DIRECT_OBSERVED
573,census_population_age_0_6_pct,10.2,OBSERVED,DIRECT_OBSERVED
573,rhs_subcentre_density_per_100k,14.136,OBSERVED,DIRECT_OBSERVED
573,underweight_pct,26.9,OBSERVED,DIRECT_OBSERVED
573,nfhs_underweight_pct,26.9,OBSERVED,DIRECT_OBSERVED
573,nfhs_insurance_pct,77.7,OBSERVED,DIRECT_OBSERVED
573,nfhs_sanitation_pct,67.6,OBSERVED,DIRECT_OBSERVED
573,jan_aushadhi_density_per_100k,1.773,OBSERVED,DIRECT_OBSERVED
573,census_literacy_rate_pct,82.0,OBSERVED,DIRECT_OBSERVED
573,nfhs_clean_fuel_pct,3.0,OBSERVED,DIRECT_OBSERVED
573,wasting_pct,20.9,OBSERVED,DIRECT_OBSERVED
573,rhs_chc_density_per_100k,0.636,OBSERVED,DIRECT_OBSERVED
573,nfhs_oope_delivery_rs,2401.0,OBSERVED,DIRECT_OBSERVED
573,niti_aspirational_district_flag,0.0,OBSERVED,DIRECT_OBSERVED
573,nfhs_hypertension_combined_pct,90.0,OBSERVED,DIRECT_OBSERVED
573,stunting_pct,19.4,OBSERVED,DIRECT_OBSERVED
573,nfhs_wasting_pct,20.9,OBSERVED,DIRECT_OBSERVED
573,mca21_pharma_density_per_100k,0.364,OBSERVED,DIRECT_OBSERVED
573,sanitation_pct,67.6,OBSERVED,DIRECT_OBSERVED
573,nfhs_diabetes_combined_pct,16.35,OBSERVED,DIRECT_OBSERVED
573,oope_delivery_rs,2401.0,OBSERVED,DIRECT_OBSERVED
573,hypertension_combined_pct_men,90.0,OBSERVED,DIRECT_OBSERVED
573,mca21_raw_company_count,8.0,OBSERVED,DIRECT_OBSERVED
573,diabetes_combined_pct_women,16.6,OBSERVED,DIRECT_OBSERVED
573,diabetes_combined_pct_men,16.1,OBSERVED,DIRECT_OBSERVED
573,jan_aushadhi_raw_count,39.0,OBSERVED,DIRECT_OBSERVED
573,census_decadal_growth_pct,12.4,OBSERVED,DIRECT_OBSERVED
573,nfhs_stunting_pct,19.4,OBSERVED,DIRECT_OBSERVED
573,census_urban_population_pct,42.6,OBSERVED,DIRECT_OBSERVED
729,rhs_phc_density_per_100k,3.091,INHERITED_FROM_596,INHERITED
729,census_total_population,2200000.0,OBSERVED,DIRECT_OBSERVED
729,rhs_hospital_presence,9.0,INHERITED_FROM_596,INHERITED
729,hypertension_combined_pct_women,90.0,IMPUTED_STATE_MEAN,STATISTICALLY_IMPUTED
729,insurance_pct,67.8,IMPUTED_STATE_MEAN,STATISTICALLY_IMPUTED
729,clean_fuel_pct,3.0,IMPUTED_STATE_MEAN,STATISTICALLY_IMPUTED
729,census_population_age_0_6_pct,10.2,OBSERVED,DIRECT_OBSERVED
729,rhs_subcentre_density_per_100k,25.318,INHERITED_FROM_596,INHERITED
729,underweight_pct,22.3258,IMPUTED_STATE_MEAN,STATISTICALLY_IMPUTED
729,nfhs_underweight_pct,20.5,INHERITED_FROM_596,INHERITED
729,nfhs_insurance_pct,77.6,INHERITED_FROM_596,INHERITED
729,nfhs_sanitation_pct,53.8,INHERITED_FROM_596,INHERITED
729,jan_aushadhi_density_per_100k,1.773,OBSERVED,DIRECT_OBSERVED
729,census_literacy_rate_pct,82.0,OBSERVED,DIRECT_OBSERVED
729,nfhs_clean_fuel_pct,3.0,INHERITED_FROM_596,INHERITED
729,wasting_pct,14.8419,IMPUTED_STATE_MEAN,STATISTICALLY_IMPUTED
729,rhs_chc_density_per_100k,1.0,INHERITED_FROM_596,INHERITED
729,nfhs_oope_delivery_rs,3255.0,INHERITED_FROM_596,INHERITED
729,niti_aspirational_district_flag,0.0,OBSERVED,DIRECT_OBSERVED
729,nfhs_hypertension_combined_pct,90.0,INHERITED_FROM_596,INHERITED
729,stunting_pct,25.3161,IMPUTED_STATE_MEAN,STATISTICALLY_IMPUTED
729,nfhs_wasting_pct,12.4,INHERITED_FROM_596,INHERITED
729,mca21_pharma_density_per_100k,0.364,OBSERVED,DIRECT_OBSERVED
729,sanitation_pct,72.1194,IMPUTED_STATE_MEAN,STATISTICALLY_IMPUTED
729,nfhs_diabetes_combined_pct,18.8,INHERITED_FROM_596,INHERITED
729,oope_delivery_rs,3327.4839,IMPUTED_STATE_MEAN,STATISTICALLY_IMPUTED
729,hypertension_combined_pct_men,90.0,IMPUTED_STATE_MEAN,STATISTICALLY_IMPUTED
729,mca21_raw_company_count,8.0,OBSERVED,DIRECT_OBSERVED
729,diabetes_combined_pct_women,20.5419,IMPUTED_STATE_MEAN,STATISTICALLY_IMPUTED
729,diabetes_combined_pct_men,22.2452,IMPUTED_STATE_MEAN,STATISTICALLY_IMPUTED
729,jan_aushadhi_raw_count,39.0,OBSERVED,DIRECT_OBSERVED
729,census_decadal_growth_pct,12.4,OBSERVED,DIRECT_OBSERVED
729,nfhs_stunting_pct,23.9,INHERITED_FROM_596,INHERITED
729,census_urban_population_pct,42.6,OBSERVED,DIRECT_OBSERVED
574,rhs_phc_density_per_100k,2.0,OBSERVED,DIRECT_OBSERVED
574,census_total_population,2200000.0,OBSERVED,DIRECT_OBSERVED
574,rhs_hospital_presence,8.0,OBSERVED,DIRECT_OBSERVED
574,hypertension_combined_pct_women,90.0,OBSERVED,DIRECT_OBSERVED
574,insurance_pct,59.7,OBSERVED,DIRECT_OBSERVED
574,clean_fuel_pct,3.0,OBSERVED,DIRECT_OBSERVED
574,census_population_age_0_6_pct,10.2,OBSERVED,DIRECT_OBSERVED
574,rhs_subcentre_density_per_100k,16.545,OBSERVED,DIRECT_OBSERVED
574,underweight_pct,19.8,OBSERVED,DIRECT_OBSERVED
574,nfhs_underweight_pct,19.8,OBSERVED,DIRECT_OBSERVED
574,nfhs_insurance_pct,59.7,OBSERVED,DIRECT_OBSERVED
574,nfhs_sanitation_pct,75.9,OBSERVED,DIRECT_OBSERVED
574,jan_aushadhi_density_per_100k,1.773,OBSERVED,DIRECT_OBSERVED
574,census_literacy_rate_pct,82.0,OBSERVED,DIRECT_OBSERVED
574,nfhs_clean_fuel_pct,3.0,OBSERVED,DIRECT_OBSERVED
574,wasting_pct,15.7,OBSERVED,DIRECT_OBSERVED
574,rhs_chc_density_per_100k,0.591,OBSERVED,DIRECT_OBSERVED
574,nfhs_oope_delivery_rs,3531.0,OBSERVED,DIRECT_OBSERVED
574,niti_aspirational_district_flag,0.0,OBSERVED,DIRECT_OBSERVED
574,nfhs_hypertension_combined_pct,90.0,OBSERVED,DIRECT_OBSERVED
574,stunting_pct,20.6,OBSERVED,DIRECT_OBSERVED
574,nfhs_wasting_pct,15.7,OBSERVED,DIRECT_OBSERVED
574,mca21_pharma_density_per_100k,5.0,OBSERVED,DIRECT_OBSERVED
574,sanitation_pct,75.9,OBSERVED,DIRECT_OBSERVED
574,nfhs_diabetes_combined_pct,23.6,OBSERVED,DIRECT_OBSERVED
574,oope_delivery_rs,3531.0,OBSERVED,DIRECT_OBSERVED
574,hypertension_combined_pct_men,90.0,OBSERVED,DIRECT_OBSERVED
574,mca21_raw_company_count,110.0,OBSERVED,DIRECT_OBSERVED
574,diabetes_combined_pct_women,22.9,OBSERVED,DIRECT_OBSERVED
574,diabetes_combined_pct_men,24.3,OBSERVED,DIRECT_OBSERVED
574,jan_aushadhi_raw_count,39.0,OBSERVED,DIRECT_OBSERVED
574,census_decadal_growth_pct,12.4,OBSERVED,DIRECT_OBSERVED
574,nfhs_stunting_pct,20.6,OBSERVED,DIRECT_OBSERVED
574,census_urban_population_pct,42.6,OBSERVED,DIRECT_OBSERVED
575,rhs_phc_density_per_100k,1.8864,IMPUTED_STATE_MEAN,STATISTICALLY_IMPUTED
575,census_total_population,2200000.0,OBSERVED,DIRECT_OBSERVED
575,rhs_hospital_presence,8.8824,IMPUTED_STATE_MEAN,STATISTICALLY_IMPUTED
575,hypertension_combined_pct_women,90.0,OBSERVED,DIRECT_OBSERVED
575,insurance_pct,64.1,OBSERVED,DIRECT_OBSERVED
575,clean_fuel_pct,3.0,OBSERVED,DIRECT_OBSERVED
575,census_population_age_0_6_pct,10.2,OBSERVED,DIRECT_OBSERVED
575,rhs_subcentre_density_per_100k,13.6474,IMPUTED_STATE_MEAN,STATISTICALLY_IMPUTED
575,underweight_pct,14.5,OBSERVED,DIRECT_OBSERVED
575,nfhs_underweight_pct,14.5,OBSERVED,DIRECT_OBSERVED
575,nfhs_insurance_pct,64.1,OBSERVED,DIRECT_OBSERVED
575,nfhs_sanitation_pct,96.2,OBSERVED,DIRECT_OBSERVED
575,jan_aushadhi_density_per_100k,1.773,OBSERVED,DIRECT_OBSERVED
575,census_literacy_rate_pct,82.0,OBSERVED,DIRECT_OBSERVED
575,nfhs_clean_fuel_pct,3.0,OBSERVED,DIRECT_OBSERVED
575,wasting_pct,11.4,OBSERVED,DIRECT_OBSERVED
575,rhs_chc_density_per_100k,0.6026,IMPUTED_STATE_MEAN,STATISTICALLY_IMPUTED
575,nfhs_oope_delivery_rs,3170.0,OBSERVED,DIRECT_OBSERVED
575,niti_aspirational_district_flag,0.0,OBSERVED,DIRECT_OBSERVED
575,nfhs_hypertension_combined_pct,90.0,OBSERVED,DIRECT_OBSERVED
575,stunting_pct,17.3,OBSERVED,DIRECT_OBSERVED
575,nfhs_wasting_pct,11.4,OBSERVED,DIRECT_OBSERVED
575,mca21_pharma_density_per_100k,0.364,OBSERVED,DIRECT_OBSERVED
575,sanitation_pct,96.2,OBSERVED,DIRECT_OBSERVED
575,nfhs_diabetes_combined_pct,27.1,OBSERVED,DIRECT_OBSERVED
575,oope_delivery_rs,3170.0,OBSERVED,DIRECT_OBSERVED
575,hypertension_combined_pct_men,90.0,OBSERVED,DIRECT_OBSERVED
575,mca21_raw_company_count,8.0,OBSERVED,DIRECT_OBSERVED
575,diabetes_combined_pct_women,29.0,OBSERVED,DIRECT_OBSERVED
575,diabetes_combined_pct_men,25.2,OBSERVED,DIRECT_OBSERVED
575,jan_aushadhi_raw_count,39.0,OBSERVED,DIRECT_OBSERVED
575,census_decadal_growth_pct,12.4,OBSERVED,DIRECT_OBSERVED
575,nfhs_stunting_pct,17.3,OBSERVED,DIRECT_OBSERVED
575,census_urban_population_pct,42.6,OBSERVED,DIRECT_OBSERVED
576,rhs_phc_density_per_100k,1.045,OBSERVED,DIRECT_OBSERVED
576,census_total_population,2200000.0,OBSERVED,DIRECT_OBSERVED
576,rhs_hospital_presence,6.0,OBSERVED,DIRECT_OBSERVED
576,hypertension_combined_pct_women,90.0,OBSERVED,DIRECT_OBSERVED
576,insurance_pct,74.6,OBSERVED,DIRECT_OBSERVED
576,clean_fuel_pct,3.0,OBSERVED,DIRECT_OBSERVED
576,census_population_age_0_6_pct,10.2,OBSERVED,DIRECT_OBSERVED
576,rhs_subcentre_density_per_100k,7.636,OBSERVED,DIRECT_OBSERVED
576,underweight_pct,36.3,OBSERVED,DIRECT_OBSERVED
576,nfhs_underweight_pct,36.3,OBSERVED,DIRECT_OBSERVED
576,nfhs_insurance_pct,74.6,OBSERVED,DIRECT_OBSERVED
576,nfhs_sanitation_pct,63.6,OBSERVED,DIRECT_OBSERVED
576,jan_aushadhi_density_per_100k,1.773,OBSERVED,DIRECT_OBSERVED
576,census_literacy_rate_pct,82.0,OBSERVED,DIRECT_OBSERVED
576,nfhs_clean_fuel_pct,3.0,OBSERVED,DIRECT_OBSERVED
576,wasting_pct,18.4,OBSERVED,DIRECT_OBSERVED
576,rhs_chc_density_per_100k,0.364,OBSERVED,DIRECT_OBSERVED
576,nfhs_oope_delivery_rs,2586.0,OBSERVED,DIRECT_OBSERVED
576,niti_aspirational_district_flag,0.0,OBSERVED,DIRECT_OBSERVED
576,nfhs_hypertension_combined_pct,90.0,OBSERVED,DIRECT_OBSERVED
576,stunting_pct,33.6,OBSERVED,DIRECT_OBSERVED
576,nfhs_wasting_pct,18.4,OBSERVED,DIRECT_OBSERVED
576,mca21_pharma_density_per_100k,0.364,OBSERVED,DIRECT_OBSERVED
576,sanitation_pct,63.6,OBSERVED,DIRECT_OBSERVED
576,nfhs_diabetes_combined_pct,26.15,OBSERVED,DIRECT_OBSERVED
576,oope_delivery_rs,2586.0,OBSERVED,DIRECT_OBSERVED
576,hypertension_combined_pct_men,90.0,OBSERVED,DIRECT_OBSERVED
576,mca21_raw_company_count,8.0,OBSERVED,DIRECT_OBSERVED
576,diabetes_combined_pct_women,23.4,OBSERVED,DIRECT_OBSERVED
576,diabetes_combined_pct_men,28.9,OBSERVED,DIRECT_OBSERVED
576,jan_aushadhi_raw_count,39.0,OBSERVED,DIRECT_OBSERVED
576,census_decadal_growth_pct,12.4,OBSERVED,DIRECT_OBSERVED
576,nfhs_stunting_pct,33.6,OBSERVED,DIRECT_OBSERVED
576,census_urban_population_pct,42.6,OBSERVED,DIRECT_OBSERVED
577,rhs_phc_density_per_100k,1.318,OBSERVED,DIRECT_OBSERVED
577,census_total_population,2200000.0,OBSERVED,DIRECT_OBSERVED
577,rhs_hospital_presence,6.0,OBSERVED,DIRECT_OBSERVED
577,hypertension_combined_pct_women,90.0,OBSERVED,DIRECT_OBSERVED
577,insurance_pct,73.6,OBSERVED,DIRECT_OBSERVED
577,clean_fuel_pct,3.0,OBSERVED,DIRECT_OBSERVED
577,census_population_age_0_6_pct,10.2,OBSERVED,DIRECT_OBSERVED
577,rhs_subcentre_density_per_100k,10.818,OBSERVED,DIRECT_OBSERVED
577,underweight_pct,19.3,OBSERVED,DIRECT_OBSERVED
577,nfhs_underweight_pct,19.3,OBSERVED,DIRECT_OBSERVED
577,nfhs_insurance_pct,73.6,OBSERVED,DIRECT_OBSERVED
577,nfhs_sanitation_pct,75.9,OBSERVED,DIRECT_OBSERVED
577,jan_aushadhi_density_per_100k,1.773,OBSERVED,DIRECT_OBSERVED
577,census_literacy_rate_pct,82.0,OBSERVED,DIRECT_OBSERVED
577,nfhs_clean_fuel_pct,3.0,OBSERVED,DIRECT_OBSERVED
577,wasting_pct,10.4,OBSERVED,DIRECT_OBSERVED
577,rhs_chc_density_per_100k,0.455,OBSERVED,DIRECT_OBSERVED
577,nfhs_oope_delivery_rs,2081.0,OBSERVED,DIRECT_OBSERVED
577,niti_aspirational_district_flag,0.0,OBSERVED,DIRECT_OBSERVED
577,nfhs_hypertension_combined_pct,90.0,OBSERVED,DIRECT_OBSERVED
577,stunting_pct,29.0,OBSERVED,DIRECT_OBSERVED
577,nfhs_wasting_pct,10.4,OBSERVED,DIRECT_OBSERVED
577,mca21_pharma_density_per_100k,0.364,OBSERVED,DIRECT_OBSERVED
577,sanitation_pct,75.9,OBSERVED,DIRECT_OBSERVED
577,nfhs_diabetes_combined_pct,14.5,OBSERVED,DIRECT_OBSERVED
577,oope_delivery_rs,2081.0,OBSERVED,DIRECT_OBSERVED
577,hypertension_combined_pct_men,90.0,OBSERVED,DIRECT_OBSERVED
577,mca21_raw_company_count,8.0,OBSERVED,DIRECT_OBSERVED
577,diabetes_combined_pct_women,14.0,OBSERVED,DIRECT_OBSERVED
577,diabetes_combined_pct_men,15.0,OBSERVED,DIRECT_OBSERVED
577,jan_aushadhi_raw_count,39.0,OBSERVED,DIRECT_OBSERVED
577,census_decadal_growth_pct,12.4,OBSERVED,DIRECT_OBSERVED
577,nfhs_stunting_pct,29.0,OBSERVED,DIRECT_OBSERVED
577,census_urban_population_pct,42.6,OBSERVED,DIRECT_OBSERVED
578,rhs_phc_density_per_100k,1.25,OBSERVED,DIRECT_OBSERVED
578,census_total_population,3040000.0,OBSERVED,DIRECT_OBSERVED
578,rhs_hospital_presence,6.0,OBSERVED,DIRECT_OBSERVED
578,hypertension_combined_pct_women,90.0,OBSERVED,DIRECT_OBSERVED
578,insurance_pct,66.3,OBSERVED,DIRECT_OBSERVED
578,clean_fuel_pct,3.0,OBSERVED,DIRECT_OBSERVED
578,census_population_age_0_6_pct,10.2,OBSERVED,DIRECT_OBSERVED
578,rhs_subcentre_density_per_100k,10.329,OBSERVED,DIRECT_OBSERVED
578,underweight_pct,21.5,OBSERVED,DIRECT_OBSERVED
578,nfhs_underweight_pct,21.5,OBSERVED,DIRECT_OBSERVED
578,nfhs_insurance_pct,66.3,OBSERVED,DIRECT_OBSERVED
578,nfhs_sanitation_pct,80.1,OBSERVED,DIRECT_OBSERVED
578,jan_aushadhi_density_per_100k,1.776,OBSERVED,DIRECT_OBSERVED
578,census_literacy_rate_pct,82.0,OBSERVED,DIRECT_OBSERVED
578,nfhs_clean_fuel_pct,3.0,OBSERVED,DIRECT_OBSERVED
578,wasting_pct,9.5,OBSERVED,DIRECT_OBSERVED
578,rhs_chc_density_per_100k,0.428,OBSERVED,DIRECT_OBSERVED
578,nfhs_oope_delivery_rs,3317.0,OBSERVED,DIRECT_OBSERVED
578,niti_aspirational_district_flag,0.0,OBSERVED,DIRECT_OBSERVED
578,nfhs_hypertension_combined_pct,90.0,OBSERVED,DIRECT_OBSERVED
578,stunting_pct,32.4,OBSERVED,DIRECT_OBSERVED
578,nfhs_wasting_pct,9.5,OBSERVED,DIRECT_OBSERVED
578,mca21_pharma_density_per_100k,0.395,OBSERVED,DIRECT_OBSERVED
578,sanitation_pct,80.1,OBSERVED,DIRECT_OBSERVED
578,nfhs_diabetes_combined_pct,21.95,OBSERVED,DIRECT_OBSERVED
578,oope_delivery_rs,3317.0,OBSERVED,DIRECT_OBSERVED
578,hypertension_combined_pct_men,90.0,OBSERVED,DIRECT_OBSERVED
578,mca21_raw_company_count,12.0,OBSERVED,DIRECT_OBSERVED
578,diabetes_combined_pct_women,21.2,OBSERVED,DIRECT_OBSERVED
578,diabetes_combined_pct_men,22.7,OBSERVED,DIRECT_OBSERVED
578,jan_aushadhi_raw_count,54.0,OBSERVED,DIRECT_OBSERVED
578,census_decadal_growth_pct,12.4,OBSERVED,DIRECT_OBSERVED
578,nfhs_stunting_pct,32.4,OBSERVED,DIRECT_OBSERVED
578,census_urban_population_pct,49.32,OBSERVED,DIRECT_OBSERVED
735,rhs_phc_density_per_100k,1.773,INHERITED_FROM_579,INHERITED
735,census_total_population,2200000.0,OBSERVED,DIRECT_OBSERVED
735,rhs_hospital_presence,12.0,INHERITED_FROM_579,INHERITED
735,hypertension_combined_pct_women,90.0,IMPUTED_STATE_MEAN,STATISTICALLY_IMPUTED
735,insurance_pct,67.8,IMPUTED_STATE_MEAN,STATISTICALLY_IMPUTED
735,clean_fuel_pct,3.0,IMPUTED_STATE_MEAN,STATISTICALLY_IMPUTED
735,census_population_age_0_6_pct,10.2,OBSERVED,DIRECT_OBSERVED
735,rhs_subcentre_density_per_100k,11.727,INHERITED_FROM_579,INHERITED
735,underweight_pct,22.3258,IMPUTED_STATE_MEAN,STATISTICALLY_IMPUTED
735,nfhs_underweight_pct,24.3,INHERITED_FROM_579,INHERITED
735,nfhs_insurance_pct,70.9,INHERITED_FROM_579,INHERITED
735,nfhs_sanitation_pct,69.6,INHERITED_FROM_579,INHERITED
735,jan_aushadhi_density_per_100k,1.773,OBSERVED,DIRECT_OBSERVED
735,census_literacy_rate_pct,82.0,OBSERVED,DIRECT_OBSERVED
735,nfhs_clean_fuel_pct,3.0,INHERITED_FROM_579,INHERITED
735,wasting_pct,14.8419,IMPUTED_STATE_MEAN,STATISTICALLY_IMPUTED
735,rhs_chc_density_per_100k,0.5,INHERITED_FROM_579,INHERITED
735,nfhs_oope_delivery_rs,4655.0,INHERITED_FROM_579,INHERITED
735,niti_aspirational_district_flag,0.0,OBSERVED,DIRECT_OBSERVED
735,nfhs_hypertension_combined_pct,90.0,INHERITED_FROM_579,INHERITED
735,stunting_pct,25.3161,IMPUTED_STATE_MEAN,STATISTICALLY_IMPUTED
735,nfhs_wasting_pct,12.5,INHERITED_FROM_579,INHERITED
735,mca21_pharma_density_per_100k,0.364,OBSERVED,DIRECT_OBSERVED
735,sanitation_pct,72.1194,IMPUTED_STATE_MEAN,STATISTICALLY_IMPUTED
735,nfhs_diabetes_combined_pct,19.65,INHERITED_FROM_579,INHERITED
735,oope_delivery_rs,3327.4839,IMPUTED_STATE_MEAN,STATISTICALLY_IMPUTED
735,hypertension_combined_pct_men,90.0,IMPUTED_STATE_MEAN,STATISTICALLY_IMPUTED
735,mca21_raw_company_count,8.0,OBSERVED,DIRECT_OBSERVED
735,diabetes_combined_pct_women,20.5419,IMPUTED_STATE_MEAN,STATISTICALLY_IMPUTED
735,diabetes_combined_pct_men,22.2452,IMPUTED_STATE_MEAN,STATISTICALLY_IMPUTED
735,jan_aushadhi_raw_count,39.0,OBSERVED,DIRECT_OBSERVED
735,census_decadal_growth_pct,12.4,OBSERVED,DIRECT_OBSERVED
735,nfhs_stunting_pct,32.3,INHERITED_FROM_579,INHERITED
735,census_urban_population_pct,42.6,OBSERVED,DIRECT_OBSERVED
579,rhs_phc_density_per_100k,1.773,OBSERVED,DIRECT_OBSERVED
579,census_total_population,2200000.0,OBSERVED,DIRECT_OBSERVED
579,rhs_hospital_presence,12.0,OBSERVED,DIRECT_OBSERVED
579,hypertension_combined_pct_women,90.0,OBSERVED,DIRECT_OBSERVED
579,insurance_pct,70.9,OBSERVED,DIRECT_OBSERVED
579,clean_fuel_pct,3.0,OBSERVED,DIRECT_OBSERVED
579,census_population_age_0_6_pct,10.2,OBSERVED,DIRECT_OBSERVED
579,rhs_subcentre_density_per_100k,11.727,OBSERVED,DIRECT_OBSERVED
579,underweight_pct,24.3,OBSERVED,DIRECT_OBSERVED
579,nfhs_underweight_pct,24.3,OBSERVED,DIRECT_OBSERVED
579,nfhs_insurance_pct,70.9,OBSERVED,DIRECT_OBSERVED
579,nfhs_sanitation_pct,69.6,OBSERVED,DIRECT_OBSERVED
579,jan_aushadhi_density_per_100k,1.773,OBSERVED,DIRECT_OBSERVED
579,census_literacy_rate_pct,82.0,OBSERVED,DIRECT_OBSERVED
579,nfhs_clean_fuel_pct,3.0,OBSERVED,DIRECT_OBSERVED
579,wasting_pct,12.5,OBSERVED,DIRECT_OBSERVED
579,rhs_chc_density_per_100k,0.5,OBSERVED,DIRECT_OBSERVED
579,nfhs_oope_delivery_rs,4655.0,OBSERVED,DIRECT_OBSERVED
579,niti_aspirational_district_flag,0.0,OBSERVED,DIRECT_OBSERVED
579,nfhs_hypertension_combined_pct,90.0,OBSERVED,DIRECT_OBSERVED
579,stunting_pct,32.3,OBSERVED,DIRECT_OBSERVED
579,nfhs_wasting_pct,12.5,OBSERVED,DIRECT_OBSERVED
579,mca21_pharma_density_per_100k,0.364,OBSERVED,DIRECT_OBSERVED
579,sanitation_pct,69.6,OBSERVED,DIRECT_OBSERVED
579,nfhs_diabetes_combined_pct,19.65,OBSERVED,DIRECT_OBSERVED
579,oope_delivery_rs,4655.0,OBSERVED,DIRECT_OBSERVED
579,hypertension_combined_pct_men,90.0,OBSERVED,DIRECT_OBSERVED
579,mca21_raw_company_count,8.0,OBSERVED,DIRECT_OBSERVED
579,diabetes_combined_pct_women,19.4,OBSERVED,DIRECT_OBSERVED
579,diabetes_combined_pct_men,19.9,OBSERVED,DIRECT_OBSERVED
579,jan_aushadhi_raw_count,39.0,OBSERVED,DIRECT_OBSERVED
579,census_decadal_growth_pct,12.4,OBSERVED,DIRECT_OBSERVED
579,nfhs_stunting_pct,32.3,OBSERVED,DIRECT_OBSERVED
579,census_urban_population_pct,42.6,OBSERVED,DIRECT_OBSERVED
580,rhs_phc_density_per_100k,1.682,OBSERVED,DIRECT_OBSERVED
580,census_total_population,2200000.0,OBSERVED,DIRECT_OBSERVED
580,rhs_hospital_presence,8.0,OBSERVED,DIRECT_OBSERVED
580,hypertension_combined_pct_women,90.0,OBSERVED,DIRECT_OBSERVED
580,insurance_pct,68.8,OBSERVED,DIRECT_OBSERVED
580,clean_fuel_pct,3.0,OBSERVED,DIRECT_OBSERVED
580,census_population_age_0_6_pct,10.2,OBSERVED,DIRECT_OBSERVED
580,rhs_subcentre_density_per_100k,10.909,OBSERVED,DIRECT_OBSERVED
580,underweight_pct,15.7,OBSERVED,DIRECT_OBSERVED
580,nfhs_underweight_pct,15.7,OBSERVED,DIRECT_OBSERVED
580,nfhs_insurance_pct,68.8,OBSERVED,DIRECT_OBSERVED
580,nfhs_sanitation_pct,75.2,OBSERVED,DIRECT_OBSERVED
580,jan_aushadhi_density_per_100k,1.773,OBSERVED,DIRECT_OBSERVED
580,census_literacy_rate_pct,82.0,OBSERVED,DIRECT_OBSERVED
580,nfhs_clean_fuel_pct,3.0,OBSERVED,DIRECT_OBSERVED
580,wasting_pct,10.3,OBSERVED,DIRECT_OBSERVED
580,rhs_chc_density_per_100k,0.682,OBSERVED,DIRECT_OBSERVED
580,nfhs_oope_delivery_rs,3435.0,OBSERVED,DIRECT_OBSERVED
580,niti_aspirational_district_flag,0.0,OBSERVED,DIRECT_OBSERVED
580,nfhs_hypertension_combined_pct,90.0,OBSERVED,DIRECT_OBSERVED
580,stunting_pct,25.2,OBSERVED,DIRECT_OBSERVED
580,nfhs_wasting_pct,10.3,OBSERVED,DIRECT_OBSERVED
580,mca21_pharma_density_per_100k,0.364,OBSERVED,DIRECT_OBSERVED
580,sanitation_pct,75.2,OBSERVED,DIRECT_OBSERVED
580,nfhs_diabetes_combined_pct,21.85,OBSERVED,DIRECT_OBSERVED
580,oope_delivery_rs,3435.0,OBSERVED,DIRECT_OBSERVED
580,hypertension_combined_pct_men,90.0,OBSERVED,DIRECT_OBSERVED
580,mca21_raw_company_count,8.0,OBSERVED,DIRECT_OBSERVED
580,diabetes_combined_pct_women,19.7,OBSERVED,DIRECT_OBSERVED
580,diabetes_combined_pct_men,24.0,OBSERVED,DIRECT_OBSERVED
580,jan_aushadhi_raw_count,39.0,OBSERVED,DIRECT_OBSERVED
580,census_decadal_growth_pct,12.4,OBSERVED,DIRECT_OBSERVED
580,nfhs_stunting_pct,25.2,OBSERVED,DIRECT_OBSERVED
580,census_urban_population_pct,42.6,OBSERVED,DIRECT_OBSERVED
581,rhs_phc_density_per_100k,2.318,OBSERVED,DIRECT_OBSERVED
581,census_total_population,2200000.0,OBSERVED,DIRECT_OBSERVED
581,rhs_hospital_presence,7.0,OBSERVED,DIRECT_OBSERVED
581,hypertension_combined_pct_women,90.0,OBSERVED,DIRECT_OBSERVED
581,insurance_pct,75.5,OBSERVED,DIRECT_OBSERVED
581,clean_fuel_pct,3.0,OBSERVED,DIRECT_OBSERVED
581,census_population_age_0_6_pct,10.2,OBSERVED,DIRECT_OBSERVED
581,rhs_subcentre_density_per_100k,9.227,OBSERVED,DIRECT_OBSERVED
581,underweight_pct,22.3,OBSERVED,DIRECT_OBSERVED
581,nfhs_underweight_pct,22.3,OBSERVED,DIRECT_OBSERVED
581,nfhs_insurance_pct,75.5,OBSERVED,DIRECT_OBSERVED
581,nfhs_sanitation_pct,57.4,OBSERVED,DIRECT_OBSERVED
581,jan_aushadhi_density_per_100k,1.773,OBSERVED,DIRECT_OBSERVED
581,census_literacy_rate_pct,82.0,OBSERVED,DIRECT_OBSERVED
581,nfhs_clean_fuel_pct,3.0,OBSERVED,DIRECT_OBSERVED
581,wasting_pct,15.9,OBSERVED,DIRECT_OBSERVED
581,rhs_chc_density_per_100k,0.455,OBSERVED,DIRECT_OBSERVED
581,nfhs_oope_delivery_rs,3707.0,OBSERVED,DIRECT_OBSERVED
581,niti_aspirational_district_flag,0.0,OBSERVED,DIRECT_OBSERVED
581,nfhs_hypertension_combined_pct,90.0,OBSERVED,DIRECT_OBSERVED
581,stunting_pct,29.1,OBSERVED,DIRECT_OBSERVED
581,nfhs_wasting_pct,15.9,OBSERVED,DIRECT_OBSERVED
581,mca21_pharma_density_per_100k,0.364,OBSERVED,DIRECT_OBSERVED
581,sanitation_pct,57.4,OBSERVED,DIRECT_OBSERVED
581,nfhs_diabetes_combined_pct,22.1,OBSERVED,DIRECT_OBSERVED
581,oope_delivery_rs,3707.0,OBSERVED,DIRECT_OBSERVED
581,hypertension_combined_pct_men,90.0,OBSERVED,DIRECT_OBSERVED
581,mca21_raw_company_count,8.0,OBSERVED,DIRECT_OBSERVED
581,diabetes_combined_pct_women,21.0,OBSERVED,DIRECT_OBSERVED
581,diabetes_combined_pct_men,23.2,OBSERVED,DIRECT_OBSERVED
581,jan_aushadhi_raw_count,39.0,OBSERVED,DIRECT_OBSERVED
581,census_decadal_growth_pct,12.4,OBSERVED,DIRECT_OBSERVED
581,nfhs_stunting_pct,29.1,OBSERVED,DIRECT_OBSERVED
581,census_urban_population_pct,42.6,OBSERVED,DIRECT_OBSERVED
582,rhs_phc_density_per_100k,1.909,OBSERVED,DIRECT_OBSERVED
582,census_total_population,2200000.0,OBSERVED,DIRECT_OBSERVED
582,rhs_hospital_presence,12.0,OBSERVED,DIRECT_OBSERVED
582,hypertension_combined_pct_women,90.0,OBSERVED,DIRECT_OBSERVED
582,insurance_pct,72.9,OBSERVED,DIRECT_OBSERVED
582,clean_fuel_pct,3.0,OBSERVED,DIRECT_OBSERVED
582,census_population_age_0_6_pct,10.2,OBSERVED,DIRECT_OBSERVED
582,rhs_subcentre_density_per_100k,10.909,OBSERVED,DIRECT_OBSERVED
582,underweight_pct,21.6,OBSERVED,DIRECT_OBSERVED
582,nfhs_underweight_pct,21.6,OBSERVED,DIRECT_OBSERVED
582,nfhs_insurance_pct,72.9,OBSERVED,DIRECT_OBSERVED
582,nfhs_sanitation_pct,55.2,OBSERVED,DIRECT_OBSERVED
582,jan_aushadhi_density_per_100k,1.773,OBSERVED,DIRECT_OBSERVED
582,census_literacy_rate_pct,82.0,OBSERVED,DIRECT_OBSERVED
582,nfhs_clean_fuel_pct,3.0,OBSERVED,DIRECT_OBSERVED
582,wasting_pct,9.5,OBSERVED,DIRECT_OBSERVED
582,rhs_chc_density_per_100k,0.591,OBSERVED,DIRECT_OBSERVED
582,nfhs_oope_delivery_rs,2610.0,OBSERVED,DIRECT_OBSERVED
582,niti_aspirational_district_flag,0.0,OBSERVED,DIRECT_OBSERVED
582,nfhs_hypertension_combined_pct,90.0,OBSERVED,DIRECT_OBSERVED
582,stunting_pct,32.2,OBSERVED,DIRECT_OBSERVED
582,nfhs_wasting_pct,9.5,OBSERVED,DIRECT_OBSERVED
582,mca21_pharma_density_per_100k,0.364,OBSERVED,DIRECT_OBSERVED
582,sanitation_pct,55.2,OBSERVED,DIRECT_OBSERVED
582,nfhs_diabetes_combined_pct,20.75,OBSERVED,DIRECT_OBSERVED
582,oope_delivery_rs,2610.0,OBSERVED,DIRECT_OBSERVED
582,hypertension_combined_pct_men,90.0,OBSERVED,DIRECT_OBSERVED
582,mca21_raw_company_count,8.0,OBSERVED,DIRECT_OBSERVED
582,diabetes_combined_pct_women,18.5,OBSERVED,DIRECT_OBSERVED
582,diabetes_combined_pct_men,23.0,OBSERVED,DIRECT_OBSERVED
582,jan_aushadhi_raw_count,39.0,OBSERVED,DIRECT_OBSERVED
582,census_decadal_growth_pct,12.4,OBSERVED,DIRECT_OBSERVED
582,nfhs_stunting_pct,32.2,OBSERVED,DIRECT_OBSERVED
582,census_urban_population_pct,42.6,OBSERVED,DIRECT_OBSERVED
583,rhs_phc_density_per_100k,1.8864,IMPUTED_STATE_MEAN,STATISTICALLY_IMPUTED
583,census_total_population,2200000.0,OBSERVED,DIRECT_OBSERVED
583,rhs_hospital_presence,8.8824,IMPUTED_STATE_MEAN,STATISTICALLY_IMPUTED
583,hypertension_combined_pct_women,90.0,OBSERVED,DIRECT_OBSERVED
583,insurance_pct,69.7,OBSERVED,DIRECT_OBSERVED
583,clean_fuel_pct,3.0,OBSERVED,DIRECT_OBSERVED
583,census_population_age_0_6_pct,10.2,OBSERVED,DIRECT_OBSERVED
583,rhs_subcentre_density_per_100k,13.6474,IMPUTED_STATE_MEAN,STATISTICALLY_IMPUTED
583,underweight_pct,21.6,OBSERVED,DIRECT_OBSERVED
583,nfhs_underweight_pct,21.6,OBSERVED,DIRECT_OBSERVED
583,nfhs_insurance_pct,69.7,OBSERVED,DIRECT_OBSERVED
583,nfhs_sanitation_pct,78.6,OBSERVED,DIRECT_OBSERVED
583,jan_aushadhi_density_per_100k,1.773,OBSERVED,DIRECT_OBSERVED
583,census_literacy_rate_pct,82.0,OBSERVED,DIRECT_OBSERVED
583,nfhs_clean_fuel_pct,3.0,OBSERVED,DIRECT_OBSERVED
583,wasting_pct,17.7,OBSERVED,DIRECT_OBSERVED
583,rhs_chc_density_per_100k,0.6026,IMPUTED_STATE_MEAN,STATISTICALLY_IMPUTED
583,nfhs_oope_delivery_rs,3729.0,OBSERVED,DIRECT_OBSERVED
583,niti_aspirational_district_flag,1.0,OBSERVED,DIRECT_OBSERVED
583,nfhs_hypertension_combined_pct,90.0,OBSERVED,DIRECT_OBSERVED
583,stunting_pct,26.4,OBSERVED,DIRECT_OBSERVED
583,nfhs_wasting_pct,17.7,OBSERVED,DIRECT_OBSERVED
583,mca21_pharma_density_per_100k,0.364,OBSERVED,DIRECT_OBSERVED
583,sanitation_pct,78.6,OBSERVED,DIRECT_OBSERVED
583,nfhs_diabetes_combined_pct,18.7,OBSERVED,DIRECT_OBSERVED
583,oope_delivery_rs,3729.0,OBSERVED,DIRECT_OBSERVED
583,hypertension_combined_pct_men,90.0,OBSERVED,DIRECT_OBSERVED
583,mca21_raw_company_count,8.0,OBSERVED,DIRECT_OBSERVED
583,diabetes_combined_pct_women,17.2,OBSERVED,DIRECT_OBSERVED
583,diabetes_combined_pct_men,20.2,OBSERVED,DIRECT_OBSERVED
583,jan_aushadhi_raw_count,39.0,OBSERVED,DIRECT_OBSERVED
583,census_decadal_growth_pct,12.4,OBSERVED,DIRECT_OBSERVED
583,nfhs_stunting_pct,26.4,OBSERVED,DIRECT_OBSERVED
583,census_urban_population_pct,42.6,OBSERVED,DIRECT_OBSERVED
731,rhs_phc_density_per_100k,2.5,INHERITED_FROM_595,INHERITED
731,census_total_population,2200000.0,OBSERVED,DIRECT_OBSERVED
731,rhs_hospital_presence,10.0,INHERITED_FROM_595,INHERITED
731,hypertension_combined_pct_women,90.0,IMPUTED_STATE_MEAN,STATISTICALLY_IMPUTED
731,insurance_pct,67.8,IMPUTED_STATE_MEAN,STATISTICALLY_IMPUTED
731,clean_fuel_pct,3.0,IMPUTED_STATE_MEAN,STATISTICALLY_IMPUTED
731,census_population_age_0_6_pct,10.2,OBSERVED,DIRECT_OBSERVED
731,rhs_subcentre_density_per_100k,20.636,INHERITED_FROM_595,INHERITED
731,underweight_pct,22.3258,IMPUTED_STATE_MEAN,STATISTICALLY_IMPUTED
731,nfhs_underweight_pct,19.7,INHERITED_FROM_595,INHERITED
731,nfhs_insurance_pct,71.4,INHERITED_FROM_595,INHERITED
731,nfhs_sanitation_pct,76.2,INHERITED_FROM_595,INHERITED
731,jan_aushadhi_density_per_100k,1.773,OBSERVED,DIRECT_OBSERVED
731,census_literacy_rate_pct,82.0,OBSERVED,DIRECT_OBSERVED
731,nfhs_clean_fuel_pct,3.0,INHERITED_FROM_595,INHERITED
731,wasting_pct,14.8419,IMPUTED_STATE_MEAN,STATISTICALLY_IMPUTED
731,rhs_chc_density_per_100k,0.909,INHERITED_FROM_595,INHERITED
731,nfhs_oope_delivery_rs,2272.0,INHERITED_FROM_595,INHERITED
731,niti_aspirational_district_flag,0.0,OBSERVED,DIRECT_OBSERVED
731,nfhs_hypertension_combined_pct,90.0,INHERITED_FROM_595,INHERITED
731,stunting_pct,25.3161,IMPUTED_STATE_MEAN,STATISTICALLY_IMPUTED
731,nfhs_wasting_pct,13.1,INHERITED_FROM_595,INHERITED
731,mca21_pharma_density_per_100k,0.364,OBSERVED,DIRECT_OBSERVED
731,sanitation_pct,72.1194,IMPUTED_STATE_MEAN,STATISTICALLY_IMPUTED
731,nfhs_diabetes_combined_pct,20.9,INHERITED_FROM_595,INHERITED
731,oope_delivery_rs,3327.4839,IMPUTED_STATE_MEAN,STATISTICALLY_IMPUTED
731,hypertension_combined_pct_men,90.0,IMPUTED_STATE_MEAN,STATISTICALLY_IMPUTED
731,mca21_raw_company_count,8.0,OBSERVED,DIRECT_OBSERVED
731,diabetes_combined_pct_women,20.5419,IMPUTED_STATE_MEAN,STATISTICALLY_IMPUTED
731,diabetes_combined_pct_men,22.2452,IMPUTED_STATE_MEAN,STATISTICALLY_IMPUTED
731,jan_aushadhi_raw_count,39.0,OBSERVED,DIRECT_OBSERVED
731,census_decadal_growth_pct,12.4,OBSERVED,DIRECT_OBSERVED
731,nfhs_stunting_pct,29.8,INHERITED_FROM_595,INHERITED
731,census_urban_population_pct,42.6,OBSERVED,DIRECT_OBSERVED
584,rhs_phc_density_per_100k,1.695,OBSERVED,DIRECT_OBSERVED
584,census_total_population,3480000.0,OBSERVED,DIRECT_OBSERVED
584,rhs_hospital_presence,9.0,OBSERVED,DIRECT_OBSERVED
584,hypertension_combined_pct_women,90.0,OBSERVED,DIRECT_OBSERVED
584,insurance_pct,67.5,OBSERVED,DIRECT_OBSERVED
584,clean_fuel_pct,3.0,OBSERVED,DIRECT_OBSERVED
584,census_population_age_0_6_pct,10.2,OBSERVED,DIRECT_OBSERVED
584,rhs_subcentre_density_per_100k,11.437,OBSERVED,DIRECT_OBSERVED
584,underweight_pct,20.8,OBSERVED,DIRECT_OBSERVED
584,nfhs_underweight_pct,20.8,OBSERVED,DIRECT_OBSERVED
584,nfhs_insurance_pct,67.5,OBSERVED,DIRECT_OBSERVED
584,nfhs_sanitation_pct,64.5,OBSERVED,DIRECT_OBSERVED
584,jan_aushadhi_density_per_100k,1.293,OBSERVED,DIRECT_OBSERVED
584,census_literacy_rate_pct,82.0,OBSERVED,DIRECT_OBSERVED
584,nfhs_clean_fuel_pct,3.0,OBSERVED,DIRECT_OBSERVED
584,wasting_pct,10.1,OBSERVED,DIRECT_OBSERVED
584,rhs_chc_density_per_100k,0.575,OBSERVED,DIRECT_OBSERVED
584,nfhs_oope_delivery_rs,3965.0,OBSERVED,DIRECT_OBSERVED
584,niti_aspirational_district_flag,0.0,OBSERVED,DIRECT_OBSERVED
584,nfhs_hypertension_combined_pct,90.0,OBSERVED,DIRECT_OBSERVED
584,stunting_pct,23.6,OBSERVED,DIRECT_OBSERVED
584,nfhs_wasting_pct,10.1,OBSERVED,DIRECT_OBSERVED
584,mca21_pharma_density_per_100k,0.374,OBSERVED,DIRECT_OBSERVED
584,sanitation_pct,64.5,OBSERVED,DIRECT_OBSERVED
584,nfhs_diabetes_combined_pct,20.35,OBSERVED,DIRECT_OBSERVED
584,oope_delivery_rs,3965.0,OBSERVED,DIRECT_OBSERVED
584,hypertension_combined_pct_men,90.0,OBSERVED,DIRECT_OBSERVED
584,mca21_raw_company_count,13.0,OBSERVED,DIRECT_OBSERVED
584,diabetes_combined_pct_women,18.0,OBSERVED,DIRECT_OBSERVED
584,diabetes_combined_pct_men,22.7,OBSERVED,DIRECT_OBSERVED
584,jan_aushadhi_raw_count,45.0,OBSERVED,DIRECT_OBSERVED
584,census_decadal_growth_pct,12.4,OBSERVED,DIRECT_OBSERVED
584,nfhs_stunting_pct,23.6,OBSERVED,DIRECT_OBSERVED
584,census_urban_population_pct,52.84,OBSERVED,DIRECT_OBSERVED
585,rhs_phc_density_per_100k,1.636,OBSERVED,DIRECT_OBSERVED
585,census_total_population,2200000.0,OBSERVED,DIRECT_OBSERVED
585,rhs_hospital_presence,10.0,OBSERVED,DIRECT_OBSERVED
585,hypertension_combined_pct_women,90.0,OBSERVED,DIRECT_OBSERVED
585,insurance_pct,67.7,OBSERVED,DIRECT_OBSERVED
585,clean_fuel_pct,3.0,OBSERVED,DIRECT_OBSERVED
585,census_population_age_0_6_pct,10.2,OBSERVED,DIRECT_OBSERVED
585,rhs_subcentre_density_per_100k,12.5,OBSERVED,DIRECT_OBSERVED
585,underweight_pct,28.4,OBSERVED,DIRECT_OBSERVED
585,nfhs_underweight_pct,28.4,OBSERVED,DIRECT_OBSERVED
585,nfhs_insurance_pct,67.7,OBSERVED,DIRECT_OBSERVED
585,nfhs_sanitation_pct,74.4,OBSERVED,DIRECT_OBSERVED
585,jan_aushadhi_density_per_100k,1.773,OBSERVED,DIRECT_OBSERVED
585,census_literacy_rate_pct,82.0,OBSERVED,DIRECT_OBSERVED
585,nfhs_clean_fuel_pct,3.0,OBSERVED,DIRECT_OBSERVED
585,wasting_pct,22.8,OBSERVED,DIRECT_OBSERVED
585,rhs_chc_density_per_100k,0.545,OBSERVED,DIRECT_OBSERVED
585,nfhs_oope_delivery_rs,3143.0,OBSERVED,DIRECT_OBSERVED
585,niti_aspirational_district_flag,0.0,OBSERVED,DIRECT_OBSERVED
585,nfhs_hypertension_combined_pct,90.0,OBSERVED,DIRECT_OBSERVED
585,stunting_pct,27.6,OBSERVED,DIRECT_OBSERVED
585,nfhs_wasting_pct,22.8,OBSERVED,DIRECT_OBSERVED
585,mca21_pharma_density_per_100k,0.364,OBSERVED,DIRECT_OBSERVED
585,sanitation_pct,74.4,OBSERVED,DIRECT_OBSERVED
585,nfhs_diabetes_combined_pct,24.45,OBSERVED,DIRECT_OBSERVED
585,oope_delivery_rs,3143.0,OBSERVED,DIRECT_OBSERVED
585,hypertension_combined_pct_men,90.0,OBSERVED,DIRECT_OBSERVED
585,mca21_raw_company_count,8.0,OBSERVED,DIRECT_OBSERVED
585,diabetes_combined_pct_women,22.7,OBSERVED,DIRECT_OBSERVED
585,diabetes_combined_pct_men,26.2,OBSERVED,DIRECT_OBSERVED
585,jan_aushadhi_raw_count,39.0,OBSERVED,DIRECT_OBSERVED
585,census_decadal_growth_pct,12.4,OBSERVED,DIRECT_OBSERVED
585,nfhs_stunting_pct,27.6,OBSERVED,DIRECT_OBSERVED
585,census_urban_population_pct,42.6,OBSERVED,DIRECT_OBSERVED
733,rhs_phc_density_per_100k,2.273,INHERITED_FROM_592,INHERITED
733,census_total_population,2200000.0,OBSERVED,DIRECT_OBSERVED
733,rhs_hospital_presence,13.0,INHERITED_FROM_592,INHERITED
733,hypertension_combined_pct_women,90.0,IMPUTED_STATE_MEAN,STATISTICALLY_IMPUTED
733,insurance_pct,67.8,IMPUTED_STATE_MEAN,STATISTICALLY_IMPUTED
733,clean_fuel_pct,3.0,IMPUTED_STATE_MEAN,STATISTICALLY_IMPUTED
733,census_population_age_0_6_pct,10.2,OBSERVED,DIRECT_OBSERVED
733,rhs_subcentre_density_per_100k,17.409,INHERITED_FROM_592,INHERITED
733,underweight_pct,22.3258,IMPUTED_STATE_MEAN,STATISTICALLY_IMPUTED
733,nfhs_underweight_pct,22.7,INHERITED_FROM_592,INHERITED
733,nfhs_insurance_pct,61.3,INHERITED_FROM_592,INHERITED
733,nfhs_sanitation_pct,79.8,INHERITED_FROM_592,INHERITED
733,jan_aushadhi_density_per_100k,1.773,OBSERVED,DIRECT_OBSERVED
733,census_literacy_rate_pct,82.0,OBSERVED,DIRECT_OBSERVED
733,nfhs_clean_fuel_pct,3.0,INHERITED_FROM_592,INHERITED
733,wasting_pct,14.8419,IMPUTED_STATE_MEAN,STATISTICALLY_IMPUTED
733,rhs_chc_density_per_100k,0.864,INHERITED_FROM_592,INHERITED
733,nfhs_oope_delivery_rs,3281.0,INHERITED_FROM_592,INHERITED
733,niti_aspirational_district_flag,0.0,OBSERVED,DIRECT_OBSERVED
733,nfhs_hypertension_combined_pct,90.0,INHERITED_FROM_592,INHERITED
733,stunting_pct,25.3161,IMPUTED_STATE_MEAN,STATISTICALLY_IMPUTED
733,nfhs_wasting_pct,12.0,INHERITED_FROM_592,INHERITED
733,mca21_pharma_density_per_100k,0.364,OBSERVED,DIRECT_OBSERVED
733,sanitation_pct,72.1194,IMPUTED_STATE_MEAN,STATISTICALLY_IMPUTED
733,nfhs_diabetes_combined_pct,21.65,INHERITED_FROM_592,INHERITED
733,oope_delivery_rs,3327.4839,IMPUTED_STATE_MEAN,STATISTICALLY_IMPUTED
733,hypertension_combined_pct_men,90.0,IMPUTED_STATE_MEAN,STATISTICALLY_IMPUTED
733,mca21_raw_company_count,8.0,OBSERVED,DIRECT_OBSERVED
733,diabetes_combined_pct_women,20.5419,IMPUTED_STATE_MEAN,STATISTICALLY_IMPUTED
733,diabetes_combined_pct_men,22.2452,IMPUTED_STATE_MEAN,STATISTICALLY_IMPUTED
733,jan_aushadhi_raw_count,39.0,OBSERVED,DIRECT_OBSERVED
733,census_decadal_growth_pct,12.4,OBSERVED,DIRECT_OBSERVED
733,nfhs_stunting_pct,29.4,INHERITED_FROM_592,INHERITED
733,census_urban_population_pct,42.6,OBSERVED,DIRECT_OBSERVED
586,rhs_phc_density_per_100k,2.227,OBSERVED,DIRECT_OBSERVED
586,census_total_population,2200000.0,OBSERVED,DIRECT_OBSERVED
586,rhs_hospital_presence,13.0,OBSERVED,DIRECT_OBSERVED
586,hypertension_combined_pct_women,90.0,OBSERVED,DIRECT_OBSERVED
586,insurance_pct,70.6,OBSERVED,DIRECT_OBSERVED
586,clean_fuel_pct,3.0,OBSERVED,DIRECT_OBSERVED
586,census_population_age_0_6_pct,10.2,OBSERVED,DIRECT_OBSERVED
586,rhs_subcentre_density_per_100k,14.045,OBSERVED,DIRECT_OBSERVED
586,underweight_pct,21.9,OBSERVED,DIRECT_OBSERVED
586,nfhs_underweight_pct,21.9,OBSERVED,DIRECT_OBSERVED
586,nfhs_insurance_pct,70.6,OBSERVED,DIRECT_OBSERVED
586,nfhs_sanitation_pct,79.6,OBSERVED,DIRECT_OBSERVED
586,jan_aushadhi_density_per_100k,1.773,OBSERVED,DIRECT_OBSERVED
586,census_literacy_rate_pct,82.0,OBSERVED,DIRECT_OBSERVED
586,nfhs_clean_fuel_pct,3.0,OBSERVED,DIRECT_OBSERVED
586,wasting_pct,8.3,OBSERVED,DIRECT_OBSERVED
586,rhs_chc_density_per_100k,0.636,OBSERVED,DIRECT_OBSERVED
586,nfhs_oope_delivery_rs,3425.0,OBSERVED,DIRECT_OBSERVED
586,niti_aspirational_district_flag,0.0,OBSERVED,DIRECT_OBSERVED
586,nfhs_hypertension_combined_pct,90.0,OBSERVED,DIRECT_OBSERVED
586,stunting_pct,19.6,OBSERVED,DIRECT_OBSERVED
586,nfhs_wasting_pct,8.3,OBSERVED,DIRECT_OBSERVED
586,mca21_pharma_density_per_100k,0.364,OBSERVED,DIRECT_OBSERVED
586,sanitation_pct,79.6,OBSERVED,DIRECT_OBSERVED
586,nfhs_diabetes_combined_pct,26.15,OBSERVED,DIRECT_OBSERVED
586,oope_delivery_rs,3425.0,OBSERVED,DIRECT_OBSERVED
586,hypertension_combined_pct_men,90.0,OBSERVED,DIRECT_OBSERVED
586,mca21_raw_company_count,8.0,OBSERVED,DIRECT_OBSERVED
586,diabetes_combined_pct_women,23.3,OBSERVED,DIRECT_OBSERVED
586,diabetes_combined_pct_men,29.0,OBSERVED,DIRECT_OBSERVED
586,jan_aushadhi_raw_count,39.0,OBSERVED,DIRECT_OBSERVED
586,census_decadal_growth_pct,12.4,OBSERVED,DIRECT_OBSERVED
586,nfhs_stunting_pct,19.6,OBSERVED,DIRECT_OBSERVED
586,census_urban_population_pct,42.6,OBSERVED,DIRECT_OBSERVED
587,rhs_phc_density_per_100k,1.182,OBSERVED,DIRECT_OBSERVED
587,census_total_population,2200000.0,OBSERVED,DIRECT_OBSERVED
587,rhs_hospital_presence,6.0,OBSERVED,DIRECT_OBSERVED
587,hypertension_combined_pct_women,90.0,OBSERVED,DIRECT_OBSERVED
587,insurance_pct,74.5,OBSERVED,DIRECT_OBSERVED
587,clean_fuel_pct,3.0,OBSERVED,DIRECT_OBSERVED
587,census_population_age_0_6_pct,10.2,OBSERVED,DIRECT_OBSERVED
587,rhs_subcentre_density_per_100k,8.818,OBSERVED,DIRECT_OBSERVED
587,underweight_pct,23.2,OBSERVED,DIRECT_OBSERVED
587,nfhs_underweight_pct,23.2,OBSERVED,DIRECT_OBSERVED
587,nfhs_insurance_pct,74.5,OBSERVED,DIRECT_OBSERVED
587,nfhs_sanitation_pct,83.6,OBSERVED,DIRECT_OBSERVED
587,jan_aushadhi_density_per_100k,1.773,OBSERVED,DIRECT_OBSERVED
587,census_literacy_rate_pct,82.0,OBSERVED,DIRECT_OBSERVED
587,nfhs_clean_fuel_pct,3.0,OBSERVED,DIRECT_OBSERVED
587,wasting_pct,17.3,OBSERVED,DIRECT_OBSERVED
587,rhs_chc_density_per_100k,0.182,OBSERVED,DIRECT_OBSERVED
587,nfhs_oope_delivery_rs,3438.0,OBSERVED,DIRECT_OBSERVED
587,niti_aspirational_district_flag,0.0,OBSERVED,DIRECT_OBSERVED
587,nfhs_hypertension_combined_pct,90.0,OBSERVED,DIRECT_OBSERVED
587,stunting_pct,26.7,OBSERVED,DIRECT_OBSERVED
587,nfhs_wasting_pct,17.3,OBSERVED,DIRECT_OBSERVED
587,mca21_pharma_density_per_100k,0.364,OBSERVED,DIRECT_OBSERVED
587,sanitation_pct,83.6,OBSERVED,DIRECT_OBSERVED
587,nfhs_diabetes_combined_pct,14.3,OBSERVED,DIRECT_OBSERVED
587,oope_delivery_rs,3438.0,OBSERVED,DIRECT_OBSERVED
587,hypertension_combined_pct_men,90.0,OBSERVED,DIRECT_OBSERVED
587,mca21_raw_company_count,8.0,OBSERVED,DIRECT_OBSERVED
587,diabetes_combined_pct_women,13.6,OBSERVED,DIRECT_OBSERVED
587,diabetes_combined_pct_men,15.0,OBSERVED,DIRECT_OBSERVED
587,jan_aushadhi_raw_count,39.0,OBSERVED,DIRECT_OBSERVED
587,census_decadal_growth_pct,12.4,OBSERVED,DIRECT_OBSERVED
587,nfhs_stunting_pct,26.7,OBSERVED,DIRECT_OBSERVED
587,census_urban_population_pct,42.6,OBSERVED,DIRECT_OBSERVED
588,rhs_phc_density_per_100k,1.0,OBSERVED,DIRECT_OBSERVED
588,census_total_population,2200000.0,OBSERVED,DIRECT_OBSERVED
588,rhs_hospital_presence,6.0,OBSERVED,DIRECT_OBSERVED
588,hypertension_combined_pct_women,90.0,OBSERVED,DIRECT_OBSERVED
588,insurance_pct,67.4,OBSERVED,DIRECT_OBSERVED
588,clean_fuel_pct,3.0,OBSERVED,DIRECT_OBSERVED
588,census_population_age_0_6_pct,10.2,OBSERVED,DIRECT_OBSERVED
588,rhs_subcentre_density_per_100k,7.364,OBSERVED,DIRECT_OBSERVED
588,underweight_pct,18.8,OBSERVED,DIRECT_OBSERVED
588,nfhs_underweight_pct,18.8,OBSERVED,DIRECT_OBSERVED
588,nfhs_insurance_pct,67.4,OBSERVED,DIRECT_OBSERVED
588,nfhs_sanitation_pct,74.4,OBSERVED,DIRECT_OBSERVED
588,jan_aushadhi_density_per_100k,1.773,OBSERVED,DIRECT_OBSERVED
588,census_literacy_rate_pct,82.0,OBSERVED,DIRECT_OBSERVED
588,nfhs_clean_fuel_pct,3.0,OBSERVED,DIRECT_OBSERVED
588,wasting_pct,15.5,OBSERVED,DIRECT_OBSERVED
588,rhs_chc_density_per_100k,0.364,OBSERVED,DIRECT_OBSERVED
588,nfhs_oope_delivery_rs,1773.0,OBSERVED,DIRECT_OBSERVED
588,niti_aspirational_district_flag,0.0,OBSERVED,DIRECT_OBSERVED
588,nfhs_hypertension_combined_pct,90.0,OBSERVED,DIRECT_OBSERVED
588,stunting_pct,20.2,OBSERVED,DIRECT_OBSERVED
588,nfhs_wasting_pct,15.5,OBSERVED,DIRECT_OBSERVED
588,mca21_pharma_density_per_100k,0.364,OBSERVED,DIRECT_OBSERVED
588,sanitation_pct,74.4,OBSERVED,DIRECT_OBSERVED
588,nfhs_diabetes_combined_pct,23.0,OBSERVED,DIRECT_OBSERVED
588,oope_delivery_rs,1773.0,OBSERVED,DIRECT_OBSERVED
588,hypertension_combined_pct_men,90.0,OBSERVED,DIRECT_OBSERVED
588,mca21_raw_company_count,8.0,OBSERVED,DIRECT_OBSERVED
588,diabetes_combined_pct_women,22.9,OBSERVED,DIRECT_OBSERVED
588,diabetes_combined_pct_men,23.1,OBSERVED,DIRECT_OBSERVED
588,jan_aushadhi_raw_count,39.0,OBSERVED,DIRECT_OBSERVED
588,census_decadal_growth_pct,12.4,OBSERVED,DIRECT_OBSERVED
588,nfhs_stunting_pct,20.2,OBSERVED,DIRECT_OBSERVED
588,census_urban_population_pct,42.6,OBSERVED,DIRECT_OBSERVED
589,rhs_phc_density_per_100k,1.545,OBSERVED,DIRECT_OBSERVED
589,census_total_population,2200000.0,OBSERVED,DIRECT_OBSERVED
589,rhs_hospital_presence,11.0,OBSERVED,DIRECT_OBSERVED
589,hypertension_combined_pct_women,90.0,OBSERVED,DIRECT_OBSERVED
589,insurance_pct,57.4,OBSERVED,DIRECT_OBSERVED
589,clean_fuel_pct,3.0,OBSERVED,DIRECT_OBSERVED
589,census_population_age_0_6_pct,10.2,OBSERVED,DIRECT_OBSERVED
589,rhs_subcentre_density_per_100k,13.773,OBSERVED,DIRECT_OBSERVED
589,underweight_pct,20.6,OBSERVED,DIRECT_OBSERVED
589,nfhs_underweight_pct,20.6,OBSERVED,DIRECT_OBSERVED
589,nfhs_insurance_pct,57.4,OBSERVED,DIRECT_OBSERVED
589,nfhs_sanitation_pct,75.6,OBSERVED,DIRECT_OBSERVED
589,jan_aushadhi_density_per_100k,1.773,OBSERVED,DIRECT_OBSERVED
589,census_literacy_rate_pct,82.0,OBSERVED,DIRECT_OBSERVED
589,nfhs_clean_fuel_pct,3.0,OBSERVED,DIRECT_OBSERVED
589,wasting_pct,17.0,OBSERVED,DIRECT_OBSERVED
589,rhs_chc_density_per_100k,0.636,OBSERVED,DIRECT_OBSERVED
589,nfhs_oope_delivery_rs,3668.0,OBSERVED,DIRECT_OBSERVED
589,niti_aspirational_district_flag,0.0,OBSERVED,DIRECT_OBSERVED
589,nfhs_hypertension_combined_pct,90.0,OBSERVED,DIRECT_OBSERVED
589,stunting_pct,18.1,OBSERVED,DIRECT_OBSERVED
589,nfhs_wasting_pct,17.0,OBSERVED,DIRECT_OBSERVED
589,mca21_pharma_density_per_100k,0.364,OBSERVED,DIRECT_OBSERVED
589,sanitation_pct,75.6,OBSERVED,DIRECT_OBSERVED
589,nfhs_diabetes_combined_pct,22.95,OBSERVED,DIRECT_OBSERVED
589,oope_delivery_rs,3668.0,OBSERVED,DIRECT_OBSERVED
589,hypertension_combined_pct_men,90.0,OBSERVED,DIRECT_OBSERVED
589,mca21_raw_company_count,8.0,OBSERVED,DIRECT_OBSERVED
589,diabetes_combined_pct_women,22.5,OBSERVED,DIRECT_OBSERVED
589,diabetes_combined_pct_men,23.4,OBSERVED,DIRECT_OBSERVED
589,jan_aushadhi_raw_count,39.0,OBSERVED,DIRECT_OBSERVED
589,census_decadal_growth_pct,12.4,OBSERVED,DIRECT_OBSERVED
589,nfhs_stunting_pct,18.1,OBSERVED,DIRECT_OBSERVED
589,census_urban_population_pct,42.6,OBSERVED,DIRECT_OBSERVED
590,rhs_phc_density_per_100k,1.455,OBSERVED,DIRECT_OBSERVED
590,census_total_population,2200000.0,OBSERVED,DIRECT_OBSERVED
590,rhs_hospital_presence,7.0,OBSERVED,DIRECT_OBSERVED
590,hypertension_combined_pct_women,90.0,OBSERVED,DIRECT_OBSERVED
590,insurance_pct,75.2,OBSERVED,DIRECT_OBSERVED
590,clean_fuel_pct,3.0,OBSERVED,DIRECT_OBSERVED
590,census_population_age_0_6_pct,10.2,OBSERVED,DIRECT_OBSERVED
590,rhs_subcentre_density_per_100k,8.864,OBSERVED,DIRECT_OBSERVED
590,underweight_pct,21.5,OBSERVED,DIRECT_OBSERVED
590,nfhs_underweight_pct,21.5,OBSERVED,DIRECT_OBSERVED
590,nfhs_insurance_pct,75.2,OBSERVED,DIRECT_OBSERVED
590,nfhs_sanitation_pct,71.0,OBSERVED,DIRECT_OBSERVED
590,jan_aushadhi_density_per_100k,1.773,OBSERVED,DIRECT_OBSERVED
590,census_literacy_rate_pct,82.0,OBSERVED,DIRECT_OBSERVED
590,nfhs_clean_fuel_pct,3.0,OBSERVED,DIRECT_OBSERVED
590,wasting_pct,18.4,OBSERVED,DIRECT_OBSERVED
590,rhs_chc_density_per_100k,0.455,OBSERVED,DIRECT_OBSERVED
590,nfhs_oope_delivery_rs,4590.0,OBSERVED,DIRECT_OBSERVED
590,niti_aspirational_district_flag,0.0,OBSERVED,DIRECT_OBSERVED
590,nfhs_hypertension_combined_pct,90.0,OBSERVED,DIRECT_OBSERVED
590,stunting_pct,19.8,OBSERVED,DIRECT_OBSERVED
590,nfhs_wasting_pct,18.4,OBSERVED,DIRECT_OBSERVED
590,mca21_pharma_density_per_100k,0.364,OBSERVED,DIRECT_OBSERVED
590,sanitation_pct,71.0,OBSERVED,DIRECT_OBSERVED
590,nfhs_diabetes_combined_pct,26.2,OBSERVED,DIRECT_OBSERVED
590,oope_delivery_rs,4590.0,OBSERVED,DIRECT_OBSERVED
590,hypertension_combined_pct_men,90.0,OBSERVED,DIRECT_OBSERVED
590,mca21_raw_company_count,8.0,OBSERVED,DIRECT_OBSERVED
590,diabetes_combined_pct_women,26.5,OBSERVED,DIRECT_OBSERVED
590,diabetes_combined_pct_men,25.9,OBSERVED,DIRECT_OBSERVED
590,jan_aushadhi_raw_count,39.0,OBSERVED,DIRECT_OBSERVED
590,census_decadal_growth_pct,12.4,OBSERVED,DIRECT_OBSERVED
590,nfhs_stunting_pct,19.8,OBSERVED,DIRECT_OBSERVED
590,census_urban_population_pct,42.6,OBSERVED,DIRECT_OBSERVED
594,rhs_phc_density_per_100k,1.636,OBSERVED,DIRECT_OBSERVED
594,census_total_population,2200000.0,OBSERVED,DIRECT_OBSERVED
594,rhs_hospital_presence,9.0,OBSERVED,DIRECT_OBSERVED
594,hypertension_combined_pct_women,90.0,OBSERVED,DIRECT_OBSERVED
594,insurance_pct,57.8,OBSERVED,DIRECT_OBSERVED
594,clean_fuel_pct,3.0,OBSERVED,DIRECT_OBSERVED
594,census_population_age_0_6_pct,10.2,OBSERVED,DIRECT_OBSERVED
594,rhs_subcentre_density_per_100k,11.318,OBSERVED,DIRECT_OBSERVED
594,underweight_pct,21.0,OBSERVED,DIRECT_OBSERVED
594,nfhs_underweight_pct,21.0,OBSERVED,DIRECT_OBSERVED
594,nfhs_insurance_pct,57.8,OBSERVED,DIRECT_OBSERVED
594,nfhs_sanitation_pct,79.4,OBSERVED,DIRECT_OBSERVED
594,jan_aushadhi_density_per_100k,1.773,OBSERVED,DIRECT_OBSERVED
594,census_literacy_rate_pct,82.0,OBSERVED,DIRECT_OBSERVED
594,nfhs_clean_fuel_pct,3.0,OBSERVED,DIRECT_OBSERVED
594,wasting_pct,18.4,OBSERVED,DIRECT_OBSERVED
594,rhs_chc_density_per_100k,0.545,OBSERVED,DIRECT_OBSERVED
594,nfhs_oope_delivery_rs,3180.0,OBSERVED,DIRECT_OBSERVED
594,niti_aspirational_district_flag,0.0,OBSERVED,DIRECT_OBSERVED
594,nfhs_hypertension_combined_pct,90.0,OBSERVED,DIRECT_OBSERVED
594,stunting_pct,20.3,OBSERVED,DIRECT_OBSERVED
594,nfhs_wasting_pct,18.4,OBSERVED,DIRECT_OBSERVED
594,mca21_pharma_density_per_100k,0.364,OBSERVED,DIRECT_OBSERVED
594,sanitation_pct,79.4,OBSERVED,DIRECT_OBSERVED
594,nfhs_diabetes_combined_pct,23.7,OBSERVED,DIRECT_OBSERVED
594,oope_delivery_rs,3180.0,OBSERVED,DIRECT_OBSERVED
594,hypertension_combined_pct_men,90.0,OBSERVED,DIRECT_OBSERVED
594,mca21_raw_company_count,8.0,OBSERVED,DIRECT_OBSERVED
594,diabetes_combined_pct_women,22.0,OBSERVED,DIRECT_OBSERVED
594,diabetes_combined_pct_men,25.4,OBSERVED,DIRECT_OBSERVED
594,jan_aushadhi_raw_count,39.0,OBSERVED,DIRECT_OBSERVED
594,census_decadal_growth_pct,12.4,OBSERVED,DIRECT_OBSERVED
594,nfhs_stunting_pct,20.3,OBSERVED,DIRECT_OBSERVED
594,census_urban_population_pct,42.6,OBSERVED,DIRECT_OBSERVED
591,rhs_phc_density_per_100k,1.8864,IMPUTED_STATE_MEAN,STATISTICALLY_IMPUTED
591,census_total_population,2720000.0,OBSERVED,DIRECT_OBSERVED
591,rhs_hospital_presence,8.8824,IMPUTED_STATE_MEAN,STATISTICALLY_IMPUTED
591,hypertension_combined_pct_women,90.0,OBSERVED,DIRECT_OBSERVED
591,insurance_pct,67.8,OBSERVED,DIRECT_OBSERVED
591,clean_fuel_pct,3.0,OBSERVED,DIRECT_OBSERVED
591,census_population_age_0_6_pct,10.2,OBSERVED,DIRECT_OBSERVED
591,rhs_subcentre_density_per_100k,13.6474,IMPUTED_STATE_MEAN,STATISTICALLY_IMPUTED
591,underweight_pct,27.4,OBSERVED,DIRECT_OBSERVED
591,nfhs_underweight_pct,27.4,OBSERVED,DIRECT_OBSERVED
591,nfhs_insurance_pct,67.8,OBSERVED,DIRECT_OBSERVED
591,nfhs_sanitation_pct,67.1,OBSERVED,DIRECT_OBSERVED
591,jan_aushadhi_density_per_100k,1.765,OBSERVED,DIRECT_OBSERVED
591,census_literacy_rate_pct,82.0,OBSERVED,DIRECT_OBSERVED
591,nfhs_clean_fuel_pct,3.0,OBSERVED,DIRECT_OBSERVED
591,wasting_pct,20.9,OBSERVED,DIRECT_OBSERVED
591,rhs_chc_density_per_100k,0.6026,IMPUTED_STATE_MEAN,STATISTICALLY_IMPUTED
591,nfhs_oope_delivery_rs,2593.0,OBSERVED,DIRECT_OBSERVED
591,niti_aspirational_district_flag,0.0,OBSERVED,DIRECT_OBSERVED
591,nfhs_hypertension_combined_pct,90.0,OBSERVED,DIRECT_OBSERVED
591,stunting_pct,27.6,OBSERVED,DIRECT_OBSERVED
591,nfhs_wasting_pct,20.9,OBSERVED,DIRECT_OBSERVED
591,mca21_pharma_density_per_100k,0.368,OBSERVED,DIRECT_OBSERVED
591,sanitation_pct,67.1,OBSERVED,DIRECT_OBSERVED
591,nfhs_diabetes_combined_pct,24.6,OBSERVED,DIRECT_OBSERVED
591,oope_delivery_rs,2593.0,OBSERVED,DIRECT_OBSERVED
591,hypertension_combined_pct_men,90.0,OBSERVED,DIRECT_OBSERVED
591,mca21_raw_company_count,10.0,OBSERVED,DIRECT_OBSERVED
591,diabetes_combined_pct_women,22.7,OBSERVED,DIRECT_OBSERVED
591,diabetes_combined_pct_men,26.5,OBSERVED,DIRECT_OBSERVED
591,jan_aushadhi_raw_count,48.0,OBSERVED,DIRECT_OBSERVED
591,census_decadal_growth_pct,12.4,OBSERVED,DIRECT_OBSERVED
591,nfhs_stunting_pct,27.6,OBSERVED,DIRECT_OBSERVED
591,census_urban_population_pct,46.76,OBSERVED,DIRECT_OBSERVED
592,rhs_phc_density_per_100k,2.273,OBSERVED,DIRECT_OBSERVED
592,census_total_population,2200000.0,OBSERVED,DIRECT_OBSERVED
592,rhs_hospital_presence,13.0,OBSERVED,DIRECT_OBSERVED
592,hypertension_combined_pct_women,90.0,OBSERVED,DIRECT_OBSERVED
592,insurance_pct,61.3,OBSERVED,DIRECT_OBSERVED
592,clean_fuel_pct,3.0,OBSERVED,DIRECT_OBSERVED
592,census_population_age_0_6_pct,10.2,OBSERVED,DIRECT_OBSERVED
592,rhs_subcentre_density_per_100k,17.409,OBSERVED,DIRECT_OBSERVED
592,underweight_pct,22.7,OBSERVED,DIRECT_OBSERVED
592,nfhs_underweight_pct,22.7,OBSERVED,DIRECT_OBSERVED
592,nfhs_insurance_pct,61.3,OBSERVED,DIRECT_OBSERVED
592,nfhs_sanitation_pct,79.8,OBSERVED,DIRECT_OBSERVED
592,jan_aushadhi_density_per_100k,1.773,OBSERVED,DIRECT_OBSERVED
592,census_literacy_rate_pct,82.0,OBSERVED,DIRECT_OBSERVED
592,nfhs_clean_fuel_pct,3.0,OBSERVED,DIRECT_OBSERVED
592,wasting_pct,12.0,OBSERVED,DIRECT_OBSERVED
592,rhs_chc_density_per_100k,0.864,OBSERVED,DIRECT_OBSERVED
592,nfhs_oope_delivery_rs,3281.0,OBSERVED,DIRECT_OBSERVED
592,niti_aspirational_district_flag,0.0,OBSERVED,DIRECT_OBSERVED
592,nfhs_hypertension_combined_pct,90.0,OBSERVED,DIRECT_OBSERVED
592,stunting_pct,29.4,OBSERVED,DIRECT_OBSERVED
592,nfhs_wasting_pct,12.0,OBSERVED,DIRECT_OBSERVED
592,mca21_pharma_density_per_100k,0.364,OBSERVED,DIRECT_OBSERVED
592,sanitation_pct,79.8,OBSERVED,DIRECT_OBSERVED
592,nfhs_diabetes_combined_pct,21.65,OBSERVED,DIRECT_OBSERVED
592,oope_delivery_rs,3281.0,OBSERVED,DIRECT_OBSERVED
592,hypertension_combined_pct_men,90.0,OBSERVED,DIRECT_OBSERVED
592,mca21_raw_company_count,8.0,OBSERVED,DIRECT_OBSERVED
592,diabetes_combined_pct_women,21.0,OBSERVED,DIRECT_OBSERVED
592,diabetes_combined_pct_men,22.3,OBSERVED,DIRECT_OBSERVED
592,jan_aushadhi_raw_count,39.0,OBSERVED,DIRECT_OBSERVED
592,census_decadal_growth_pct,12.4,OBSERVED,DIRECT_OBSERVED
592,nfhs_stunting_pct,29.4,OBSERVED,DIRECT_OBSERVED
592,census_urban_population_pct,42.6,OBSERVED,DIRECT_OBSERVED
732,rhs_phc_density_per_100k,2.5,INHERITED_FROM_595,INHERITED
732,census_total_population,2200000.0,OBSERVED,DIRECT_OBSERVED
732,rhs_hospital_presence,10.0,INHERITED_FROM_595,INHERITED
732,hypertension_combined_pct_women,90.0,IMPUTED_STATE_MEAN,STATISTICALLY_IMPUTED
732,insurance_pct,67.8,IMPUTED_STATE_MEAN,STATISTICALLY_IMPUTED
732,clean_fuel_pct,3.0,IMPUTED_STATE_MEAN,STATISTICALLY_IMPUTED
732,census_population_age_0_6_pct,10.2,OBSERVED,DIRECT_OBSERVED
732,rhs_subcentre_density_per_100k,20.636,INHERITED_FROM_595,INHERITED
732,underweight_pct,22.3258,IMPUTED_STATE_MEAN,STATISTICALLY_IMPUTED
732,nfhs_underweight_pct,19.7,INHERITED_FROM_595,INHERITED
732,nfhs_insurance_pct,71.4,INHERITED_FROM_595,INHERITED
732,nfhs_sanitation_pct,76.2,INHERITED_FROM_595,INHERITED
732,jan_aushadhi_density_per_100k,1.773,OBSERVED,DIRECT_OBSERVED
732,census_literacy_rate_pct,82.0,OBSERVED,DIRECT_OBSERVED
732,nfhs_clean_fuel_pct,3.0,INHERITED_FROM_595,INHERITED
732,wasting_pct,14.8419,IMPUTED_STATE_MEAN,STATISTICALLY_IMPUTED
732,rhs_chc_density_per_100k,0.909,INHERITED_FROM_595,INHERITED
732,nfhs_oope_delivery_rs,2272.0,INHERITED_FROM_595,INHERITED
732,niti_aspirational_district_flag,0.0,OBSERVED,DIRECT_OBSERVED
732,nfhs_hypertension_combined_pct,90.0,INHERITED_FROM_595,INHERITED
732,stunting_pct,25.3161,IMPUTED_STATE_MEAN,STATISTICALLY_IMPUTED
732,nfhs_wasting_pct,13.1,INHERITED_FROM_595,INHERITED
732,mca21_pharma_density_per_100k,0.364,OBSERVED,DIRECT_OBSERVED
732,sanitation_pct,72.1194,IMPUTED_STATE_MEAN,STATISTICALLY_IMPUTED
732,nfhs_diabetes_combined_pct,20.9,INHERITED_FROM_595,INHERITED
732,oope_delivery_rs,3327.4839,IMPUTED_STATE_MEAN,STATISTICALLY_IMPUTED
732,hypertension_combined_pct_men,90.0,IMPUTED_STATE_MEAN,STATISTICALLY_IMPUTED
732,mca21_raw_company_count,8.0,OBSERVED,DIRECT_OBSERVED
732,diabetes_combined_pct_women,20.5419,IMPUTED_STATE_MEAN,STATISTICALLY_IMPUTED
732,diabetes_combined_pct_men,22.2452,IMPUTED_STATE_MEAN,STATISTICALLY_IMPUTED
732,jan_aushadhi_raw_count,39.0,OBSERVED,DIRECT_OBSERVED
732,census_decadal_growth_pct,12.4,OBSERVED,DIRECT_OBSERVED
732,nfhs_stunting_pct,29.8,INHERITED_FROM_595,INHERITED
732,census_urban_population_pct,42.6,OBSERVED,DIRECT_OBSERVED
634,rhs_phc_density_per_100k,1.364,OBSERVED,DIRECT_OBSERVED
634,census_total_population,2200000.0,OBSERVED,DIRECT_OBSERVED
634,rhs_hospital_presence,8.0,OBSERVED,DIRECT_OBSERVED
634,hypertension_combined_pct_women,90.0,OBSERVED,DIRECT_OBSERVED
634,insurance_pct,59.9,OBSERVED,DIRECT_OBSERVED
634,clean_fuel_pct,3.0,OBSERVED,DIRECT_OBSERVED
634,census_population_age_0_6_pct,10.2,OBSERVED,DIRECT_OBSERVED
634,rhs_subcentre_density_per_100k,11.0,OBSERVED,DIRECT_OBSERVED
634,underweight_pct,23.1,OBSERVED,DIRECT_OBSERVED
634,nfhs_underweight_pct,23.1,OBSERVED,DIRECT_OBSERVED
634,nfhs_insurance_pct,59.9,OBSERVED,DIRECT_OBSERVED
634,nfhs_sanitation_pct,75.9,OBSERVED,DIRECT_OBSERVED
634,jan_aushadhi_density_per_100k,1.773,OBSERVED,DIRECT_OBSERVED
634,census_literacy_rate_pct,82.0,OBSERVED,DIRECT_OBSERVED
634,nfhs_clean_fuel_pct,3.0,OBSERVED,DIRECT_OBSERVED
634,wasting_pct,15.3,OBSERVED,DIRECT_OBSERVED
634,rhs_chc_density_per_100k,0.591,OBSERVED,DIRECT_OBSERVED
634,nfhs_oope_delivery_rs,5017.0,OBSERVED,DIRECT_OBSERVED
634,niti_aspirational_district_flag,0.0,OBSERVED,DIRECT_OBSERVED
634,nfhs_hypertension_combined_pct,90.0,OBSERVED,DIRECT_OBSERVED
634,stunting_pct,21.5,OBSERVED,DIRECT_OBSERVED
634,nfhs_wasting_pct,15.3,OBSERVED,DIRECT_OBSERVED
634,mca21_pharma_density_per_100k,0.364,OBSERVED,DIRECT_OBSERVED
634,sanitation_pct,75.9,OBSERVED,DIRECT_OBSERVED
634,nfhs_diabetes_combined_pct,18.45,OBSERVED,DIRECT_OBSERVED
634,oope_delivery_rs,5017.0,OBSERVED,DIRECT_OBSERVED
634,hypertension_combined_pct_men,90.0,OBSERVED,DIRECT_OBSERVED
634,mca21_raw_company_count,8.0,OBSERVED,DIRECT_OBSERVED
634,diabetes_combined_pct_women,18.3,OBSERVED,DIRECT_OBSERVED
634,diabetes_combined_pct_men,18.6,OBSERVED,DIRECT_OBSERVED
634,jan_aushadhi_raw_count,39.0,OBSERVED,DIRECT_OBSERVED
634,census_decadal_growth_pct,12.4,OBSERVED,DIRECT_OBSERVED
634,nfhs_stunting_pct,21.5,OBSERVED,DIRECT_OBSERVED
634,census_urban_population_pct,42.6,OBSERVED,DIRECT_OBSERVED
593,rhs_phc_density_per_100k,3.318,OBSERVED,DIRECT_OBSERVED
593,census_total_population,2200000.0,OBSERVED,DIRECT_OBSERVED
593,rhs_hospital_presence,7.0,OBSERVED,DIRECT_OBSERVED
593,hypertension_combined_pct_women,90.0,OBSERVED,DIRECT_OBSERVED
593,insurance_pct,69.6,OBSERVED,DIRECT_OBSERVED
593,clean_fuel_pct,3.0,OBSERVED,DIRECT_OBSERVED
593,census_population_age_0_6_pct,10.2,OBSERVED,DIRECT_OBSERVED
593,rhs_subcentre_density_per_100k,18.636,OBSERVED,DIRECT_OBSERVED
593,underweight_pct,25.0,OBSERVED,DIRECT_OBSERVED
593,nfhs_underweight_pct,25.0,OBSERVED,DIRECT_OBSERVED
593,nfhs_insurance_pct,69.6,OBSERVED,DIRECT_OBSERVED
593,nfhs_sanitation_pct,61.7,OBSERVED,DIRECT_OBSERVED
593,jan_aushadhi_density_per_100k,1.773,OBSERVED,DIRECT_OBSERVED
593,census_literacy_rate_pct,82.0,OBSERVED,DIRECT_OBSERVED
593,nfhs_clean_fuel_pct,3.0,OBSERVED,DIRECT_OBSERVED
593,wasting_pct,14.8,OBSERVED,DIRECT_OBSERVED
593,rhs_chc_density_per_100k,0.818,OBSERVED,DIRECT_OBSERVED
593,nfhs_oope_delivery_rs,2724.0,OBSERVED,DIRECT_OBSERVED
593,niti_aspirational_district_flag,0.0,OBSERVED,DIRECT_OBSERVED
593,nfhs_hypertension_combined_pct,90.0,OBSERVED,DIRECT_OBSERVED
593,stunting_pct,30.6,OBSERVED,DIRECT_OBSERVED
593,nfhs_wasting_pct,14.8,OBSERVED,DIRECT_OBSERVED
593,mca21_pharma_density_per_100k,0.364,OBSERVED,DIRECT_OBSERVED
593,sanitation_pct,61.7,OBSERVED,DIRECT_OBSERVED
593,nfhs_diabetes_combined_pct,20.3,OBSERVED,DIRECT_OBSERVED
593,oope_delivery_rs,2724.0,OBSERVED,DIRECT_OBSERVED
593,hypertension_combined_pct_men,90.0,OBSERVED,DIRECT_OBSERVED
593,mca21_raw_company_count,8.0,OBSERVED,DIRECT_OBSERVED
593,diabetes_combined_pct_women,18.8,OBSERVED,DIRECT_OBSERVED
593,diabetes_combined_pct_men,21.8,OBSERVED,DIRECT_OBSERVED
593,jan_aushadhi_raw_count,39.0,OBSERVED,DIRECT_OBSERVED
593,census_decadal_growth_pct,12.4,OBSERVED,DIRECT_OBSERVED
593,nfhs_stunting_pct,30.6,OBSERVED,DIRECT_OBSERVED
593,census_urban_population_pct,42.6,OBSERVED,DIRECT_OBSERVED
595,rhs_phc_density_per_100k,2.5,OBSERVED,DIRECT_OBSERVED
595,census_total_population,2200000.0,OBSERVED,DIRECT_OBSERVED
595,rhs_hospital_presence,10.0,OBSERVED,DIRECT_OBSERVED
595,hypertension_combined_pct_women,90.0,OBSERVED,DIRECT_OBSERVED
595,insurance_pct,71.4,OBSERVED,DIRECT_OBSERVED
595,clean_fuel_pct,3.0,OBSERVED,DIRECT_OBSERVED
595,census_population_age_0_6_pct,10.2,OBSERVED,DIRECT_OBSERVED
595,rhs_subcentre_density_per_100k,20.636,OBSERVED,DIRECT_OBSERVED
595,underweight_pct,19.7,OBSERVED,DIRECT_OBSERVED
595,nfhs_underweight_pct,19.7,OBSERVED,DIRECT_OBSERVED
595,nfhs_insurance_pct,71.4,OBSERVED,DIRECT_OBSERVED
595,nfhs_sanitation_pct,76.2,OBSERVED,DIRECT_OBSERVED
595,jan_aushadhi_density_per_100k,1.773,OBSERVED,DIRECT_OBSERVED
595,census_literacy_rate_pct,82.0,OBSERVED,DIRECT_OBSERVED
595,nfhs_clean_fuel_pct,3.0,OBSERVED,DIRECT_OBSERVED
595,wasting_pct,13.1,OBSERVED,DIRECT_OBSERVED
595,rhs_chc_density_per_100k,0.909,OBSERVED,DIRECT_OBSERVED
595,nfhs_oope_delivery_rs,2272.0,OBSERVED,DIRECT_OBSERVED
595,niti_aspirational_district_flag,0.0,OBSERVED,DIRECT_OBSERVED
595,nfhs_hypertension_combined_pct,90.0,OBSERVED,DIRECT_OBSERVED
595,stunting_pct,29.8,OBSERVED,DIRECT_OBSERVED
595,nfhs_wasting_pct,13.1,OBSERVED,DIRECT_OBSERVED
595,mca21_pharma_density_per_100k,0.364,OBSERVED,DIRECT_OBSERVED
595,sanitation_pct,76.2,OBSERVED,DIRECT_OBSERVED
595,nfhs_diabetes_combined_pct,20.9,OBSERVED,DIRECT_OBSERVED
595,oope_delivery_rs,2272.0,OBSERVED,DIRECT_OBSERVED
595,hypertension_combined_pct_men,90.0,OBSERVED,DIRECT_OBSERVED
595,mca21_raw_company_count,8.0,OBSERVED,DIRECT_OBSERVED
595,diabetes_combined_pct_women,20.4,OBSERVED,DIRECT_OBSERVED
595,diabetes_combined_pct_men,21.4,OBSERVED,DIRECT_OBSERVED
595,jan_aushadhi_raw_count,39.0,OBSERVED,DIRECT_OBSERVED
595,census_decadal_growth_pct,12.4,OBSERVED,DIRECT_OBSERVED
595,nfhs_stunting_pct,29.8,OBSERVED,DIRECT_OBSERVED
595,census_urban_population_pct,42.6,OBSERVED,DIRECT_OBSERVED
596,rhs_phc_density_per_100k,3.091,OBSERVED,DIRECT_OBSERVED
596,census_total_population,2200000.0,OBSERVED,DIRECT_OBSERVED
596,rhs_hospital_presence,9.0,OBSERVED,DIRECT_OBSERVED
596,hypertension_combined_pct_women,90.0,OBSERVED,DIRECT_OBSERVED
596,insurance_pct,77.6,OBSERVED,DIRECT_OBSERVED
596,clean_fuel_pct,3.0,OBSERVED,DIRECT_OBSERVED
596,census_population_age_0_6_pct,10.2,OBSERVED,DIRECT_OBSERVED
596,rhs_subcentre_density_per_100k,25.318,OBSERVED,DIRECT_OBSERVED
596,underweight_pct,20.5,OBSERVED,DIRECT_OBSERVED
596,nfhs_underweight_pct,20.5,OBSERVED,DIRECT_OBSERVED
596,nfhs_insurance_pct,77.6,OBSERVED,DIRECT_OBSERVED
596,nfhs_sanitation_pct,53.8,OBSERVED,DIRECT_OBSERVED
596,jan_aushadhi_density_per_100k,1.773,OBSERVED,DIRECT_OBSERVED
596,census_literacy_rate_pct,82.0,OBSERVED,DIRECT_OBSERVED
596,nfhs_clean_fuel_pct,3.0,OBSERVED,DIRECT_OBSERVED
596,wasting_pct,12.4,OBSERVED,DIRECT_OBSERVED
596,rhs_chc_density_per_100k,1.0,OBSERVED,DIRECT_OBSERVED
596,nfhs_oope_delivery_rs,3255.0,OBSERVED,DIRECT_OBSERVED
596,niti_aspirational_district_flag,0.0,OBSERVED,DIRECT_OBSERVED
596,nfhs_hypertension_combined_pct,90.0,OBSERVED,DIRECT_OBSERVED
596,stunting_pct,23.9,OBSERVED,DIRECT_OBSERVED
596,nfhs_wasting_pct,12.4,OBSERVED,DIRECT_OBSERVED
596,mca21_pharma_density_per_100k,0.364,OBSERVED,DIRECT_OBSERVED
596,sanitation_pct,53.8,OBSERVED,DIRECT_OBSERVED
596,nfhs_diabetes_combined_pct,18.8,OBSERVED,DIRECT_OBSERVED
596,oope_delivery_rs,3255.0,OBSERVED,DIRECT_OBSERVED
596,hypertension_combined_pct_men,90.0,OBSERVED,DIRECT_OBSERVED
596,mca21_raw_company_count,8.0,OBSERVED,DIRECT_OBSERVED
596,diabetes_combined_pct_women,17.7,OBSERVED,DIRECT_OBSERVED
596,diabetes_combined_pct_men,19.9,OBSERVED,DIRECT_OBSERVED
596,jan_aushadhi_raw_count,39.0,OBSERVED,DIRECT_OBSERVED
596,census_decadal_growth_pct,12.4,OBSERVED,DIRECT_OBSERVED
596,nfhs_stunting_pct,23.9,OBSERVED,DIRECT_OBSERVED
596,census_urban_population_pct,42.6,OBSERVED,DIRECT_OBSERVED
597,rhs_phc_density_per_100k,1.364,OBSERVED,DIRECT_OBSERVED
597,census_total_population,2200000.0,OBSERVED,DIRECT_OBSERVED
597,rhs_hospital_presence,9.0,OBSERVED,DIRECT_OBSERVED
597,hypertension_combined_pct_women,90.0,OBSERVED,DIRECT_OBSERVED
597,insurance_pct,51.3,OBSERVED,DIRECT_OBSERVED
597,clean_fuel_pct,3.0,OBSERVED,DIRECT_OBSERVED
597,census_population_age_0_6_pct,10.2,OBSERVED,DIRECT_OBSERVED
597,rhs_subcentre_density_per_100k,11.136,OBSERVED,DIRECT_OBSERVED
597,underweight_pct,23.7,OBSERVED,DIRECT_OBSERVED
597,nfhs_underweight_pct,23.7,OBSERVED,DIRECT_OBSERVED
597,nfhs_insurance_pct,51.3,OBSERVED,DIRECT_OBSERVED
597,nfhs_sanitation_pct,59.8,OBSERVED,DIRECT_OBSERVED
597,jan_aushadhi_density_per_100k,1.773,OBSERVED,DIRECT_OBSERVED
597,census_literacy_rate_pct,82.0,OBSERVED,DIRECT_OBSERVED
597,nfhs_clean_fuel_pct,3.0,OBSERVED,DIRECT_OBSERVED
597,wasting_pct,14.4,OBSERVED,DIRECT_OBSERVED
597,rhs_chc_density_per_100k,0.5,OBSERVED,DIRECT_OBSERVED
597,nfhs_oope_delivery_rs,2607.0,OBSERVED,DIRECT_OBSERVED
597,niti_aspirational_district_flag,1.0,OBSERVED,DIRECT_OBSERVED
597,nfhs_hypertension_combined_pct,90.0,OBSERVED,DIRECT_OBSERVED
597,stunting_pct,29.2,OBSERVED,DIRECT_OBSERVED
597,nfhs_wasting_pct,14.4,OBSERVED,DIRECT_OBSERVED
597,mca21_pharma_density_per_100k,0.364,OBSERVED,DIRECT_OBSERVED
597,sanitation_pct,59.8,OBSERVED,DIRECT_OBSERVED
597,nfhs_diabetes_combined_pct,20.4,OBSERVED,DIRECT_OBSERVED
597,oope_delivery_rs,2607.0,OBSERVED,DIRECT_OBSERVED
597,hypertension_combined_pct_men,90.0,OBSERVED,DIRECT_OBSERVED
597,mca21_raw_company_count,8.0,OBSERVED,DIRECT_OBSERVED
597,diabetes_combined_pct_women,19.2,OBSERVED,DIRECT_OBSERVED
597,diabetes_combined_pct_men,21.6,OBSERVED,DIRECT_OBSERVED
597,jan_aushadhi_raw_count,39.0,OBSERVED,DIRECT_OBSERVED
597,census_decadal_growth_pct,12.4,OBSERVED,DIRECT_OBSERVED
597,nfhs_stunting_pct,29.2,OBSERVED,DIRECT_OBSERVED
597,census_urban_population_pct,42.6,OBSERVED,DIRECT_OBSERVED
501,rhs_phc_density_per_100k,3.182,OBSERVED,DIRECT_OBSERVED
501,census_total_population,2200000.0,OBSERVED,DIRECT_OBSERVED
501,rhs_hospital_presence,2.0,OBSERVED,DIRECT_OBSERVED
501,hypertension_combined_pct_women,90.0,OBSERVED,DIRECT_OBSERVED
501,insurance_pct,63.6,OBSERVED,DIRECT_OBSERVED
501,clean_fuel_pct,3.0,OBSERVED,DIRECT_OBSERVED
501,census_population_age_0_6_pct,10.2,OBSERVED,DIRECT_OBSERVED
501,rhs_subcentre_density_per_100k,21.364,OBSERVED,DIRECT_OBSERVED
501,underweight_pct,52.0,OBSERVED,DIRECT_OBSERVED
501,nfhs_underweight_pct,52.0,OBSERVED,DIRECT_OBSERVED
501,nfhs_insurance_pct,63.6,OBSERVED,DIRECT_OBSERVED
501,nfhs_sanitation_pct,50.8,OBSERVED,DIRECT_OBSERVED
501,jan_aushadhi_density_per_100k,1.773,OBSERVED,DIRECT_OBSERVED
501,census_literacy_rate_pct,76.0,OBSERVED,DIRECT_OBSERVED
501,nfhs_clean_fuel_pct,3.0,OBSERVED,DIRECT_OBSERVED
501,wasting_pct,29.5,OBSERVED,DIRECT_OBSERVED
501,rhs_chc_density_per_100k,0.591,OBSERVED,DIRECT_OBSERVED
501,nfhs_oope_delivery_rs,4105.0,OBSERVED,DIRECT_OBSERVED
501,niti_aspirational_district_flag,0.0,OBSERVED,DIRECT_OBSERVED
501,nfhs_hypertension_combined_pct,90.0,OBSERVED,DIRECT_OBSERVED
501,stunting_pct,45.7,OBSERVED,DIRECT_OBSERVED
501,nfhs_wasting_pct,29.5,OBSERVED,DIRECT_OBSERVED
501,mca21_pharma_density_per_100k,0.364,OBSERVED,DIRECT_OBSERVED
501,sanitation_pct,50.8,OBSERVED,DIRECT_OBSERVED
501,nfhs_diabetes_combined_pct,11.8,OBSERVED,DIRECT_OBSERVED
501,oope_delivery_rs,4105.0,OBSERVED,DIRECT_OBSERVED
501,hypertension_combined_pct_men,90.0,OBSERVED,DIRECT_OBSERVED
501,mca21_raw_company_count,8.0,OBSERVED,DIRECT_OBSERVED
501,diabetes_combined_pct_women,10.8,OBSERVED,DIRECT_OBSERVED
501,diabetes_combined_pct_men,12.8,OBSERVED,DIRECT_OBSERVED
501,jan_aushadhi_raw_count,39.0,OBSERVED,DIRECT_OBSERVED
501,census_decadal_growth_pct,12.4,OBSERVED,DIRECT_OBSERVED
501,nfhs_stunting_pct,45.7,OBSERVED,DIRECT_OBSERVED
501,census_urban_population_pct,42.6,OBSERVED,DIRECT_OBSERVED
690,rhs_phc_density_per_100k,3.136,INHERITED_FROM_509,INHERITED
690,census_total_population,2200000.0,OBSERVED,DIRECT_OBSERVED
690,rhs_hospital_presence,3.0,INHERITED_FROM_509,INHERITED
690,hypertension_combined_pct_women,90.0,OBSERVED,DIRECT_OBSERVED
690,insurance_pct,59.4,OBSERVED,DIRECT_OBSERVED
690,clean_fuel_pct,3.0,OBSERVED,DIRECT_OBSERVED
690,census_population_age_0_6_pct,10.2,OBSERVED,DIRECT_OBSERVED
690,rhs_subcentre_density_per_100k,26.864,INHERITED_FROM_509,INHERITED
690,underweight_pct,25.3,OBSERVED,DIRECT_OBSERVED
690,nfhs_underweight_pct,25.3,OBSERVED,DIRECT_OBSERVED
690,nfhs_insurance_pct,59.4,OBSERVED,DIRECT_OBSERVED
690,nfhs_sanitation_pct,75.3,OBSERVED,DIRECT_OBSERVED
690,jan_aushadhi_density_per_100k,1.773,OBSERVED,DIRECT_OBSERVED
690,census_literacy_rate_pct,76.0,OBSERVED,DIRECT_OBSERVED
690,nfhs_clean_fuel_pct,3.0,OBSERVED,DIRECT_OBSERVED
690,wasting_pct,21.8,OBSERVED,DIRECT_OBSERVED
690,rhs_chc_density_per_100k,0.591,INHERITED_FROM_509,INHERITED
690,nfhs_oope_delivery_rs,3255.0,OBSERVED,DIRECT_OBSERVED
690,niti_aspirational_district_flag,1.0,OBSERVED,DIRECT_OBSERVED
690,nfhs_hypertension_combined_pct,90.0,OBSERVED,DIRECT_OBSERVED
690,stunting_pct,28.4,OBSERVED,DIRECT_OBSERVED
690,nfhs_wasting_pct,21.8,OBSERVED,DIRECT_OBSERVED
690,mca21_pharma_density_per_100k,0.364,OBSERVED,DIRECT_OBSERVED
690,sanitation_pct,75.3,OBSERVED,DIRECT_OBSERVED
690,nfhs_diabetes_combined_pct,18.35,OBSERVED,DIRECT_OBSERVED
690,oope_delivery_rs,3255.0,OBSERVED,DIRECT_OBSERVED
690,hypertension_combined_pct_men,90.0,OBSERVED,DIRECT_OBSERVED
690,mca21_raw_company_count,8.0,OBSERVED,DIRECT_OBSERVED
690,diabetes_combined_pct_women,18.3,OBSERVED,DIRECT_OBSERVED
690,diabetes_combined_pct_men,18.4,OBSERVED,DIRECT_OBSERVED
690,jan_aushadhi_raw_count,39.0,OBSERVED,DIRECT_OBSERVED
690,census_decadal_growth_pct,12.4,OBSERVED,DIRECT_OBSERVED
690,nfhs_stunting_pct,28.4,OBSERVED,DIRECT_OBSERVED
690,census_urban_population_pct,42.6,OBSERVED,DIRECT_OBSERVED
686,rhs_phc_density_per_100k,3.136,INHERITED_FROM_522,INHERITED
686,census_total_population,2200000.0,OBSERVED,DIRECT_OBSERVED
686,rhs_hospital_presence,2.0,INHERITED_FROM_522,INHERITED
686,hypertension_combined_pct_women,90.0,OBSERVED,DIRECT_OBSERVED
686,insurance_pct,62.0,OBSERVED,DIRECT_OBSERVED
686,clean_fuel_pct,3.0,OBSERVED,DIRECT_OBSERVED
686,census_population_age_0_6_pct,10.2,OBSERVED,DIRECT_OBSERVED
686,rhs_subcentre_density_per_100k,27.5,INHERITED_FROM_522,INHERITED
686,underweight_pct,36.0,OBSERVED,DIRECT_OBSERVED
686,nfhs_underweight_pct,36.0,OBSERVED,DIRECT_OBSERVED
686,nfhs_insurance_pct,62.0,OBSERVED,DIRECT_OBSERVED
686,nfhs_sanitation_pct,81.2,OBSERVED,DIRECT_OBSERVED
686,jan_aushadhi_density_per_100k,1.773,OBSERVED,DIRECT_OBSERVED
686,census_literacy_rate_pct,76.0,OBSERVED,DIRECT_OBSERVED
686,nfhs_clean_fuel_pct,3.0,OBSERVED,DIRECT_OBSERVED
686,wasting_pct,29.5,OBSERVED,DIRECT_OBSERVED
686,rhs_chc_density_per_100k,0.636,INHERITED_FROM_522,INHERITED
686,nfhs_oope_delivery_rs,2825.0,OBSERVED,DIRECT_OBSERVED
686,niti_aspirational_district_flag,0.0,OBSERVED,DIRECT_OBSERVED
686,nfhs_hypertension_combined_pct,90.0,OBSERVED,DIRECT_OBSERVED
686,stunting_pct,29.5,OBSERVED,DIRECT_OBSERVED
686,nfhs_wasting_pct,29.5,OBSERVED,DIRECT_OBSERVED
686,mca21_pharma_density_per_100k,0.364,OBSERVED,DIRECT_OBSERVED
686,sanitation_pct,81.2,OBSERVED,DIRECT_OBSERVED
686,nfhs_diabetes_combined_pct,18.05,OBSERVED,DIRECT_OBSERVED
686,oope_delivery_rs,2825.0,OBSERVED,DIRECT_OBSERVED
686,hypertension_combined_pct_men,90.0,OBSERVED,DIRECT_OBSERVED
686,mca21_raw_company_count,8.0,OBSERVED,DIRECT_OBSERVED
686,diabetes_combined_pct_women,17.1,OBSERVED,DIRECT_OBSERVED
686,diabetes_combined_pct_men,19.0,OBSERVED,DIRECT_OBSERVED
686,jan_aushadhi_raw_count,39.0,OBSERVED,DIRECT_OBSERVED
686,census_decadal_growth_pct,12.4,OBSERVED,DIRECT_OBSERVED
686,nfhs_stunting_pct,29.5,OBSERVED,DIRECT_OBSERVED
686,census_urban_population_pct,42.6,OBSERVED,DIRECT_OBSERVED
507,rhs_phc_density_per_100k,0.254,OBSERVED,DIRECT_OBSERVED
507,census_total_population,3940000.0,OBSERVED,DIRECT_OBSERVED
507,rhs_hospital_presence,5.0,OBSERVED,DIRECT_OBSERVED
507,hypertension_combined_pct_women,90.0,OBSERVED,DIRECT_OBSERVED
507,insurance_pct,48.9,OBSERVED,DIRECT_OBSERVED
507,clean_fuel_pct,3.0,OBSERVED,DIRECT_OBSERVED
507,census_population_age_0_6_pct,10.2,OBSERVED,DIRECT_OBSERVED
507,rhs_subcentre_density_per_100k,1.345,OBSERVED,DIRECT_OBSERVED
507,underweight_pct,18.9,OBSERVED,DIRECT_OBSERVED
507,nfhs_underweight_pct,18.9,OBSERVED,DIRECT_OBSERVED
507,nfhs_insurance_pct,48.9,OBSERVED,DIRECT_OBSERVED
507,nfhs_sanitation_pct,84.4,OBSERVED,DIRECT_OBSERVED
507,jan_aushadhi_density_per_100k,3.249,OBSERVED,DIRECT_OBSERVED
507,census_literacy_rate_pct,76.0,OBSERVED,DIRECT_OBSERVED
507,nfhs_clean_fuel_pct,3.0,OBSERVED,DIRECT_OBSERVED
507,wasting_pct,17.7,OBSERVED,DIRECT_OBSERVED
507,rhs_chc_density_per_100k,0.0,OBSERVED,DIRECT_OBSERVED
507,nfhs_oope_delivery_rs,2815.0,OBSERVED,DIRECT_OBSERVED
507,niti_aspirational_district_flag,0.0,OBSERVED,DIRECT_OBSERVED
507,nfhs_hypertension_combined_pct,90.0,OBSERVED,DIRECT_OBSERVED
507,stunting_pct,30.4,OBSERVED,DIRECT_OBSERVED
507,nfhs_wasting_pct,17.7,OBSERVED,DIRECT_OBSERVED
507,mca21_pharma_density_per_100k,10.66,OBSERVED,DIRECT_OBSERVED
507,sanitation_pct,84.4,OBSERVED,DIRECT_OBSERVED
507,nfhs_diabetes_combined_pct,24.0,OBSERVED,DIRECT_OBSERVED
507,oope_delivery_rs,2815.0,OBSERVED,DIRECT_OBSERVED
507,hypertension_combined_pct_men,90.0,OBSERVED,DIRECT_OBSERVED
507,mca21_raw_company_count,420.0,OBSERVED,DIRECT_OBSERVED
507,diabetes_combined_pct_women,21.2,OBSERVED,DIRECT_OBSERVED
507,diabetes_combined_pct_men,26.8,OBSERVED,DIRECT_OBSERVED
507,jan_aushadhi_raw_count,128.0,OBSERVED,DIRECT_OBSERVED
507,census_decadal_growth_pct,12.4,OBSERVED,DIRECT_OBSERVED
507,nfhs_stunting_pct,30.4,OBSERVED,DIRECT_OBSERVED
507,census_urban_population_pct,85.0,OBSERVED,DIRECT_OBSERVED
681,rhs_phc_density_per_100k,3.182,INHERITED_FROM_508,INHERITED
681,census_total_population,2200000.0,OBSERVED,DIRECT_OBSERVED
681,rhs_hospital_presence,4.0,INHERITED_FROM_508,INHERITED
681,hypertension_combined_pct_women,90.0,OBSERVED,DIRECT_OBSERVED
681,insurance_pct,59.2,OBSERVED,DIRECT_OBSERVED
681,clean_fuel_pct,3.0,OBSERVED,DIRECT_OBSERVED
681,census_population_age_0_6_pct,10.2,OBSERVED,DIRECT_OBSERVED
681,rhs_subcentre_density_per_100k,26.364,INHERITED_FROM_508,INHERITED
681,underweight_pct,32.3,OBSERVED,DIRECT_OBSERVED
681,nfhs_underweight_pct,32.3,OBSERVED,DIRECT_OBSERVED
681,nfhs_insurance_pct,59.2,OBSERVED,DIRECT_OBSERVED
681,nfhs_sanitation_pct,76.5,OBSERVED,DIRECT_OBSERVED
681,jan_aushadhi_density_per_100k,1.773,OBSERVED,DIRECT_OBSERVED
681,census_literacy_rate_pct,76.0,OBSERVED,DIRECT_OBSERVED
681,nfhs_clean_fuel_pct,3.0,OBSERVED,DIRECT_OBSERVED
681,wasting_pct,17.5,OBSERVED,DIRECT_OBSERVED
681,rhs_chc_density_per_100k,0.727,INHERITED_FROM_508,INHERITED
681,nfhs_oope_delivery_rs,3494.0,OBSERVED,DIRECT_OBSERVED
681,niti_aspirational_district_flag,0.0,OBSERVED,DIRECT_OBSERVED
681,nfhs_hypertension_combined_pct,90.0,OBSERVED,DIRECT_OBSERVED
681,stunting_pct,29.9,OBSERVED,DIRECT_OBSERVED
681,nfhs_wasting_pct,17.5,OBSERVED,DIRECT_OBSERVED
681,mca21_pharma_density_per_100k,0.364,OBSERVED,DIRECT_OBSERVED
681,sanitation_pct,76.5,OBSERVED,DIRECT_OBSERVED
681,nfhs_diabetes_combined_pct,17.5,OBSERVED,DIRECT_OBSERVED
681,oope_delivery_rs,3494.0,OBSERVED,DIRECT_OBSERVED
681,hypertension_combined_pct_men,90.0,OBSERVED,DIRECT_OBSERVED
681,mca21_raw_company_count,8.0,OBSERVED,DIRECT_OBSERVED
681,diabetes_combined_pct_women,15.5,OBSERVED,DIRECT_OBSERVED
681,diabetes_combined_pct_men,19.5,OBSERVED,DIRECT_OBSERVED
681,jan_aushadhi_raw_count,39.0,OBSERVED,DIRECT_OBSERVED
681,census_decadal_growth_pct,12.4,OBSERVED,DIRECT_OBSERVED
681,nfhs_stunting_pct,29.9,OBSERVED,DIRECT_OBSERVED
681,census_urban_population_pct,42.6,OBSERVED,DIRECT_OBSERVED
689,rhs_phc_density_per_100k,3.136,INHERITED_FROM_522,INHERITED
689,census_total_population,2200000.0,OBSERVED,DIRECT_OBSERVED
689,rhs_hospital_presence,2.0,INHERITED_FROM_522,INHERITED
689,hypertension_combined_pct_women,90.0,OBSERVED,DIRECT_OBSERVED
689,insurance_pct,71.7,OBSERVED,DIRECT_OBSERVED
689,clean_fuel_pct,3.0,OBSERVED,DIRECT_OBSERVED
689,census_population_age_0_6_pct,10.2,OBSERVED,DIRECT_OBSERVED
689,rhs_subcentre_density_per_100k,27.5,INHERITED_FROM_522,INHERITED
689,underweight_pct,30.9,OBSERVED,DIRECT_OBSERVED
689,nfhs_underweight_pct,30.9,OBSERVED,DIRECT_OBSERVED
689,nfhs_insurance_pct,71.7,OBSERVED,DIRECT_OBSERVED
689,nfhs_sanitation_pct,84.3,OBSERVED,DIRECT_OBSERVED
689,jan_aushadhi_density_per_100k,1.773,OBSERVED,DIRECT_OBSERVED
689,census_literacy_rate_pct,76.0,OBSERVED,DIRECT_OBSERVED
689,nfhs_clean_fuel_pct,3.0,OBSERVED,DIRECT_OBSERVED
689,wasting_pct,22.9,OBSERVED,DIRECT_OBSERVED
689,rhs_chc_density_per_100k,0.636,INHERITED_FROM_522,INHERITED
689,nfhs_oope_delivery_rs,4741.0,OBSERVED,DIRECT_OBSERVED
689,niti_aspirational_district_flag,0.0,OBSERVED,DIRECT_OBSERVED
689,nfhs_hypertension_combined_pct,90.0,OBSERVED,DIRECT_OBSERVED
689,stunting_pct,33.4,OBSERVED,DIRECT_OBSERVED
689,nfhs_wasting_pct,22.9,OBSERVED,DIRECT_OBSERVED
689,mca21_pharma_density_per_100k,0.364,OBSERVED,DIRECT_OBSERVED
689,sanitation_pct,84.3,OBSERVED,DIRECT_OBSERVED
689,nfhs_diabetes_combined_pct,16.35,OBSERVED,DIRECT_OBSERVED
689,oope_delivery_rs,4741.0,OBSERVED,DIRECT_OBSERVED
689,hypertension_combined_pct_men,90.0,OBSERVED,DIRECT_OBSERVED
689,mca21_raw_company_count,8.0,OBSERVED,DIRECT_OBSERVED
689,diabetes_combined_pct_women,14.4,OBSERVED,DIRECT_OBSERVED
689,diabetes_combined_pct_men,18.3,OBSERVED,DIRECT_OBSERVED
689,jan_aushadhi_raw_count,39.0,OBSERVED,DIRECT_OBSERVED
689,census_decadal_growth_pct,12.4,OBSERVED,DIRECT_OBSERVED
689,nfhs_stunting_pct,33.4,OBSERVED,DIRECT_OBSERVED
689,census_urban_population_pct,42.6,OBSERVED,DIRECT_OBSERVED
687,rhs_phc_density_per_100k,3.136,INHERITED_FROM_522,INHERITED
687,census_total_population,2200000.0,OBSERVED,DIRECT_OBSERVED
687,rhs_hospital_presence,2.0,INHERITED_FROM_522,INHERITED
687,hypertension_combined_pct_women,90.0,OBSERVED,DIRECT_OBSERVED
687,insurance_pct,71.5,OBSERVED,DIRECT_OBSERVED
687,clean_fuel_pct,3.0,OBSERVED,DIRECT_OBSERVED
687,census_population_age_0_6_pct,10.2,OBSERVED,DIRECT_OBSERVED
687,rhs_subcentre_density_per_100k,27.5,INHERITED_FROM_522,INHERITED
687,underweight_pct,36.7,OBSERVED,DIRECT_OBSERVED
687,nfhs_underweight_pct,36.7,OBSERVED,DIRECT_OBSERVED
687,nfhs_insurance_pct,71.5,OBSERVED,DIRECT_OBSERVED
687,nfhs_sanitation_pct,65.6,OBSERVED,DIRECT_OBSERVED
687,jan_aushadhi_density_per_100k,1.773,OBSERVED,DIRECT_OBSERVED
687,census_literacy_rate_pct,76.0,OBSERVED,DIRECT_OBSERVED
687,nfhs_clean_fuel_pct,3.0,OBSERVED,DIRECT_OBSERVED
687,wasting_pct,31.8,OBSERVED,DIRECT_OBSERVED
687,rhs_chc_density_per_100k,0.636,INHERITED_FROM_522,INHERITED
687,nfhs_oope_delivery_rs,5993.0,OBSERVED,DIRECT_OBSERVED
687,niti_aspirational_district_flag,1.0,OBSERVED,DIRECT_OBSERVED
687,nfhs_hypertension_combined_pct,90.0,OBSERVED,DIRECT_OBSERVED
687,stunting_pct,32.5,OBSERVED,DIRECT_OBSERVED
687,nfhs_wasting_pct,31.8,OBSERVED,DIRECT_OBSERVED
687,mca21_pharma_density_per_100k,0.364,OBSERVED,DIRECT_OBSERVED
687,sanitation_pct,65.6,OBSERVED,DIRECT_OBSERVED
687,nfhs_diabetes_combined_pct,15.45,OBSERVED,DIRECT_OBSERVED
687,oope_delivery_rs,5993.0,OBSERVED,DIRECT_OBSERVED
687,hypertension_combined_pct_men,90.0,OBSERVED,DIRECT_OBSERVED
687,mca21_raw_company_count,8.0,OBSERVED,DIRECT_OBSERVED
687,diabetes_combined_pct_women,13.5,OBSERVED,DIRECT_OBSERVED
687,diabetes_combined_pct_men,17.4,OBSERVED,DIRECT_OBSERVED
687,jan_aushadhi_raw_count,39.0,OBSERVED,DIRECT_OBSERVED
687,census_decadal_growth_pct,12.4,OBSERVED,DIRECT_OBSERVED
687,nfhs_stunting_pct,32.5,OBSERVED,DIRECT_OBSERVED
687,census_urban_population_pct,42.6,OBSERVED,DIRECT_OBSERVED
695,rhs_phc_density_per_100k,2.9719,IMPUTED_STATE_MEAN,STATISTICALLY_IMPUTED
695,census_total_population,2200000.0,OBSERVED,DIRECT_OBSERVED
695,rhs_hospital_presence,3.28,IMPUTED_STATE_MEAN,STATISTICALLY_IMPUTED
695,hypertension_combined_pct_women,90.0,OBSERVED,DIRECT_OBSERVED
695,insurance_pct,61.8,OBSERVED,DIRECT_OBSERVED
695,clean_fuel_pct,3.0,OBSERVED,DIRECT_OBSERVED
695,census_population_age_0_6_pct,10.2,OBSERVED,DIRECT_OBSERVED
695,rhs_subcentre_density_per_100k,24.0194,IMPUTED_STATE_MEAN,STATISTICALLY_IMPUTED
695,underweight_pct,41.7,OBSERVED,DIRECT_OBSERVED
695,nfhs_underweight_pct,41.7,OBSERVED,DIRECT_OBSERVED
695,nfhs_insurance_pct,61.8,OBSERVED,DIRECT_OBSERVED
695,nfhs_sanitation_pct,73.7,OBSERVED,DIRECT_OBSERVED
695,jan_aushadhi_density_per_100k,1.773,OBSERVED,DIRECT_OBSERVED
695,census_literacy_rate_pct,76.0,OBSERVED,DIRECT_OBSERVED
695,nfhs_clean_fuel_pct,3.0,OBSERVED,DIRECT_OBSERVED
695,wasting_pct,17.3,OBSERVED,DIRECT_OBSERVED
695,rhs_chc_density_per_100k,0.5272,IMPUTED_STATE_MEAN,STATISTICALLY_IMPUTED
695,nfhs_oope_delivery_rs,2832.0,OBSERVED,DIRECT_OBSERVED
695,niti_aspirational_district_flag,0.0,OBSERVED,DIRECT_OBSERVED
695,nfhs_hypertension_combined_pct,90.0,OBSERVED,DIRECT_OBSERVED
695,stunting_pct,49.7,OBSERVED,DIRECT_OBSERVED
695,nfhs_wasting_pct,17.3,OBSERVED,DIRECT_OBSERVED
695,mca21_pharma_density_per_100k,0.364,OBSERVED,DIRECT_OBSERVED
695,sanitation_pct,73.7,OBSERVED,DIRECT_OBSERVED
695,nfhs_diabetes_combined_pct,11.8,OBSERVED,DIRECT_OBSERVED
695,oope_delivery_rs,2832.0,OBSERVED,DIRECT_OBSERVED
695,hypertension_combined_pct_men,90.0,OBSERVED,DIRECT_OBSERVED
695,mca21_raw_company_count,8.0,OBSERVED,DIRECT_OBSERVED
695,diabetes_combined_pct_women,9.3,OBSERVED,DIRECT_OBSERVED
695,diabetes_combined_pct_men,14.3,OBSERVED,DIRECT_OBSERVED
695,jan_aushadhi_raw_count,39.0,OBSERVED,DIRECT_OBSERVED
695,census_decadal_growth_pct,12.4,OBSERVED,DIRECT_OBSERVED
695,nfhs_stunting_pct,49.7,OBSERVED,DIRECT_OBSERVED
695,census_urban_population_pct,42.6,OBSERVED,DIRECT_OBSERVED
685,rhs_phc_density_per_100k,2.273,INHERITED_FROM_516,INHERITED
685,census_total_population,2200000.0,OBSERVED,DIRECT_OBSERVED
685,rhs_hospital_presence,4.0,INHERITED_FROM_516,INHERITED
685,hypertension_combined_pct_women,90.0,OBSERVED,DIRECT_OBSERVED
685,insurance_pct,66.5,OBSERVED,DIRECT_OBSERVED
685,clean_fuel_pct,3.0,OBSERVED,DIRECT_OBSERVED
685,census_population_age_0_6_pct,10.2,OBSERVED,DIRECT_OBSERVED
685,rhs_subcentre_density_per_100k,18.727,INHERITED_FROM_516,INHERITED
685,underweight_pct,43.9,OBSERVED,DIRECT_OBSERVED
685,nfhs_underweight_pct,43.9,OBSERVED,DIRECT_OBSERVED
685,nfhs_insurance_pct,66.5,OBSERVED,DIRECT_OBSERVED
685,nfhs_sanitation_pct,68.2,OBSERVED,DIRECT_OBSERVED
685,jan_aushadhi_density_per_100k,1.773,OBSERVED,DIRECT_OBSERVED
685,census_literacy_rate_pct,76.0,OBSERVED,DIRECT_OBSERVED
685,nfhs_clean_fuel_pct,3.0,OBSERVED,DIRECT_OBSERVED
685,wasting_pct,34.5,OBSERVED,DIRECT_OBSERVED
685,rhs_chc_density_per_100k,0.636,INHERITED_FROM_516,INHERITED
685,nfhs_oope_delivery_rs,5957.0,OBSERVED,DIRECT_OBSERVED
685,niti_aspirational_district_flag,0.0,OBSERVED,DIRECT_OBSERVED
685,nfhs_hypertension_combined_pct,90.0,OBSERVED,DIRECT_OBSERVED
685,stunting_pct,33.4,OBSERVED,DIRECT_OBSERVED
685,nfhs_wasting_pct,34.5,OBSERVED,DIRECT_OBSERVED
685,mca21_pharma_density_per_100k,0.364,OBSERVED,DIRECT_OBSERVED
685,sanitation_pct,68.2,OBSERVED,DIRECT_OBSERVED
685,nfhs_diabetes_combined_pct,15.2,OBSERVED,DIRECT_OBSERVED
685,oope_delivery_rs,5957.0,OBSERVED,DIRECT_OBSERVED
685,hypertension_combined_pct_men,90.0,OBSERVED,DIRECT_OBSERVED
685,mca21_raw_company_count,8.0,OBSERVED,DIRECT_OBSERVED
685,diabetes_combined_pct_women,12.9,OBSERVED,DIRECT_OBSERVED
685,diabetes_combined_pct_men,17.5,OBSERVED,DIRECT_OBSERVED
685,jan_aushadhi_raw_count,39.0,OBSERVED,DIRECT_OBSERVED
685,census_decadal_growth_pct,12.4,OBSERVED,DIRECT_OBSERVED
685,nfhs_stunting_pct,33.4,OBSERVED,DIRECT_OBSERVED
685,census_urban_population_pct,42.6,OBSERVED,DIRECT_OBSERVED
508,rhs_phc_density_per_100k,3.182,OBSERVED,DIRECT_OBSERVED
508,census_total_population,2200000.0,OBSERVED,DIRECT_OBSERVED
508,rhs_hospital_presence,4.0,OBSERVED,DIRECT_OBSERVED
508,hypertension_combined_pct_women,90.0,OBSERVED,DIRECT_OBSERVED
508,insurance_pct,58.6,OBSERVED,DIRECT_OBSERVED
508,clean_fuel_pct,3.0,OBSERVED,DIRECT_OBSERVED
508,census_population_age_0_6_pct,10.2,OBSERVED,DIRECT_OBSERVED
508,rhs_subcentre_density_per_100k,26.364,OBSERVED,DIRECT_OBSERVED
508,underweight_pct,27.5,OBSERVED,DIRECT_OBSERVED
508,nfhs_underweight_pct,27.5,OBSERVED,DIRECT_OBSERVED
508,nfhs_insurance_pct,58.6,OBSERVED,DIRECT_OBSERVED
508,nfhs_sanitation_pct,78.8,OBSERVED,DIRECT_OBSERVED
508,jan_aushadhi_density_per_100k,1.773,OBSERVED,DIRECT_OBSERVED
508,census_literacy_rate_pct,76.0,OBSERVED,DIRECT_OBSERVED
508,nfhs_clean_fuel_pct,3.0,OBSERVED,DIRECT_OBSERVED
508,wasting_pct,13.9,OBSERVED,DIRECT_OBSERVED
508,rhs_chc_density_per_100k,0.727,OBSERVED,DIRECT_OBSERVED
508,nfhs_oope_delivery_rs,4573.0,OBSERVED,DIRECT_OBSERVED
508,niti_aspirational_district_flag,0.0,OBSERVED,DIRECT_OBSERVED
508,nfhs_hypertension_combined_pct,90.0,OBSERVED,DIRECT_OBSERVED
508,stunting_pct,30.3,OBSERVED,DIRECT_OBSERVED
508,nfhs_wasting_pct,13.9,OBSERVED,DIRECT_OBSERVED
508,mca21_pharma_density_per_100k,0.364,OBSERVED,DIRECT_OBSERVED
508,sanitation_pct,78.8,OBSERVED,DIRECT_OBSERVED
508,nfhs_diabetes_combined_pct,18.4,OBSERVED,DIRECT_OBSERVED
508,oope_delivery_rs,4573.0,OBSERVED,DIRECT_OBSERVED
508,hypertension_combined_pct_men,90.0,OBSERVED,DIRECT_OBSERVED
508,mca21_raw_company_count,8.0,OBSERVED,DIRECT_OBSERVED
508,diabetes_combined_pct_women,16.8,OBSERVED,DIRECT_OBSERVED
508,diabetes_combined_pct_men,20.0,OBSERVED,DIRECT_OBSERVED
508,jan_aushadhi_raw_count,39.0,OBSERVED,DIRECT_OBSERVED
508,census_decadal_growth_pct,12.4,OBSERVED,DIRECT_OBSERVED
508,nfhs_stunting_pct,30.3,OBSERVED,DIRECT_OBSERVED
508,census_urban_population_pct,42.6,OBSERVED,DIRECT_OBSERVED
509,rhs_phc_density_per_100k,3.136,OBSERVED,DIRECT_OBSERVED
509,census_total_population,2200000.0,OBSERVED,DIRECT_OBSERVED
509,rhs_hospital_presence,3.0,OBSERVED,DIRECT_OBSERVED
509,hypertension_combined_pct_women,90.0,OBSERVED,DIRECT_OBSERVED
509,insurance_pct,60.4,OBSERVED,DIRECT_OBSERVED
509,clean_fuel_pct,3.0,OBSERVED,DIRECT_OBSERVED
509,census_population_age_0_6_pct,10.2,OBSERVED,DIRECT_OBSERVED
509,rhs_subcentre_density_per_100k,26.864,OBSERVED,DIRECT_OBSERVED
509,underweight_pct,26.2,OBSERVED,DIRECT_OBSERVED
509,nfhs_underweight_pct,26.2,OBSERVED,DIRECT_OBSERVED
509,nfhs_insurance_pct,60.4,OBSERVED,DIRECT_OBSERVED
509,nfhs_sanitation_pct,84.5,OBSERVED,DIRECT_OBSERVED
509,jan_aushadhi_density_per_100k,1.773,OBSERVED,DIRECT_OBSERVED
509,census_literacy_rate_pct,76.0,OBSERVED,DIRECT_OBSERVED
509,nfhs_clean_fuel_pct,3.0,OBSERVED,DIRECT_OBSERVED
509,wasting_pct,24.7,OBSERVED,DIRECT_OBSERVED
509,rhs_chc_density_per_100k,0.591,OBSERVED,DIRECT_OBSERVED
509,nfhs_oope_delivery_rs,3771.0,OBSERVED,DIRECT_OBSERVED
509,niti_aspirational_district_flag,0.0,OBSERVED,DIRECT_OBSERVED
509,nfhs_hypertension_combined_pct,90.0,OBSERVED,DIRECT_OBSERVED
509,stunting_pct,22.2,OBSERVED,DIRECT_OBSERVED
509,nfhs_wasting_pct,24.7,OBSERVED,DIRECT_OBSERVED
509,mca21_pharma_density_per_100k,0.364,OBSERVED,DIRECT_OBSERVED
509,sanitation_pct,84.5,OBSERVED,DIRECT_OBSERVED
509,nfhs_diabetes_combined_pct,17.7,OBSERVED,DIRECT_OBSERVED
509,oope_delivery_rs,3771.0,OBSERVED,DIRECT_OBSERVED
509,hypertension_combined_pct_men,90.0,OBSERVED,DIRECT_OBSERVED
509,mca21_raw_company_count,8.0,OBSERVED,DIRECT_OBSERVED
509,diabetes_combined_pct_women,17.7,OBSERVED,DIRECT_OBSERVED
509,diabetes_combined_pct_men,17.7,OBSERVED,DIRECT_OBSERVED
509,jan_aushadhi_raw_count,39.0,OBSERVED,DIRECT_OBSERVED
509,census_decadal_growth_pct,12.4,OBSERVED,DIRECT_OBSERVED
509,nfhs_stunting_pct,22.2,OBSERVED,DIRECT_OBSERVED
509,census_urban_population_pct,42.6,OBSERVED,DIRECT_OBSERVED
699,rhs_phc_density_per_100k,3.182,INHERITED_FROM_501,INHERITED
699,census_total_population,2200000.0,OBSERVED,DIRECT_OBSERVED
699,rhs_hospital_presence,2.0,INHERITED_FROM_501,INHERITED
699,hypertension_combined_pct_women,90.0,OBSERVED,DIRECT_OBSERVED
699,insurance_pct,63.6,OBSERVED,DIRECT_OBSERVED
699,clean_fuel_pct,3.0,OBSERVED,DIRECT_OBSERVED
699,census_population_age_0_6_pct,10.2,OBSERVED,DIRECT_OBSERVED
699,rhs_subcentre_density_per_100k,21.364,INHERITED_FROM_501,INHERITED
699,underweight_pct,41.1,OBSERVED,DIRECT_OBSERVED
699,nfhs_underweight_pct,41.1,OBSERVED,DIRECT_OBSERVED
699,nfhs_insurance_pct,63.6,OBSERVED,DIRECT_OBSERVED
699,nfhs_sanitation_pct,54.0,OBSERVED,DIRECT_OBSERVED
699,jan_aushadhi_density_per_100k,1.773,OBSERVED,DIRECT_OBSERVED
699,census_literacy_rate_pct,76.0,OBSERVED,DIRECT_OBSERVED
699,nfhs_clean_fuel_pct,3.0,OBSERVED,DIRECT_OBSERVED
699,wasting_pct,35.7,OBSERVED,DIRECT_OBSERVED
699,rhs_chc_density_per_100k,0.591,INHERITED_FROM_501,INHERITED
699,nfhs_oope_delivery_rs,4121.0,OBSERVED,DIRECT_OBSERVED
699,niti_aspirational_district_flag,1.0,OBSERVED,DIRECT_OBSERVED
699,nfhs_hypertension_combined_pct,90.0,OBSERVED,DIRECT_OBSERVED
699,stunting_pct,38.1,OBSERVED,DIRECT_OBSERVED
699,nfhs_wasting_pct,35.7,OBSERVED,DIRECT_OBSERVED
699,mca21_pharma_density_per_100k,0.364,OBSERVED,DIRECT_OBSERVED
699,sanitation_pct,54.0,OBSERVED,DIRECT_OBSERVED
699,nfhs_diabetes_combined_pct,10.0,OBSERVED,DIRECT_OBSERVED
699,oope_delivery_rs,4121.0,OBSERVED,DIRECT_OBSERVED
699,hypertension_combined_pct_men,90.0,OBSERVED,DIRECT_OBSERVED
699,mca21_raw_company_count,8.0,OBSERVED,DIRECT_OBSERVED
699,diabetes_combined_pct_women,8.4,OBSERVED,DIRECT_OBSERVED
699,diabetes_combined_pct_men,11.6,OBSERVED,DIRECT_OBSERVED
699,jan_aushadhi_raw_count,39.0,OBSERVED,DIRECT_OBSERVED
699,census_decadal_growth_pct,12.4,OBSERVED,DIRECT_OBSERVED
699,nfhs_stunting_pct,38.1,OBSERVED,DIRECT_OBSERVED
699,census_urban_population_pct,42.6,OBSERVED,DIRECT_OBSERVED
688,rhs_phc_density_per_100k,3.136,INHERITED_FROM_522,INHERITED
688,census_total_population,2200000.0,OBSERVED,DIRECT_OBSERVED
688,rhs_hospital_presence,2.0,INHERITED_FROM_522,INHERITED
688,hypertension_combined_pct_women,90.0,OBSERVED,DIRECT_OBSERVED
688,insurance_pct,69.3,OBSERVED,DIRECT_OBSERVED
688,clean_fuel_pct,3.0,OBSERVED,DIRECT_OBSERVED
688,census_population_age_0_6_pct,10.2,OBSERVED,DIRECT_OBSERVED
688,rhs_subcentre_density_per_100k,27.5,INHERITED_FROM_522,INHERITED
688,underweight_pct,26.3,OBSERVED,DIRECT_OBSERVED
688,nfhs_underweight_pct,26.3,OBSERVED,DIRECT_OBSERVED
688,nfhs_insurance_pct,69.3,OBSERVED,DIRECT_OBSERVED
688,nfhs_sanitation_pct,68.6,OBSERVED,DIRECT_OBSERVED
688,jan_aushadhi_density_per_100k,1.773,OBSERVED,DIRECT_OBSERVED
688,census_literacy_rate_pct,76.0,OBSERVED,DIRECT_OBSERVED
688,nfhs_clean_fuel_pct,3.0,OBSERVED,DIRECT_OBSERVED
688,wasting_pct,19.3,OBSERVED,DIRECT_OBSERVED
688,rhs_chc_density_per_100k,0.636,INHERITED_FROM_522,INHERITED
688,nfhs_oope_delivery_rs,3234.0,OBSERVED,DIRECT_OBSERVED
688,niti_aspirational_district_flag,0.0,OBSERVED,DIRECT_OBSERVED
688,nfhs_hypertension_combined_pct,90.0,OBSERVED,DIRECT_OBSERVED
688,stunting_pct,33.0,OBSERVED,DIRECT_OBSERVED
688,nfhs_wasting_pct,19.3,OBSERVED,DIRECT_OBSERVED
688,mca21_pharma_density_per_100k,0.364,OBSERVED,DIRECT_OBSERVED
688,sanitation_pct,68.6,OBSERVED,DIRECT_OBSERVED
688,nfhs_diabetes_combined_pct,15.3,OBSERVED,DIRECT_OBSERVED
688,oope_delivery_rs,3234.0,OBSERVED,DIRECT_OBSERVED
688,hypertension_combined_pct_men,90.0,OBSERVED,DIRECT_OBSERVED
688,mca21_raw_company_count,8.0,OBSERVED,DIRECT_OBSERVED
688,diabetes_combined_pct_women,14.1,OBSERVED,DIRECT_OBSERVED
688,diabetes_combined_pct_men,16.5,OBSERVED,DIRECT_OBSERVED
688,jan_aushadhi_raw_count,39.0,OBSERVED,DIRECT_OBSERVED
688,census_decadal_growth_pct,12.4,OBSERVED,DIRECT_OBSERVED
688,nfhs_stunting_pct,33.0,OBSERVED,DIRECT_OBSERVED
688,census_urban_population_pct,42.6,OBSERVED,DIRECT_OBSERVED
512,rhs_phc_density_per_100k,2.9719,IMPUTED_STATE_MEAN,STATISTICALLY_IMPUTED
512,census_total_population,2200000.0,OBSERVED,DIRECT_OBSERVED
512,rhs_hospital_presence,3.28,IMPUTED_STATE_MEAN,STATISTICALLY_IMPUTED
512,hypertension_combined_pct_women,90.0,OBSERVED,DIRECT_OBSERVED
512,insurance_pct,70.3,OBSERVED,DIRECT_OBSERVED
512,clean_fuel_pct,3.0,OBSERVED,DIRECT_OBSERVED
512,census_population_age_0_6_pct,10.2,OBSERVED,DIRECT_OBSERVED
512,rhs_subcentre_density_per_100k,24.0194,IMPUTED_STATE_MEAN,STATISTICALLY_IMPUTED
512,underweight_pct,33.0,OBSERVED,DIRECT_OBSERVED
512,nfhs_underweight_pct,33.0,OBSERVED,DIRECT_OBSERVED
512,nfhs_insurance_pct,70.3,OBSERVED,DIRECT_OBSERVED
512,nfhs_sanitation_pct,73.7,OBSERVED,DIRECT_OBSERVED
512,jan_aushadhi_density_per_100k,1.773,OBSERVED,DIRECT_OBSERVED
512,census_literacy_rate_pct,76.0,OBSERVED,DIRECT_OBSERVED
512,nfhs_clean_fuel_pct,3.0,OBSERVED,DIRECT_OBSERVED
512,wasting_pct,17.8,OBSERVED,DIRECT_OBSERVED
512,rhs_chc_density_per_100k,0.5272,IMPUTED_STATE_MEAN,STATISTICALLY_IMPUTED
512,nfhs_oope_delivery_rs,2369.0,OBSERVED,DIRECT_OBSERVED
512,niti_aspirational_district_flag,0.0,OBSERVED,DIRECT_OBSERVED
512,nfhs_hypertension_combined_pct,90.0,OBSERVED,DIRECT_OBSERVED
512,stunting_pct,42.6,OBSERVED,DIRECT_OBSERVED
512,nfhs_wasting_pct,17.8,OBSERVED,DIRECT_OBSERVED
512,mca21_pharma_density_per_100k,0.364,OBSERVED,DIRECT_OBSERVED
512,sanitation_pct,73.7,OBSERVED,DIRECT_OBSERVED
512,nfhs_diabetes_combined_pct,12.5,OBSERVED,DIRECT_OBSERVED
512,oope_delivery_rs,2369.0,OBSERVED,DIRECT_OBSERVED
512,hypertension_combined_pct_men,90.0,OBSERVED,DIRECT_OBSERVED
512,mca21_raw_company_count,8.0,OBSERVED,DIRECT_OBSERVED
512,diabetes_combined_pct_women,10.8,OBSERVED,DIRECT_OBSERVED
512,diabetes_combined_pct_men,14.2,OBSERVED,DIRECT_OBSERVED
512,jan_aushadhi_raw_count,39.0,OBSERVED,DIRECT_OBSERVED
512,census_decadal_growth_pct,12.4,OBSERVED,DIRECT_OBSERVED
512,nfhs_stunting_pct,42.6,OBSERVED,DIRECT_OBSERVED
512,census_urban_population_pct,42.6,OBSERVED,DIRECT_OBSERVED
684,rhs_phc_density_per_100k,3.182,INHERITED_FROM_501,INHERITED
684,census_total_population,2200000.0,OBSERVED,DIRECT_OBSERVED
684,rhs_hospital_presence,2.0,INHERITED_FROM_501,INHERITED
684,hypertension_combined_pct_women,90.0,OBSERVED,DIRECT_OBSERVED
684,insurance_pct,64.4,OBSERVED,DIRECT_OBSERVED
684,clean_fuel_pct,3.0,OBSERVED,DIRECT_OBSERVED
684,census_population_age_0_6_pct,10.2,OBSERVED,DIRECT_OBSERVED
684,rhs_subcentre_density_per_100k,21.364,INHERITED_FROM_501,INHERITED
684,underweight_pct,27.4,OBSERVED,DIRECT_OBSERVED
684,nfhs_underweight_pct,27.4,OBSERVED,DIRECT_OBSERVED
684,nfhs_insurance_pct,64.4,OBSERVED,DIRECT_OBSERVED
684,nfhs_sanitation_pct,78.1,OBSERVED,DIRECT_OBSERVED
684,jan_aushadhi_density_per_100k,1.773,OBSERVED,DIRECT_OBSERVED
684,census_literacy_rate_pct,76.0,OBSERVED,DIRECT_OBSERVED
684,nfhs_clean_fuel_pct,3.0,OBSERVED,DIRECT_OBSERVED
684,wasting_pct,22.1,OBSERVED,DIRECT_OBSERVED
684,rhs_chc_density_per_100k,0.591,INHERITED_FROM_501,INHERITED
684,nfhs_oope_delivery_rs,3041.0,OBSERVED,DIRECT_OBSERVED
684,niti_aspirational_district_flag,0.0,OBSERVED,DIRECT_OBSERVED
684,nfhs_hypertension_combined_pct,90.0,OBSERVED,DIRECT_OBSERVED
684,stunting_pct,25.9,OBSERVED,DIRECT_OBSERVED
684,nfhs_wasting_pct,22.1,OBSERVED,DIRECT_OBSERVED
684,mca21_pharma_density_per_100k,0.364,OBSERVED,DIRECT_OBSERVED
684,sanitation_pct,78.1,OBSERVED,DIRECT_OBSERVED
684,nfhs_diabetes_combined_pct,15.15,OBSERVED,DIRECT_OBSERVED
684,oope_delivery_rs,3041.0,OBSERVED,DIRECT_OBSERVED
684,hypertension_combined_pct_men,90.0,OBSERVED,DIRECT_OBSERVED
684,mca21_raw_company_count,8.0,OBSERVED,DIRECT_OBSERVED
684,diabetes_combined_pct_women,14.2,OBSERVED,DIRECT_OBSERVED
684,diabetes_combined_pct_men,16.1,OBSERVED,DIRECT_OBSERVED
684,jan_aushadhi_raw_count,39.0,OBSERVED,DIRECT_OBSERVED
684,census_decadal_growth_pct,12.4,OBSERVED,DIRECT_OBSERVED
684,nfhs_stunting_pct,25.9,OBSERVED,DIRECT_OBSERVED
684,census_urban_population_pct,42.6,OBSERVED,DIRECT_OBSERVED
513,rhs_phc_density_per_100k,3.045,OBSERVED,DIRECT_OBSERVED
513,census_total_population,2200000.0,OBSERVED,DIRECT_OBSERVED
513,rhs_hospital_presence,4.0,OBSERVED,DIRECT_OBSERVED
513,hypertension_combined_pct_women,90.0,OBSERVED,DIRECT_OBSERVED
513,insurance_pct,61.2,OBSERVED,DIRECT_OBSERVED
513,clean_fuel_pct,3.0,OBSERVED,DIRECT_OBSERVED
513,census_population_age_0_6_pct,10.2,OBSERVED,DIRECT_OBSERVED
513,rhs_subcentre_density_per_100k,22.227,OBSERVED,DIRECT_OBSERVED
513,underweight_pct,42.0,OBSERVED,DIRECT_OBSERVED
513,nfhs_underweight_pct,42.0,OBSERVED,DIRECT_OBSERVED
513,nfhs_insurance_pct,61.2,OBSERVED,DIRECT_OBSERVED
513,nfhs_sanitation_pct,78.2,OBSERVED,DIRECT_OBSERVED
513,jan_aushadhi_density_per_100k,1.773,OBSERVED,DIRECT_OBSERVED
513,census_literacy_rate_pct,76.0,OBSERVED,DIRECT_OBSERVED
513,nfhs_clean_fuel_pct,3.0,OBSERVED,DIRECT_OBSERVED
513,wasting_pct,21.3,OBSERVED,DIRECT_OBSERVED
513,rhs_chc_density_per_100k,0.364,OBSERVED,DIRECT_OBSERVED
513,nfhs_oope_delivery_rs,6139.0,OBSERVED,DIRECT_OBSERVED
513,niti_aspirational_district_flag,0.0,OBSERVED,DIRECT_OBSERVED
513,nfhs_hypertension_combined_pct,90.0,OBSERVED,DIRECT_OBSERVED
513,stunting_pct,36.4,OBSERVED,DIRECT_OBSERVED
513,nfhs_wasting_pct,21.3,OBSERVED,DIRECT_OBSERVED
513,mca21_pharma_density_per_100k,0.364,OBSERVED,DIRECT_OBSERVED
513,sanitation_pct,78.2,OBSERVED,DIRECT_OBSERVED
513,nfhs_diabetes_combined_pct,16.75,OBSERVED,DIRECT_OBSERVED
513,oope_delivery_rs,6139.0,OBSERVED,DIRECT_OBSERVED
513,hypertension_combined_pct_men,90.0,OBSERVED,DIRECT_OBSERVED
513,mca21_raw_company_count,8.0,OBSERVED,DIRECT_OBSERVED
513,diabetes_combined_pct_women,14.0,OBSERVED,DIRECT_OBSERVED
513,diabetes_combined_pct_men,19.5,OBSERVED,DIRECT_OBSERVED
513,jan_aushadhi_raw_count,39.0,OBSERVED,DIRECT_OBSERVED
513,census_decadal_growth_pct,12.4,OBSERVED,DIRECT_OBSERVED
513,nfhs_stunting_pct,36.4,OBSERVED,DIRECT_OBSERVED
513,census_urban_population_pct,42.6,OBSERVED,DIRECT_OBSERVED
700,rhs_phc_density_per_100k,2.9719,IMPUTED_STATE_MEAN,STATISTICALLY_IMPUTED
700,census_total_population,2200000.0,OBSERVED,DIRECT_OBSERVED
700,rhs_hospital_presence,3.28,IMPUTED_STATE_MEAN,STATISTICALLY_IMPUTED
700,hypertension_combined_pct_women,90.0,OBSERVED,DIRECT_OBSERVED
700,insurance_pct,53.8,OBSERVED,DIRECT_OBSERVED
700,clean_fuel_pct,3.0,OBSERVED,DIRECT_OBSERVED
700,census_population_age_0_6_pct,10.2,OBSERVED,DIRECT_OBSERVED
700,rhs_subcentre_density_per_100k,24.0194,IMPUTED_STATE_MEAN,STATISTICALLY_IMPUTED
700,underweight_pct,25.0,OBSERVED,DIRECT_OBSERVED
700,nfhs_underweight_pct,25.0,OBSERVED,DIRECT_OBSERVED
700,nfhs_insurance_pct,53.8,OBSERVED,DIRECT_OBSERVED
700,nfhs_sanitation_pct,86.2,OBSERVED,DIRECT_OBSERVED
700,jan_aushadhi_density_per_100k,1.773,OBSERVED,DIRECT_OBSERVED
700,census_literacy_rate_pct,76.0,OBSERVED,DIRECT_OBSERVED
700,nfhs_clean_fuel_pct,3.0,OBSERVED,DIRECT_OBSERVED
700,wasting_pct,12.0,OBSERVED,DIRECT_OBSERVED
700,rhs_chc_density_per_100k,0.5272,IMPUTED_STATE_MEAN,STATISTICALLY_IMPUTED
700,nfhs_oope_delivery_rs,3534.0,OBSERVED,DIRECT_OBSERVED
700,niti_aspirational_district_flag,0.0,OBSERVED,DIRECT_OBSERVED
700,nfhs_hypertension_combined_pct,90.0,OBSERVED,DIRECT_OBSERVED
700,stunting_pct,33.4,OBSERVED,DIRECT_OBSERVED
700,nfhs_wasting_pct,12.0,OBSERVED,DIRECT_OBSERVED
700,mca21_pharma_density_per_100k,12.727,OBSERVED,DIRECT_OBSERVED
700,sanitation_pct,86.2,OBSERVED,DIRECT_OBSERVED
700,nfhs_diabetes_combined_pct,17.55,OBSERVED,DIRECT_OBSERVED
700,oope_delivery_rs,3534.0,OBSERVED,DIRECT_OBSERVED
700,hypertension_combined_pct_men,90.0,OBSERVED,DIRECT_OBSERVED
700,mca21_raw_company_count,280.0,OBSERVED,DIRECT_OBSERVED
700,diabetes_combined_pct_women,16.5,OBSERVED,DIRECT_OBSERVED
700,diabetes_combined_pct_men,18.6,OBSERVED,DIRECT_OBSERVED
700,jan_aushadhi_raw_count,39.0,OBSERVED,DIRECT_OBSERVED
700,census_decadal_growth_pct,12.4,OBSERVED,DIRECT_OBSERVED
700,nfhs_stunting_pct,33.4,OBSERVED,DIRECT_OBSERVED
700,census_urban_population_pct,42.6,OBSERVED,DIRECT_OBSERVED
720,rhs_phc_density_per_100k,3.136,INHERITED_FROM_522,INHERITED
720,census_total_population,2200000.0,OBSERVED,DIRECT_OBSERVED
720,rhs_hospital_presence,2.0,INHERITED_FROM_522,INHERITED
720,hypertension_combined_pct_women,90.0,IMPUTED_STATE_MEAN,STATISTICALLY_IMPUTED
720,insurance_pct,62.2935,IMPUTED_STATE_MEAN,STATISTICALLY_IMPUTED
720,clean_fuel_pct,3.0,IMPUTED_STATE_MEAN,STATISTICALLY_IMPUTED
720,census_population_age_0_6_pct,10.2,OBSERVED,DIRECT_OBSERVED
720,rhs_subcentre_density_per_100k,27.5,INHERITED_FROM_522,INHERITED
720,underweight_pct,32.7677,IMPUTED_STATE_MEAN,STATISTICALLY_IMPUTED
720,nfhs_underweight_pct,37.9,INHERITED_FROM_522,INHERITED
720,nfhs_insurance_pct,72.0,INHERITED_FROM_522,INHERITED
720,nfhs_sanitation_pct,74.3,INHERITED_FROM_522,INHERITED
720,jan_aushadhi_density_per_100k,1.773,OBSERVED,DIRECT_OBSERVED
720,census_literacy_rate_pct,76.0,OBSERVED,DIRECT_OBSERVED
720,nfhs_clean_fuel_pct,3.0,INHERITED_FROM_522,INHERITED
720,wasting_pct,22.1419,IMPUTED_STATE_MEAN,STATISTICALLY_IMPUTED
720,rhs_chc_density_per_100k,0.636,INHERITED_FROM_522,INHERITED
720,nfhs_oope_delivery_rs,3713.0,INHERITED_FROM_522,INHERITED
720,niti_aspirational_district_flag,0.0,OBSERVED,DIRECT_OBSERVED
720,nfhs_hypertension_combined_pct,90.0,INHERITED_FROM_522,INHERITED
720,stunting_pct,33.1774,IMPUTED_STATE_MEAN,STATISTICALLY_IMPUTED
720,nfhs_wasting_pct,19.0,INHERITED_FROM_522,INHERITED
720,mca21_pharma_density_per_100k,0.364,OBSERVED,DIRECT_OBSERVED
720,sanitation_pct,74.6097,IMPUTED_STATE_MEAN,STATISTICALLY_IMPUTED
720,nfhs_diabetes_combined_pct,16.85,INHERITED_FROM_522,INHERITED
720,oope_delivery_rs,3925.6774,IMPUTED_STATE_MEAN,STATISTICALLY_IMPUTED
720,hypertension_combined_pct_men,90.0,IMPUTED_STATE_MEAN,STATISTICALLY_IMPUTED
720,mca21_raw_company_count,8.0,OBSERVED,DIRECT_OBSERVED
720,diabetes_combined_pct_women,14.1226,IMPUTED_STATE_MEAN,STATISTICALLY_IMPUTED
720,diabetes_combined_pct_men,17.5774,IMPUTED_STATE_MEAN,STATISTICALLY_IMPUTED
720,jan_aushadhi_raw_count,39.0,OBSERVED,DIRECT_OBSERVED
720,census_decadal_growth_pct,12.4,OBSERVED,DIRECT_OBSERVED
720,nfhs_stunting_pct,36.1,INHERITED_FROM_522,INHERITED
720,census_urban_population_pct,42.6,OBSERVED,DIRECT_OBSERVED
694,rhs_phc_density_per_100k,2.9719,IMPUTED_STATE_MEAN,STATISTICALLY_IMPUTED
694,census_total_population,2200000.0,OBSERVED,DIRECT_OBSERVED
694,rhs_hospital_presence,3.28,IMPUTED_STATE_MEAN,STATISTICALLY_IMPUTED
694,hypertension_combined_pct_women,90.0,OBSERVED,DIRECT_OBSERVED
694,insurance_pct,68.6,OBSERVED,DIRECT_OBSERVED
694,clean_fuel_pct,3.0,OBSERVED,DIRECT_OBSERVED
694,census_population_age_0_6_pct,10.2,OBSERVED,DIRECT_OBSERVED
694,rhs_subcentre_density_per_100k,24.0194,IMPUTED_STATE_MEAN,STATISTICALLY_IMPUTED
694,underweight_pct,30.9,OBSERVED,DIRECT_OBSERVED
694,nfhs_underweight_pct,30.9,OBSERVED,DIRECT_OBSERVED
694,nfhs_insurance_pct,68.6,OBSERVED,DIRECT_OBSERVED
694,nfhs_sanitation_pct,73.2,OBSERVED,DIRECT_OBSERVED
694,jan_aushadhi_density_per_100k,1.773,OBSERVED,DIRECT_OBSERVED
694,census_literacy_rate_pct,76.0,OBSERVED,DIRECT_OBSERVED
694,nfhs_clean_fuel_pct,3.0,OBSERVED,DIRECT_OBSERVED
694,wasting_pct,27.3,OBSERVED,DIRECT_OBSERVED
694,rhs_chc_density_per_100k,0.5272,IMPUTED_STATE_MEAN,STATISTICALLY_IMPUTED
694,nfhs_oope_delivery_rs,2975.0,OBSERVED,DIRECT_OBSERVED
694,niti_aspirational_district_flag,0.0,OBSERVED,DIRECT_OBSERVED
694,nfhs_hypertension_combined_pct,90.0,OBSERVED,DIRECT_OBSERVED
694,stunting_pct,35.1,OBSERVED,DIRECT_OBSERVED
694,nfhs_wasting_pct,27.3,OBSERVED,DIRECT_OBSERVED
694,mca21_pharma_density_per_100k,0.364,OBSERVED,DIRECT_OBSERVED
694,sanitation_pct,73.2,OBSERVED,DIRECT_OBSERVED
694,nfhs_diabetes_combined_pct,13.5,OBSERVED,DIRECT_OBSERVED
694,oope_delivery_rs,2975.0,OBSERVED,DIRECT_OBSERVED
694,hypertension_combined_pct_men,90.0,OBSERVED,DIRECT_OBSERVED
694,mca21_raw_company_count,8.0,OBSERVED,DIRECT_OBSERVED
694,diabetes_combined_pct_women,12.5,OBSERVED,DIRECT_OBSERVED
694,diabetes_combined_pct_men,14.5,OBSERVED,DIRECT_OBSERVED
694,jan_aushadhi_raw_count,39.0,OBSERVED,DIRECT_OBSERVED
694,census_decadal_growth_pct,12.4,OBSERVED,DIRECT_OBSERVED
694,nfhs_stunting_pct,35.1,OBSERVED,DIRECT_OBSERVED
694,census_urban_population_pct,42.6,OBSERVED,DIRECT_OBSERVED
514,rhs_phc_density_per_100k,3.273,OBSERVED,DIRECT_OBSERVED
514,census_total_population,2200000.0,OBSERVED,DIRECT_OBSERVED
514,rhs_hospital_presence,5.0,OBSERVED,DIRECT_OBSERVED
514,hypertension_combined_pct_women,90.0,OBSERVED,DIRECT_OBSERVED
514,insurance_pct,64.8,OBSERVED,DIRECT_OBSERVED
514,clean_fuel_pct,3.0,OBSERVED,DIRECT_OBSERVED
514,census_population_age_0_6_pct,10.2,OBSERVED,DIRECT_OBSERVED
514,rhs_subcentre_density_per_100k,28.455,OBSERVED,DIRECT_OBSERVED
514,underweight_pct,28.0,OBSERVED,DIRECT_OBSERVED
514,nfhs_underweight_pct,28.0,OBSERVED,DIRECT_OBSERVED
514,nfhs_insurance_pct,64.8,OBSERVED,DIRECT_OBSERVED
514,nfhs_sanitation_pct,76.4,OBSERVED,DIRECT_OBSERVED
514,jan_aushadhi_density_per_100k,1.773,OBSERVED,DIRECT_OBSERVED
514,census_literacy_rate_pct,76.0,OBSERVED,DIRECT_OBSERVED
514,nfhs_clean_fuel_pct,3.0,OBSERVED,DIRECT_OBSERVED
514,wasting_pct,29.8,OBSERVED,DIRECT_OBSERVED
514,rhs_chc_density_per_100k,0.182,OBSERVED,DIRECT_OBSERVED
514,nfhs_oope_delivery_rs,4320.0,OBSERVED,DIRECT_OBSERVED
514,niti_aspirational_district_flag,0.0,OBSERVED,DIRECT_OBSERVED
514,nfhs_hypertension_combined_pct,90.0,OBSERVED,DIRECT_OBSERVED
514,stunting_pct,31.7,OBSERVED,DIRECT_OBSERVED
514,nfhs_wasting_pct,29.8,OBSERVED,DIRECT_OBSERVED
514,mca21_pharma_density_per_100k,0.364,OBSERVED,DIRECT_OBSERVED
514,sanitation_pct,76.4,OBSERVED,DIRECT_OBSERVED
514,nfhs_diabetes_combined_pct,15.4,OBSERVED,DIRECT_OBSERVED
514,oope_delivery_rs,4320.0,OBSERVED,DIRECT_OBSERVED
514,hypertension_combined_pct_men,90.0,OBSERVED,DIRECT_OBSERVED
514,mca21_raw_company_count,8.0,OBSERVED,DIRECT_OBSERVED
514,diabetes_combined_pct_women,13.8,OBSERVED,DIRECT_OBSERVED
514,diabetes_combined_pct_men,17.0,OBSERVED,DIRECT_OBSERVED
514,jan_aushadhi_raw_count,39.0,OBSERVED,DIRECT_OBSERVED
514,census_decadal_growth_pct,12.4,OBSERVED,DIRECT_OBSERVED
514,nfhs_stunting_pct,31.7,OBSERVED,DIRECT_OBSERVED
514,census_urban_population_pct,42.6,OBSERVED,DIRECT_OBSERVED
721,rhs_phc_density_per_100k,2.9719,IMPUTED_STATE_MEAN,STATISTICALLY_IMPUTED
721,census_total_population,2200000.0,OBSERVED,DIRECT_OBSERVED
721,rhs_hospital_presence,3.28,IMPUTED_STATE_MEAN,STATISTICALLY_IMPUTED
721,hypertension_combined_pct_women,90.0,IMPUTED_STATE_MEAN,STATISTICALLY_IMPUTED
721,insurance_pct,62.2935,IMPUTED_STATE_MEAN,STATISTICALLY_IMPUTED
721,clean_fuel_pct,3.0,IMPUTED_STATE_MEAN,STATISTICALLY_IMPUTED
721,census_population_age_0_6_pct,10.2,OBSERVED,DIRECT_OBSERVED
721,rhs_subcentre_density_per_100k,24.0194,IMPUTED_STATE_MEAN,STATISTICALLY_IMPUTED
721,underweight_pct,32.7677,IMPUTED_STATE_MEAN,STATISTICALLY_IMPUTED
721,nfhs_underweight_pct,33.0,INHERITED_FROM_512,INHERITED
721,nfhs_insurance_pct,70.3,INHERITED_FROM_512,INHERITED
721,nfhs_sanitation_pct,73.7,INHERITED_FROM_512,INHERITED
721,jan_aushadhi_density_per_100k,1.773,OBSERVED,DIRECT_OBSERVED
721,census_literacy_rate_pct,76.0,OBSERVED,DIRECT_OBSERVED
721,nfhs_clean_fuel_pct,3.0,INHERITED_FROM_512,INHERITED
721,wasting_pct,22.1419,IMPUTED_STATE_MEAN,STATISTICALLY_IMPUTED
721,rhs_chc_density_per_100k,0.5272,IMPUTED_STATE_MEAN,STATISTICALLY_IMPUTED
721,nfhs_oope_delivery_rs,2369.0,INHERITED_FROM_512,INHERITED
721,niti_aspirational_district_flag,0.0,OBSERVED,DIRECT_OBSERVED
721,nfhs_hypertension_combined_pct,90.0,INHERITED_FROM_512,INHERITED
721,stunting_pct,33.1774,IMPUTED_STATE_MEAN,STATISTICALLY_IMPUTED
721,nfhs_wasting_pct,17.8,INHERITED_FROM_512,INHERITED
721,mca21_pharma_density_per_100k,0.364,OBSERVED,DIRECT_OBSERVED
721,sanitation_pct,74.6097,IMPUTED_STATE_MEAN,STATISTICALLY_IMPUTED
721,nfhs_diabetes_combined_pct,12.5,INHERITED_FROM_512,INHERITED
721,oope_delivery_rs,3925.6774,IMPUTED_STATE_MEAN,STATISTICALLY_IMPUTED
721,hypertension_combined_pct_men,90.0,IMPUTED_STATE_MEAN,STATISTICALLY_IMPUTED
721,mca21_raw_company_count,8.0,OBSERVED,DIRECT_OBSERVED
721,diabetes_combined_pct_women,14.1226,IMPUTED_STATE_MEAN,STATISTICALLY_IMPUTED
721,diabetes_combined_pct_men,17.5774,IMPUTED_STATE_MEAN,STATISTICALLY_IMPUTED
721,jan_aushadhi_raw_count,39.0,OBSERVED,DIRECT_OBSERVED
721,census_decadal_growth_pct,12.4,OBSERVED,DIRECT_OBSERVED
721,nfhs_stunting_pct,42.6,INHERITED_FROM_512,INHERITED
721,census_urban_population_pct,42.6,OBSERVED,DIRECT_OBSERVED
680,rhs_phc_density_per_100k,3.182,INHERITED_FROM_501,INHERITED
680,census_total_population,2200000.0,OBSERVED,DIRECT_OBSERVED
680,rhs_hospital_presence,2.0,INHERITED_FROM_501,INHERITED
680,hypertension_combined_pct_women,90.0,OBSERVED,DIRECT_OBSERVED
680,insurance_pct,49.9,OBSERVED,DIRECT_OBSERVED
680,clean_fuel_pct,3.0,OBSERVED,DIRECT_OBSERVED
680,census_population_age_0_6_pct,10.2,OBSERVED,DIRECT_OBSERVED
680,rhs_subcentre_density_per_100k,21.364,INHERITED_FROM_501,INHERITED
680,underweight_pct,33.4,OBSERVED,DIRECT_OBSERVED
680,nfhs_underweight_pct,33.4,OBSERVED,DIRECT_OBSERVED
680,nfhs_insurance_pct,49.9,OBSERVED,DIRECT_OBSERVED
680,nfhs_sanitation_pct,63.6,OBSERVED,DIRECT_OBSERVED
680,jan_aushadhi_density_per_100k,1.773,OBSERVED,DIRECT_OBSERVED
680,census_literacy_rate_pct,76.0,OBSERVED,DIRECT_OBSERVED
680,nfhs_clean_fuel_pct,3.0,OBSERVED,DIRECT_OBSERVED
680,wasting_pct,18.1,OBSERVED,DIRECT_OBSERVED
680,rhs_chc_density_per_100k,0.591,INHERITED_FROM_501,INHERITED
680,nfhs_oope_delivery_rs,5080.0,OBSERVED,DIRECT_OBSERVED
680,niti_aspirational_district_flag,0.0,OBSERVED,DIRECT_OBSERVED
680,nfhs_hypertension_combined_pct,90.0,OBSERVED,DIRECT_OBSERVED
680,stunting_pct,31.7,OBSERVED,DIRECT_OBSERVED
680,nfhs_wasting_pct,18.1,OBSERVED,DIRECT_OBSERVED
680,mca21_pharma_density_per_100k,0.364,OBSERVED,DIRECT_OBSERVED
680,sanitation_pct,63.6,OBSERVED,DIRECT_OBSERVED
680,nfhs_diabetes_combined_pct,13.75,OBSERVED,DIRECT_OBSERVED
680,oope_delivery_rs,5080.0,OBSERVED,DIRECT_OBSERVED
680,hypertension_combined_pct_men,90.0,OBSERVED,DIRECT_OBSERVED
680,mca21_raw_company_count,8.0,OBSERVED,DIRECT_OBSERVED
680,diabetes_combined_pct_women,11.7,OBSERVED,DIRECT_OBSERVED
680,diabetes_combined_pct_men,15.8,OBSERVED,DIRECT_OBSERVED
680,jan_aushadhi_raw_count,39.0,OBSERVED,DIRECT_OBSERVED
680,census_decadal_growth_pct,12.4,OBSERVED,DIRECT_OBSERVED
680,nfhs_stunting_pct,31.7,OBSERVED,DIRECT_OBSERVED
680,census_urban_population_pct,42.6,OBSERVED,DIRECT_OBSERVED
516,rhs_phc_density_per_100k,2.273,OBSERVED,DIRECT_OBSERVED
516,census_total_population,2200000.0,OBSERVED,DIRECT_OBSERVED
516,rhs_hospital_presence,4.0,OBSERVED,DIRECT_OBSERVED
516,hypertension_combined_pct_women,90.0,OBSERVED,DIRECT_OBSERVED
516,insurance_pct,52.3,OBSERVED,DIRECT_OBSERVED
516,clean_fuel_pct,3.0,OBSERVED,DIRECT_OBSERVED
516,census_population_age_0_6_pct,10.2,OBSERVED,DIRECT_OBSERVED
516,rhs_subcentre_density_per_100k,18.727,OBSERVED,DIRECT_OBSERVED
516,underweight_pct,38.4,OBSERVED,DIRECT_OBSERVED
516,nfhs_underweight_pct,38.4,OBSERVED,DIRECT_OBSERVED
516,nfhs_insurance_pct,52.3,OBSERVED,DIRECT_OBSERVED
516,nfhs_sanitation_pct,72.5,OBSERVED,DIRECT_OBSERVED
516,jan_aushadhi_density_per_100k,1.773,OBSERVED,DIRECT_OBSERVED
516,census_literacy_rate_pct,76.0,OBSERVED,DIRECT_OBSERVED
516,nfhs_clean_fuel_pct,3.0,OBSERVED,DIRECT_OBSERVED
516,wasting_pct,26.2,OBSERVED,DIRECT_OBSERVED
516,rhs_chc_density_per_100k,0.636,OBSERVED,DIRECT_OBSERVED
516,nfhs_oope_delivery_rs,5262.0,OBSERVED,DIRECT_OBSERVED
516,niti_aspirational_district_flag,0.0,OBSERVED,DIRECT_OBSERVED
516,nfhs_hypertension_combined_pct,90.0,OBSERVED,DIRECT_OBSERVED
516,stunting_pct,30.5,OBSERVED,DIRECT_OBSERVED
516,nfhs_wasting_pct,26.2,OBSERVED,DIRECT_OBSERVED
516,mca21_pharma_density_per_100k,0.364,OBSERVED,DIRECT_OBSERVED
516,sanitation_pct,72.5,OBSERVED,DIRECT_OBSERVED
516,nfhs_diabetes_combined_pct,14.55,OBSERVED,DIRECT_OBSERVED
516,oope_delivery_rs,5262.0,OBSERVED,DIRECT_OBSERVED
516,hypertension_combined_pct_men,90.0,OBSERVED,DIRECT_OBSERVED
516,mca21_raw_company_count,8.0,OBSERVED,DIRECT_OBSERVED
516,diabetes_combined_pct_women,13.5,OBSERVED,DIRECT_OBSERVED
516,diabetes_combined_pct_men,15.6,OBSERVED,DIRECT_OBSERVED
516,jan_aushadhi_raw_count,39.0,OBSERVED,DIRECT_OBSERVED
516,census_decadal_growth_pct,12.4,OBSERVED,DIRECT_OBSERVED
516,nfhs_stunting_pct,30.5,OBSERVED,DIRECT_OBSERVED
516,census_urban_population_pct,42.6,OBSERVED,DIRECT_OBSERVED
682,rhs_phc_density_per_100k,3.182,INHERITED_FROM_508,INHERITED
682,census_total_population,2200000.0,OBSERVED,DIRECT_OBSERVED
682,rhs_hospital_presence,4.0,INHERITED_FROM_508,INHERITED
682,hypertension_combined_pct_women,90.0,OBSERVED,DIRECT_OBSERVED
682,insurance_pct,59.1,OBSERVED,DIRECT_OBSERVED
682,clean_fuel_pct,3.0,OBSERVED,DIRECT_OBSERVED
682,census_population_age_0_6_pct,10.2,OBSERVED,DIRECT_OBSERVED
682,rhs_subcentre_density_per_100k,26.364,INHERITED_FROM_508,INHERITED
682,underweight_pct,33.1,OBSERVED,DIRECT_OBSERVED
682,nfhs_underweight_pct,33.1,OBSERVED,DIRECT_OBSERVED
682,nfhs_insurance_pct,59.1,OBSERVED,DIRECT_OBSERVED
682,nfhs_sanitation_pct,77.8,OBSERVED,DIRECT_OBSERVED
682,jan_aushadhi_density_per_100k,1.773,OBSERVED,DIRECT_OBSERVED
682,census_literacy_rate_pct,76.0,OBSERVED,DIRECT_OBSERVED
682,nfhs_clean_fuel_pct,3.0,OBSERVED,DIRECT_OBSERVED
682,wasting_pct,28.8,OBSERVED,DIRECT_OBSERVED
682,rhs_chc_density_per_100k,0.727,INHERITED_FROM_508,INHERITED
682,nfhs_oope_delivery_rs,3850.0,OBSERVED,DIRECT_OBSERVED
682,niti_aspirational_district_flag,0.0,OBSERVED,DIRECT_OBSERVED
682,nfhs_hypertension_combined_pct,90.0,OBSERVED,DIRECT_OBSERVED
682,stunting_pct,27.5,OBSERVED,DIRECT_OBSERVED
682,nfhs_wasting_pct,28.8,OBSERVED,DIRECT_OBSERVED
682,mca21_pharma_density_per_100k,0.364,OBSERVED,DIRECT_OBSERVED
682,sanitation_pct,77.8,OBSERVED,DIRECT_OBSERVED
682,nfhs_diabetes_combined_pct,15.25,OBSERVED,DIRECT_OBSERVED
682,oope_delivery_rs,3850.0,OBSERVED,DIRECT_OBSERVED
682,hypertension_combined_pct_men,90.0,OBSERVED,DIRECT_OBSERVED
682,mca21_raw_company_count,8.0,OBSERVED,DIRECT_OBSERVED
682,diabetes_combined_pct_women,13.7,OBSERVED,DIRECT_OBSERVED
682,diabetes_combined_pct_men,16.8,OBSERVED,DIRECT_OBSERVED
682,jan_aushadhi_raw_count,39.0,OBSERVED,DIRECT_OBSERVED
682,census_decadal_growth_pct,12.4,OBSERVED,DIRECT_OBSERVED
682,nfhs_stunting_pct,27.5,OBSERVED,DIRECT_OBSERVED
682,census_urban_population_pct,42.6,OBSERVED,DIRECT_OBSERVED
683,rhs_phc_density_per_100k,3.182,INHERITED_FROM_508,INHERITED
683,census_total_population,2200000.0,OBSERVED,DIRECT_OBSERVED
683,rhs_hospital_presence,4.0,INHERITED_FROM_508,INHERITED
683,hypertension_combined_pct_women,90.0,OBSERVED,DIRECT_OBSERVED
683,insurance_pct,62.8,OBSERVED,DIRECT_OBSERVED
683,clean_fuel_pct,3.0,OBSERVED,DIRECT_OBSERVED
683,census_population_age_0_6_pct,10.2,OBSERVED,DIRECT_OBSERVED
683,rhs_subcentre_density_per_100k,26.364,INHERITED_FROM_508,INHERITED
683,underweight_pct,26.1,OBSERVED,DIRECT_OBSERVED
683,nfhs_underweight_pct,26.1,OBSERVED,DIRECT_OBSERVED
683,nfhs_insurance_pct,62.8,OBSERVED,DIRECT_OBSERVED
683,nfhs_sanitation_pct,77.4,OBSERVED,DIRECT_OBSERVED
683,jan_aushadhi_density_per_100k,1.773,OBSERVED,DIRECT_OBSERVED
683,census_literacy_rate_pct,76.0,OBSERVED,DIRECT_OBSERVED
683,nfhs_clean_fuel_pct,3.0,OBSERVED,DIRECT_OBSERVED
683,wasting_pct,19.4,OBSERVED,DIRECT_OBSERVED
683,rhs_chc_density_per_100k,0.727,INHERITED_FROM_508,INHERITED
683,nfhs_oope_delivery_rs,3065.0,OBSERVED,DIRECT_OBSERVED
683,niti_aspirational_district_flag,0.0,OBSERVED,DIRECT_OBSERVED
683,nfhs_hypertension_combined_pct,90.0,OBSERVED,DIRECT_OBSERVED
683,stunting_pct,22.4,OBSERVED,DIRECT_OBSERVED
683,nfhs_wasting_pct,19.4,OBSERVED,DIRECT_OBSERVED
683,mca21_pharma_density_per_100k,0.364,OBSERVED,DIRECT_OBSERVED
683,sanitation_pct,77.4,OBSERVED,DIRECT_OBSERVED
683,nfhs_diabetes_combined_pct,16.75,OBSERVED,DIRECT_OBSERVED
683,oope_delivery_rs,3065.0,OBSERVED,DIRECT_OBSERVED
683,hypertension_combined_pct_men,90.0,OBSERVED,DIRECT_OBSERVED
683,mca21_raw_company_count,8.0,OBSERVED,DIRECT_OBSERVED
683,diabetes_combined_pct_women,13.2,OBSERVED,DIRECT_OBSERVED
683,diabetes_combined_pct_men,20.3,OBSERVED,DIRECT_OBSERVED
683,jan_aushadhi_raw_count,39.0,OBSERVED,DIRECT_OBSERVED
683,census_decadal_growth_pct,12.4,OBSERVED,DIRECT_OBSERVED
683,nfhs_stunting_pct,22.4,OBSERVED,DIRECT_OBSERVED
683,census_urban_population_pct,42.6,OBSERVED,DIRECT_OBSERVED
518,rhs_phc_density_per_100k,2.9719,IMPUTED_STATE_MEAN,STATISTICALLY_IMPUTED
518,census_total_population,2200000.0,OBSERVED,DIRECT_OBSERVED
518,rhs_hospital_presence,3.28,IMPUTED_STATE_MEAN,STATISTICALLY_IMPUTED
518,hypertension_combined_pct_women,90.0,OBSERVED,DIRECT_OBSERVED
518,insurance_pct,58.3,OBSERVED,DIRECT_OBSERVED
518,clean_fuel_pct,3.0,OBSERVED,DIRECT_OBSERVED
518,census_population_age_0_6_pct,10.2,OBSERVED,DIRECT_OBSERVED
518,rhs_subcentre_density_per_100k,24.0194,IMPUTED_STATE_MEAN,STATISTICALLY_IMPUTED
518,underweight_pct,29.5,OBSERVED,DIRECT_OBSERVED
518,nfhs_underweight_pct,29.5,OBSERVED,DIRECT_OBSERVED
518,nfhs_insurance_pct,58.3,OBSERVED,DIRECT_OBSERVED
518,nfhs_sanitation_pct,81.1,OBSERVED,DIRECT_OBSERVED
518,jan_aushadhi_density_per_100k,1.773,OBSERVED,DIRECT_OBSERVED
518,census_literacy_rate_pct,76.0,OBSERVED,DIRECT_OBSERVED
518,nfhs_clean_fuel_pct,3.0,OBSERVED,DIRECT_OBSERVED
518,wasting_pct,13.9,OBSERVED,DIRECT_OBSERVED
518,rhs_chc_density_per_100k,0.5272,IMPUTED_STATE_MEAN,STATISTICALLY_IMPUTED
518,nfhs_oope_delivery_rs,3499.0,OBSERVED,DIRECT_OBSERVED
518,niti_aspirational_district_flag,0.0,OBSERVED,DIRECT_OBSERVED
518,nfhs_hypertension_combined_pct,90.0,OBSERVED,DIRECT_OBSERVED
518,stunting_pct,37.8,OBSERVED,DIRECT_OBSERVED
518,nfhs_wasting_pct,13.9,OBSERVED,DIRECT_OBSERVED
518,mca21_pharma_density_per_100k,0.364,OBSERVED,DIRECT_OBSERVED
518,sanitation_pct,81.1,OBSERVED,DIRECT_OBSERVED
518,nfhs_diabetes_combined_pct,17.45,OBSERVED,DIRECT_OBSERVED
518,oope_delivery_rs,3499.0,OBSERVED,DIRECT_OBSERVED
518,hypertension_combined_pct_men,90.0,OBSERVED,DIRECT_OBSERVED
518,mca21_raw_company_count,8.0,OBSERVED,DIRECT_OBSERVED
518,diabetes_combined_pct_women,15.3,OBSERVED,DIRECT_OBSERVED
518,diabetes_combined_pct_men,19.6,OBSERVED,DIRECT_OBSERVED
518,jan_aushadhi_raw_count,39.0,OBSERVED,DIRECT_OBSERVED
518,census_decadal_growth_pct,12.4,OBSERVED,DIRECT_OBSERVED
518,nfhs_stunting_pct,37.8,OBSERVED,DIRECT_OBSERVED
518,census_urban_population_pct,42.6,OBSERVED,DIRECT_OBSERVED
691,rhs_phc_density_per_100k,3.045,INHERITED_FROM_513,INHERITED
691,census_total_population,2200000.0,OBSERVED,DIRECT_OBSERVED
691,rhs_hospital_presence,4.0,INHERITED_FROM_513,INHERITED
691,hypertension_combined_pct_women,90.0,OBSERVED,DIRECT_OBSERVED
691,insurance_pct,58.1,OBSERVED,DIRECT_OBSERVED
691,clean_fuel_pct,3.0,OBSERVED,DIRECT_OBSERVED
691,census_population_age_0_6_pct,10.2,OBSERVED,DIRECT_OBSERVED
691,rhs_subcentre_density_per_100k,22.227,INHERITED_FROM_513,INHERITED
691,underweight_pct,35.1,OBSERVED,DIRECT_OBSERVED
691,nfhs_underweight_pct,35.1,OBSERVED,DIRECT_OBSERVED
691,nfhs_insurance_pct,58.1,OBSERVED,DIRECT_OBSERVED
691,nfhs_sanitation_pct,68.0,OBSERVED,DIRECT_OBSERVED
691,jan_aushadhi_density_per_100k,1.773,OBSERVED,DIRECT_OBSERVED
691,census_literacy_rate_pct,76.0,OBSERVED,DIRECT_OBSERVED
691,nfhs_clean_fuel_pct,3.0,OBSERVED,DIRECT_OBSERVED
691,wasting_pct,25.0,OBSERVED,DIRECT_OBSERVED
691,rhs_chc_density_per_100k,0.364,INHERITED_FROM_513,INHERITED
691,nfhs_oope_delivery_rs,4718.0,OBSERVED,DIRECT_OBSERVED
691,niti_aspirational_district_flag,0.0,OBSERVED,DIRECT_OBSERVED
691,nfhs_hypertension_combined_pct,90.0,OBSERVED,DIRECT_OBSERVED
691,stunting_pct,32.9,OBSERVED,DIRECT_OBSERVED
691,nfhs_wasting_pct,25.0,OBSERVED,DIRECT_OBSERVED
691,mca21_pharma_density_per_100k,0.364,OBSERVED,DIRECT_OBSERVED
691,sanitation_pct,68.0,OBSERVED,DIRECT_OBSERVED
691,nfhs_diabetes_combined_pct,13.8,OBSERVED,DIRECT_OBSERVED
691,oope_delivery_rs,4718.0,OBSERVED,DIRECT_OBSERVED
691,hypertension_combined_pct_men,90.0,OBSERVED,DIRECT_OBSERVED
691,mca21_raw_company_count,8.0,OBSERVED,DIRECT_OBSERVED
691,diabetes_combined_pct_women,11.3,OBSERVED,DIRECT_OBSERVED
691,diabetes_combined_pct_men,16.3,OBSERVED,DIRECT_OBSERVED
691,jan_aushadhi_raw_count,39.0,OBSERVED,DIRECT_OBSERVED
691,census_decadal_growth_pct,12.4,OBSERVED,DIRECT_OBSERVED
691,nfhs_stunting_pct,32.9,OBSERVED,DIRECT_OBSERVED
691,census_urban_population_pct,42.6,OBSERVED,DIRECT_OBSERVED
692,rhs_phc_density_per_100k,3.045,INHERITED_FROM_513,INHERITED
692,census_total_population,2200000.0,OBSERVED,DIRECT_OBSERVED
692,rhs_hospital_presence,4.0,INHERITED_FROM_513,INHERITED
692,hypertension_combined_pct_women,90.0,OBSERVED,DIRECT_OBSERVED
692,insurance_pct,60.9,OBSERVED,DIRECT_OBSERVED
692,clean_fuel_pct,3.0,OBSERVED,DIRECT_OBSERVED
692,census_population_age_0_6_pct,10.2,OBSERVED,DIRECT_OBSERVED
692,rhs_subcentre_density_per_100k,22.227,INHERITED_FROM_513,INHERITED
692,underweight_pct,29.6,OBSERVED,DIRECT_OBSERVED
692,nfhs_underweight_pct,29.6,OBSERVED,DIRECT_OBSERVED
692,nfhs_insurance_pct,60.9,OBSERVED,DIRECT_OBSERVED
692,nfhs_sanitation_pct,84.1,OBSERVED,DIRECT_OBSERVED
692,jan_aushadhi_density_per_100k,1.773,OBSERVED,DIRECT_OBSERVED
692,census_literacy_rate_pct,76.0,OBSERVED,DIRECT_OBSERVED
692,nfhs_clean_fuel_pct,3.0,OBSERVED,DIRECT_OBSERVED
692,wasting_pct,19.3,OBSERVED,DIRECT_OBSERVED
692,rhs_chc_density_per_100k,0.364,INHERITED_FROM_513,INHERITED
692,nfhs_oope_delivery_rs,5528.0,OBSERVED,DIRECT_OBSERVED
692,niti_aspirational_district_flag,0.0,OBSERVED,DIRECT_OBSERVED
692,nfhs_hypertension_combined_pct,90.0,OBSERVED,DIRECT_OBSERVED
692,stunting_pct,28.1,OBSERVED,DIRECT_OBSERVED
692,nfhs_wasting_pct,19.3,OBSERVED,DIRECT_OBSERVED
692,mca21_pharma_density_per_100k,0.364,OBSERVED,DIRECT_OBSERVED
692,sanitation_pct,84.1,OBSERVED,DIRECT_OBSERVED
692,nfhs_diabetes_combined_pct,17.35,OBSERVED,DIRECT_OBSERVED
692,oope_delivery_rs,5528.0,OBSERVED,DIRECT_OBSERVED
692,hypertension_combined_pct_men,90.0,OBSERVED,DIRECT_OBSERVED
692,mca21_raw_company_count,8.0,OBSERVED,DIRECT_OBSERVED
692,diabetes_combined_pct_women,14.7,OBSERVED,DIRECT_OBSERVED
692,diabetes_combined_pct_men,20.0,OBSERVED,DIRECT_OBSERVED
692,jan_aushadhi_raw_count,39.0,OBSERVED,DIRECT_OBSERVED
692,census_decadal_growth_pct,12.4,OBSERVED,DIRECT_OBSERVED
692,nfhs_stunting_pct,28.1,OBSERVED,DIRECT_OBSERVED
692,census_urban_population_pct,42.6,OBSERVED,DIRECT_OBSERVED
696,rhs_phc_density_per_100k,3.273,INHERITED_FROM_514,INHERITED
696,census_total_population,2200000.0,OBSERVED,DIRECT_OBSERVED
696,rhs_hospital_presence,5.0,INHERITED_FROM_514,INHERITED
696,hypertension_combined_pct_women,90.0,OBSERVED,DIRECT_OBSERVED
696,insurance_pct,63.1,OBSERVED,DIRECT_OBSERVED
696,clean_fuel_pct,3.0,OBSERVED,DIRECT_OBSERVED
696,census_population_age_0_6_pct,10.2,OBSERVED,DIRECT_OBSERVED
696,rhs_subcentre_density_per_100k,28.455,INHERITED_FROM_514,INHERITED
696,underweight_pct,30.1,OBSERVED,DIRECT_OBSERVED
696,nfhs_underweight_pct,30.1,OBSERVED,DIRECT_OBSERVED
696,nfhs_insurance_pct,63.1,OBSERVED,DIRECT_OBSERVED
696,nfhs_sanitation_pct,77.9,OBSERVED,DIRECT_OBSERVED
696,jan_aushadhi_density_per_100k,1.773,OBSERVED,DIRECT_OBSERVED
696,census_literacy_rate_pct,76.0,OBSERVED,DIRECT_OBSERVED
696,nfhs_clean_fuel_pct,3.0,OBSERVED,DIRECT_OBSERVED
696,wasting_pct,24.9,OBSERVED,DIRECT_OBSERVED
696,rhs_chc_density_per_100k,0.182,INHERITED_FROM_514,INHERITED
696,nfhs_oope_delivery_rs,3615.0,OBSERVED,DIRECT_OBSERVED
696,niti_aspirational_district_flag,0.0,OBSERVED,DIRECT_OBSERVED
696,nfhs_hypertension_combined_pct,90.0,OBSERVED,DIRECT_OBSERVED
696,stunting_pct,29.1,OBSERVED,DIRECT_OBSERVED
696,nfhs_wasting_pct,24.9,OBSERVED,DIRECT_OBSERVED
696,mca21_pharma_density_per_100k,0.364,OBSERVED,DIRECT_OBSERVED
696,sanitation_pct,77.9,OBSERVED,DIRECT_OBSERVED
696,nfhs_diabetes_combined_pct,20.8,OBSERVED,DIRECT_OBSERVED
696,oope_delivery_rs,3615.0,OBSERVED,DIRECT_OBSERVED
696,hypertension_combined_pct_men,90.0,OBSERVED,DIRECT_OBSERVED
696,mca21_raw_company_count,8.0,OBSERVED,DIRECT_OBSERVED
696,diabetes_combined_pct_women,17.7,OBSERVED,DIRECT_OBSERVED
696,diabetes_combined_pct_men,23.9,OBSERVED,DIRECT_OBSERVED
696,jan_aushadhi_raw_count,39.0,OBSERVED,DIRECT_OBSERVED
696,census_decadal_growth_pct,12.4,OBSERVED,DIRECT_OBSERVED
696,nfhs_stunting_pct,29.1,OBSERVED,DIRECT_OBSERVED
696,census_urban_population_pct,42.6,OBSERVED,DIRECT_OBSERVED
698,rhs_phc_density_per_100k,2.9719,IMPUTED_STATE_MEAN,STATISTICALLY_IMPUTED
698,census_total_population,2200000.0,OBSERVED,DIRECT_OBSERVED
698,rhs_hospital_presence,3.28,IMPUTED_STATE_MEAN,STATISTICALLY_IMPUTED
698,hypertension_combined_pct_women,90.0,OBSERVED,DIRECT_OBSERVED
698,insurance_pct,59.6,OBSERVED,DIRECT_OBSERVED
698,clean_fuel_pct,3.0,OBSERVED,DIRECT_OBSERVED
698,census_population_age_0_6_pct,10.2,OBSERVED,DIRECT_OBSERVED
698,rhs_subcentre_density_per_100k,24.0194,IMPUTED_STATE_MEAN,STATISTICALLY_IMPUTED
698,underweight_pct,37.1,OBSERVED,DIRECT_OBSERVED
698,nfhs_underweight_pct,37.1,OBSERVED,DIRECT_OBSERVED
698,nfhs_insurance_pct,59.6,OBSERVED,DIRECT_OBSERVED
698,nfhs_sanitation_pct,66.7,OBSERVED,DIRECT_OBSERVED
698,jan_aushadhi_density_per_100k,1.773,OBSERVED,DIRECT_OBSERVED
698,census_literacy_rate_pct,76.0,OBSERVED,DIRECT_OBSERVED
698,nfhs_clean_fuel_pct,3.0,OBSERVED,DIRECT_OBSERVED
698,wasting_pct,20.0,OBSERVED,DIRECT_OBSERVED
698,rhs_chc_density_per_100k,0.5272,IMPUTED_STATE_MEAN,STATISTICALLY_IMPUTED
698,nfhs_oope_delivery_rs,3201.0,OBSERVED,DIRECT_OBSERVED
698,niti_aspirational_district_flag,0.0,OBSERVED,DIRECT_OBSERVED
698,nfhs_hypertension_combined_pct,90.0,OBSERVED,DIRECT_OBSERVED
698,stunting_pct,32.1,OBSERVED,DIRECT_OBSERVED
698,nfhs_wasting_pct,20.0,OBSERVED,DIRECT_OBSERVED
698,mca21_pharma_density_per_100k,0.364,OBSERVED,DIRECT_OBSERVED
698,sanitation_pct,66.7,OBSERVED,DIRECT_OBSERVED
698,nfhs_diabetes_combined_pct,12.55,OBSERVED,DIRECT_OBSERVED
698,oope_delivery_rs,3201.0,OBSERVED,DIRECT_OBSERVED
698,hypertension_combined_pct_men,90.0,OBSERVED,DIRECT_OBSERVED
698,mca21_raw_company_count,8.0,OBSERVED,DIRECT_OBSERVED
698,diabetes_combined_pct_women,10.8,OBSERVED,DIRECT_OBSERVED
698,diabetes_combined_pct_men,14.3,OBSERVED,DIRECT_OBSERVED
698,jan_aushadhi_raw_count,39.0,OBSERVED,DIRECT_OBSERVED
698,census_decadal_growth_pct,12.4,OBSERVED,DIRECT_OBSERVED
698,nfhs_stunting_pct,32.1,OBSERVED,DIRECT_OBSERVED
698,census_urban_population_pct,42.6,OBSERVED,DIRECT_OBSERVED
693,rhs_phc_density_per_100k,2.9719,IMPUTED_STATE_MEAN,STATISTICALLY_IMPUTED
693,census_total_population,2200000.0,OBSERVED,DIRECT_OBSERVED
693,rhs_hospital_presence,3.28,IMPUTED_STATE_MEAN,STATISTICALLY_IMPUTED
693,hypertension_combined_pct_women,90.0,OBSERVED,DIRECT_OBSERVED
693,insurance_pct,70.1,OBSERVED,DIRECT_OBSERVED
693,clean_fuel_pct,3.0,OBSERVED,DIRECT_OBSERVED
693,census_population_age_0_6_pct,10.2,OBSERVED,DIRECT_OBSERVED
693,rhs_subcentre_density_per_100k,24.0194,IMPUTED_STATE_MEAN,STATISTICALLY_IMPUTED
693,underweight_pct,33.2,OBSERVED,DIRECT_OBSERVED
693,nfhs_underweight_pct,33.2,OBSERVED,DIRECT_OBSERVED
693,nfhs_insurance_pct,70.1,OBSERVED,DIRECT_OBSERVED
693,nfhs_sanitation_pct,75.9,OBSERVED,DIRECT_OBSERVED
693,jan_aushadhi_density_per_100k,1.773,OBSERVED,DIRECT_OBSERVED
693,census_literacy_rate_pct,76.0,OBSERVED,DIRECT_OBSERVED
693,nfhs_clean_fuel_pct,3.0,OBSERVED,DIRECT_OBSERVED
693,wasting_pct,15.1,OBSERVED,DIRECT_OBSERVED
693,rhs_chc_density_per_100k,0.5272,IMPUTED_STATE_MEAN,STATISTICALLY_IMPUTED
693,nfhs_oope_delivery_rs,2989.0,OBSERVED,DIRECT_OBSERVED
693,niti_aspirational_district_flag,0.0,OBSERVED,DIRECT_OBSERVED
693,nfhs_hypertension_combined_pct,90.0,OBSERVED,DIRECT_OBSERVED
693,stunting_pct,40.4,OBSERVED,DIRECT_OBSERVED
693,nfhs_wasting_pct,15.1,OBSERVED,DIRECT_OBSERVED
693,mca21_pharma_density_per_100k,0.364,OBSERVED,DIRECT_OBSERVED
693,sanitation_pct,75.9,OBSERVED,DIRECT_OBSERVED
693,nfhs_diabetes_combined_pct,15.2,OBSERVED,DIRECT_OBSERVED
693,oope_delivery_rs,2989.0,OBSERVED,DIRECT_OBSERVED
693,hypertension_combined_pct_men,90.0,OBSERVED,DIRECT_OBSERVED
693,mca21_raw_company_count,8.0,OBSERVED,DIRECT_OBSERVED
693,diabetes_combined_pct_women,13.9,OBSERVED,DIRECT_OBSERVED
693,diabetes_combined_pct_men,16.5,OBSERVED,DIRECT_OBSERVED
693,jan_aushadhi_raw_count,39.0,OBSERVED,DIRECT_OBSERVED
693,census_decadal_growth_pct,12.4,OBSERVED,DIRECT_OBSERVED
693,nfhs_stunting_pct,40.4,OBSERVED,DIRECT_OBSERVED
693,census_urban_population_pct,42.6,OBSERVED,DIRECT_OBSERVED
522,rhs_phc_density_per_100k,3.136,OBSERVED,DIRECT_OBSERVED
522,census_total_population,2200000.0,OBSERVED,DIRECT_OBSERVED
522,rhs_hospital_presence,2.0,OBSERVED,DIRECT_OBSERVED
522,hypertension_combined_pct_women,90.0,OBSERVED,DIRECT_OBSERVED
522,insurance_pct,72.0,OBSERVED,DIRECT_OBSERVED
522,clean_fuel_pct,3.0,OBSERVED,DIRECT_OBSERVED
522,census_population_age_0_6_pct,10.2,OBSERVED,DIRECT_OBSERVED
522,rhs_subcentre_density_per_100k,27.5,OBSERVED,DIRECT_OBSERVED
522,underweight_pct,37.9,OBSERVED,DIRECT_OBSERVED
522,nfhs_underweight_pct,37.9,OBSERVED,DIRECT_OBSERVED
522,nfhs_insurance_pct,72.0,OBSERVED,DIRECT_OBSERVED
522,nfhs_sanitation_pct,74.3,OBSERVED,DIRECT_OBSERVED
522,jan_aushadhi_density_per_100k,1.773,OBSERVED,DIRECT_OBSERVED
522,census_literacy_rate_pct,76.0,OBSERVED,DIRECT_OBSERVED
522,nfhs_clean_fuel_pct,3.0,OBSERVED,DIRECT_OBSERVED
522,wasting_pct,19.0,OBSERVED,DIRECT_OBSERVED
522,rhs_chc_density_per_100k,0.636,OBSERVED,DIRECT_OBSERVED
522,nfhs_oope_delivery_rs,3713.0,OBSERVED,DIRECT_OBSERVED
522,niti_aspirational_district_flag,0.0,OBSERVED,DIRECT_OBSERVED
522,nfhs_hypertension_combined_pct,90.0,OBSERVED,DIRECT_OBSERVED
522,stunting_pct,36.1,OBSERVED,DIRECT_OBSERVED
522,nfhs_wasting_pct,19.0,OBSERVED,DIRECT_OBSERVED
522,mca21_pharma_density_per_100k,0.364,OBSERVED,DIRECT_OBSERVED
522,sanitation_pct,74.3,OBSERVED,DIRECT_OBSERVED
522,nfhs_diabetes_combined_pct,16.85,OBSERVED,DIRECT_OBSERVED
522,oope_delivery_rs,3713.0,OBSERVED,DIRECT_OBSERVED
522,hypertension_combined_pct_men,90.0,OBSERVED,DIRECT_OBSERVED
522,mca21_raw_company_count,8.0,OBSERVED,DIRECT_OBSERVED
522,diabetes_combined_pct_women,15.6,OBSERVED,DIRECT_OBSERVED
522,diabetes_combined_pct_men,18.1,OBSERVED,DIRECT_OBSERVED
522,jan_aushadhi_raw_count,39.0,OBSERVED,DIRECT_OBSERVED
522,census_decadal_growth_pct,12.4,OBSERVED,DIRECT_OBSERVED
522,nfhs_stunting_pct,36.1,OBSERVED,DIRECT_OBSERVED
522,census_urban_population_pct,42.6,OBSERVED,DIRECT_OBSERVED
697,rhs_phc_density_per_100k,3.273,INHERITED_FROM_514,INHERITED
697,census_total_population,2200000.0,OBSERVED,DIRECT_OBSERVED
697,rhs_hospital_presence,5.0,INHERITED_FROM_514,INHERITED
697,hypertension_combined_pct_women,90.0,OBSERVED,DIRECT_OBSERVED
697,insurance_pct,65.3,OBSERVED,DIRECT_OBSERVED
697,clean_fuel_pct,3.0,OBSERVED,DIRECT_OBSERVED
697,census_population_age_0_6_pct,10.2,OBSERVED,DIRECT_OBSERVED
697,rhs_subcentre_density_per_100k,28.455,INHERITED_FROM_514,INHERITED
697,underweight_pct,27.2,OBSERVED,DIRECT_OBSERVED
697,nfhs_underweight_pct,27.2,OBSERVED,DIRECT_OBSERVED
697,nfhs_insurance_pct,65.3,OBSERVED,DIRECT_OBSERVED
697,nfhs_sanitation_pct,81.9,OBSERVED,DIRECT_OBSERVED
697,jan_aushadhi_density_per_100k,1.773,OBSERVED,DIRECT_OBSERVED
697,census_literacy_rate_pct,76.0,OBSERVED,DIRECT_OBSERVED
697,nfhs_clean_fuel_pct,3.0,OBSERVED,DIRECT_OBSERVED
697,wasting_pct,10.3,OBSERVED,DIRECT_OBSERVED
697,rhs_chc_density_per_100k,0.182,INHERITED_FROM_514,INHERITED
697,nfhs_oope_delivery_rs,3082.0,OBSERVED,DIRECT_OBSERVED
697,niti_aspirational_district_flag,0.0,OBSERVED,DIRECT_OBSERVED
697,nfhs_hypertension_combined_pct,90.0,OBSERVED,DIRECT_OBSERVED
697,stunting_pct,38.3,OBSERVED,DIRECT_OBSERVED
697,nfhs_wasting_pct,10.3,OBSERVED,DIRECT_OBSERVED
697,mca21_pharma_density_per_100k,0.364,OBSERVED,DIRECT_OBSERVED
697,sanitation_pct,81.9,OBSERVED,DIRECT_OBSERVED
697,nfhs_diabetes_combined_pct,16.3,OBSERVED,DIRECT_OBSERVED
697,oope_delivery_rs,3082.0,OBSERVED,DIRECT_OBSERVED
697,hypertension_combined_pct_men,90.0,OBSERVED,DIRECT_OBSERVED
697,mca21_raw_company_count,8.0,OBSERVED,DIRECT_OBSERVED
697,diabetes_combined_pct_women,14.6,OBSERVED,DIRECT_OBSERVED
697,diabetes_combined_pct_men,18.0,OBSERVED,DIRECT_OBSERVED
697,jan_aushadhi_raw_count,39.0,OBSERVED,DIRECT_OBSERVED
697,census_decadal_growth_pct,12.4,OBSERVED,DIRECT_OBSERVED
697,nfhs_stunting_pct,38.3,OBSERVED,DIRECT_OBSERVED
697,census_urban_population_pct,42.6,OBSERVED,DIRECT_OBSERVED
