source_pdf,kendra_code,source_state,source_district,geography_scope,canonical_lgd_code,mapping_status,reason
Andhra_Pradesh.pdf,PMBJK00012,Andhra Pradesh,Annamayya,SOUTH_INDIA_IN_SCOPE,753.0,MATCHED,Matched via split.
Andhra_Pradesh.pdf,PMBJK00017,Andhra Pradesh,Annamayya,SOUTH_INDIA_IN_SCOPE,753.0,MATCHED,Matched via split.
Andhra_Pradesh.pdf,PMBJK00024,Andhra Pradesh,Guntur,SOUTH_INDIA_IN_SCOPE,506.0,MATCHED,Matched via exact.
Andhra_Pradesh.pdf,PMBJK00027,Andhra Pradesh,Palnadu,SOUTH_INDIA_IN_SCOPE,751.0,MATCHED,Matched via split.
Andhra_Pradesh.pdf,PMBJK00028,Andhra Pradesh,Palnadu,SOUTH_INDIA_IN_SCOPE,751.0,MATCHED,Matched via split.
Andhra_Pradesh.pdf,PMBJK00029,Andhra Pradesh,Guntur,SOUTH_INDIA_IN_SCOPE,506.0,MATCHED,Matched via exact.
Andhra_Pradesh.pdf,PMBJK00032,Andhra Pradesh,Palnadu,SOUTH_INDIA_IN_SCOPE,751.0,MATCHED,Matched via split.
Andhra_Pradesh.pdf,PMBJK00034,Andhra Pradesh,Guntur,SOUTH_INDIA_IN_SCOPE,506.0,MATCHED,Matched via exact.
Andhra_Pradesh.pdf,PMBJK00035,Andhra Pradesh,Guntur,SOUTH_INDIA_IN_SCOPE,506.0,MATCHED,Matched via exact.
Andhra_Pradesh.pdf,PMBJK00037,Andhra Pradesh,Guntur,SOUTH_INDIA_IN_SCOPE,506.0,MATCHED,Matched via exact.
Andhra_Pradesh.pdf,PMBJK00039,Andhra Pradesh,Ntr,SOUTH_INDIA_IN_SCOPE,749.0,MATCHED,Matched via split.
Andhra_Pradesh.pdf,PMBJK00042,Andhra Pradesh,Ntr,SOUTH_INDIA_IN_SCOPE,749.0,MATCHED,Matched via split.
Andhra_Pradesh.pdf,PMBJK00047,Andhra Pradesh,Nandyal,SOUTH_INDIA_IN_SCOPE,755.0,MATCHED,Matched via split.
Andhra_Pradesh.pdf,PMBJK00058,Andhra Pradesh,Sri Potti Sriramulu Nellore,SOUTH_INDIA_IN_SCOPE,515.0,MATCHED,Matched via exact.
Andhra_Pradesh.pdf,PMBJK00064,Andhra Pradesh,Prakasam,SOUTH_INDIA_IN_SCOPE,517.0,MATCHED,Matched via exact.
Andhra_Pradesh.pdf,PMBJK00065,Andhra Pradesh,Srikakulam,SOUTH_INDIA_IN_SCOPE,519.0,MATCHED,Matched via exact.
Andhra_Pradesh.pdf,PMBJK00068,Andhra Pradesh,Srikakulam,SOUTH_INDIA_IN_SCOPE,519.0,MATCHED,Matched via exact.
Andhra_Pradesh.pdf,PMBJK00071,Andhra Pradesh,Anakapalli,SOUTH_INDIA_IN_SCOPE,744.0,MATCHED,Matched via split.
Andhra_Pradesh.pdf,PMBJK00073,Andhra Pradesh,Alluri Sitharama Raju,SOUTH_INDIA_IN_SCOPE,745.0,MATCHED,Matched via split.
Andhra_Pradesh.pdf,PMBJK00074,Andhra Pradesh,Alluri Sitharama Raju,SOUTH_INDIA_IN_SCOPE,745.0,MATCHED,Matched via split.
Andhra_Pradesh.pdf,PMBJK00075,Andhra Pradesh,Anakapalli,SOUTH_INDIA_IN_SCOPE,744.0,MATCHED,Matched via split.
Andhra_Pradesh.pdf,PMBJK00081,Andhra Pradesh,Visakhapatnam,SOUTH_INDIA_IN_SCOPE,520.0,MATCHED,Matched via exact.
Andhra_Pradesh.pdf,PMBJK00086,Andhra Pradesh,Vizianagaram,SOUTH_INDIA_IN_SCOPE,521.0,MATCHED,Matched via exact.
Andhra_Pradesh.pdf,PMBJK00091,Andhra Pradesh,West Godavari,SOUTH_INDIA_IN_SCOPE,523.0,MATCHED,Matched via exact.
Andhra_Pradesh.pdf,PMBJK00093,Andhra Pradesh,Eluru,SOUTH_INDIA_IN_SCOPE,748.0,MATCHED,Matched via split.
Andhra_Pradesh.pdf,PMBJK00094,Andhra Pradesh,West Godavari,SOUTH_INDIA_IN_SCOPE,523.0,MATCHED,Matched via exact.
Andhra_Pradesh.pdf,PMBJK00106,Andhra Pradesh,West Godavari,SOUTH_INDIA_IN_SCOPE,523.0,MATCHED,Matched via exact.
Andhra_Pradesh.pdf,PMBJK00107,Andhra Pradesh,West Godavari,SOUTH_INDIA_IN_SCOPE,523.0,MATCHED,Matched via exact.
Andhra_Pradesh.pdf,PMBJK00109,Andhra Pradesh,Eluru,SOUTH_INDIA_IN_SCOPE,748.0,MATCHED,Matched via split.
Andhra_Pradesh.pdf,PMBJK00112,Andhra Pradesh,Eluru,SOUTH_INDIA_IN_SCOPE,748.0,MATCHED,Matched via split.
Andhra_Pradesh.pdf,PMBJK02756,Andhra Pradesh,Prakasam,SOUTH_INDIA_IN_SCOPE,517.0,MATCHED,Matched via exact.
Andhra_Pradesh.pdf,PMBJK02966,Andhra Pradesh,Guntur,SOUTH_INDIA_IN_SCOPE,506.0,MATCHED,Matched via exact.
Andhra_Pradesh.pdf,PMBJK03166,Andhra Pradesh,Kurnool,SOUTH_INDIA_IN_SCOPE,511.0,MATCHED,Matched via exact.
Andhra_Pradesh.pdf,PMBJK03619,Andhra Pradesh,Tirupati,SOUTH_INDIA_IN_SCOPE,752.0,MATCHED,Matched via split.
Andhra_Pradesh.pdf,PMBJK03761,Andhra Pradesh,Ntr,SOUTH_INDIA_IN_SCOPE,749.0,MATCHED,Matched via split.
Andhra_Pradesh.pdf,PMBJK04186,Andhra Pradesh,Tirupati,SOUTH_INDIA_IN_SCOPE,752.0,MATCHED,Matched via split.
Andhra_Pradesh.pdf,PMBJK04287,Andhra Pradesh,Prakasam,SOUTH_INDIA_IN_SCOPE,517.0,MATCHED,Matched via exact.
Andhra_Pradesh.pdf,PMBJK04535,Andhra Pradesh,Guntur,SOUTH_INDIA_IN_SCOPE,506.0,MATCHED,Matched via exact.
Andhra_Pradesh.pdf,PMBJK04536,Andhra Pradesh,Sri Sathya Sai,SOUTH_INDIA_IN_SCOPE,754.0,MATCHED,Matched via split.
Andhra_Pradesh.pdf,PMBJK04657,Andhra Pradesh,Ananthapuramu,SOUTH_INDIA_IN_SCOPE,502.0,MATCHED,Matched via exact.
Andhra_Pradesh.pdf,PMBJK04925,Andhra Pradesh,Krishna,SOUTH_INDIA_IN_SCOPE,510.0,MATCHED,Matched via exact.
Andhra_Pradesh.pdf,PMBJK04950,Andhra Pradesh,Dr. B.R. Ambedkar Konaseema,SOUTH_INDIA_IN_SCOPE,747.0,MATCHED,Matched via split.
Andhra_Pradesh.pdf,PMBJK05072,Andhra Pradesh,Visakhapatnam,SOUTH_INDIA_IN_SCOPE,520.0,MATCHED,Matched via exact.
Andhra_Pradesh.pdf,PMBJK05203,Andhra Pradesh,East Godavari,SOUTH_INDIA_IN_SCOPE,505.0,MATCHED,Matched via exact.
Andhra_Pradesh.pdf,PMBJK05702,Andhra Pradesh,Nandyal,SOUTH_INDIA_IN_SCOPE,755.0,MATCHED,Matched via split.
Andhra_Pradesh.pdf,PMBJK05791,Andhra Pradesh,Palnadu,SOUTH_INDIA_IN_SCOPE,751.0,MATCHED,Matched via split.
Andhra_Pradesh.pdf,PMBJK06047,Andhra Pradesh,Tirupati,SOUTH_INDIA_IN_SCOPE,752.0,MATCHED,Matched via split.
Andhra_Pradesh.pdf,PMBJK06203,Andhra Pradesh,Dr. B.R. Ambedkar Konaseema,SOUTH_INDIA_IN_SCOPE,747.0,MATCHED,Matched via split.
Andhra_Pradesh.pdf,PMBJK06394,Andhra Pradesh,Ananthapuramu,SOUTH_INDIA_IN_SCOPE,502.0,MATCHED,Matched via exact.
Andhra_Pradesh.pdf,PMBJK06757,Andhra Pradesh,Ananthapuramu,SOUTH_INDIA_IN_SCOPE,502.0,MATCHED,Matched via exact.
Andhra_Pradesh.pdf,PMBJK07057,Andhra Pradesh,Guntur,SOUTH_INDIA_IN_SCOPE,506.0,MATCHED,Matched via exact.
Andhra_Pradesh.pdf,PMBJK07107,Andhra Pradesh,Prakasam,SOUTH_INDIA_IN_SCOPE,517.0,MATCHED,Matched via exact.
Andhra_Pradesh.pdf,PMBJK07172,Andhra Pradesh,Sri Sathya Sai,SOUTH_INDIA_IN_SCOPE,754.0,MATCHED,Matched via split.
Andhra_Pradesh.pdf,PMBJK07761,Andhra Pradesh,Chittoor,SOUTH_INDIA_IN_SCOPE,503.0,MATCHED,Matched via exact.
Andhra_Pradesh.pdf,PMBJK07762,Andhra Pradesh,Chittoor,SOUTH_INDIA_IN_SCOPE,503.0,MATCHED,Matched via exact.
Andhra_Pradesh.pdf,PMBJK07883,Andhra Pradesh,Ananthapuramu,SOUTH_INDIA_IN_SCOPE,502.0,MATCHED,Matched via exact.
Andhra_Pradesh.pdf,PMBJK09110,Andhra Pradesh,Guntur,SOUTH_INDIA_IN_SCOPE,506.0,MATCHED,Matched via exact.
Andhra_Pradesh.pdf,PMBJK09210,Andhra Pradesh,Y.S.R.,SOUTH_INDIA_IN_SCOPE,504.0,MATCHED,Matched via exact.
Andhra_Pradesh.pdf,PMBJK09545,Andhra Pradesh,Kurnool,SOUTH_INDIA_IN_SCOPE,511.0,MATCHED,Matched via exact.
Andhra_Pradesh.pdf,PMBJK09547,Andhra Pradesh,Sri Sathya Sai,SOUTH_INDIA_IN_SCOPE,754.0,MATCHED,Matched via split.
Andhra_Pradesh.pdf,PMBJK09912,Andhra Pradesh,West Godavari,SOUTH_INDIA_IN_SCOPE,523.0,MATCHED,Matched via exact.
Andhra_Pradesh.pdf,PMBJK09952,Andhra Pradesh,East Godavari,SOUTH_INDIA_IN_SCOPE,505.0,MATCHED,Matched via exact.
Andhra_Pradesh.pdf,PMBJK09953,Andhra Pradesh,East Godavari,SOUTH_INDIA_IN_SCOPE,505.0,MATCHED,Matched via exact.
Andhra_Pradesh.pdf,PMBJK09989,Andhra Pradesh,West Godavari,SOUTH_INDIA_IN_SCOPE,523.0,MATCHED,Matched via exact.
Andhra_Pradesh.pdf,PMBJK10106,Andhra Pradesh,Dr. B.R. Ambedkar Konaseema,SOUTH_INDIA_IN_SCOPE,747.0,MATCHED,Matched via split.
Andhra_Pradesh.pdf,PMBJK10107,Andhra Pradesh,Vizianagaram,SOUTH_INDIA_IN_SCOPE,521.0,MATCHED,Matched via exact.
Andhra_Pradesh.pdf,PMBJK10137,Andhra Pradesh,East Godavari,SOUTH_INDIA_IN_SCOPE,505.0,MATCHED,Matched via exact.
Andhra_Pradesh.pdf,PMBJK10269,Andhra Pradesh,Ananthapuramu,SOUTH_INDIA_IN_SCOPE,502.0,MATCHED,Matched via exact.
Andhra_Pradesh.pdf,PMBJK10284,Andhra Pradesh,Chittoor,SOUTH_INDIA_IN_SCOPE,503.0,MATCHED,Matched via exact.
Andhra_Pradesh.pdf,PMBJK10429,Andhra Pradesh,Prakasam,SOUTH_INDIA_IN_SCOPE,517.0,MATCHED,Matched via exact.
Andhra_Pradesh.pdf,PMBJK10430,Andhra Pradesh,Kurnool,SOUTH_INDIA_IN_SCOPE,511.0,MATCHED,Matched via exact.
Andhra_Pradesh.pdf,PMBJK10437,Andhra Pradesh,Chittoor,SOUTH_INDIA_IN_SCOPE,503.0,MATCHED,Matched via exact.
Andhra_Pradesh.pdf,PMBJK10438,Andhra Pradesh,Prakasam,SOUTH_INDIA_IN_SCOPE,517.0,MATCHED,Matched via exact.
Andhra_Pradesh.pdf,PMBJK10470,Andhra Pradesh,Annamayya,SOUTH_INDIA_IN_SCOPE,753.0,MATCHED,Matched via split.
Andhra_Pradesh.pdf,PMBJK10485,Andhra Pradesh,Kurnool,SOUTH_INDIA_IN_SCOPE,511.0,MATCHED,Matched via exact.
Andhra_Pradesh.pdf,PMBJK10519,Andhra Pradesh,Prakasam,SOUTH_INDIA_IN_SCOPE,517.0,MATCHED,Matched via exact.
Andhra_Pradesh.pdf,PMBJK10567,Andhra Pradesh,West Godavari,SOUTH_INDIA_IN_SCOPE,523.0,MATCHED,Matched via exact.
Andhra_Pradesh.pdf,PMBJK10664,Andhra Pradesh,Prakasam,SOUTH_INDIA_IN_SCOPE,517.0,MATCHED,Matched via exact.
Andhra_Pradesh.pdf,PMBJK10947,Andhra Pradesh,Guntur,SOUTH_INDIA_IN_SCOPE,506.0,MATCHED,Matched via exact.
Andhra_Pradesh.pdf,PMBJK11023,Andhra Pradesh,Visakhapatnam,SOUTH_INDIA_IN_SCOPE,520.0,MATCHED,Matched via exact.
Andhra_Pradesh.pdf,PMBJK11209,Andhra Pradesh,Chittoor,SOUTH_INDIA_IN_SCOPE,503.0,MATCHED,Matched via exact.
Andhra_Pradesh.pdf,PMBJK11213,Andhra Pradesh,Kurnool,SOUTH_INDIA_IN_SCOPE,511.0,MATCHED,Matched via exact.
Andhra_Pradesh.pdf,PMBJK11278,Andhra Pradesh,East Godavari,SOUTH_INDIA_IN_SCOPE,505.0,MATCHED,Matched via exact.
Andhra_Pradesh.pdf,PMBJK11288,Andhra Pradesh,Dr. B.R. Ambedkar Konaseema,SOUTH_INDIA_IN_SCOPE,747.0,MATCHED,Matched via split.
Andhra_Pradesh.pdf,PMBJK11289,Andhra Pradesh,Srikakulam,SOUTH_INDIA_IN_SCOPE,519.0,MATCHED,Matched via exact.
Andhra_Pradesh.pdf,PMBJK11364,Andhra Pradesh,West Godavari,SOUTH_INDIA_IN_SCOPE,523.0,MATCHED,Matched via exact.
Andhra_Pradesh.pdf,PMBJK11367,Andhra Pradesh,Vizianagaram,SOUTH_INDIA_IN_SCOPE,521.0,MATCHED,Matched via exact.
Andhra_Pradesh.pdf,PMBJK11368,Andhra Pradesh,East Godavari,SOUTH_INDIA_IN_SCOPE,505.0,MATCHED,Matched via exact.
Andhra_Pradesh.pdf,PMBJK11369,Andhra Pradesh,Anakapalli,SOUTH_INDIA_IN_SCOPE,744.0,MATCHED,Matched via split.
Andhra_Pradesh.pdf,PMBJK11370,Andhra Pradesh,East Godavari,SOUTH_INDIA_IN_SCOPE,505.0,MATCHED,Matched via exact.
Andhra_Pradesh.pdf,PMBJK11371,Andhra Pradesh,Eluru,SOUTH_INDIA_IN_SCOPE,748.0,MATCHED,Matched via split.
Andhra_Pradesh.pdf,PMBJK11372,Andhra Pradesh,Dr. B.R. Ambedkar,SOUTH_INDIA_IN_SCOPE,,UNRESOLVED_ROW,Multiline table split or unmatched spelling.
Andhra_Pradesh.pdf,,Andhra Pradesh,Konaseema,SOUTH_INDIA_IN_SCOPE,,UNRESOLVED_ROW,Multiline table split or unmatched spelling.
Andhra_Pradesh.pdf,PMBJK11373,Andhra Pradesh,Bapatla,SOUTH_INDIA_IN_SCOPE,750.0,MATCHED,Matched via split.
Andhra_Pradesh.pdf,PMBJK11374,Andhra Pradesh,Sri Potti Sriramulu Nellore,SOUTH_INDIA_IN_SCOPE,515.0,MATCHED,Matched via exact.
Andhra_Pradesh.pdf,PMBJK11375,Andhra Pradesh,Dr. B.R. Ambedkar Konaseema,SOUTH_INDIA_IN_SCOPE,747.0,MATCHED,Matched via split.
Andhra_Pradesh.pdf,PMBJK11399,Andhra Pradesh,Bapatla,SOUTH_INDIA_IN_SCOPE,750.0,MATCHED,Matched via split.
Andhra_Pradesh.pdf,PMBJK11405,Andhra Pradesh,Srikakulam,SOUTH_INDIA_IN_SCOPE,519.0,MATCHED,Matched via exact.
Andhra_Pradesh.pdf,PMBJK11406,Andhra Pradesh,Eluru,SOUTH_INDIA_IN_SCOPE,748.0,MATCHED,Matched via split.
Andhra_Pradesh.pdf,PMBJK11407,Andhra Pradesh,Chittoor,SOUTH_INDIA_IN_SCOPE,503.0,MATCHED,Matched via exact.
Andhra_Pradesh.pdf,PMBJK11408,Andhra Pradesh,Ntr,SOUTH_INDIA_IN_SCOPE,749.0,MATCHED,Matched via split.
Andhra_Pradesh.pdf,PMBJK11409,Andhra Pradesh,Chittoor,SOUTH_INDIA_IN_SCOPE,503.0,MATCHED,Matched via exact.
Andhra_Pradesh.pdf,PMBJK11410,Andhra Pradesh,Eluru,SOUTH_INDIA_IN_SCOPE,748.0,MATCHED,Matched via split.
Andhra_Pradesh.pdf,PMBJK11461,Andhra Pradesh,Ananthapuramu,SOUTH_INDIA_IN_SCOPE,502.0,MATCHED,Matched via exact.
Andhra_Pradesh.pdf,PMBJK11462,Andhra Pradesh,Krishna,SOUTH_INDIA_IN_SCOPE,510.0,MATCHED,Matched via exact.
Andhra_Pradesh.pdf,PMBJK11463,Andhra Pradesh,Ananthapuramu,SOUTH_INDIA_IN_SCOPE,502.0,MATCHED,Matched via exact.
Andhra_Pradesh.pdf,PMBJK11464,Andhra Pradesh,Y.S.R.,SOUTH_INDIA_IN_SCOPE,504.0,MATCHED,Matched via exact.
Andhra_Pradesh.pdf,PMBJK11465,Andhra Pradesh,Ntr,SOUTH_INDIA_IN_SCOPE,749.0,MATCHED,Matched via split.
Andhra_Pradesh.pdf,PMBJK11467,Andhra Pradesh,Guntur,SOUTH_INDIA_IN_SCOPE,506.0,MATCHED,Matched via exact.
Andhra_Pradesh.pdf,PMBJK11494,Andhra Pradesh,Ntr,SOUTH_INDIA_IN_SCOPE,749.0,MATCHED,Matched via split.
Andhra_Pradesh.pdf,PMBJK11515,Andhra Pradesh,West Godavari,SOUTH_INDIA_IN_SCOPE,523.0,MATCHED,Matched via exact.
Andhra_Pradesh.pdf,PMBJK11516,Andhra Pradesh,Tirupati,SOUTH_INDIA_IN_SCOPE,752.0,MATCHED,Matched via split.
Andhra_Pradesh.pdf,PMBJK11558,Andhra Pradesh,Parvathipuram Manyam,SOUTH_INDIA_IN_SCOPE,743.0,MATCHED,Matched via split.
Andhra_Pradesh.pdf,PMBJK11559,Andhra Pradesh,Kurnool,SOUTH_INDIA_IN_SCOPE,511.0,MATCHED,Matched via exact.
Andhra_Pradesh.pdf,PMBJK11560,Andhra Pradesh,Srikakulam,SOUTH_INDIA_IN_SCOPE,519.0,MATCHED,Matched via exact.
Andhra_Pradesh.pdf,PMBJK11561,Andhra Pradesh,Krishna,SOUTH_INDIA_IN_SCOPE,510.0,MATCHED,Matched via exact.
Andhra_Pradesh.pdf,PMBJK11564,Andhra Pradesh,Ananthapuramu,SOUTH_INDIA_IN_SCOPE,502.0,MATCHED,Matched via exact.
Andhra_Pradesh.pdf,PMBJK11565,Andhra Pradesh,Y.S.R.,SOUTH_INDIA_IN_SCOPE,504.0,MATCHED,Matched via exact.
Andhra_Pradesh.pdf,PMBJK11566,Andhra Pradesh,Srikakulam,SOUTH_INDIA_IN_SCOPE,519.0,MATCHED,Matched via exact.
Andhra_Pradesh.pdf,PMBJK11567,Andhra Pradesh,Parvathipuram Manyam,SOUTH_INDIA_IN_SCOPE,743.0,MATCHED,Matched via split.
Andhra_Pradesh.pdf,PMBJK11569,Andhra Pradesh,Dr. B.R. Ambedkar,SOUTH_INDIA_IN_SCOPE,,UNRESOLVED_ROW,Multiline table split or unmatched spelling.
Andhra_Pradesh.pdf,,Andhra Pradesh,Konaseema,SOUTH_INDIA_IN_SCOPE,,UNRESOLVED_ROW,Multiline table split or unmatched spelling.
Andhra_Pradesh.pdf,PMBJK11675,Andhra Pradesh,Y.S.R.,SOUTH_INDIA_IN_SCOPE,504.0,MATCHED,Matched via exact.
Andhra_Pradesh.pdf,PMBJK11676,Andhra Pradesh,Parvathipuram Manyam,SOUTH_INDIA_IN_SCOPE,743.0,MATCHED,Matched via split.
Andhra_Pradesh.pdf,PMBJK11677,Andhra Pradesh,Y.S.R.,SOUTH_INDIA_IN_SCOPE,504.0,MATCHED,Matched via exact.
Andhra_Pradesh.pdf,PMBJK11678,Andhra Pradesh,Guntur,SOUTH_INDIA_IN_SCOPE,506.0,MATCHED,Matched via exact.
Andhra_Pradesh.pdf,PMBJK11679,Andhra Pradesh,Kurnool,SOUTH_INDIA_IN_SCOPE,511.0,MATCHED,Matched via exact.
Andhra_Pradesh.pdf,PMBJK11680,Andhra Pradesh,Krishna,SOUTH_INDIA_IN_SCOPE,510.0,MATCHED,Matched via exact.
Andhra_Pradesh.pdf,PMBJK11681,Andhra Pradesh,Vizianagaram,SOUTH_INDIA_IN_SCOPE,521.0,MATCHED,Matched via exact.
Andhra_Pradesh.pdf,PMBJK11682,Andhra Pradesh,Kakinada,SOUTH_INDIA_IN_SCOPE,746.0,MATCHED,Matched via split.
Andhra_Pradesh.pdf,PMBJK11683,Andhra Pradesh,Bapatla,SOUTH_INDIA_IN_SCOPE,750.0,MATCHED,Matched via split.
Andhra_Pradesh.pdf,PMBJK11684,Andhra Pradesh,Anakapalli,SOUTH_INDIA_IN_SCOPE,744.0,MATCHED,Matched via split.
Andhra_Pradesh.pdf,PMBJK11685,Andhra Pradesh,Tirupati,SOUTH_INDIA_IN_SCOPE,752.0,MATCHED,Matched via split.
Andhra_Pradesh.pdf,PMBJK11686,Andhra Pradesh,Tirupati,SOUTH_INDIA_IN_SCOPE,752.0,MATCHED,Matched via split.
Andhra_Pradesh.pdf,PMBJK11687,Andhra Pradesh,Kakinada,SOUTH_INDIA_IN_SCOPE,746.0,MATCHED,Matched via split.
Andhra_Pradesh.pdf,PMBJK11688,Andhra Pradesh,Guntur,SOUTH_INDIA_IN_SCOPE,506.0,MATCHED,Matched via exact.
Andhra_Pradesh.pdf,PMBJK11732,Andhra Pradesh,Sri Sathya Sai,SOUTH_INDIA_IN_SCOPE,754.0,MATCHED,Matched via split.
Andhra_Pradesh.pdf,PMBJK11737,Andhra Pradesh,Eluru,SOUTH_INDIA_IN_SCOPE,748.0,MATCHED,Matched via split.
Andhra_Pradesh.pdf,PMBJK11792,Andhra Pradesh,Kurnool,SOUTH_INDIA_IN_SCOPE,511.0,MATCHED,Matched via exact.
Andhra_Pradesh.pdf,PMBJK11800,Andhra Pradesh,Ananthapuramu,SOUTH_INDIA_IN_SCOPE,502.0,MATCHED,Matched via exact.
Andhra_Pradesh.pdf,PMBJK11824,Andhra Pradesh,East Godavari,SOUTH_INDIA_IN_SCOPE,505.0,MATCHED,Matched via exact.
Andhra_Pradesh.pdf,PMBJK11828,Andhra Pradesh,Kurnool,SOUTH_INDIA_IN_SCOPE,511.0,MATCHED,Matched via exact.
Andhra_Pradesh.pdf,PMBJK11830,Andhra Pradesh,Sri Potti Sriramulu Nellore,SOUTH_INDIA_IN_SCOPE,515.0,MATCHED,Matched via exact.
Andhra_Pradesh.pdf,PMBJK11831,Andhra Pradesh,Anakapalli,SOUTH_INDIA_IN_SCOPE,744.0,MATCHED,Matched via split.
Andhra_Pradesh.pdf,PMBJK11832,Andhra Pradesh,Tirupati,SOUTH_INDIA_IN_SCOPE,752.0,MATCHED,Matched via split.
Andhra_Pradesh.pdf,PMBJK11863,Andhra Pradesh,Y.S.R.,SOUTH_INDIA_IN_SCOPE,504.0,MATCHED,Matched via exact.
Andhra_Pradesh.pdf,PMBJK11864,Andhra Pradesh,Kakinada,SOUTH_INDIA_IN_SCOPE,746.0,MATCHED,Matched via split.
Andhra_Pradesh.pdf,PMBJK11902,Andhra Pradesh,Kurnool,SOUTH_INDIA_IN_SCOPE,511.0,MATCHED,Matched via exact.
Andhra_Pradesh.pdf,PMBJK11927,Andhra Pradesh,Vizianagaram,SOUTH_INDIA_IN_SCOPE,521.0,MATCHED,Matched via exact.
Andhra_Pradesh.pdf,PMBJK11928,Andhra Pradesh,West Godavari,SOUTH_INDIA_IN_SCOPE,523.0,MATCHED,Matched via exact.
Andhra_Pradesh.pdf,PMBJK11929,Andhra Pradesh,Bapatla,SOUTH_INDIA_IN_SCOPE,750.0,MATCHED,Matched via split.
Andhra_Pradesh.pdf,PMBJK11931,Andhra Pradesh,Chittoor,SOUTH_INDIA_IN_SCOPE,503.0,MATCHED,Matched via exact.
Andhra_Pradesh.pdf,PMBJK11966,Andhra Pradesh,Kakinada,SOUTH_INDIA_IN_SCOPE,746.0,MATCHED,Matched via split.
Andhra_Pradesh.pdf,PMBJK11967,Andhra Pradesh,Anakapalli,SOUTH_INDIA_IN_SCOPE,744.0,MATCHED,Matched via split.
Andhra_Pradesh.pdf,PMBJK11968,Andhra Pradesh,Ananthapuramu,SOUTH_INDIA_IN_SCOPE,502.0,MATCHED,Matched via exact.
Andhra_Pradesh.pdf,PMBJK11986,Andhra Pradesh,Kurnool,SOUTH_INDIA_IN_SCOPE,511.0,MATCHED,Matched via exact.
Andhra_Pradesh.pdf,PMBJK12016,Andhra Pradesh,Visakhapatnam,SOUTH_INDIA_IN_SCOPE,520.0,MATCHED,Matched via exact.
Andhra_Pradesh.pdf,PMBJK12022,Andhra Pradesh,Prakasam,SOUTH_INDIA_IN_SCOPE,517.0,MATCHED,Matched via exact.
Andhra_Pradesh.pdf,PMBJK12023,Andhra Pradesh,Ananthapuramu,SOUTH_INDIA_IN_SCOPE,502.0,MATCHED,Matched via exact.
Andhra_Pradesh.pdf,PMBJK12024,Andhra Pradesh,Bapatla,SOUTH_INDIA_IN_SCOPE,750.0,MATCHED,Matched via split.
Andhra_Pradesh.pdf,PMBJK12025,Andhra Pradesh,Sri Sathya Sai,SOUTH_INDIA_IN_SCOPE,754.0,MATCHED,Matched via split.
Andhra_Pradesh.pdf,PMBJK12036,Andhra Pradesh,Tirupati,SOUTH_INDIA_IN_SCOPE,752.0,MATCHED,Matched via split.
Andhra_Pradesh.pdf,PMBJK12037,Andhra Pradesh,Eluru,SOUTH_INDIA_IN_SCOPE,748.0,MATCHED,Matched via split.
Andhra_Pradesh.pdf,PMBJK12060,Andhra Pradesh,West Godavari,SOUTH_INDIA_IN_SCOPE,523.0,MATCHED,Matched via exact.
Andhra_Pradesh.pdf,PMBJK12073,Andhra Pradesh,Bapatla,SOUTH_INDIA_IN_SCOPE,750.0,MATCHED,Matched via split.
Andhra_Pradesh.pdf,PMBJK12074,Andhra Pradesh,Prakasam,SOUTH_INDIA_IN_SCOPE,517.0,MATCHED,Matched via exact.
Andhra_Pradesh.pdf,PMBJK12085,Andhra Pradesh,Eluru,SOUTH_INDIA_IN_SCOPE,748.0,MATCHED,Matched via split.
Andhra_Pradesh.pdf,PMBJK12116,Andhra Pradesh,Annamayya,SOUTH_INDIA_IN_SCOPE,753.0,MATCHED,Matched via split.
Andhra_Pradesh.pdf,PMBJK12124,Andhra Pradesh,Chittoor,SOUTH_INDIA_IN_SCOPE,503.0,MATCHED,Matched via exact.
Andhra_Pradesh.pdf,PMBJK12125,Andhra Pradesh,Chittoor,SOUTH_INDIA_IN_SCOPE,503.0,MATCHED,Matched via exact.
Andhra_Pradesh.pdf,PMBJK12133,Andhra Pradesh,Nandyal,SOUTH_INDIA_IN_SCOPE,755.0,MATCHED,Matched via split.
Andhra_Pradesh.pdf,PMBJK12135,Andhra Pradesh,Prakasam,SOUTH_INDIA_IN_SCOPE,517.0,MATCHED,Matched via exact.
Andhra_Pradesh.pdf,PMBJK12143,Andhra Pradesh,Krishna,SOUTH_INDIA_IN_SCOPE,510.0,MATCHED,Matched via exact.
Andhra_Pradesh.pdf,PMBJK12157,Andhra Pradesh,Prakasam,SOUTH_INDIA_IN_SCOPE,517.0,MATCHED,Matched via exact.
Andhra_Pradesh.pdf,PMBJK12161,Andhra Pradesh,Nandyal,SOUTH_INDIA_IN_SCOPE,755.0,MATCHED,Matched via split.
Andhra_Pradesh.pdf,PMBJK12164,Andhra Pradesh,Nandyal,SOUTH_INDIA_IN_SCOPE,755.0,MATCHED,Matched via split.
Andhra_Pradesh.pdf,PMBJK12171,Andhra Pradesh,Prakasam,SOUTH_INDIA_IN_SCOPE,517.0,MATCHED,Matched via exact.
Andhra_Pradesh.pdf,PMBJK12172,Andhra Pradesh,Ntr,SOUTH_INDIA_IN_SCOPE,749.0,MATCHED,Matched via split.
Andhra_Pradesh.pdf,PMBJK12176,Andhra Pradesh,Ntr,SOUTH_INDIA_IN_SCOPE,749.0,MATCHED,Matched via split.
Andhra_Pradesh.pdf,PMBJK12180,Andhra Pradesh,Nandyal,SOUTH_INDIA_IN_SCOPE,755.0,MATCHED,Matched via split.
Andhra_Pradesh.pdf,PMBJK12182,Andhra Pradesh,Eluru,SOUTH_INDIA_IN_SCOPE,748.0,MATCHED,Matched via split.
Andhra_Pradesh.pdf,PMBJK12197,Andhra Pradesh,Kakinada,SOUTH_INDIA_IN_SCOPE,746.0,MATCHED,Matched via split.
Andhra_Pradesh.pdf,PMBJK12223,Andhra Pradesh,Y.S.R.,SOUTH_INDIA_IN_SCOPE,504.0,MATCHED,Matched via exact.
Andhra_Pradesh.pdf,PMBJK12230,Andhra Pradesh,Guntur,SOUTH_INDIA_IN_SCOPE,506.0,MATCHED,Matched via exact.
Andhra_Pradesh.pdf,PMBJK12231,Andhra Pradesh,West Godavari,SOUTH_INDIA_IN_SCOPE,523.0,MATCHED,Matched via exact.
Andhra_Pradesh.pdf,PMBJK12261,Andhra Pradesh,Sri Sathya Sai,SOUTH_INDIA_IN_SCOPE,754.0,MATCHED,Matched via split.
Andhra_Pradesh.pdf,PMBJK12271,Andhra Pradesh,Vizianagaram,SOUTH_INDIA_IN_SCOPE,521.0,MATCHED,Matched via exact.
Andhra_Pradesh.pdf,PMBJK12272,Andhra Pradesh,Sri Sathya Sai,SOUTH_INDIA_IN_SCOPE,754.0,MATCHED,Matched via split.
Andhra_Pradesh.pdf,PMBJK12347,Andhra Pradesh,Palnadu,SOUTH_INDIA_IN_SCOPE,751.0,MATCHED,Matched via split.
Andhra_Pradesh.pdf,PMBJK12348,Andhra Pradesh,Krishna,SOUTH_INDIA_IN_SCOPE,510.0,MATCHED,Matched via exact.
Andhra_Pradesh.pdf,PMBJK12349,Andhra Pradesh,Tirupati,SOUTH_INDIA_IN_SCOPE,752.0,MATCHED,Matched via split.
Andhra_Pradesh.pdf,PMBJK12366,Andhra Pradesh,Ntr,SOUTH_INDIA_IN_SCOPE,749.0,MATCHED,Matched via split.
Andhra_Pradesh.pdf,PMBJK12367,Andhra Pradesh,Kurnool,SOUTH_INDIA_IN_SCOPE,511.0,MATCHED,Matched via exact.
Andhra_Pradesh.pdf,PMBJK12370,Andhra Pradesh,Palnadu,SOUTH_INDIA_IN_SCOPE,751.0,MATCHED,Matched via split.
Andhra_Pradesh.pdf,PMBJK12376,Andhra Pradesh,Ntr,SOUTH_INDIA_IN_SCOPE,749.0,MATCHED,Matched via split.
Andhra_Pradesh.pdf,PMBJK12381,Andhra Pradesh,West Godavari,SOUTH_INDIA_IN_SCOPE,523.0,MATCHED,Matched via exact.
Andhra_Pradesh.pdf,PMBJK12387,Andhra Pradesh,East Godavari,SOUTH_INDIA_IN_SCOPE,505.0,MATCHED,Matched via exact.
Andhra_Pradesh.pdf,PMBJK12392,Andhra Pradesh,Visakhapatnam,SOUTH_INDIA_IN_SCOPE,520.0,MATCHED,Matched via exact.
Andhra_Pradesh.pdf,PMBJK12399,Andhra Pradesh,Palnadu,SOUTH_INDIA_IN_SCOPE,751.0,MATCHED,Matched via split.
Andhra_Pradesh.pdf,PMBJK12433,Andhra Pradesh,Visakhapatnam,SOUTH_INDIA_IN_SCOPE,520.0,MATCHED,Matched via exact.
Andhra_Pradesh.pdf,PMBJK12438,Andhra Pradesh,Sri Potti Sriramulu Nellore,SOUTH_INDIA_IN_SCOPE,515.0,MATCHED,Matched via exact.
Andhra_Pradesh.pdf,PMBJK12441,Andhra Pradesh,Ntr,SOUTH_INDIA_IN_SCOPE,749.0,MATCHED,Matched via split.
Andhra_Pradesh.pdf,PMBJK12479,Andhra Pradesh,Chittoor,SOUTH_INDIA_IN_SCOPE,503.0,MATCHED,Matched via exact.
Andhra_Pradesh.pdf,PMBJK12480,Andhra Pradesh,Chittoor,SOUTH_INDIA_IN_SCOPE,503.0,MATCHED,Matched via exact.
Andhra_Pradesh.pdf,PMBJK12489,Andhra Pradesh,Guntur,SOUTH_INDIA_IN_SCOPE,506.0,MATCHED,Matched via exact.
Andhra_Pradesh.pdf,PMBJK12513,Andhra Pradesh,Ntr,SOUTH_INDIA_IN_SCOPE,749.0,MATCHED,Matched via split.
Andhra_Pradesh.pdf,PMBJK12522,Andhra Pradesh,East Godavari,SOUTH_INDIA_IN_SCOPE,505.0,MATCHED,Matched via exact.
Andhra_Pradesh.pdf,PMBJK12535,Andhra Pradesh,Kurnool,SOUTH_INDIA_IN_SCOPE,511.0,MATCHED,Matched via exact.
Andhra_Pradesh.pdf,PMBJK12567,Andhra Pradesh,Palnadu,SOUTH_INDIA_IN_SCOPE,751.0,MATCHED,Matched via split.
Andhra_Pradesh.pdf,PMBJK12782,Andhra Pradesh,Kurnool,SOUTH_INDIA_IN_SCOPE,511.0,MATCHED,Matched via exact.
Andhra_Pradesh.pdf,PMBJK12785,Andhra Pradesh,Annamayya,SOUTH_INDIA_IN_SCOPE,753.0,MATCHED,Matched via split.
Andhra_Pradesh.pdf,PMBJK12821,Andhra Pradesh,East Godavari,SOUTH_INDIA_IN_SCOPE,505.0,MATCHED,Matched via exact.
Andhra_Pradesh.pdf,PMBJK12897,Andhra Pradesh,East Godavari,SOUTH_INDIA_IN_SCOPE,505.0,MATCHED,Matched via exact.
Andhra_Pradesh.pdf,PMBJK12959,Andhra Pradesh,Srikakulam,SOUTH_INDIA_IN_SCOPE,519.0,MATCHED,Matched via exact.
Andhra_Pradesh.pdf,PMBJK12977,Andhra Pradesh,Prakasam,SOUTH_INDIA_IN_SCOPE,517.0,MATCHED,Matched via exact.
Andhra_Pradesh.pdf,PMBJK12994,Andhra Pradesh,Bapatla,SOUTH_INDIA_IN_SCOPE,750.0,MATCHED,Matched via split.
Andhra_Pradesh.pdf,PMBJK13156,Andhra Pradesh,Dr. B.R. Ambedkar Konaseema,SOUTH_INDIA_IN_SCOPE,747.0,MATCHED,Matched via split.
Andhra_Pradesh.pdf,PMBJK13277,Andhra Pradesh,Krishna,SOUTH_INDIA_IN_SCOPE,510.0,MATCHED,Matched via exact.
Andhra_Pradesh.pdf,PMBJK13285,Andhra Pradesh,Annamayya,SOUTH_INDIA_IN_SCOPE,753.0,MATCHED,Matched via split.
Andhra_Pradesh.pdf,PMBJK13292,Andhra Pradesh,Annamayya,SOUTH_INDIA_IN_SCOPE,753.0,MATCHED,Matched via split.
Andhra_Pradesh.pdf,PMBJK13441,Andhra Pradesh,Eluru,SOUTH_INDIA_IN_SCOPE,748.0,MATCHED,Matched via split.
Andhra_Pradesh.pdf,PMBJK13459,Andhra Pradesh,Palnadu,SOUTH_INDIA_IN_SCOPE,751.0,MATCHED,Matched via split.
Andhra_Pradesh.pdf,PMBJK13537,Andhra Pradesh,Guntur,SOUTH_INDIA_IN_SCOPE,506.0,MATCHED,Matched via exact.
Andhra_Pradesh.pdf,PMBJK13578,Andhra Pradesh,Anakapalli,SOUTH_INDIA_IN_SCOPE,744.0,MATCHED,Matched via split.
Andhra_Pradesh.pdf,PMBJK13987,Andhra Pradesh,East Godavari,SOUTH_INDIA_IN_SCOPE,505.0,MATCHED,Matched via exact.
Andhra_Pradesh.pdf,PMBJK13988,Andhra Pradesh,Ntr,SOUTH_INDIA_IN_SCOPE,749.0,MATCHED,Matched via split.
Andhra_Pradesh.pdf,PMBJK13996,Andhra Pradesh,Y.S.R.,SOUTH_INDIA_IN_SCOPE,504.0,MATCHED,Matched via exact.
Andhra_Pradesh.pdf,PMBJK14151,Andhra Pradesh,Visakhapatnam,SOUTH_INDIA_IN_SCOPE,520.0,MATCHED,Matched via exact.
Andhra_Pradesh.pdf,PMBJK14467,Andhra Pradesh,Kurnool,SOUTH_INDIA_IN_SCOPE,511.0,MATCHED,Matched via exact.
Andhra_Pradesh.pdf,PMBJK14750,Andhra Pradesh,Guntur,SOUTH_INDIA_IN_SCOPE,506.0,MATCHED,Matched via exact.
Andhra_Pradesh.pdf,PMBJK14753,Andhra Pradesh,Bapatla,SOUTH_INDIA_IN_SCOPE,750.0,MATCHED,Matched via split.
Andhra_Pradesh.pdf,PMBJK14916,Andhra Pradesh,Palnadu,SOUTH_INDIA_IN_SCOPE,751.0,MATCHED,Matched via split.
Andhra_Pradesh.pdf,PMBJK14922,Andhra Pradesh,Guntur,SOUTH_INDIA_IN_SCOPE,506.0,MATCHED,Matched via exact.
Andhra_Pradesh.pdf,PMBJK15898,Andhra Pradesh,Prakasam,SOUTH_INDIA_IN_SCOPE,517.0,MATCHED,Matched via exact.
Andhra_Pradesh.pdf,PMBJK15957,Andhra Pradesh,West Godavari,SOUTH_INDIA_IN_SCOPE,523.0,MATCHED,Matched via exact.
Andhra_Pradesh.pdf,PMBJK16115,Andhra Pradesh,Tirupati,SOUTH_INDIA_IN_SCOPE,752.0,MATCHED,Matched via split.
Andhra_Pradesh.pdf,PMBJK16129,Andhra Pradesh,Kurnool,SOUTH_INDIA_IN_SCOPE,511.0,MATCHED,Matched via exact.
Andhra_Pradesh.pdf,PMBJK16130,Andhra Pradesh,Kurnool,SOUTH_INDIA_IN_SCOPE,511.0,MATCHED,Matched via exact.
Andhra_Pradesh.pdf,PMBJK16167,Andhra Pradesh,Guntur,SOUTH_INDIA_IN_SCOPE,506.0,MATCHED,Matched via exact.
Andhra_Pradesh.pdf,PMBJK16180,Andhra Pradesh,Sri Sathya Sai,SOUTH_INDIA_IN_SCOPE,754.0,MATCHED,Matched via split.
Andhra_Pradesh.pdf,PMBJK16205,Andhra Pradesh,Sri Potti Sriramulu Nellore,SOUTH_INDIA_IN_SCOPE,515.0,MATCHED,Matched via exact.
Andhra_Pradesh.pdf,PMBJK16206,Andhra Pradesh,Ntr,SOUTH_INDIA_IN_SCOPE,749.0,MATCHED,Matched via split.
Andhra_Pradesh.pdf,PMBJK16321,Andhra Pradesh,Guntur,SOUTH_INDIA_IN_SCOPE,506.0,MATCHED,Matched via exact.
Andhra_Pradesh.pdf,PMBJK16413,Andhra Pradesh,Visakhapatnam,SOUTH_INDIA_IN_SCOPE,520.0,MATCHED,Matched via exact.
Andhra_Pradesh.pdf,PMBJK16499,Andhra Pradesh,Prakasam,SOUTH_INDIA_IN_SCOPE,517.0,MATCHED,Matched via exact.
Andhra_Pradesh.pdf,PMBJK16547,Andhra Pradesh,Ntr,SOUTH_INDIA_IN_SCOPE,749.0,MATCHED,Matched via split.
Andhra_Pradesh.pdf,PMBJK16705,Andhra Pradesh,Ntr,SOUTH_INDIA_IN_SCOPE,749.0,MATCHED,Matched via split.
Andhra_Pradesh.pdf,PMBJK16736,Andhra Pradesh,Sri Sathya Sai,SOUTH_INDIA_IN_SCOPE,754.0,MATCHED,Matched via split.
Andhra_Pradesh.pdf,PMBJK16766,Andhra Pradesh,Tirupati,SOUTH_INDIA_IN_SCOPE,752.0,MATCHED,Matched via split.
Andhra_Pradesh.pdf,PMBJK16799,Andhra Pradesh,Vizianagaram,SOUTH_INDIA_IN_SCOPE,521.0,MATCHED,Matched via exact.
Andhra_Pradesh.pdf,PMBJK16952,Andhra Pradesh,Palnadu,SOUTH_INDIA_IN_SCOPE,751.0,MATCHED,Matched via split.
Andhra_Pradesh.pdf,PMBJK17593,Andhra Pradesh,Srikakulam,SOUTH_INDIA_IN_SCOPE,519.0,MATCHED,Matched via exact.
Andhra_Pradesh.pdf,PMBJK17874,Andhra Pradesh,Vizianagaram,SOUTH_INDIA_IN_SCOPE,521.0,MATCHED,Matched via exact.
Andhra_Pradesh.pdf,PMBJK17905,Andhra Pradesh,Tirupati,SOUTH_INDIA_IN_SCOPE,752.0,MATCHED,Matched via split.
Andhra_Pradesh.pdf,PMBJK18331,Andhra Pradesh,Sri Potti Sriramulu Nellore,SOUTH_INDIA_IN_SCOPE,515.0,MATCHED,Matched via exact.
Andhra_Pradesh.pdf,PMBJK18507,Andhra Pradesh,Tirupati,SOUTH_INDIA_IN_SCOPE,752.0,MATCHED,Matched via split.
Andhra_Pradesh.pdf,PMBJK18784,Andhra Pradesh,Krishna,SOUTH_INDIA_IN_SCOPE,510.0,MATCHED,Matched via exact.
Andhra_Pradesh.pdf,PMBJK19152,Andhra Pradesh,Guntur,SOUTH_INDIA_IN_SCOPE,506.0,MATCHED,Matched via exact.
Andhra_Pradesh.pdf,PMBJK19242,Andhra Pradesh,Tirupati,SOUTH_INDIA_IN_SCOPE,752.0,MATCHED,Matched via split.
Andhra_Pradesh.pdf,PMBJK19338,Andhra Pradesh,Sri Sathya Sai,SOUTH_INDIA_IN_SCOPE,754.0,MATCHED,Matched via split.
Andhra_Pradesh.pdf,PMBJK19402,Andhra Pradesh,Kurnool,SOUTH_INDIA_IN_SCOPE,511.0,MATCHED,Matched via exact.
Andhra_Pradesh.pdf,PMBJK19527,Andhra Pradesh,Kurnool,SOUTH_INDIA_IN_SCOPE,511.0,MATCHED,Matched via exact.
Andhra_Pradesh.pdf,PMBJK19727,Andhra Pradesh,East Godavari,SOUTH_INDIA_IN_SCOPE,505.0,MATCHED,Matched via exact.
Andhra_Pradesh.pdf,PMBJK19730,Andhra Pradesh,Visakhapatnam,SOUTH_INDIA_IN_SCOPE,520.0,MATCHED,Matched via exact.
Andhra_Pradesh.pdf,PMBJK19905,Andhra Pradesh,Ananthapuramu,SOUTH_INDIA_IN_SCOPE,502.0,MATCHED,Matched via exact.
Andhra_Pradesh.pdf,PMBJK20005,Andhra Pradesh,Guntur,SOUTH_INDIA_IN_SCOPE,506.0,MATCHED,Matched via exact.
Andhra_Pradesh.pdf,PMBJK20288,Andhra Pradesh,Tirupati,SOUTH_INDIA_IN_SCOPE,752.0,MATCHED,Matched via split.
Andhra_Pradesh.pdf,PMBJK20402,Andhra Pradesh,Visakhapatnam,SOUTH_INDIA_IN_SCOPE,520.0,MATCHED,Matched via exact.
Andhra_Pradesh.pdf,PMBJK20404,Andhra Pradesh,Srikakulam,SOUTH_INDIA_IN_SCOPE,519.0,MATCHED,Matched via exact.
Andhra_Pradesh.pdf,PMBJK20700,Andhra Pradesh,Vizianagaram,SOUTH_INDIA_IN_SCOPE,521.0,MATCHED,Matched via exact.
Andhra_Pradesh.pdf,PMBJK20765,Andhra Pradesh,Y.S.R.,SOUTH_INDIA_IN_SCOPE,504.0,MATCHED,Matched via exact.
Andhra_Pradesh.pdf,PMBJK20846,Andhra Pradesh,Kurnool,SOUTH_INDIA_IN_SCOPE,511.0,MATCHED,Matched via exact.
Andhra_Pradesh.pdf,PMBJK20960,Andhra Pradesh,Nandyal,SOUTH_INDIA_IN_SCOPE,755.0,MATCHED,Matched via split.
Andhra_Pradesh.pdf,PMBJK21101,Andhra Pradesh,Krishna,SOUTH_INDIA_IN_SCOPE,510.0,MATCHED,Matched via exact.
Andhra_Pradesh.pdf,PMBJK21147,Andhra Pradesh,Ntr,SOUTH_INDIA_IN_SCOPE,749.0,MATCHED,Matched via split.
Andhra_Pradesh.pdf,PMBJK21202,Andhra Pradesh,Ntr,SOUTH_INDIA_IN_SCOPE,749.0,MATCHED,Matched via split.
Andhra_Pradesh.pdf,PMBJK21316,Andhra Pradesh,Visakhapatnam,SOUTH_INDIA_IN_SCOPE,520.0,MATCHED,Matched via exact.
Andhra_Pradesh.pdf,PMBJK21504,Andhra Pradesh,Sri Sathya Sai,SOUTH_INDIA_IN_SCOPE,754.0,MATCHED,Matched via split.
Andhra_Pradesh.pdf,PMBJK21508,Andhra Pradesh,Guntur,SOUTH_INDIA_IN_SCOPE,506.0,MATCHED,Matched via exact.
Andhra_Pradesh.pdf,PMBJK21609,Andhra Pradesh,Bapatla,SOUTH_INDIA_IN_SCOPE,750.0,MATCHED,Matched via split.
Andhra_Pradesh.pdf,PMBJK21639,Andhra Pradesh,Y.S.R.,SOUTH_INDIA_IN_SCOPE,504.0,MATCHED,Matched via exact.
Andhra_Pradesh.pdf,PMBJK21641,Andhra Pradesh,Ntr,SOUTH_INDIA_IN_SCOPE,749.0,MATCHED,Matched via split.
Andhra_Pradesh.pdf,PMBJK21715,Andhra Pradesh,West Godavari,SOUTH_INDIA_IN_SCOPE,523.0,MATCHED,Matched via exact.
Andhra_Pradesh.pdf,PMBJK21733,Andhra Pradesh,Sri Potti Sriramulu Nellore,SOUTH_INDIA_IN_SCOPE,515.0,MATCHED,Matched via exact.
Andhra_Pradesh.pdf,PMBJK21789,Andhra Pradesh,Guntur,SOUTH_INDIA_IN_SCOPE,506.0,MATCHED,Matched via exact.
Andhra_Pradesh.pdf,PMBJK21864,Andhra Pradesh,Chittoor,SOUTH_INDIA_IN_SCOPE,503.0,MATCHED,Matched via exact.
Andhra_Pradesh.pdf,PMBJK21948,Andhra Pradesh,Ntr,SOUTH_INDIA_IN_SCOPE,749.0,MATCHED,Matched via split.
Andhra_Pradesh.pdf,PMBJK21979,Andhra Pradesh,Srikakulam,SOUTH_INDIA_IN_SCOPE,519.0,MATCHED,Matched via exact.
Andhra_Pradesh.pdf,PMBJK22021,Andhra Pradesh,Kurnool,SOUTH_INDIA_IN_SCOPE,511.0,MATCHED,Matched via exact.
Andhra_Pradesh.pdf,PMBJK22126,Andhra Pradesh,Nandyal,SOUTH_INDIA_IN_SCOPE,755.0,MATCHED,Matched via split.
Andhra_Pradesh.pdf,PMBJK22127,Andhra Pradesh,Alluri Sitharama Raju,SOUTH_INDIA_IN_SCOPE,745.0,MATCHED,Matched via split.
Andhra_Pradesh.pdf,PMBJK22128,Andhra Pradesh,West Godavari,SOUTH_INDIA_IN_SCOPE,523.0,MATCHED,Matched via exact.
Andhra_Pradesh.pdf,PMBJK22129,Andhra Pradesh,Palnadu,SOUTH_INDIA_IN_SCOPE,751.0,MATCHED,Matched via split.
Andhra_Pradesh.pdf,PMBJK22130,Andhra Pradesh,Parvathipuram Manyam,SOUTH_INDIA_IN_SCOPE,743.0,MATCHED,Matched via split.
Andhra_Pradesh.pdf,PMBJK22131,Andhra Pradesh,Dr. B.R. Ambedkar Konaseema,SOUTH_INDIA_IN_SCOPE,747.0,MATCHED,Matched via split.
Andhra_Pradesh.pdf,PMBJK22132,Andhra Pradesh,Tirupati,SOUTH_INDIA_IN_SCOPE,752.0,MATCHED,Matched via split.
Andhra_Pradesh.pdf,PMBJK22145,Andhra Pradesh,Eluru,SOUTH_INDIA_IN_SCOPE,748.0,MATCHED,Matched via split.
Andhra_Pradesh.pdf,PMBJK22146,Andhra Pradesh,Vizianagaram,SOUTH_INDIA_IN_SCOPE,521.0,MATCHED,Matched via exact.
Andhra_Pradesh.pdf,PMBJK22234,Andhra Pradesh,Visakhapatnam,SOUTH_INDIA_IN_SCOPE,520.0,MATCHED,Matched via exact.
Andhra_Pradesh.pdf,PMBJK22304,Andhra Pradesh,Visakhapatnam,SOUTH_INDIA_IN_SCOPE,520.0,MATCHED,Matched via exact.
Andhra_Pradesh.pdf,PMBJK22349,Andhra Pradesh,Srikakulam,SOUTH_INDIA_IN_SCOPE,519.0,MATCHED,Matched via exact.
Andhra_Pradesh.pdf,PMBJK22357,Andhra Pradesh,East Godavari,SOUTH_INDIA_IN_SCOPE,505.0,MATCHED,Matched via exact.
Andhra_Pradesh.pdf,PMBJK22358,Andhra Pradesh,Kurnool,SOUTH_INDIA_IN_SCOPE,511.0,MATCHED,Matched via exact.
Andhra_Pradesh.pdf,PMBJK22360,Andhra Pradesh,Krishna,SOUTH_INDIA_IN_SCOPE,510.0,MATCHED,Matched via exact.
Andhra_Pradesh.pdf,PMBJK22431,Andhra Pradesh,Kakinada,SOUTH_INDIA_IN_SCOPE,746.0,MATCHED,Matched via split.
Andhra_Pradesh.pdf,PMBJK22451,Andhra Pradesh,Visakhapatnam,SOUTH_INDIA_IN_SCOPE,520.0,MATCHED,Matched via exact.
Andhra_Pradesh.pdf,PMBJK22460,Andhra Pradesh,Kurnool,SOUTH_INDIA_IN_SCOPE,511.0,MATCHED,Matched via exact.
Andhra_Pradesh.pdf,PMBJK22464,Andhra Pradesh,Ntr,SOUTH_INDIA_IN_SCOPE,749.0,MATCHED,Matched via split.
Andhra_Pradesh.pdf,PMBJK22482,Andhra Pradesh,Sri Sathya Sai,SOUTH_INDIA_IN_SCOPE,754.0,MATCHED,Matched via split.
Andhra_Pradesh.pdf,PMBJK22552,Andhra Pradesh,Guntur,SOUTH_INDIA_IN_SCOPE,506.0,MATCHED,Matched via exact.
Andhra_Pradesh.pdf,PMBJK22652,Andhra Pradesh,Palnadu,SOUTH_INDIA_IN_SCOPE,751.0,MATCHED,Matched via split.
Andhra_Pradesh.pdf,PMBJK22676,Andhra Pradesh,Vizianagaram,SOUTH_INDIA_IN_SCOPE,521.0,MATCHED,Matched via exact.
Andhra_Pradesh.pdf,PMBJK22817,Andhra Pradesh,Sri Sathya Sai,SOUTH_INDIA_IN_SCOPE,754.0,MATCHED,Matched via split.
Andhra_Pradesh.pdf,PMBJK22907,Andhra Pradesh,Tirupati,SOUTH_INDIA_IN_SCOPE,752.0,MATCHED,Matched via split.
Andhra_Pradesh.pdf,PMBJK23154,Andhra Pradesh,East Godavari,SOUTH_INDIA_IN_SCOPE,505.0,MATCHED,Matched via exact.
Andhra_Pradesh.pdf,PMBJK23155,Andhra Pradesh,Parvathipuram Manyam,SOUTH_INDIA_IN_SCOPE,743.0,MATCHED,Matched via split.
Andhra_Pradesh.pdf,PMBJK23156,Andhra Pradesh,Palnadu,SOUTH_INDIA_IN_SCOPE,751.0,MATCHED,Matched via split.
Andhra_Pradesh.pdf,PMBJK23215,Andhra Pradesh,Guntur,SOUTH_INDIA_IN_SCOPE,506.0,MATCHED,Matched via exact.
Andhra_Pradesh.pdf,PMBJK23338,Andhra Pradesh,Srikakulam,SOUTH_INDIA_IN_SCOPE,519.0,MATCHED,Matched via exact.
Andhra_Pradesh.pdf,PMBJK23400,Andhra Pradesh,Tirupati,SOUTH_INDIA_IN_SCOPE,752.0,MATCHED,Matched via split.
Andhra_Pradesh.pdf,PMBJK23415,Andhra Pradesh,Alluri Sitharama Raju,SOUTH_INDIA_IN_SCOPE,745.0,MATCHED,Matched via split.
Andhra_Pradesh.pdf,PMBJK23493,Andhra Pradesh,Chittoor,SOUTH_INDIA_IN_SCOPE,503.0,MATCHED,Matched via exact.
Andhra_Pradesh.pdf,PMBJK23531,Andhra Pradesh,Sri Potti Sriramulu Nellore,SOUTH_INDIA_IN_SCOPE,515.0,MATCHED,Matched via exact.
Andhra_Pradesh.pdf,PMBJK23622,Andhra Pradesh,Ntr,SOUTH_INDIA_IN_SCOPE,749.0,MATCHED,Matched via split.
Andhra_Pradesh.pdf,PMBJK23718,Andhra Pradesh,Alluri Sitharama Raju,SOUTH_INDIA_IN_SCOPE,745.0,MATCHED,Matched via split.
Andhra_Pradesh.pdf,PMBJK23785,Andhra Pradesh,Visakhapatnam,SOUTH_INDIA_IN_SCOPE,520.0,MATCHED,Matched via exact.
Andhra_Pradesh.pdf,PMBJK23866,Andhra Pradesh,Sri Sathya Sai,SOUTH_INDIA_IN_SCOPE,754.0,MATCHED,Matched via split.
Andhra_Pradesh.pdf,PMBJK23881,Andhra Pradesh,Ananthapuramu,SOUTH_INDIA_IN_SCOPE,502.0,MATCHED,Matched via exact.
Goa.pdf,PMBJK03640,Goa,South Goa,SOUTH_INDIA_IN_SCOPE,552.0,MATCHED,Matched via exact.
Goa.pdf,PMBJK04383,Goa,North Goa,SOUTH_INDIA_IN_SCOPE,551.0,MATCHED,Matched via exact.
Goa.pdf,PMBJK04499,Goa,North Goa,SOUTH_INDIA_IN_SCOPE,551.0,MATCHED,Matched via exact.
Goa.pdf,PMBJK04501,Goa,South Goa,SOUTH_INDIA_IN_SCOPE,552.0,MATCHED,Matched via exact.
Goa.pdf,PMBJK06730,Goa,North Goa,SOUTH_INDIA_IN_SCOPE,551.0,MATCHED,Matched via exact.
Goa.pdf,PMBJK09309,Goa,North Goa,SOUTH_INDIA_IN_SCOPE,551.0,MATCHED,Matched via exact.
Goa.pdf,PMBJK09805,Goa,North Goa,SOUTH_INDIA_IN_SCOPE,551.0,MATCHED,Matched via exact.
Goa.pdf,PMBJK11486,Goa,South Goa,SOUTH_INDIA_IN_SCOPE,552.0,MATCHED,Matched via exact.
Goa.pdf,PMBJK11706,Goa,South Goa,SOUTH_INDIA_IN_SCOPE,552.0,MATCHED,Matched via exact.
Goa.pdf,PMBJK12243,Goa,South Goa,SOUTH_INDIA_IN_SCOPE,552.0,MATCHED,Matched via exact.
Goa.pdf,PMBJK15119,Goa,South Goa,SOUTH_INDIA_IN_SCOPE,552.0,MATCHED,Matched via exact.
Goa.pdf,PMBJK17453,Goa,North Goa,SOUTH_INDIA_IN_SCOPE,551.0,MATCHED,Matched via exact.
Goa.pdf,PMBJK17470,Goa,North Goa,SOUTH_INDIA_IN_SCOPE,551.0,MATCHED,Matched via exact.
Goa.pdf,PMBJK17471,Goa,South Goa,SOUTH_INDIA_IN_SCOPE,552.0,MATCHED,Matched via exact.
Goa.pdf,PMBJK17472,Goa,South Goa,SOUTH_INDIA_IN_SCOPE,552.0,MATCHED,Matched via exact.
Goa.pdf,PMBJK17473,Goa,South Goa,SOUTH_INDIA_IN_SCOPE,552.0,MATCHED,Matched via exact.
Goa.pdf,PMBJK17474,Goa,North Goa,SOUTH_INDIA_IN_SCOPE,551.0,MATCHED,Matched via exact.
Goa.pdf,PMBJK17950,Goa,South Goa,SOUTH_INDIA_IN_SCOPE,552.0,MATCHED,Matched via exact.
Goa.pdf,PMBJK22814,Goa,North Goa,SOUTH_INDIA_IN_SCOPE,551.0,MATCHED,Matched via exact.
Karnataka.pdf,PMBJK00884,Karnataka,Chikkaballapura,SOUTH_INDIA_IN_SCOPE,630.0,MATCHED,Matched via exact.
Karnataka.pdf,PMBJK00886,Karnataka,Bagalkote,SOUTH_INDIA_IN_SCOPE,524.0,MATCHED,Matched via exact.
Karnataka.pdf,PMBJK00887,Karnataka,Bagalkote,SOUTH_INDIA_IN_SCOPE,524.0,MATCHED,Matched via exact.
Karnataka.pdf,PMBJK00888,Karnataka,Bagalkote,SOUTH_INDIA_IN_SCOPE,524.0,MATCHED,Matched via exact.
Karnataka.pdf,PMBJK00891,Karnataka,Belagavi,SOUTH_INDIA_IN_SCOPE,527.0,MATCHED,Matched via exact.
Karnataka.pdf,PMBJK00893,Karnataka,Belagavi,SOUTH_INDIA_IN_SCOPE,527.0,MATCHED,Matched via exact.
Karnataka.pdf,PMBJK00895,Karnataka,Belagavi,SOUTH_INDIA_IN_SCOPE,527.0,MATCHED,Matched via exact.
Karnataka.pdf,PMBJK00896,Karnataka,Belagavi,SOUTH_INDIA_IN_SCOPE,527.0,MATCHED,Matched via exact.
Karnataka.pdf,PMBJK00897,Karnataka,Bengaluru Urban,SOUTH_INDIA_IN_SCOPE,525.0,MATCHED,Matched via exact.
Karnataka.pdf,PMBJK00899,Karnataka,Bengaluru Urban,SOUTH_INDIA_IN_SCOPE,525.0,MATCHED,Matched via exact.
Karnataka.pdf,PMBJK00900,Karnataka,Bengaluru Rural,SOUTH_INDIA_IN_SCOPE,526.0,MATCHED,Matched via exact.
Karnataka.pdf,PMBJK00904,Karnataka,Bengaluru Urban,SOUTH_INDIA_IN_SCOPE,525.0,MATCHED,Matched via exact.
Karnataka.pdf,PMBJK00905,Karnataka,Bengaluru Rural,SOUTH_INDIA_IN_SCOPE,526.0,MATCHED,Matched via exact.
Karnataka.pdf,PMBJK00906,Karnataka,Bengaluru Urban,SOUTH_INDIA_IN_SCOPE,525.0,MATCHED,Matched via exact.
Karnataka.pdf,PMBJK00908,Karnataka,Bengaluru Urban,SOUTH_INDIA_IN_SCOPE,525.0,MATCHED,Matched via exact.
Karnataka.pdf,PMBJK00910,Karnataka,Uttara Kannada,SOUTH_INDIA_IN_SCOPE,550.0,MATCHED,Matched via exact.
Karnataka.pdf,PMBJK00911,Karnataka,Bengaluru Urban,SOUTH_INDIA_IN_SCOPE,525.0,MATCHED,Matched via exact.
Karnataka.pdf,PMBJK00913,Karnataka,Bengaluru Urban,SOUTH_INDIA_IN_SCOPE,525.0,MATCHED,Matched via exact.
Karnataka.pdf,PMBJK00914,Karnataka,Bengaluru Urban,SOUTH_INDIA_IN_SCOPE,525.0,MATCHED,Matched via exact.
Karnataka.pdf,PMBJK00915,Karnataka,Bengaluru Urban,SOUTH_INDIA_IN_SCOPE,525.0,MATCHED,Matched via exact.
Karnataka.pdf,PMBJK00916,Karnataka,Bengaluru Urban,SOUTH_INDIA_IN_SCOPE,525.0,MATCHED,Matched via exact.
Karnataka.pdf,PMBJK00917,Karnataka,Mandya,SOUTH_INDIA_IN_SCOPE,544.0,MATCHED,Matched via exact.
Karnataka.pdf,PMBJK00918,Karnataka,Bidar,SOUTH_INDIA_IN_SCOPE,529.0,MATCHED,Matched via exact.
Karnataka.pdf,PMBJK00919,Karnataka,Bidar,SOUTH_INDIA_IN_SCOPE,529.0,MATCHED,Matched via exact.
Karnataka.pdf,PMBJK00921,Karnataka,Bidar,SOUTH_INDIA_IN_SCOPE,529.0,MATCHED,Matched via exact.
Karnataka.pdf,PMBJK00922,Karnataka,Bidar,SOUTH_INDIA_IN_SCOPE,529.0,MATCHED,Matched via exact.
Karnataka.pdf,PMBJK00926,Karnataka,Bidar,SOUTH_INDIA_IN_SCOPE,529.0,MATCHED,Matched via exact.
Karnataka.pdf,PMBJK00927,Karnataka,Bidar,SOUTH_INDIA_IN_SCOPE,529.0,MATCHED,Matched via exact.
Karnataka.pdf,PMBJK00928,Karnataka,Chamarajanagara,SOUTH_INDIA_IN_SCOPE,531.0,MATCHED,Matched via exact.
Karnataka.pdf,PMBJK00929,Karnataka,Chamarajanagara,SOUTH_INDIA_IN_SCOPE,531.0,MATCHED,Matched via exact.
Karnataka.pdf,PMBJK00931,Karnataka,Chikkaballapura,SOUTH_INDIA_IN_SCOPE,630.0,MATCHED,Matched via exact.
Karnataka.pdf,PMBJK00932,Karnataka,Chikkaballapura,SOUTH_INDIA_IN_SCOPE,630.0,MATCHED,Matched via exact.
Karnataka.pdf,PMBJK00933,Karnataka,Chikkaballapura,SOUTH_INDIA_IN_SCOPE,630.0,MATCHED,Matched via exact.
Karnataka.pdf,PMBJK00935,Karnataka,Chikkamagaluru,SOUTH_INDIA_IN_SCOPE,532.0,MATCHED,Matched via exact.
Karnataka.pdf,PMBJK00936,Karnataka,Chikkamagaluru,SOUTH_INDIA_IN_SCOPE,532.0,MATCHED,Matched via exact.
Karnataka.pdf,PMBJK00937,Karnataka,Chikkamagaluru,SOUTH_INDIA_IN_SCOPE,532.0,MATCHED,Matched via exact.
Karnataka.pdf,PMBJK00938,Karnataka,Chikkamagaluru,SOUTH_INDIA_IN_SCOPE,532.0,MATCHED,Matched via exact.
Karnataka.pdf,PMBJK00939,Karnataka,Chikkamagaluru,SOUTH_INDIA_IN_SCOPE,532.0,MATCHED,Matched via exact.
Karnataka.pdf,PMBJK00940,Karnataka,Chikkamagaluru,SOUTH_INDIA_IN_SCOPE,532.0,MATCHED,Matched via exact.
Karnataka.pdf,PMBJK00942,Karnataka,Chitradurga,SOUTH_INDIA_IN_SCOPE,533.0,MATCHED,Matched via exact.
Karnataka.pdf,PMBJK00943,Karnataka,Chitradurga,SOUTH_INDIA_IN_SCOPE,533.0,MATCHED,Matched via exact.
Karnataka.pdf,PMBJK00946,Karnataka,Dakshina Kannada,SOUTH_INDIA_IN_SCOPE,534.0,MATCHED,Matched via exact.
Karnataka.pdf,PMBJK00947,Karnataka,Dakshina Kannada,SOUTH_INDIA_IN_SCOPE,534.0,MATCHED,Matched via exact.
Karnataka.pdf,PMBJK00948,Karnataka,Dakshina Kannada,SOUTH_INDIA_IN_SCOPE,534.0,MATCHED,Matched via exact.
Karnataka.pdf,PMBJK00949,Karnataka,Dakshina Kannada,SOUTH_INDIA_IN_SCOPE,534.0,MATCHED,Matched via exact.
Karnataka.pdf,PMBJK00950,Karnataka,Dakshina Kannada,SOUTH_INDIA_IN_SCOPE,534.0,MATCHED,Matched via exact.
Karnataka.pdf,PMBJK00951,Karnataka,Dakshina Kannada,SOUTH_INDIA_IN_SCOPE,534.0,MATCHED,Matched via exact.
Karnataka.pdf,PMBJK00952,Karnataka,Dakshina Kannada,SOUTH_INDIA_IN_SCOPE,534.0,MATCHED,Matched via exact.
Karnataka.pdf,PMBJK00953,Karnataka,Dakshina Kannada,SOUTH_INDIA_IN_SCOPE,534.0,MATCHED,Matched via exact.
Karnataka.pdf,PMBJK00954,Karnataka,Davangere,SOUTH_INDIA_IN_SCOPE,535.0,MATCHED,Matched via exact.
Karnataka.pdf,PMBJK00955,Karnataka,Davangere,SOUTH_INDIA_IN_SCOPE,535.0,MATCHED,Matched via exact.
Karnataka.pdf,PMBJK00956,Karnataka,Davangere,SOUTH_INDIA_IN_SCOPE,535.0,MATCHED,Matched via exact.
Karnataka.pdf,PMBJK00957,Karnataka,Davangere,SOUTH_INDIA_IN_SCOPE,535.0,MATCHED,Matched via exact.
Karnataka.pdf,PMBJK00958,Karnataka,Davangere,SOUTH_INDIA_IN_SCOPE,535.0,MATCHED,Matched via exact.
Karnataka.pdf,PMBJK00959,Karnataka,Raichur,SOUTH_INDIA_IN_SCOPE,546.0,MATCHED,Matched via exact.
Karnataka.pdf,PMBJK00960,Karnataka,Raichur,SOUTH_INDIA_IN_SCOPE,546.0,MATCHED,Matched via exact.
Karnataka.pdf,PMBJK00961,Karnataka,Raichur,SOUTH_INDIA_IN_SCOPE,546.0,MATCHED,Matched via exact.
Karnataka.pdf,PMBJK00962,Karnataka,Raichur,SOUTH_INDIA_IN_SCOPE,546.0,MATCHED,Matched via exact.
Karnataka.pdf,PMBJK00963,Karnataka,Davangere,SOUTH_INDIA_IN_SCOPE,535.0,MATCHED,Matched via exact.
Karnataka.pdf,PMBJK00964,Karnataka,Dharwad,SOUTH_INDIA_IN_SCOPE,536.0,MATCHED,Matched via exact.
Karnataka.pdf,PMBJK00966,Karnataka,Dharwad,SOUTH_INDIA_IN_SCOPE,536.0,MATCHED,Matched via exact.
Karnataka.pdf,PMBJK00967,Karnataka,Dharwad,SOUTH_INDIA_IN_SCOPE,536.0,MATCHED,Matched via exact.
Karnataka.pdf,PMBJK00968,Karnataka,Dharwad,SOUTH_INDIA_IN_SCOPE,536.0,MATCHED,Matched via exact.
Karnataka.pdf,PMBJK00969,Karnataka,Dharwad,SOUTH_INDIA_IN_SCOPE,536.0,MATCHED,Matched via exact.
Karnataka.pdf,PMBJK00973,Karnataka,Gadag,SOUTH_INDIA_IN_SCOPE,537.0,MATCHED,Matched via exact.
Karnataka.pdf,PMBJK00974,Karnataka,Gadag,SOUTH_INDIA_IN_SCOPE,537.0,MATCHED,Matched via exact.
Karnataka.pdf,PMBJK00976,Karnataka,Hassan,SOUTH_INDIA_IN_SCOPE,539.0,MATCHED,Matched via exact.
Karnataka.pdf,PMBJK00977,Karnataka,Hassan,SOUTH_INDIA_IN_SCOPE,539.0,MATCHED,Matched via exact.
Karnataka.pdf,PMBJK00979,Karnataka,Hassan,SOUTH_INDIA_IN_SCOPE,539.0,MATCHED,Matched via exact.
Karnataka.pdf,PMBJK00980,Karnataka,Haveri,SOUTH_INDIA_IN_SCOPE,540.0,MATCHED,Matched via exact.
Karnataka.pdf,PMBJK00981,Karnataka,Haveri,SOUTH_INDIA_IN_SCOPE,540.0,MATCHED,Matched via exact.
Karnataka.pdf,PMBJK00982,Karnataka,Haveri,SOUTH_INDIA_IN_SCOPE,540.0,MATCHED,Matched via exact.
Karnataka.pdf,PMBJK00983,Karnataka,Haveri,SOUTH_INDIA_IN_SCOPE,540.0,MATCHED,Matched via exact.
Karnataka.pdf,PMBJK00984,Karnataka,Haveri,SOUTH_INDIA_IN_SCOPE,540.0,MATCHED,Matched via exact.
Karnataka.pdf,PMBJK00985,Karnataka,Haveri,SOUTH_INDIA_IN_SCOPE,540.0,MATCHED,Matched via exact.
Karnataka.pdf,PMBJK00986,Karnataka,Haveri,SOUTH_INDIA_IN_SCOPE,540.0,MATCHED,Matched via exact.
Karnataka.pdf,PMBJK00987,Karnataka,Kalaburagi,SOUTH_INDIA_IN_SCOPE,538.0,MATCHED,Matched via exact.
Karnataka.pdf,PMBJK00988,Karnataka,Kalaburagi,SOUTH_INDIA_IN_SCOPE,538.0,MATCHED,Matched via exact.
Karnataka.pdf,PMBJK00989,Karnataka,Kalaburagi,SOUTH_INDIA_IN_SCOPE,538.0,MATCHED,Matched via exact.
Karnataka.pdf,PMBJK00991,Karnataka,Kalaburagi,SOUTH_INDIA_IN_SCOPE,538.0,MATCHED,Matched via exact.
Karnataka.pdf,PMBJK00993,Karnataka,Kalaburagi,SOUTH_INDIA_IN_SCOPE,538.0,MATCHED,Matched via exact.
Karnataka.pdf,PMBJK00994,Karnataka,Kalaburagi,SOUTH_INDIA_IN_SCOPE,538.0,MATCHED,Matched via exact.
Karnataka.pdf,PMBJK00996,Karnataka,Kodagu,SOUTH_INDIA_IN_SCOPE,541.0,MATCHED,Matched via exact.
Karnataka.pdf,PMBJK00997,Karnataka,Kolar,SOUTH_INDIA_IN_SCOPE,542.0,MATCHED,Matched via exact.
Karnataka.pdf,PMBJK00999,Karnataka,Kolar,SOUTH_INDIA_IN_SCOPE,542.0,MATCHED,Matched via exact.
Karnataka.pdf,PMBJK01000,Karnataka,Kolar,SOUTH_INDIA_IN_SCOPE,542.0,MATCHED,Matched via exact.
Karnataka.pdf,PMBJK01001,Karnataka,Koppal,SOUTH_INDIA_IN_SCOPE,543.0,MATCHED,Matched via exact.
Karnataka.pdf,PMBJK01002,Karnataka,Koppal,SOUTH_INDIA_IN_SCOPE,543.0,MATCHED,Matched via exact.
Karnataka.pdf,PMBJK01003,Karnataka,Mandya,SOUTH_INDIA_IN_SCOPE,544.0,MATCHED,Matched via exact.
Karnataka.pdf,PMBJK01004,Karnataka,Mandya,SOUTH_INDIA_IN_SCOPE,544.0,MATCHED,Matched via exact.
Karnataka.pdf,PMBJK01005,Karnataka,Mandya,SOUTH_INDIA_IN_SCOPE,544.0,MATCHED,Matched via exact.
Karnataka.pdf,PMBJK01006,Karnataka,Mandya,SOUTH_INDIA_IN_SCOPE,544.0,MATCHED,Matched via exact.
Karnataka.pdf,PMBJK01007,Karnataka,Mandya,SOUTH_INDIA_IN_SCOPE,544.0,MATCHED,Matched via exact.
Karnataka.pdf,PMBJK01009,Karnataka,Mandya,SOUTH_INDIA_IN_SCOPE,544.0,MATCHED,Matched via exact.
Karnataka.pdf,PMBJK01011,Karnataka,Mandya,SOUTH_INDIA_IN_SCOPE,544.0,MATCHED,Matched via exact.
Karnataka.pdf,PMBJK01012,Karnataka,Mandya,SOUTH_INDIA_IN_SCOPE,544.0,MATCHED,Matched via exact.
Karnataka.pdf,PMBJK01013,Karnataka,Mandya,SOUTH_INDIA_IN_SCOPE,544.0,MATCHED,Matched via exact.
Karnataka.pdf,PMBJK01014,Karnataka,Mandya,SOUTH_INDIA_IN_SCOPE,544.0,MATCHED,Matched via exact.
Karnataka.pdf,PMBJK01015,Karnataka,Mandya,SOUTH_INDIA_IN_SCOPE,544.0,MATCHED,Matched via exact.
Karnataka.pdf,PMBJK01016,Karnataka,Mysuru,SOUTH_INDIA_IN_SCOPE,545.0,MATCHED,Matched via exact.
Karnataka.pdf,PMBJK01017,Karnataka,Mysuru,SOUTH_INDIA_IN_SCOPE,545.0,MATCHED,Matched via exact.
Karnataka.pdf,PMBJK01018,Karnataka,Mysuru,SOUTH_INDIA_IN_SCOPE,545.0,MATCHED,Matched via exact.
Karnataka.pdf,PMBJK01019,Karnataka,Mysuru,SOUTH_INDIA_IN_SCOPE,545.0,MATCHED,Matched via exact.
Karnataka.pdf,PMBJK01020,Karnataka,Hassan,SOUTH_INDIA_IN_SCOPE,539.0,MATCHED,Matched via exact.
Karnataka.pdf,PMBJK01021,Karnataka,Mysuru,SOUTH_INDIA_IN_SCOPE,545.0,MATCHED,Matched via exact.
Karnataka.pdf,PMBJK01022,Karnataka,Mysuru,SOUTH_INDIA_IN_SCOPE,545.0,MATCHED,Matched via exact.
Karnataka.pdf,PMBJK01023,Karnataka,Mysuru,SOUTH_INDIA_IN_SCOPE,545.0,MATCHED,Matched via exact.
Karnataka.pdf,PMBJK01024,Karnataka,Mysuru,SOUTH_INDIA_IN_SCOPE,545.0,MATCHED,Matched via exact.
Karnataka.pdf,PMBJK01026,Karnataka,Mysuru,SOUTH_INDIA_IN_SCOPE,545.0,MATCHED,Matched via exact.
Karnataka.pdf,PMBJK01028,Karnataka,Mysuru,SOUTH_INDIA_IN_SCOPE,545.0,MATCHED,Matched via exact.
Karnataka.pdf,PMBJK01030,Karnataka,Mysuru,SOUTH_INDIA_IN_SCOPE,545.0,MATCHED,Matched via exact.
Karnataka.pdf,PMBJK01031,Karnataka,Mysuru,SOUTH_INDIA_IN_SCOPE,545.0,MATCHED,Matched via exact.
Karnataka.pdf,PMBJK01032,Karnataka,Mysuru,SOUTH_INDIA_IN_SCOPE,545.0,MATCHED,Matched via exact.
Karnataka.pdf,PMBJK01033,Karnataka,Mysuru,SOUTH_INDIA_IN_SCOPE,545.0,MATCHED,Matched via exact.
Karnataka.pdf,PMBJK01034,Karnataka,Mysuru,SOUTH_INDIA_IN_SCOPE,545.0,MATCHED,Matched via exact.
Karnataka.pdf,PMBJK01035,Karnataka,Mysuru,SOUTH_INDIA_IN_SCOPE,545.0,MATCHED,Matched via exact.
Karnataka.pdf,PMBJK01040,Karnataka,Raichur,SOUTH_INDIA_IN_SCOPE,546.0,MATCHED,Matched via exact.
Karnataka.pdf,PMBJK01041,Karnataka,Raichur,SOUTH_INDIA_IN_SCOPE,546.0,MATCHED,Matched via exact.
Karnataka.pdf,PMBJK01042,Karnataka,Raichur,SOUTH_INDIA_IN_SCOPE,546.0,MATCHED,Matched via exact.
Karnataka.pdf,PMBJK01046,Karnataka,Shivamogga,SOUTH_INDIA_IN_SCOPE,547.0,MATCHED,Matched via exact.
Karnataka.pdf,PMBJK01047,Karnataka,Shivamogga,SOUTH_INDIA_IN_SCOPE,547.0,MATCHED,Matched via exact.
Karnataka.pdf,PMBJK01048,Karnataka,Shivamogga,SOUTH_INDIA_IN_SCOPE,547.0,MATCHED,Matched via exact.
Karnataka.pdf,PMBJK01049,Karnataka,Shivamogga,SOUTH_INDIA_IN_SCOPE,547.0,MATCHED,Matched via exact.
Karnataka.pdf,PMBJK01051,Karnataka,Shivamogga,SOUTH_INDIA_IN_SCOPE,547.0,MATCHED,Matched via exact.
Karnataka.pdf,PMBJK01052,Karnataka,Shivamogga,SOUTH_INDIA_IN_SCOPE,547.0,MATCHED,Matched via exact.
Karnataka.pdf,PMBJK01055,Karnataka,Tumakuru,SOUTH_INDIA_IN_SCOPE,548.0,MATCHED,Matched via exact.
Karnataka.pdf,PMBJK01057,Karnataka,Tumakuru,SOUTH_INDIA_IN_SCOPE,548.0,MATCHED,Matched via exact.
Karnataka.pdf,PMBJK01058,Karnataka,Tumakuru,SOUTH_INDIA_IN_SCOPE,548.0,MATCHED,Matched via exact.
Karnataka.pdf,PMBJK01060,Karnataka,Tumakuru,SOUTH_INDIA_IN_SCOPE,548.0,MATCHED,Matched via exact.
Karnataka.pdf,PMBJK01061,Karnataka,Tumakuru,SOUTH_INDIA_IN_SCOPE,548.0,MATCHED,Matched via exact.
Karnataka.pdf,PMBJK01062,Karnataka,Tumakuru,SOUTH_INDIA_IN_SCOPE,548.0,MATCHED,Matched via exact.
Karnataka.pdf,PMBJK01063,Karnataka,Tumakuru,SOUTH_INDIA_IN_SCOPE,548.0,MATCHED,Matched via exact.
Karnataka.pdf,PMBJK01064,Karnataka,Tumakuru,SOUTH_INDIA_IN_SCOPE,548.0,MATCHED,Matched via exact.
Karnataka.pdf,PMBJK01065,Karnataka,Tumakuru,SOUTH_INDIA_IN_SCOPE,548.0,MATCHED,Matched via exact.
Karnataka.pdf,PMBJK01066,Karnataka,Udupi,SOUTH_INDIA_IN_SCOPE,549.0,MATCHED,Matched via exact.
Karnataka.pdf,PMBJK01067,Karnataka,Udupi,SOUTH_INDIA_IN_SCOPE,549.0,MATCHED,Matched via exact.
Karnataka.pdf,PMBJK01068,Karnataka,Udupi,SOUTH_INDIA_IN_SCOPE,549.0,MATCHED,Matched via exact.
Karnataka.pdf,PMBJK01070,Karnataka,Udupi,SOUTH_INDIA_IN_SCOPE,549.0,MATCHED,Matched via exact.
Karnataka.pdf,PMBJK01071,Karnataka,Udupi,SOUTH_INDIA_IN_SCOPE,549.0,MATCHED,Matched via exact.
Karnataka.pdf,PMBJK01072,Karnataka,Uttara Kannada,SOUTH_INDIA_IN_SCOPE,550.0,MATCHED,Matched via exact.
Karnataka.pdf,PMBJK01073,Karnataka,Vijayapura,SOUTH_INDIA_IN_SCOPE,530.0,MATCHED,Matched via exact.
Karnataka.pdf,PMBJK01074,Karnataka,Vijayapura,SOUTH_INDIA_IN_SCOPE,530.0,MATCHED,Matched via exact.
Karnataka.pdf,PMBJK01075,Karnataka,Yadgir,SOUTH_INDIA_IN_SCOPE,635.0,MATCHED,Matched via exact.
Karnataka.pdf,PMBJK01389,Karnataka,Hassan,SOUTH_INDIA_IN_SCOPE,539.0,MATCHED,Matched via exact.
Karnataka.pdf,PMBJK01407,Karnataka,Hassan,SOUTH_INDIA_IN_SCOPE,539.0,MATCHED,Matched via exact.
Karnataka.pdf,PMBJK01426,Karnataka,Chamarajanagara,SOUTH_INDIA_IN_SCOPE,531.0,MATCHED,Matched via exact.
Karnataka.pdf,PMBJK01453,Karnataka,Bagalkote,SOUTH_INDIA_IN_SCOPE,524.0,MATCHED,Matched via exact.
Karnataka.pdf,PMBJK01876,Karnataka,Bengaluru Urban,SOUTH_INDIA_IN_SCOPE,525.0,MATCHED,Matched via exact.
Karnataka.pdf,PMBJK01894,Karnataka,Hassan,SOUTH_INDIA_IN_SCOPE,539.0,MATCHED,Matched via exact.
Karnataka.pdf,PMBJK02767,Karnataka,Belagavi,SOUTH_INDIA_IN_SCOPE,527.0,MATCHED,Matched via exact.
Karnataka.pdf,PMBJK02768,Karnataka,Vijayapura,SOUTH_INDIA_IN_SCOPE,530.0,MATCHED,Matched via exact.
Karnataka.pdf,PMBJK02780,Karnataka,Tumakuru,SOUTH_INDIA_IN_SCOPE,548.0,MATCHED,Matched via exact.
Karnataka.pdf,PMBJK02783,Karnataka,Mandya,SOUTH_INDIA_IN_SCOPE,544.0,MATCHED,Matched via exact.
Karnataka.pdf,PMBJK02793,Karnataka,Tumakuru,SOUTH_INDIA_IN_SCOPE,548.0,MATCHED,Matched via exact.
Karnataka.pdf,PMBJK02803,Karnataka,Raichur,SOUTH_INDIA_IN_SCOPE,546.0,MATCHED,Matched via exact.
Karnataka.pdf,PMBJK02825,Karnataka,Ramanagara,SOUTH_INDIA_IN_SCOPE,631.0,MATCHED,Matched via exact.
Karnataka.pdf,PMBJK02861,Karnataka,Haveri,SOUTH_INDIA_IN_SCOPE,540.0,MATCHED,Matched via exact.
Karnataka.pdf,PMBJK02862,Karnataka,Mysuru,SOUTH_INDIA_IN_SCOPE,545.0,MATCHED,Matched via exact.
Karnataka.pdf,PMBJK02874,Karnataka,Koppal,SOUTH_INDIA_IN_SCOPE,543.0,MATCHED,Matched via exact.
Karnataka.pdf,PMBJK02875,Karnataka,Shivamogga,SOUTH_INDIA_IN_SCOPE,547.0,MATCHED,Matched via exact.
Karnataka.pdf,PMBJK02883,Karnataka,Mysuru,SOUTH_INDIA_IN_SCOPE,545.0,MATCHED,Matched via exact.
Karnataka.pdf,PMBJK02920,Karnataka,Hassan,SOUTH_INDIA_IN_SCOPE,539.0,MATCHED,Matched via exact.
Karnataka.pdf,PMBJK02921,Karnataka,Vijayapura,SOUTH_INDIA_IN_SCOPE,530.0,MATCHED,Matched via exact.
Karnataka.pdf,PMBJK02925,Karnataka,Mysuru,SOUTH_INDIA_IN_SCOPE,545.0,MATCHED,Matched via exact.
Karnataka.pdf,PMBJK02937,Karnataka,Vijayapura,SOUTH_INDIA_IN_SCOPE,530.0,MATCHED,Matched via exact.
Karnataka.pdf,PMBJK02938,Karnataka,Mysuru,SOUTH_INDIA_IN_SCOPE,545.0,MATCHED,Matched via exact.
Karnataka.pdf,PMBJK02944,Karnataka,Hassan,SOUTH_INDIA_IN_SCOPE,539.0,MATCHED,Matched via exact.
Karnataka.pdf,PMBJK02957,Karnataka,Haveri,SOUTH_INDIA_IN_SCOPE,540.0,MATCHED,Matched via exact.
Karnataka.pdf,PMBJK02979,Karnataka,Shivamogga,SOUTH_INDIA_IN_SCOPE,547.0,MATCHED,Matched via exact.
Karnataka.pdf,PMBJK02980,Karnataka,Shivamogga,SOUTH_INDIA_IN_SCOPE,547.0,MATCHED,Matched via exact.
Karnataka.pdf,PMBJK02981,Karnataka,Dharwad,SOUTH_INDIA_IN_SCOPE,536.0,MATCHED,Matched via exact.
Karnataka.pdf,PMBJK03009,Karnataka,Kolar,SOUTH_INDIA_IN_SCOPE,542.0,MATCHED,Matched via exact.
Karnataka.pdf,PMBJK03010,Karnataka,Tumakuru,SOUTH_INDIA_IN_SCOPE,548.0,MATCHED,Matched via exact.
Karnataka.pdf,PMBJK03014,Karnataka,Mandya,SOUTH_INDIA_IN_SCOPE,544.0,MATCHED,Matched via exact.
Karnataka.pdf,PMBJK03015,Karnataka,Mandya,SOUTH_INDIA_IN_SCOPE,544.0,MATCHED,Matched via exact.
Karnataka.pdf,PMBJK03016,Karnataka,Shivamogga,SOUTH_INDIA_IN_SCOPE,547.0,MATCHED,Matched via exact.
Karnataka.pdf,PMBJK03020,Karnataka,Bengaluru Rural,SOUTH_INDIA_IN_SCOPE,526.0,MATCHED,Matched via exact.
Karnataka.pdf,PMBJK03021,Karnataka,Gadag,SOUTH_INDIA_IN_SCOPE,537.0,MATCHED,Matched via exact.
Karnataka.pdf,PMBJK03026,Karnataka,Raichur,SOUTH_INDIA_IN_SCOPE,546.0,MATCHED,Matched via exact.
Karnataka.pdf,PMBJK03027,Karnataka,Bengaluru Rural,SOUTH_INDIA_IN_SCOPE,526.0,MATCHED,Matched via exact.
Karnataka.pdf,PMBJK03035,Karnataka,Kolar,SOUTH_INDIA_IN_SCOPE,542.0,MATCHED,Matched via exact.
Karnataka.pdf,PMBJK03045,Karnataka,Gadag,SOUTH_INDIA_IN_SCOPE,537.0,MATCHED,Matched via exact.
Karnataka.pdf,PMBJK03061,Karnataka,Mysuru,SOUTH_INDIA_IN_SCOPE,545.0,MATCHED,Matched via exact.
Karnataka.pdf,PMBJK03077,Karnataka,Haveri,SOUTH_INDIA_IN_SCOPE,540.0,MATCHED,Matched via exact.
Karnataka.pdf,PMBJK03084,Karnataka,Mandya,SOUTH_INDIA_IN_SCOPE,544.0,MATCHED,Matched via exact.
Karnataka.pdf,PMBJK03091,Karnataka,Tumakuru,SOUTH_INDIA_IN_SCOPE,548.0,MATCHED,Matched via exact.
Karnataka.pdf,PMBJK03092,Karnataka,Ramanagara,SOUTH_INDIA_IN_SCOPE,631.0,MATCHED,Matched via exact.
Karnataka.pdf,PMBJK03093,Karnataka,Hassan,SOUTH_INDIA_IN_SCOPE,539.0,MATCHED,Matched via exact.
Karnataka.pdf,PMBJK03094,Karnataka,Bengaluru Urban,SOUTH_INDIA_IN_SCOPE,525.0,MATCHED,Matched via exact.
Karnataka.pdf,PMBJK03096,Karnataka,Tumakuru,SOUTH_INDIA_IN_SCOPE,548.0,MATCHED,Matched via exact.
Karnataka.pdf,PMBJK03101,Karnataka,Yadgir,SOUTH_INDIA_IN_SCOPE,635.0,MATCHED,Matched via exact.
Karnataka.pdf,PMBJK03109,Karnataka,Mysuru,SOUTH_INDIA_IN_SCOPE,545.0,MATCHED,Matched via exact.
Karnataka.pdf,PMBJK03121,Karnataka,Uttara Kannada,SOUTH_INDIA_IN_SCOPE,550.0,MATCHED,Matched via exact.
Karnataka.pdf,PMBJK03143,Karnataka,Bengaluru Rural,SOUTH_INDIA_IN_SCOPE,526.0,MATCHED,Matched via exact.
Karnataka.pdf,PMBJK03146,Karnataka,Hassan,SOUTH_INDIA_IN_SCOPE,539.0,MATCHED,Matched via exact.
Karnataka.pdf,PMBJK03147,Karnataka,Vijayapura,SOUTH_INDIA_IN_SCOPE,530.0,MATCHED,Matched via exact.
Karnataka.pdf,PMBJK03158,Karnataka,Dharwad,SOUTH_INDIA_IN_SCOPE,536.0,MATCHED,Matched via exact.
Karnataka.pdf,PMBJK03159,Karnataka,Mandya,SOUTH_INDIA_IN_SCOPE,544.0,MATCHED,Matched via exact.
Karnataka.pdf,PMBJK03163,Karnataka,Bagalkote,SOUTH_INDIA_IN_SCOPE,524.0,MATCHED,Matched via exact.
Karnataka.pdf,PMBJK03173,Karnataka,Ramanagara,SOUTH_INDIA_IN_SCOPE,631.0,MATCHED,Matched via exact.
Karnataka.pdf,PMBJK03182,Karnataka,Chamarajanagara,SOUTH_INDIA_IN_SCOPE,531.0,MATCHED,Matched via exact.
Karnataka.pdf,PMBJK03185,Karnataka,Chikkamagaluru,SOUTH_INDIA_IN_SCOPE,532.0,MATCHED,Matched via exact.
Karnataka.pdf,PMBJK03191,Karnataka,Raichur,SOUTH_INDIA_IN_SCOPE,546.0,MATCHED,Matched via exact.
Karnataka.pdf,PMBJK03192,Karnataka,Vijayapura,SOUTH_INDIA_IN_SCOPE,530.0,MATCHED,Matched via exact.
Karnataka.pdf,PMBJK03230,Karnataka,Mysuru,SOUTH_INDIA_IN_SCOPE,545.0,MATCHED,Matched via exact.
Karnataka.pdf,PMBJK03231,Karnataka,Ramanagara,SOUTH_INDIA_IN_SCOPE,631.0,MATCHED,Matched via exact.
Karnataka.pdf,PMBJK03239,Karnataka,Chikkaballapura,SOUTH_INDIA_IN_SCOPE,630.0,MATCHED,Matched via exact.
Karnataka.pdf,PMBJK03240,Karnataka,Bagalkote,SOUTH_INDIA_IN_SCOPE,524.0,MATCHED,Matched via exact.
Karnataka.pdf,PMBJK03241,Karnataka,Dharwad,SOUTH_INDIA_IN_SCOPE,536.0,MATCHED,Matched via exact.
Karnataka.pdf,PMBJK03252,Karnataka,Dharwad,SOUTH_INDIA_IN_SCOPE,536.0,MATCHED,Matched via exact.
Karnataka.pdf,PMBJK03262,Karnataka,Mysuru,SOUTH_INDIA_IN_SCOPE,545.0,MATCHED,Matched via exact.
Karnataka.pdf,PMBJK03263,Karnataka,Raichur,SOUTH_INDIA_IN_SCOPE,546.0,MATCHED,Matched via exact.
Karnataka.pdf,PMBJK03264,Karnataka,Dharwad,SOUTH_INDIA_IN_SCOPE,536.0,MATCHED,Matched via exact.
Karnataka.pdf,PMBJK03428,Karnataka,Dakshina Kannada,SOUTH_INDIA_IN_SCOPE,534.0,MATCHED,Matched via exact.
Karnataka.pdf,PMBJK03444,Karnataka,Udupi,SOUTH_INDIA_IN_SCOPE,549.0,MATCHED,Matched via exact.
Karnataka.pdf,PMBJK03474,Karnataka,Chamarajanagara,SOUTH_INDIA_IN_SCOPE,531.0,MATCHED,Matched via exact.
Karnataka.pdf,PMBJK03485,Karnataka,Raichur,SOUTH_INDIA_IN_SCOPE,546.0,MATCHED,Matched via exact.
Karnataka.pdf,PMBJK03498,Karnataka,Bengaluru Rural,SOUTH_INDIA_IN_SCOPE,526.0,MATCHED,Matched via exact.
Karnataka.pdf,PMBJK03517,Karnataka,Kalaburagi,SOUTH_INDIA_IN_SCOPE,538.0,MATCHED,Matched via exact.
Karnataka.pdf,PMBJK03518,Karnataka,Shivamogga,SOUTH_INDIA_IN_SCOPE,547.0,MATCHED,Matched via exact.
Karnataka.pdf,PMBJK03528,Karnataka,Udupi,SOUTH_INDIA_IN_SCOPE,549.0,MATCHED,Matched via exact.
Karnataka.pdf,PMBJK03538,Karnataka,Bengaluru Rural,SOUTH_INDIA_IN_SCOPE,526.0,MATCHED,Matched via exact.
Karnataka.pdf,PMBJK03552,Karnataka,Ramanagara,SOUTH_INDIA_IN_SCOPE,631.0,MATCHED,Matched via exact.
Karnataka.pdf,PMBJK03575,Karnataka,Bengaluru Rural,SOUTH_INDIA_IN_SCOPE,526.0,MATCHED,Matched via exact.
Karnataka.pdf,PMBJK03578,Karnataka,Bagalkote,SOUTH_INDIA_IN_SCOPE,524.0,MATCHED,Matched via exact.
Karnataka.pdf,PMBJK03579,Karnataka,Uttara Kannada,SOUTH_INDIA_IN_SCOPE,550.0,MATCHED,Matched via exact.
Karnataka.pdf,PMBJK03593,Karnataka,Bagalkote,SOUTH_INDIA_IN_SCOPE,524.0,MATCHED,Matched via exact.
Karnataka.pdf,PMBJK03607,Karnataka,Bengaluru Rural,SOUTH_INDIA_IN_SCOPE,526.0,MATCHED,Matched via exact.
Karnataka.pdf,PMBJK03620,Karnataka,Bengaluru Urban,SOUTH_INDIA_IN_SCOPE,525.0,MATCHED,Matched via exact.
Karnataka.pdf,PMBJK03626,Karnataka,Bengaluru Urban,SOUTH_INDIA_IN_SCOPE,525.0,MATCHED,Matched via exact.
Karnataka.pdf,PMBJK03648,Karnataka,Dakshina Kannada,SOUTH_INDIA_IN_SCOPE,534.0,MATCHED,Matched via exact.
Karnataka.pdf,PMBJK03665,Karnataka,Uttara Kannada,SOUTH_INDIA_IN_SCOPE,550.0,MATCHED,Matched via exact.
Karnataka.pdf,PMBJK03687,Karnataka,Davangere,SOUTH_INDIA_IN_SCOPE,535.0,MATCHED,Matched via exact.
Karnataka.pdf,PMBJK03697,Karnataka,Vijayanagar,SOUTH_INDIA_IN_SCOPE,738.0,MATCHED,Matched via split.
Karnataka.pdf,PMBJK03708,Karnataka,Dharwad,SOUTH_INDIA_IN_SCOPE,536.0,MATCHED,Matched via exact.
Karnataka.pdf,PMBJK03715,Karnataka,Bengaluru Rural,SOUTH_INDIA_IN_SCOPE,526.0,MATCHED,Matched via exact.
Karnataka.pdf,PMBJK03716,Karnataka,Kalaburagi,SOUTH_INDIA_IN_SCOPE,538.0,MATCHED,Matched via exact.
Karnataka.pdf,PMBJK03721,Karnataka,Mysuru,SOUTH_INDIA_IN_SCOPE,545.0,MATCHED,Matched via exact.
Karnataka.pdf,PMBJK03739,Karnataka,Dakshina Kannada,SOUTH_INDIA_IN_SCOPE,534.0,MATCHED,Matched via exact.
Karnataka.pdf,PMBJK03744,Karnataka,Ramanagara,SOUTH_INDIA_IN_SCOPE,631.0,MATCHED,Matched via exact.
Karnataka.pdf,PMBJK03747,Karnataka,Yadgir,SOUTH_INDIA_IN_SCOPE,635.0,MATCHED,Matched via exact.
Karnataka.pdf,PMBJK03781,Karnataka,Vijayapura,SOUTH_INDIA_IN_SCOPE,530.0,MATCHED,Matched via exact.
Karnataka.pdf,PMBJK03786,Karnataka,Chitradurga,SOUTH_INDIA_IN_SCOPE,533.0,MATCHED,Matched via exact.
Karnataka.pdf,PMBJK03807,Karnataka,Shivamogga,SOUTH_INDIA_IN_SCOPE,547.0,MATCHED,Matched via exact.
Karnataka.pdf,PMBJK03848,Karnataka,Bengaluru Urban,SOUTH_INDIA_IN_SCOPE,525.0,MATCHED,Matched via exact.
Karnataka.pdf,PMBJK03857,Karnataka,Mysuru,SOUTH_INDIA_IN_SCOPE,545.0,MATCHED,Matched via exact.
Karnataka.pdf,PMBJK03861,Karnataka,Chikkamagaluru,SOUTH_INDIA_IN_SCOPE,532.0,MATCHED,Matched via exact.
Karnataka.pdf,PMBJK03879,Karnataka,Dharwad,SOUTH_INDIA_IN_SCOPE,536.0,MATCHED,Matched via exact.
Karnataka.pdf,PMBJK03884,Karnataka,Shivamogga,SOUTH_INDIA_IN_SCOPE,547.0,MATCHED,Matched via exact.
Karnataka.pdf,PMBJK03912,Karnataka,Davangere,SOUTH_INDIA_IN_SCOPE,535.0,MATCHED,Matched via exact.
Karnataka.pdf,PMBJK03913,Karnataka,Bengaluru Urban,SOUTH_INDIA_IN_SCOPE,525.0,MATCHED,Matched via exact.
Karnataka.pdf,PMBJK03914,Karnataka,Chitradurga,SOUTH_INDIA_IN_SCOPE,533.0,MATCHED,Matched via exact.
Karnataka.pdf,PMBJK04019,Karnataka,Gadag,SOUTH_INDIA_IN_SCOPE,537.0,MATCHED,Matched via exact.
Karnataka.pdf,PMBJK04035,Karnataka,Ballari,SOUTH_INDIA_IN_SCOPE,528.0,MATCHED,Matched via exact.
Karnataka.pdf,PMBJK04042,Karnataka,Bengaluru Urban,SOUTH_INDIA_IN_SCOPE,525.0,MATCHED,Matched via exact.
Karnataka.pdf,PMBJK04052,Karnataka,Gadag,SOUTH_INDIA_IN_SCOPE,537.0,MATCHED,Matched via exact.
Karnataka.pdf,PMBJK04060,Karnataka,Kolar,SOUTH_INDIA_IN_SCOPE,542.0,MATCHED,Matched via exact.
Karnataka.pdf,PMBJK04097,Karnataka,Dharwad,SOUTH_INDIA_IN_SCOPE,536.0,MATCHED,Matched via exact.
Karnataka.pdf,PMBJK04103,Karnataka,Bengaluru Urban,SOUTH_INDIA_IN_SCOPE,525.0,MATCHED,Matched via exact.
Karnataka.pdf,PMBJK04116,Karnataka,Dharwad,SOUTH_INDIA_IN_SCOPE,536.0,MATCHED,Matched via exact.
Karnataka.pdf,PMBJK04117,Karnataka,Udupi,SOUTH_INDIA_IN_SCOPE,549.0,MATCHED,Matched via exact.
Karnataka.pdf,PMBJK04157,Karnataka,Kodagu,SOUTH_INDIA_IN_SCOPE,541.0,MATCHED,Matched via exact.
Karnataka.pdf,PMBJK04194,Karnataka,Davangere,SOUTH_INDIA_IN_SCOPE,535.0,MATCHED,Matched via exact.
Karnataka.pdf,PMBJK04200,Karnataka,Dharwad,SOUTH_INDIA_IN_SCOPE,536.0,MATCHED,Matched via exact.
Karnataka.pdf,PMBJK04209,Karnataka,Mandya,SOUTH_INDIA_IN_SCOPE,544.0,MATCHED,Matched via exact.
Karnataka.pdf,PMBJK04215,Karnataka,Chikkamagaluru,SOUTH_INDIA_IN_SCOPE,532.0,MATCHED,Matched via exact.
Karnataka.pdf,PMBJK04216,Karnataka,Kodagu,SOUTH_INDIA_IN_SCOPE,541.0,MATCHED,Matched via exact.
Karnataka.pdf,PMBJK04228,Karnataka,Mysuru,SOUTH_INDIA_IN_SCOPE,545.0,MATCHED,Matched via exact.
Karnataka.pdf,PMBJK04229,Karnataka,Uttara Kannada,SOUTH_INDIA_IN_SCOPE,550.0,MATCHED,Matched via exact.
Karnataka.pdf,PMBJK04234,Karnataka,Mysuru,SOUTH_INDIA_IN_SCOPE,545.0,MATCHED,Matched via exact.
Karnataka.pdf,PMBJK04249,Karnataka,Dharwad,SOUTH_INDIA_IN_SCOPE,536.0,MATCHED,Matched via exact.
Karnataka.pdf,PMBJK04250,Karnataka,Bengaluru Urban,SOUTH_INDIA_IN_SCOPE,525.0,MATCHED,Matched via exact.
Karnataka.pdf,PMBJK04269,Karnataka,Dakshina Kannada,SOUTH_INDIA_IN_SCOPE,534.0,MATCHED,Matched via exact.
Karnataka.pdf,PMBJK04290,Karnataka,Udupi,SOUTH_INDIA_IN_SCOPE,549.0,MATCHED,Matched via exact.
Karnataka.pdf,PMBJK04291,Karnataka,Dakshina Kannada,SOUTH_INDIA_IN_SCOPE,534.0,MATCHED,Matched via exact.
Karnataka.pdf,PMBJK04299,Karnataka,Udupi,SOUTH_INDIA_IN_SCOPE,549.0,MATCHED,Matched via exact.
Karnataka.pdf,PMBJK04300,Karnataka,Bengaluru Urban,SOUTH_INDIA_IN_SCOPE,525.0,MATCHED,Matched via exact.
Karnataka.pdf,PMBJK04320,Karnataka,Shivamogga,SOUTH_INDIA_IN_SCOPE,547.0,MATCHED,Matched via exact.
Karnataka.pdf,PMBJK04321,Karnataka,Mysuru,SOUTH_INDIA_IN_SCOPE,545.0,MATCHED,Matched via exact.
Karnataka.pdf,PMBJK04323,Karnataka,Chikkamagaluru,SOUTH_INDIA_IN_SCOPE,532.0,MATCHED,Matched via exact.
Karnataka.pdf,PMBJK04330,Karnataka,Bengaluru Urban,SOUTH_INDIA_IN_SCOPE,525.0,MATCHED,Matched via exact.
Karnataka.pdf,PMBJK04331,Karnataka,Dakshina Kannada,SOUTH_INDIA_IN_SCOPE,534.0,MATCHED,Matched via exact.
Karnataka.pdf,PMBJK04337,Karnataka,Bengaluru Urban,SOUTH_INDIA_IN_SCOPE,525.0,MATCHED,Matched via exact.
Karnataka.pdf,PMBJK04367,Karnataka,Bagalkote,SOUTH_INDIA_IN_SCOPE,524.0,MATCHED,Matched via exact.
Karnataka.pdf,PMBJK04417,Karnataka,Mandya,SOUTH_INDIA_IN_SCOPE,544.0,MATCHED,Matched via exact.
Karnataka.pdf,PMBJK04423,Karnataka,Dharwad,SOUTH_INDIA_IN_SCOPE,536.0,MATCHED,Matched via exact.
Karnataka.pdf,PMBJK04424,Karnataka,Vijayapura,SOUTH_INDIA_IN_SCOPE,530.0,MATCHED,Matched via exact.
Karnataka.pdf,PMBJK04438,Karnataka,Bengaluru Urban,SOUTH_INDIA_IN_SCOPE,525.0,MATCHED,Matched via exact.
Karnataka.pdf,PMBJK04466,Karnataka,Bidar,SOUTH_INDIA_IN_SCOPE,529.0,MATCHED,Matched via exact.
Karnataka.pdf,PMBJK04472,Karnataka,Mysuru,SOUTH_INDIA_IN_SCOPE,545.0,MATCHED,Matched via exact.
Karnataka.pdf,PMBJK04486,Karnataka,Shivamogga,SOUTH_INDIA_IN_SCOPE,547.0,MATCHED,Matched via exact.
Karnataka.pdf,PMBJK04495,Karnataka,Bidar,SOUTH_INDIA_IN_SCOPE,529.0,MATCHED,Matched via exact.
Karnataka.pdf,PMBJK04527,Karnataka,Vijayapura,SOUTH_INDIA_IN_SCOPE,530.0,MATCHED,Matched via exact.
Karnataka.pdf,PMBJK04528,Karnataka,Shivamogga,SOUTH_INDIA_IN_SCOPE,547.0,MATCHED,Matched via exact.
Karnataka.pdf,PMBJK04529,Karnataka,Dharwad,SOUTH_INDIA_IN_SCOPE,536.0,MATCHED,Matched via exact.
Karnataka.pdf,PMBJK04530,Karnataka,Davangere,SOUTH_INDIA_IN_SCOPE,535.0,MATCHED,Matched via exact.
Karnataka.pdf,PMBJK04531,Karnataka,Chitradurga,SOUTH_INDIA_IN_SCOPE,533.0,MATCHED,Matched via exact.
Karnataka.pdf,PMBJK04532,Karnataka,Mysuru,SOUTH_INDIA_IN_SCOPE,545.0,MATCHED,Matched via exact.
Karnataka.pdf,PMBJK04533,Karnataka,Bengaluru Urban,SOUTH_INDIA_IN_SCOPE,525.0,MATCHED,Matched via exact.
Karnataka.pdf,PMBJK04544,Karnataka,Udupi,SOUTH_INDIA_IN_SCOPE,549.0,MATCHED,Matched via exact.
Karnataka.pdf,PMBJK04545,Karnataka,Bengaluru Urban,SOUTH_INDIA_IN_SCOPE,525.0,MATCHED,Matched via exact.
Karnataka.pdf,PMBJK04551,Karnataka,Bengaluru Urban,SOUTH_INDIA_IN_SCOPE,525.0,MATCHED,Matched via exact.
Karnataka.pdf,PMBJK04552,Karnataka,Mysuru,SOUTH_INDIA_IN_SCOPE,545.0,MATCHED,Matched via exact.
Karnataka.pdf,PMBJK04561,Karnataka,Udupi,SOUTH_INDIA_IN_SCOPE,549.0,MATCHED,Matched via exact.
Karnataka.pdf,PMBJK04567,Karnataka,Kodagu,SOUTH_INDIA_IN_SCOPE,541.0,MATCHED,Matched via exact.
Karnataka.pdf,PMBJK04596,Karnataka,Raichur,SOUTH_INDIA_IN_SCOPE,546.0,MATCHED,Matched via exact.
Karnataka.pdf,PMBJK04597,Karnataka,Uttara Kannada,SOUTH_INDIA_IN_SCOPE,550.0,MATCHED,Matched via exact.
Karnataka.pdf,PMBJK04638,Karnataka,Belagavi,SOUTH_INDIA_IN_SCOPE,527.0,MATCHED,Matched via exact.
Karnataka.pdf,PMBJK04667,Karnataka,Tumakuru,SOUTH_INDIA_IN_SCOPE,548.0,MATCHED,Matched via exact.
Karnataka.pdf,PMBJK04691,Karnataka,Bengaluru Urban,SOUTH_INDIA_IN_SCOPE,525.0,MATCHED,Matched via exact.
Karnataka.pdf,PMBJK04692,Karnataka,Bengaluru Urban,SOUTH_INDIA_IN_SCOPE,525.0,MATCHED,Matched via exact.
Karnataka.pdf,PMBJK04693,Karnataka,Bengaluru Urban,SOUTH_INDIA_IN_SCOPE,525.0,MATCHED,Matched via exact.
Karnataka.pdf,PMBJK04699,Karnataka,Uttara Kannada,SOUTH_INDIA_IN_SCOPE,550.0,MATCHED,Matched via exact.
Karnataka.pdf,PMBJK04702,Karnataka,Shivamogga,SOUTH_INDIA_IN_SCOPE,547.0,MATCHED,Matched via exact.
Karnataka.pdf,PMBJK04750,Karnataka,Udupi,SOUTH_INDIA_IN_SCOPE,549.0,MATCHED,Matched via exact.
Karnataka.pdf,PMBJK04751,Karnataka,Bengaluru Urban,SOUTH_INDIA_IN_SCOPE,525.0,MATCHED,Matched via exact.
Karnataka.pdf,PMBJK04765,Karnataka,Udupi,SOUTH_INDIA_IN_SCOPE,549.0,MATCHED,Matched via exact.
Karnataka.pdf,PMBJK04821,Karnataka,Yadgir,SOUTH_INDIA_IN_SCOPE,635.0,MATCHED,Matched via exact.
Karnataka.pdf,PMBJK04822,Karnataka,Belagavi,SOUTH_INDIA_IN_SCOPE,527.0,MATCHED,Matched via exact.
Karnataka.pdf,PMBJK04825,Karnataka,Haveri,SOUTH_INDIA_IN_SCOPE,540.0,MATCHED,Matched via exact.
Karnataka.pdf,PMBJK04862,Karnataka,Ramanagara,SOUTH_INDIA_IN_SCOPE,631.0,MATCHED,Matched via exact.
Karnataka.pdf,PMBJK04879,Karnataka,Vijayanagar,SOUTH_INDIA_IN_SCOPE,738.0,MATCHED,Matched via split.
Karnataka.pdf,PMBJK04901,Karnataka,Bengaluru Urban,SOUTH_INDIA_IN_SCOPE,525.0,MATCHED,Matched via exact.
Karnataka.pdf,PMBJK04902,Karnataka,Mysuru,SOUTH_INDIA_IN_SCOPE,545.0,MATCHED,Matched via exact.
Karnataka.pdf,PMBJK04918,Karnataka,Bengaluru Urban,SOUTH_INDIA_IN_SCOPE,525.0,MATCHED,Matched via exact.
Karnataka.pdf,PMBJK04919,Karnataka,Belagavi,SOUTH_INDIA_IN_SCOPE,527.0,MATCHED,Matched via exact.
Karnataka.pdf,PMBJK04920,Karnataka,Bengaluru Rural,SOUTH_INDIA_IN_SCOPE,526.0,MATCHED,Matched via exact.
Karnataka.pdf,PMBJK04951,Karnataka,Shivamogga,SOUTH_INDIA_IN_SCOPE,547.0,MATCHED,Matched via exact.
Karnataka.pdf,PMBJK04959,Karnataka,Koppal,SOUTH_INDIA_IN_SCOPE,543.0,MATCHED,Matched via exact.
Karnataka.pdf,PMBJK04965,Karnataka,Bidar,SOUTH_INDIA_IN_SCOPE,529.0,MATCHED,Matched via exact.
Karnataka.pdf,PMBJK05019,Karnataka,Vijayanagar,SOUTH_INDIA_IN_SCOPE,738.0,MATCHED,Matched via split.
Karnataka.pdf,PMBJK05042,Karnataka,Udupi,SOUTH_INDIA_IN_SCOPE,549.0,MATCHED,Matched via exact.
Karnataka.pdf,PMBJK05065,Karnataka,Bengaluru Urban,SOUTH_INDIA_IN_SCOPE,525.0,MATCHED,Matched via exact.
Karnataka.pdf,PMBJK05066,Karnataka,Chitradurga,SOUTH_INDIA_IN_SCOPE,533.0,MATCHED,Matched via exact.
Karnataka.pdf,PMBJK05070,Karnataka,Dakshina Kannada,SOUTH_INDIA_IN_SCOPE,534.0,MATCHED,Matched via exact.
Karnataka.pdf,PMBJK05073,Karnataka,Dakshina Kannada,SOUTH_INDIA_IN_SCOPE,534.0,MATCHED,Matched via exact.
Karnataka.pdf,PMBJK05100,Karnataka,Vijayapura,SOUTH_INDIA_IN_SCOPE,530.0,MATCHED,Matched via exact.
Karnataka.pdf,PMBJK05101,Karnataka,Mandya,SOUTH_INDIA_IN_SCOPE,544.0,MATCHED,Matched via exact.
Karnataka.pdf,PMBJK05119,Karnataka,Mandya,SOUTH_INDIA_IN_SCOPE,544.0,MATCHED,Matched via exact.
Karnataka.pdf,PMBJK05120,Karnataka,Dakshina Kannada,SOUTH_INDIA_IN_SCOPE,534.0,MATCHED,Matched via exact.
Karnataka.pdf,PMBJK05138,Karnataka,Bengaluru Urban,SOUTH_INDIA_IN_SCOPE,525.0,MATCHED,Matched via exact.
Karnataka.pdf,PMBJK05139,Karnataka,Mysuru,SOUTH_INDIA_IN_SCOPE,545.0,MATCHED,Matched via exact.
Karnataka.pdf,PMBJK05153,Karnataka,Bengaluru Urban,SOUTH_INDIA_IN_SCOPE,525.0,MATCHED,Matched via exact.
Karnataka.pdf,PMBJK05161,Karnataka,Bengaluru Urban,SOUTH_INDIA_IN_SCOPE,525.0,MATCHED,Matched via exact.
Karnataka.pdf,PMBJK05162,Karnataka,Davangere,SOUTH_INDIA_IN_SCOPE,535.0,MATCHED,Matched via exact.
Karnataka.pdf,PMBJK05169,Karnataka,Bengaluru Urban,SOUTH_INDIA_IN_SCOPE,525.0,MATCHED,Matched via exact.
Karnataka.pdf,PMBJK05172,Karnataka,Uttara Kannada,SOUTH_INDIA_IN_SCOPE,550.0,MATCHED,Matched via exact.
Karnataka.pdf,PMBJK05239,Karnataka,Bengaluru Urban,SOUTH_INDIA_IN_SCOPE,525.0,MATCHED,Matched via exact.
Karnataka.pdf,PMBJK05269,Karnataka,Bengaluru Urban,SOUTH_INDIA_IN_SCOPE,525.0,MATCHED,Matched via exact.
Karnataka.pdf,PMBJK05278,Karnataka,Uttara Kannada,SOUTH_INDIA_IN_SCOPE,550.0,MATCHED,Matched via exact.
Karnataka.pdf,PMBJK05279,Karnataka,Dharwad,SOUTH_INDIA_IN_SCOPE,536.0,MATCHED,Matched via exact.
Karnataka.pdf,PMBJK05294,Karnataka,Bengaluru Urban,SOUTH_INDIA_IN_SCOPE,525.0,MATCHED,Matched via exact.
Karnataka.pdf,PMBJK05295,Karnataka,Bengaluru Urban,SOUTH_INDIA_IN_SCOPE,525.0,MATCHED,Matched via exact.
Karnataka.pdf,PMBJK05296,Karnataka,Bengaluru Urban,SOUTH_INDIA_IN_SCOPE,525.0,MATCHED,Matched via exact.
Karnataka.pdf,PMBJK05319,Karnataka,Shivamogga,SOUTH_INDIA_IN_SCOPE,547.0,MATCHED,Matched via exact.
Karnataka.pdf,PMBJK05325,Karnataka,Bengaluru Urban,SOUTH_INDIA_IN_SCOPE,525.0,MATCHED,Matched via exact.
Karnataka.pdf,PMBJK05326,Karnataka,Mysuru,SOUTH_INDIA_IN_SCOPE,545.0,MATCHED,Matched via exact.
Karnataka.pdf,PMBJK05327,Karnataka,Tumakuru,SOUTH_INDIA_IN_SCOPE,548.0,MATCHED,Matched via exact.
Karnataka.pdf,PMBJK05336,Karnataka,Bengaluru Rural,SOUTH_INDIA_IN_SCOPE,526.0,MATCHED,Matched via exact.
Karnataka.pdf,PMBJK05408,Karnataka,Bengaluru Urban,SOUTH_INDIA_IN_SCOPE,525.0,MATCHED,Matched via exact.
Karnataka.pdf,PMBJK05421,Karnataka,Dharwad,SOUTH_INDIA_IN_SCOPE,536.0,MATCHED,Matched via exact.
Karnataka.pdf,PMBJK05436,Karnataka,Dharwad,SOUTH_INDIA_IN_SCOPE,536.0,MATCHED,Matched via exact.
Karnataka.pdf,PMBJK05446,Karnataka,Haveri,SOUTH_INDIA_IN_SCOPE,540.0,MATCHED,Matched via exact.
Karnataka.pdf,PMBJK05453,Karnataka,Bengaluru Urban,SOUTH_INDIA_IN_SCOPE,525.0,MATCHED,Matched via exact.
Karnataka.pdf,PMBJK05484,Karnataka,Vijayapura,SOUTH_INDIA_IN_SCOPE,530.0,MATCHED,Matched via exact.
Karnataka.pdf,PMBJK05515,Karnataka,Tumakuru,SOUTH_INDIA_IN_SCOPE,548.0,MATCHED,Matched via exact.
Karnataka.pdf,PMBJK05528,Karnataka,Mysuru,SOUTH_INDIA_IN_SCOPE,545.0,MATCHED,Matched via exact.
Karnataka.pdf,PMBJK05529,Karnataka,Dakshina Kannada,SOUTH_INDIA_IN_SCOPE,534.0,MATCHED,Matched via exact.
Karnataka.pdf,PMBJK05530,Karnataka,Vijayanagar,SOUTH_INDIA_IN_SCOPE,738.0,MATCHED,Matched via split.
Karnataka.pdf,PMBJK05531,Karnataka,Vijayapura,SOUTH_INDIA_IN_SCOPE,530.0,MATCHED,Matched via exact.
Karnataka.pdf,PMBJK05532,Karnataka,Bagalkote,SOUTH_INDIA_IN_SCOPE,524.0,MATCHED,Matched via exact.
Karnataka.pdf,PMBJK05543,Karnataka,Chamarajanagara,SOUTH_INDIA_IN_SCOPE,531.0,MATCHED,Matched via exact.
Karnataka.pdf,PMBJK05548,Karnataka,Udupi,SOUTH_INDIA_IN_SCOPE,549.0,MATCHED,Matched via exact.
Karnataka.pdf,PMBJK05565,Karnataka,Ballari,SOUTH_INDIA_IN_SCOPE,528.0,MATCHED,Matched via exact.
Karnataka.pdf,PMBJK05583,Karnataka,Dakshina Kannada,SOUTH_INDIA_IN_SCOPE,534.0,MATCHED,Matched via exact.
Karnataka.pdf,PMBJK05594,Karnataka,Udupi,SOUTH_INDIA_IN_SCOPE,549.0,MATCHED,Matched via exact.
Karnataka.pdf,PMBJK05595,Karnataka,Udupi,SOUTH_INDIA_IN_SCOPE,549.0,MATCHED,Matched via exact.
Karnataka.pdf,PMBJK05607,Karnataka,Gadag,SOUTH_INDIA_IN_SCOPE,537.0,MATCHED,Matched via exact.
Karnataka.pdf,PMBJK05609,Karnataka,Bidar,SOUTH_INDIA_IN_SCOPE,529.0,MATCHED,Matched via exact.
Karnataka.pdf,PMBJK05610,Karnataka,Bengaluru Urban,SOUTH_INDIA_IN_SCOPE,525.0,MATCHED,Matched via exact.
Karnataka.pdf,PMBJK05617,Karnataka,Chikkaballapura,SOUTH_INDIA_IN_SCOPE,630.0,MATCHED,Matched via exact.
Karnataka.pdf,PMBJK05619,Karnataka,Shivamogga,SOUTH_INDIA_IN_SCOPE,547.0,MATCHED,Matched via exact.
Karnataka.pdf,PMBJK05620,Karnataka,Bagalkote,SOUTH_INDIA_IN_SCOPE,524.0,MATCHED,Matched via exact.
Karnataka.pdf,PMBJK05622,Karnataka,Belagavi,SOUTH_INDIA_IN_SCOPE,527.0,MATCHED,Matched via exact.
Karnataka.pdf,PMBJK05640,Karnataka,Belagavi,SOUTH_INDIA_IN_SCOPE,527.0,MATCHED,Matched via exact.
Karnataka.pdf,PMBJK05641,Karnataka,Yadgir,SOUTH_INDIA_IN_SCOPE,635.0,MATCHED,Matched via exact.
Karnataka.pdf,PMBJK05642,Karnataka,Yadgir,SOUTH_INDIA_IN_SCOPE,635.0,MATCHED,Matched via exact.
Karnataka.pdf,PMBJK05643,Karnataka,Bengaluru Urban,SOUTH_INDIA_IN_SCOPE,525.0,MATCHED,Matched via exact.
Karnataka.pdf,PMBJK05644,Karnataka,Bengaluru Urban,SOUTH_INDIA_IN_SCOPE,525.0,MATCHED,Matched via exact.
Karnataka.pdf,PMBJK05661,Karnataka,Bidar,SOUTH_INDIA_IN_SCOPE,529.0,MATCHED,Matched via exact.
Karnataka.pdf,PMBJK05662,Karnataka,Bengaluru Urban,SOUTH_INDIA_IN_SCOPE,525.0,MATCHED,Matched via exact.
Karnataka.pdf,PMBJK05675,Karnataka,Bengaluru Urban,SOUTH_INDIA_IN_SCOPE,525.0,MATCHED,Matched via exact.
Karnataka.pdf,PMBJK05699,Karnataka,Bengaluru Urban,SOUTH_INDIA_IN_SCOPE,525.0,MATCHED,Matched via exact.
Karnataka.pdf,PMBJK05705,Karnataka,Dakshina Kannada,SOUTH_INDIA_IN_SCOPE,534.0,MATCHED,Matched via exact.
Karnataka.pdf,PMBJK05726,Karnataka,Mysuru,SOUTH_INDIA_IN_SCOPE,545.0,MATCHED,Matched via exact.
Karnataka.pdf,PMBJK05745,Karnataka,Bengaluru Urban,SOUTH_INDIA_IN_SCOPE,525.0,MATCHED,Matched via exact.
Karnataka.pdf,PMBJK05746,Karnataka,Davangere,SOUTH_INDIA_IN_SCOPE,535.0,MATCHED,Matched via exact.
Karnataka.pdf,PMBJK05748,Karnataka,Chamarajanagara,SOUTH_INDIA_IN_SCOPE,531.0,MATCHED,Matched via exact.
Karnataka.pdf,PMBJK05749,Karnataka,Udupi,SOUTH_INDIA_IN_SCOPE,549.0,MATCHED,Matched via exact.
Karnataka.pdf,PMBJK05751,Karnataka,Bengaluru Urban,SOUTH_INDIA_IN_SCOPE,525.0,MATCHED,Matched via exact.
Karnataka.pdf,PMBJK05772,Karnataka,Bengaluru Urban,SOUTH_INDIA_IN_SCOPE,525.0,MATCHED,Matched via exact.
Karnataka.pdf,PMBJK05773,Karnataka,Bengaluru Urban,SOUTH_INDIA_IN_SCOPE,525.0,MATCHED,Matched via exact.
Karnataka.pdf,PMBJK05832,Karnataka,Bengaluru Urban,SOUTH_INDIA_IN_SCOPE,525.0,MATCHED,Matched via exact.
Karnataka.pdf,PMBJK05836,Karnataka,Bengaluru Urban,SOUTH_INDIA_IN_SCOPE,525.0,MATCHED,Matched via exact.
Karnataka.pdf,PMBJK05837,Karnataka,Bengaluru Urban,SOUTH_INDIA_IN_SCOPE,525.0,MATCHED,Matched via exact.
Karnataka.pdf,PMBJK05845,Karnataka,Bengaluru Urban,SOUTH_INDIA_IN_SCOPE,525.0,MATCHED,Matched via exact.
Karnataka.pdf,PMBJK05846,Karnataka,Bengaluru Urban,SOUTH_INDIA_IN_SCOPE,525.0,MATCHED,Matched via exact.
Karnataka.pdf,PMBJK05856,Karnataka,Bengaluru Urban,SOUTH_INDIA_IN_SCOPE,525.0,MATCHED,Matched via exact.
Karnataka.pdf,PMBJK05908,Karnataka,Bengaluru Urban,SOUTH_INDIA_IN_SCOPE,525.0,MATCHED,Matched via exact.
Karnataka.pdf,PMBJK05909,Karnataka,Chitradurga,SOUTH_INDIA_IN_SCOPE,533.0,MATCHED,Matched via exact.
Karnataka.pdf,PMBJK05933,Karnataka,Mysuru,SOUTH_INDIA_IN_SCOPE,545.0,MATCHED,Matched via exact.
Karnataka.pdf,PMBJK05934,Karnataka,Bengaluru Urban,SOUTH_INDIA_IN_SCOPE,525.0,MATCHED,Matched via exact.
Karnataka.pdf,PMBJK05944,Karnataka,Tumakuru,SOUTH_INDIA_IN_SCOPE,548.0,MATCHED,Matched via exact.
Karnataka.pdf,PMBJK05947,Karnataka,Dakshina Kannada,SOUTH_INDIA_IN_SCOPE,534.0,MATCHED,Matched via exact.
Karnataka.pdf,PMBJK05955,Karnataka,Chitradurga,SOUTH_INDIA_IN_SCOPE,533.0,MATCHED,Matched via exact.
Karnataka.pdf,PMBJK05961,Karnataka,Bengaluru Urban,SOUTH_INDIA_IN_SCOPE,525.0,MATCHED,Matched via exact.
Karnataka.pdf,PMBJK05962,Karnataka,Bengaluru Urban,SOUTH_INDIA_IN_SCOPE,525.0,MATCHED,Matched via exact.
Karnataka.pdf,PMBJK05966,Karnataka,Vijayapura,SOUTH_INDIA_IN_SCOPE,530.0,MATCHED,Matched via exact.
Karnataka.pdf,PMBJK05980,Karnataka,Bengaluru Urban,SOUTH_INDIA_IN_SCOPE,525.0,MATCHED,Matched via exact.
Karnataka.pdf,PMBJK05996,Karnataka,Dakshina Kannada,SOUTH_INDIA_IN_SCOPE,534.0,MATCHED,Matched via exact.
Karnataka.pdf,PMBJK05998,Karnataka,Bengaluru Urban,SOUTH_INDIA_IN_SCOPE,525.0,MATCHED,Matched via exact.
Karnataka.pdf,PMBJK06010,Karnataka,Bengaluru Urban,SOUTH_INDIA_IN_SCOPE,525.0,MATCHED,Matched via exact.
Karnataka.pdf,PMBJK06011,Karnataka,Haveri,SOUTH_INDIA_IN_SCOPE,540.0,MATCHED,Matched via exact.
Karnataka.pdf,PMBJK06012,Karnataka,Koppal,SOUTH_INDIA_IN_SCOPE,543.0,MATCHED,Matched via exact.
Karnataka.pdf,PMBJK06013,Karnataka,Koppal,SOUTH_INDIA_IN_SCOPE,543.0,MATCHED,Matched via exact.
Karnataka.pdf,PMBJK06014,Karnataka,Koppal,SOUTH_INDIA_IN_SCOPE,543.0,MATCHED,Matched via exact.
Karnataka.pdf,PMBJK06030,Karnataka,Ramanagara,SOUTH_INDIA_IN_SCOPE,631.0,MATCHED,Matched via exact.
Karnataka.pdf,PMBJK06031,Karnataka,Udupi,SOUTH_INDIA_IN_SCOPE,549.0,MATCHED,Matched via exact.
Karnataka.pdf,PMBJK06037,Karnataka,Haveri,SOUTH_INDIA_IN_SCOPE,540.0,MATCHED,Matched via exact.
Karnataka.pdf,PMBJK06051,Karnataka,Dakshina Kannada,SOUTH_INDIA_IN_SCOPE,534.0,MATCHED,Matched via exact.
Karnataka.pdf,PMBJK06052,Karnataka,Bengaluru Urban,SOUTH_INDIA_IN_SCOPE,525.0,MATCHED,Matched via exact.
Karnataka.pdf,PMBJK06053,Karnataka,Bengaluru Urban,SOUTH_INDIA_IN_SCOPE,525.0,MATCHED,Matched via exact.
Karnataka.pdf,PMBJK06064,Karnataka,Bengaluru Urban,SOUTH_INDIA_IN_SCOPE,525.0,MATCHED,Matched via exact.
Karnataka.pdf,PMBJK06065,Karnataka,Bengaluru Urban,SOUTH_INDIA_IN_SCOPE,525.0,MATCHED,Matched via exact.
Karnataka.pdf,PMBJK06072,Karnataka,Bengaluru Urban,SOUTH_INDIA_IN_SCOPE,525.0,MATCHED,Matched via exact.
Karnataka.pdf,PMBJK06087,Karnataka,Bengaluru Urban,SOUTH_INDIA_IN_SCOPE,525.0,MATCHED,Matched via exact.
Karnataka.pdf,PMBJK06110,Karnataka,Uttara Kannada,SOUTH_INDIA_IN_SCOPE,550.0,MATCHED,Matched via exact.
Karnataka.pdf,PMBJK06119,Karnataka,Dakshina Kannada,SOUTH_INDIA_IN_SCOPE,534.0,MATCHED,Matched via exact.
Karnataka.pdf,PMBJK06130,Karnataka,Vijayanagar,SOUTH_INDIA_IN_SCOPE,738.0,MATCHED,Matched via split.
Karnataka.pdf,PMBJK06132,Karnataka,Vijayapura,SOUTH_INDIA_IN_SCOPE,530.0,MATCHED,Matched via exact.
Karnataka.pdf,PMBJK06133,Karnataka,Bengaluru Urban,SOUTH_INDIA_IN_SCOPE,525.0,MATCHED,Matched via exact.
Karnataka.pdf,PMBJK06146,Karnataka,Bengaluru Urban,SOUTH_INDIA_IN_SCOPE,525.0,MATCHED,Matched via exact.
Karnataka.pdf,PMBJK06147,Karnataka,Bengaluru Urban,SOUTH_INDIA_IN_SCOPE,525.0,MATCHED,Matched via exact.
Karnataka.pdf,PMBJK06149,Karnataka,Gadag,SOUTH_INDIA_IN_SCOPE,537.0,MATCHED,Matched via exact.
Karnataka.pdf,PMBJK06150,Karnataka,Bengaluru Urban,SOUTH_INDIA_IN_SCOPE,525.0,MATCHED,Matched via exact.
Karnataka.pdf,PMBJK06153,Karnataka,Uttara Kannada,SOUTH_INDIA_IN_SCOPE,550.0,MATCHED,Matched via exact.
Karnataka.pdf,PMBJK06154,Karnataka,Haveri,SOUTH_INDIA_IN_SCOPE,540.0,MATCHED,Matched via exact.
Karnataka.pdf,PMBJK06205,Karnataka,Bengaluru Urban,SOUTH_INDIA_IN_SCOPE,525.0,MATCHED,Matched via exact.
Karnataka.pdf,PMBJK06206,Karnataka,Dakshina Kannada,SOUTH_INDIA_IN_SCOPE,534.0,MATCHED,Matched via exact.
Karnataka.pdf,PMBJK06208,Karnataka,Davangere,SOUTH_INDIA_IN_SCOPE,535.0,MATCHED,Matched via exact.
Karnataka.pdf,PMBJK06211,Karnataka,Udupi,SOUTH_INDIA_IN_SCOPE,549.0,MATCHED,Matched via exact.
Karnataka.pdf,PMBJK06219,Karnataka,Tumakuru,SOUTH_INDIA_IN_SCOPE,548.0,MATCHED,Matched via exact.
Karnataka.pdf,PMBJK06222,Karnataka,Dharwad,SOUTH_INDIA_IN_SCOPE,536.0,MATCHED,Matched via exact.
Karnataka.pdf,PMBJK06230,Karnataka,Tumakuru,SOUTH_INDIA_IN_SCOPE,548.0,MATCHED,Matched via exact.
Karnataka.pdf,PMBJK06246,Karnataka,Dakshina Kannada,SOUTH_INDIA_IN_SCOPE,534.0,MATCHED,Matched via exact.
Karnataka.pdf,PMBJK06256,Karnataka,Udupi,SOUTH_INDIA_IN_SCOPE,549.0,MATCHED,Matched via exact.
Karnataka.pdf,PMBJK06262,Karnataka,Bengaluru Urban,SOUTH_INDIA_IN_SCOPE,525.0,MATCHED,Matched via exact.
Karnataka.pdf,PMBJK06263,Karnataka,Bengaluru Urban,SOUTH_INDIA_IN_SCOPE,525.0,MATCHED,Matched via exact.
Karnataka.pdf,PMBJK06264,Karnataka,Ramanagara,SOUTH_INDIA_IN_SCOPE,631.0,MATCHED,Matched via exact.
Karnataka.pdf,PMBJK06268,Karnataka,Dakshina Kannada,SOUTH_INDIA_IN_SCOPE,534.0,MATCHED,Matched via exact.
Karnataka.pdf,PMBJK06269,Karnataka,Bidar,SOUTH_INDIA_IN_SCOPE,529.0,MATCHED,Matched via exact.
Karnataka.pdf,PMBJK06271,Karnataka,Dakshina Kannada,SOUTH_INDIA_IN_SCOPE,534.0,MATCHED,Matched via exact.
Karnataka.pdf,PMBJK06291,Karnataka,Bengaluru Urban,SOUTH_INDIA_IN_SCOPE,525.0,MATCHED,Matched via exact.
Karnataka.pdf,PMBJK06292,Karnataka,Bengaluru Urban,SOUTH_INDIA_IN_SCOPE,525.0,MATCHED,Matched via exact.
Karnataka.pdf,PMBJK06313,Karnataka,Shivamogga,SOUTH_INDIA_IN_SCOPE,547.0,MATCHED,Matched via exact.
Karnataka.pdf,PMBJK06361,Karnataka,Koppal,SOUTH_INDIA_IN_SCOPE,543.0,MATCHED,Matched via exact.
Karnataka.pdf,PMBJK06365,Karnataka,Bengaluru Urban,SOUTH_INDIA_IN_SCOPE,525.0,MATCHED,Matched via exact.
Karnataka.pdf,PMBJK06366,Karnataka,Dakshina Kannada,SOUTH_INDIA_IN_SCOPE,534.0,MATCHED,Matched via exact.
Karnataka.pdf,PMBJK06374,Karnataka,Mysuru,SOUTH_INDIA_IN_SCOPE,545.0,MATCHED,Matched via exact.
Karnataka.pdf,PMBJK06395,Karnataka,Bengaluru Urban,SOUTH_INDIA_IN_SCOPE,525.0,MATCHED,Matched via exact.
Karnataka.pdf,PMBJK06401,Karnataka,Bengaluru Urban,SOUTH_INDIA_IN_SCOPE,525.0,MATCHED,Matched via exact.
Karnataka.pdf,PMBJK06410,Karnataka,Bengaluru Urban,SOUTH_INDIA_IN_SCOPE,525.0,MATCHED,Matched via exact.
Karnataka.pdf,PMBJK06411,Karnataka,Dakshina Kannada,SOUTH_INDIA_IN_SCOPE,534.0,MATCHED,Matched via exact.
Karnataka.pdf,PMBJK06424,Karnataka,Bengaluru Urban,SOUTH_INDIA_IN_SCOPE,525.0,MATCHED,Matched via exact.
Karnataka.pdf,PMBJK06443,Karnataka,Haveri,SOUTH_INDIA_IN_SCOPE,540.0,MATCHED,Matched via exact.
Karnataka.pdf,PMBJK06460,Karnataka,Bengaluru Urban,SOUTH_INDIA_IN_SCOPE,525.0,MATCHED,Matched via exact.
Karnataka.pdf,PMBJK06463,Karnataka,Shivamogga,SOUTH_INDIA_IN_SCOPE,547.0,MATCHED,Matched via exact.
Karnataka.pdf,PMBJK06464,Karnataka,Chikkamagaluru,SOUTH_INDIA_IN_SCOPE,532.0,MATCHED,Matched via exact.
Karnataka.pdf,PMBJK06470,Karnataka,Davangere,SOUTH_INDIA_IN_SCOPE,535.0,MATCHED,Matched via exact.
Karnataka.pdf,PMBJK06491,Karnataka,Dakshina Kannada,SOUTH_INDIA_IN_SCOPE,534.0,MATCHED,Matched via exact.
Karnataka.pdf,PMBJK06506,Karnataka,Bengaluru Urban,SOUTH_INDIA_IN_SCOPE,525.0,MATCHED,Matched via exact.
Karnataka.pdf,PMBJK06507,Karnataka,Bengaluru Urban,SOUTH_INDIA_IN_SCOPE,525.0,MATCHED,Matched via exact.
Karnataka.pdf,PMBJK06508,Karnataka,Haveri,SOUTH_INDIA_IN_SCOPE,540.0,MATCHED,Matched via exact.
Karnataka.pdf,PMBJK06518,Karnataka,Dakshina Kannada,SOUTH_INDIA_IN_SCOPE,534.0,MATCHED,Matched via exact.
Karnataka.pdf,PMBJK06527,Karnataka,Dharwad,SOUTH_INDIA_IN_SCOPE,536.0,MATCHED,Matched via exact.
Karnataka.pdf,PMBJK06529,Karnataka,Bagalkote,SOUTH_INDIA_IN_SCOPE,524.0,MATCHED,Matched via exact.
Karnataka.pdf,PMBJK06533,Karnataka,Bengaluru Urban,SOUTH_INDIA_IN_SCOPE,525.0,MATCHED,Matched via exact.
Karnataka.pdf,PMBJK06539,Karnataka,Bengaluru Urban,SOUTH_INDIA_IN_SCOPE,525.0,MATCHED,Matched via exact.
Karnataka.pdf,PMBJK06541,Karnataka,Bagalkote,SOUTH_INDIA_IN_SCOPE,524.0,MATCHED,Matched via exact.
Karnataka.pdf,PMBJK06542,Karnataka,Raichur,SOUTH_INDIA_IN_SCOPE,546.0,MATCHED,Matched via exact.
Karnataka.pdf,PMBJK06543,Karnataka,Tumakuru,SOUTH_INDIA_IN_SCOPE,548.0,MATCHED,Matched via exact.
Karnataka.pdf,PMBJK06544,Karnataka,Dharwad,SOUTH_INDIA_IN_SCOPE,536.0,MATCHED,Matched via exact.
Karnataka.pdf,PMBJK06546,Karnataka,Dakshina Kannada,SOUTH_INDIA_IN_SCOPE,534.0,MATCHED,Matched via exact.
Karnataka.pdf,PMBJK06556,Karnataka,Bengaluru Urban,SOUTH_INDIA_IN_SCOPE,525.0,MATCHED,Matched via exact.
Karnataka.pdf,PMBJK06558,Karnataka,Dakshina Kannada,SOUTH_INDIA_IN_SCOPE,534.0,MATCHED,Matched via exact.
Karnataka.pdf,PMBJK06588,Karnataka,Udupi,SOUTH_INDIA_IN_SCOPE,549.0,MATCHED,Matched via exact.
Karnataka.pdf,PMBJK06590,Karnataka,Bengaluru Urban,SOUTH_INDIA_IN_SCOPE,525.0,MATCHED,Matched via exact.
Karnataka.pdf,PMBJK06594,Karnataka,Ballari,SOUTH_INDIA_IN_SCOPE,528.0,MATCHED,Matched via exact.
Karnataka.pdf,PMBJK06627,Karnataka,Hassan,SOUTH_INDIA_IN_SCOPE,539.0,MATCHED,Matched via exact.
Karnataka.pdf,PMBJK06628,Karnataka,Dharwad,SOUTH_INDIA_IN_SCOPE,536.0,MATCHED,Matched via exact.
Karnataka.pdf,PMBJK06629,Karnataka,Dakshina Kannada,SOUTH_INDIA_IN_SCOPE,534.0,MATCHED,Matched via exact.
Karnataka.pdf,PMBJK06651,Karnataka,Bengaluru Urban,SOUTH_INDIA_IN_SCOPE,525.0,MATCHED,Matched via exact.
Karnataka.pdf,PMBJK06661,Karnataka,Dakshina Kannada,SOUTH_INDIA_IN_SCOPE,534.0,MATCHED,Matched via exact.
Karnataka.pdf,PMBJK06679,Karnataka,Bengaluru Urban,SOUTH_INDIA_IN_SCOPE,525.0,MATCHED,Matched via exact.
Karnataka.pdf,PMBJK06680,Karnataka,Bengaluru Urban,SOUTH_INDIA_IN_SCOPE,525.0,MATCHED,Matched via exact.
Karnataka.pdf,PMBJK06681,Karnataka,Haveri,SOUTH_INDIA_IN_SCOPE,540.0,MATCHED,Matched via exact.
Karnataka.pdf,PMBJK06685,Karnataka,Uttara Kannada,SOUTH_INDIA_IN_SCOPE,550.0,MATCHED,Matched via exact.
Karnataka.pdf,PMBJK06688,Karnataka,Dakshina Kannada,SOUTH_INDIA_IN_SCOPE,534.0,MATCHED,Matched via exact.
Karnataka.pdf,PMBJK06689,Karnataka,Bengaluru Urban,SOUTH_INDIA_IN_SCOPE,525.0,MATCHED,Matched via exact.
Karnataka.pdf,PMBJK06690,Karnataka,Bengaluru Urban,SOUTH_INDIA_IN_SCOPE,525.0,MATCHED,Matched via exact.
Karnataka.pdf,PMBJK06698,Karnataka,Bengaluru Urban,SOUTH_INDIA_IN_SCOPE,525.0,MATCHED,Matched via exact.
Karnataka.pdf,PMBJK06703,Karnataka,Uttara Kannada,SOUTH_INDIA_IN_SCOPE,550.0,MATCHED,Matched via exact.
Karnataka.pdf,PMBJK06704,Karnataka,Bengaluru Urban,SOUTH_INDIA_IN_SCOPE,525.0,MATCHED,Matched via exact.
Karnataka.pdf,PMBJK06711,Karnataka,Bengaluru Urban,SOUTH_INDIA_IN_SCOPE,525.0,MATCHED,Matched via exact.
Karnataka.pdf,PMBJK06713,Karnataka,Bidar,SOUTH_INDIA_IN_SCOPE,529.0,MATCHED,Matched via exact.
Karnataka.pdf,PMBJK06737,Karnataka,Bengaluru Urban,SOUTH_INDIA_IN_SCOPE,525.0,MATCHED,Matched via exact.
Karnataka.pdf,PMBJK06738,Karnataka,Bengaluru Urban,SOUTH_INDIA_IN_SCOPE,525.0,MATCHED,Matched via exact.
Karnataka.pdf,PMBJK06739,Karnataka,Bagalkote,SOUTH_INDIA_IN_SCOPE,524.0,MATCHED,Matched via exact.
Karnataka.pdf,PMBJK06740,Karnataka,Ballari,SOUTH_INDIA_IN_SCOPE,528.0,MATCHED,Matched via exact.
Karnataka.pdf,PMBJK06741,Karnataka,Dakshina Kannada,SOUTH_INDIA_IN_SCOPE,534.0,MATCHED,Matched via exact.
Karnataka.pdf,PMBJK06748,Karnataka,Bengaluru Urban,SOUTH_INDIA_IN_SCOPE,525.0,MATCHED,Matched via exact.
Karnataka.pdf,PMBJK06749,Karnataka,Bengaluru Urban,SOUTH_INDIA_IN_SCOPE,525.0,MATCHED,Matched via exact.
Karnataka.pdf,PMBJK06750,Karnataka,Bengaluru Urban,SOUTH_INDIA_IN_SCOPE,525.0,MATCHED,Matched via exact.
Karnataka.pdf,PMBJK06754,Karnataka,Bengaluru Urban,SOUTH_INDIA_IN_SCOPE,525.0,MATCHED,Matched via exact.
Karnataka.pdf,PMBJK06755,Karnataka,Udupi,SOUTH_INDIA_IN_SCOPE,549.0,MATCHED,Matched via exact.
Karnataka.pdf,PMBJK06774,Karnataka,Bidar,SOUTH_INDIA_IN_SCOPE,529.0,MATCHED,Matched via exact.
Karnataka.pdf,PMBJK06781,Karnataka,Bidar,SOUTH_INDIA_IN_SCOPE,529.0,MATCHED,Matched via exact.
Karnataka.pdf,PMBJK06783,Karnataka,Dakshina Kannada,SOUTH_INDIA_IN_SCOPE,534.0,MATCHED,Matched via exact.
Karnataka.pdf,PMBJK06790,Karnataka,Dakshina Kannada,SOUTH_INDIA_IN_SCOPE,534.0,MATCHED,Matched via exact.
Karnataka.pdf,PMBJK06792,Karnataka,Bengaluru Urban,SOUTH_INDIA_IN_SCOPE,525.0,MATCHED,Matched via exact.
Karnataka.pdf,PMBJK06809,Karnataka,Dakshina Kannada,SOUTH_INDIA_IN_SCOPE,534.0,MATCHED,Matched via exact.
Karnataka.pdf,PMBJK06810,Karnataka,Davangere,SOUTH_INDIA_IN_SCOPE,535.0,MATCHED,Matched via exact.
Karnataka.pdf,PMBJK06821,Karnataka,Kolar,SOUTH_INDIA_IN_SCOPE,542.0,MATCHED,Matched via exact.
Karnataka.pdf,PMBJK06823,Karnataka,Shivamogga,SOUTH_INDIA_IN_SCOPE,547.0,MATCHED,Matched via exact.
Karnataka.pdf,PMBJK06826,Karnataka,Dakshina Kannada,SOUTH_INDIA_IN_SCOPE,534.0,MATCHED,Matched via exact.
Karnataka.pdf,PMBJK06827,Karnataka,Bengaluru Urban,SOUTH_INDIA_IN_SCOPE,525.0,MATCHED,Matched via exact.
Karnataka.pdf,PMBJK06847,Karnataka,Dakshina Kannada,SOUTH_INDIA_IN_SCOPE,534.0,MATCHED,Matched via exact.
Karnataka.pdf,PMBJK06848,Karnataka,Dakshina Kannada,SOUTH_INDIA_IN_SCOPE,534.0,MATCHED,Matched via exact.
Karnataka.pdf,PMBJK06849,Karnataka,Vijayapura,SOUTH_INDIA_IN_SCOPE,530.0,MATCHED,Matched via exact.
Karnataka.pdf,PMBJK06853,Karnataka,Bengaluru Urban,SOUTH_INDIA_IN_SCOPE,525.0,MATCHED,Matched via exact.
Karnataka.pdf,PMBJK06880,Karnataka,Ballari,SOUTH_INDIA_IN_SCOPE,528.0,MATCHED,Matched via exact.
Karnataka.pdf,PMBJK06881,Karnataka,Bengaluru Urban,SOUTH_INDIA_IN_SCOPE,525.0,MATCHED,Matched via exact.
Karnataka.pdf,PMBJK06882,Karnataka,Bengaluru Urban,SOUTH_INDIA_IN_SCOPE,525.0,MATCHED,Matched via exact.
Karnataka.pdf,PMBJK06886,Karnataka,Mandya,SOUTH_INDIA_IN_SCOPE,544.0,MATCHED,Matched via exact.
Karnataka.pdf,PMBJK06894,Karnataka,Bengaluru Urban,SOUTH_INDIA_IN_SCOPE,525.0,MATCHED,Matched via exact.
Karnataka.pdf,PMBJK06895,Karnataka,Dakshina Kannada,SOUTH_INDIA_IN_SCOPE,534.0,MATCHED,Matched via exact.
Karnataka.pdf,PMBJK06896,Karnataka,Tumakuru,SOUTH_INDIA_IN_SCOPE,548.0,MATCHED,Matched via exact.
Karnataka.pdf,PMBJK06916,Karnataka,Udupi,SOUTH_INDIA_IN_SCOPE,549.0,MATCHED,Matched via exact.
Karnataka.pdf,PMBJK06917,Karnataka,Chikkamagaluru,SOUTH_INDIA_IN_SCOPE,532.0,MATCHED,Matched via exact.
Karnataka.pdf,PMBJK06918,Karnataka,Dakshina Kannada,SOUTH_INDIA_IN_SCOPE,534.0,MATCHED,Matched via exact.
Karnataka.pdf,PMBJK06919,Karnataka,Bengaluru Urban,SOUTH_INDIA_IN_SCOPE,525.0,MATCHED,Matched via exact.
Karnataka.pdf,PMBJK06920,Karnataka,Vijayapura,SOUTH_INDIA_IN_SCOPE,530.0,MATCHED,Matched via exact.
Karnataka.pdf,PMBJK06921,Karnataka,Shivamogga,SOUTH_INDIA_IN_SCOPE,547.0,MATCHED,Matched via exact.
Karnataka.pdf,PMBJK06922,Karnataka,Vijayapura,SOUTH_INDIA_IN_SCOPE,530.0,MATCHED,Matched via exact.
Karnataka.pdf,PMBJK06924,Karnataka,Dakshina Kannada,SOUTH_INDIA_IN_SCOPE,534.0,MATCHED,Matched via exact.
Karnataka.pdf,PMBJK06939,Karnataka,Udupi,SOUTH_INDIA_IN_SCOPE,549.0,MATCHED,Matched via exact.
Karnataka.pdf,PMBJK06940,Karnataka,Bengaluru Urban,SOUTH_INDIA_IN_SCOPE,525.0,MATCHED,Matched via exact.
Karnataka.pdf,PMBJK06942,Karnataka,Kalaburagi,SOUTH_INDIA_IN_SCOPE,538.0,MATCHED,Matched via exact.
Karnataka.pdf,PMBJK06943,Karnataka,Haveri,SOUTH_INDIA_IN_SCOPE,540.0,MATCHED,Matched via exact.
Karnataka.pdf,PMBJK06944,Karnataka,Dakshina Kannada,SOUTH_INDIA_IN_SCOPE,534.0,MATCHED,Matched via exact.
Karnataka.pdf,PMBJK06952,Karnataka,Dakshina Kannada,SOUTH_INDIA_IN_SCOPE,534.0,MATCHED,Matched via exact.
Karnataka.pdf,PMBJK06985,Karnataka,Bengaluru Urban,SOUTH_INDIA_IN_SCOPE,525.0,MATCHED,Matched via exact.
Karnataka.pdf,PMBJK06991,Karnataka,Vijayapura,SOUTH_INDIA_IN_SCOPE,530.0,MATCHED,Matched via exact.
Karnataka.pdf,PMBJK06992,Karnataka,Dakshina Kannada,SOUTH_INDIA_IN_SCOPE,534.0,MATCHED,Matched via exact.
Karnataka.pdf,PMBJK07062,Karnataka,Bengaluru Urban,SOUTH_INDIA_IN_SCOPE,525.0,MATCHED,Matched via exact.
Karnataka.pdf,PMBJK07080,Karnataka,Dakshina Kannada,SOUTH_INDIA_IN_SCOPE,534.0,MATCHED,Matched via exact.
Karnataka.pdf,PMBJK07081,Karnataka,Haveri,SOUTH_INDIA_IN_SCOPE,540.0,MATCHED,Matched via exact.
Karnataka.pdf,PMBJK07082,Karnataka,Belagavi,SOUTH_INDIA_IN_SCOPE,527.0,MATCHED,Matched via exact.
Karnataka.pdf,PMBJK07083,Karnataka,Koppal,SOUTH_INDIA_IN_SCOPE,543.0,MATCHED,Matched via exact.
Karnataka.pdf,PMBJK07109,Karnataka,Bengaluru Urban,SOUTH_INDIA_IN_SCOPE,525.0,MATCHED,Matched via exact.
Karnataka.pdf,PMBJK07123,Karnataka,Kodagu,SOUTH_INDIA_IN_SCOPE,541.0,MATCHED,Matched via exact.
Karnataka.pdf,PMBJK07131,Karnataka,Bengaluru Urban,SOUTH_INDIA_IN_SCOPE,525.0,MATCHED,Matched via exact.
Karnataka.pdf,PMBJK07132,Karnataka,Bengaluru Urban,SOUTH_INDIA_IN_SCOPE,525.0,MATCHED,Matched via exact.
Karnataka.pdf,PMBJK07134,Karnataka,Davangere,SOUTH_INDIA_IN_SCOPE,535.0,MATCHED,Matched via exact.
Karnataka.pdf,PMBJK07149,Karnataka,Bengaluru Urban,SOUTH_INDIA_IN_SCOPE,525.0,MATCHED,Matched via exact.
Karnataka.pdf,PMBJK07152,Karnataka,Bengaluru Urban,SOUTH_INDIA_IN_SCOPE,525.0,MATCHED,Matched via exact.
Karnataka.pdf,PMBJK07174,Karnataka,Bengaluru Urban,SOUTH_INDIA_IN_SCOPE,525.0,MATCHED,Matched via exact.
Karnataka.pdf,PMBJK07175,Karnataka,Bengaluru Urban,SOUTH_INDIA_IN_SCOPE,525.0,MATCHED,Matched via exact.
Karnataka.pdf,PMBJK07176,Karnataka,Koppal,SOUTH_INDIA_IN_SCOPE,543.0,MATCHED,Matched via exact.
Karnataka.pdf,PMBJK07177,Karnataka,Dakshina Kannada,SOUTH_INDIA_IN_SCOPE,534.0,MATCHED,Matched via exact.
Karnataka.pdf,PMBJK07178,Karnataka,Davangere,SOUTH_INDIA_IN_SCOPE,535.0,MATCHED,Matched via exact.
Karnataka.pdf,PMBJK07179,Karnataka,Bengaluru Urban,SOUTH_INDIA_IN_SCOPE,525.0,MATCHED,Matched via exact.
Karnataka.pdf,PMBJK07213,Karnataka,Chitradurga,SOUTH_INDIA_IN_SCOPE,533.0,MATCHED,Matched via exact.
Karnataka.pdf,PMBJK07242,Karnataka,Dakshina Kannada,SOUTH_INDIA_IN_SCOPE,534.0,MATCHED,Matched via exact.
Karnataka.pdf,PMBJK07243,Karnataka,Dakshina Kannada,SOUTH_INDIA_IN_SCOPE,534.0,MATCHED,Matched via exact.
Karnataka.pdf,PMBJK07244,Karnataka,Bengaluru Urban,SOUTH_INDIA_IN_SCOPE,525.0,MATCHED,Matched via exact.
Karnataka.pdf,PMBJK07249,Karnataka,Yadgir,SOUTH_INDIA_IN_SCOPE,635.0,MATCHED,Matched via exact.
Karnataka.pdf,PMBJK07253,Karnataka,Yadgir,SOUTH_INDIA_IN_SCOPE,635.0,MATCHED,Matched via exact.
Karnataka.pdf,PMBJK07265,Karnataka,Bengaluru Urban,SOUTH_INDIA_IN_SCOPE,525.0,MATCHED,Matched via exact.
Karnataka.pdf,PMBJK07289,Karnataka,Uttara Kannada,SOUTH_INDIA_IN_SCOPE,550.0,MATCHED,Matched via exact.
Karnataka.pdf,PMBJK07290,Karnataka,Bengaluru Urban,SOUTH_INDIA_IN_SCOPE,525.0,MATCHED,Matched via exact.
Karnataka.pdf,PMBJK07293,Karnataka,Kodagu,SOUTH_INDIA_IN_SCOPE,541.0,MATCHED,Matched via exact.
Karnataka.pdf,PMBJK07308,Karnataka,Davangere,SOUTH_INDIA_IN_SCOPE,535.0,MATCHED,Matched via exact.
Karnataka.pdf,PMBJK07326,Karnataka,Bengaluru Urban,SOUTH_INDIA_IN_SCOPE,525.0,MATCHED,Matched via exact.
Karnataka.pdf,PMBJK07335,Karnataka,Bengaluru Urban,SOUTH_INDIA_IN_SCOPE,525.0,MATCHED,Matched via exact.
Karnataka.pdf,PMBJK07356,Karnataka,Udupi,SOUTH_INDIA_IN_SCOPE,549.0,MATCHED,Matched via exact.
Karnataka.pdf,PMBJK07405,Karnataka,Bengaluru Urban,SOUTH_INDIA_IN_SCOPE,525.0,MATCHED,Matched via exact.
Karnataka.pdf,PMBJK07406,Karnataka,Bengaluru Urban,SOUTH_INDIA_IN_SCOPE,525.0,MATCHED,Matched via exact.
Karnataka.pdf,PMBJK07407,Karnataka,Bengaluru Urban,SOUTH_INDIA_IN_SCOPE,525.0,MATCHED,Matched via exact.
Karnataka.pdf,PMBJK07414,Karnataka,Bengaluru Urban,SOUTH_INDIA_IN_SCOPE,525.0,MATCHED,Matched via exact.
Karnataka.pdf,PMBJK07417,Karnataka,Dakshina Kannada,SOUTH_INDIA_IN_SCOPE,534.0,MATCHED,Matched via exact.
Karnataka.pdf,PMBJK07418,Karnataka,Mysuru,SOUTH_INDIA_IN_SCOPE,545.0,MATCHED,Matched via exact.
Karnataka.pdf,PMBJK07419,Karnataka,Mysuru,SOUTH_INDIA_IN_SCOPE,545.0,MATCHED,Matched via exact.
Karnataka.pdf,PMBJK07421,Karnataka,Mysuru,SOUTH_INDIA_IN_SCOPE,545.0,MATCHED,Matched via exact.
Karnataka.pdf,PMBJK07424,Karnataka,Dharwad,SOUTH_INDIA_IN_SCOPE,536.0,MATCHED,Matched via exact.
Karnataka.pdf,PMBJK07428,Karnataka,Bengaluru Urban,SOUTH_INDIA_IN_SCOPE,525.0,MATCHED,Matched via exact.
Karnataka.pdf,PMBJK07429,Karnataka,Shivamogga,SOUTH_INDIA_IN_SCOPE,547.0,MATCHED,Matched via exact.
Karnataka.pdf,PMBJK07430,Karnataka,Dakshina Kannada,SOUTH_INDIA_IN_SCOPE,534.0,MATCHED,Matched via exact.
Karnataka.pdf,PMBJK07453,Karnataka,Dakshina Kannada,SOUTH_INDIA_IN_SCOPE,534.0,MATCHED,Matched via exact.
Karnataka.pdf,PMBJK07454,Karnataka,Dharwad,SOUTH_INDIA_IN_SCOPE,536.0,MATCHED,Matched via exact.
Karnataka.pdf,PMBJK07461,Karnataka,Bengaluru Urban,SOUTH_INDIA_IN_SCOPE,525.0,MATCHED,Matched via exact.
Karnataka.pdf,PMBJK07462,Karnataka,Bengaluru Urban,SOUTH_INDIA_IN_SCOPE,525.0,MATCHED,Matched via exact.
Karnataka.pdf,PMBJK07464,Karnataka,Bengaluru Urban,SOUTH_INDIA_IN_SCOPE,525.0,MATCHED,Matched via exact.
Karnataka.pdf,PMBJK07465,Karnataka,Vijayapura,SOUTH_INDIA_IN_SCOPE,530.0,MATCHED,Matched via exact.
Karnataka.pdf,PMBJK07468,Karnataka,Kodagu,SOUTH_INDIA_IN_SCOPE,541.0,MATCHED,Matched via exact.
Karnataka.pdf,PMBJK07482,Karnataka,Uttara Kannada,SOUTH_INDIA_IN_SCOPE,550.0,MATCHED,Matched via exact.
Karnataka.pdf,PMBJK07484,Karnataka,Bengaluru Urban,SOUTH_INDIA_IN_SCOPE,525.0,MATCHED,Matched via exact.
Karnataka.pdf,PMBJK07485,Karnataka,Bengaluru Urban,SOUTH_INDIA_IN_SCOPE,525.0,MATCHED,Matched via exact.
Karnataka.pdf,PMBJK07486,Karnataka,Bengaluru Urban,SOUTH_INDIA_IN_SCOPE,525.0,MATCHED,Matched via exact.
Karnataka.pdf,PMBJK07487,Karnataka,Dharwad,SOUTH_INDIA_IN_SCOPE,536.0,MATCHED,Matched via exact.
Karnataka.pdf,PMBJK07512,Karnataka,Udupi,SOUTH_INDIA_IN_SCOPE,549.0,MATCHED,Matched via exact.
Karnataka.pdf,PMBJK07529,Karnataka,Vijayanagar,SOUTH_INDIA_IN_SCOPE,738.0,MATCHED,Matched via split.
Karnataka.pdf,PMBJK07530,Karnataka,Bengaluru Urban,SOUTH_INDIA_IN_SCOPE,525.0,MATCHED,Matched via exact.
Karnataka.pdf,PMBJK07531,Karnataka,Kalaburagi,SOUTH_INDIA_IN_SCOPE,538.0,MATCHED,Matched via exact.
Karnataka.pdf,PMBJK07557,Karnataka,Mandya,SOUTH_INDIA_IN_SCOPE,544.0,MATCHED,Matched via exact.
Karnataka.pdf,PMBJK07558,Karnataka,Bengaluru Urban,SOUTH_INDIA_IN_SCOPE,525.0,MATCHED,Matched via exact.
Karnataka.pdf,PMBJK07560,Karnataka,Bengaluru Urban,SOUTH_INDIA_IN_SCOPE,525.0,MATCHED,Matched via exact.
Karnataka.pdf,PMBJK07561,Karnataka,Bengaluru Urban,SOUTH_INDIA_IN_SCOPE,525.0,MATCHED,Matched via exact.
Karnataka.pdf,PMBJK07583,Karnataka,Mandya,SOUTH_INDIA_IN_SCOPE,544.0,MATCHED,Matched via exact.
Karnataka.pdf,PMBJK07584,Karnataka,Udupi,SOUTH_INDIA_IN_SCOPE,549.0,MATCHED,Matched via exact.
Karnataka.pdf,PMBJK07585,Karnataka,Haveri,SOUTH_INDIA_IN_SCOPE,540.0,MATCHED,Matched via exact.
Karnataka.pdf,PMBJK07586,Karnataka,Dakshina Kannada,SOUTH_INDIA_IN_SCOPE,534.0,MATCHED,Matched via exact.
Karnataka.pdf,PMBJK07587,Karnataka,Bengaluru Urban,SOUTH_INDIA_IN_SCOPE,525.0,MATCHED,Matched via exact.
Karnataka.pdf,PMBJK07589,Karnataka,Bengaluru Urban,SOUTH_INDIA_IN_SCOPE,525.0,MATCHED,Matched via exact.
Karnataka.pdf,PMBJK07593,Karnataka,Dakshina Kannada,SOUTH_INDIA_IN_SCOPE,534.0,MATCHED,Matched via exact.
Karnataka.pdf,PMBJK07620,Karnataka,Kalaburagi,SOUTH_INDIA_IN_SCOPE,538.0,MATCHED,Matched via exact.
Karnataka.pdf,PMBJK07623,Karnataka,Kodagu,SOUTH_INDIA_IN_SCOPE,541.0,MATCHED,Matched via exact.
Karnataka.pdf,PMBJK07624,Karnataka,Dakshina Kannada,SOUTH_INDIA_IN_SCOPE,534.0,MATCHED,Matched via exact.
Karnataka.pdf,PMBJK07655,Karnataka,Bengaluru Urban,SOUTH_INDIA_IN_SCOPE,525.0,MATCHED,Matched via exact.
Karnataka.pdf,PMBJK07657,Karnataka,Dakshina Kannada,SOUTH_INDIA_IN_SCOPE,534.0,MATCHED,Matched via exact.
Karnataka.pdf,PMBJK07691,Karnataka,Ballari,SOUTH_INDIA_IN_SCOPE,528.0,MATCHED,Matched via exact.
Karnataka.pdf,PMBJK07692,Karnataka,Bengaluru Urban,SOUTH_INDIA_IN_SCOPE,525.0,MATCHED,Matched via exact.
Karnataka.pdf,PMBJK07693,Karnataka,Bagalkote,SOUTH_INDIA_IN_SCOPE,524.0,MATCHED,Matched via exact.
Karnataka.pdf,PMBJK07697,Karnataka,Bidar,SOUTH_INDIA_IN_SCOPE,529.0,MATCHED,Matched via exact.
Karnataka.pdf,PMBJK07701,Karnataka,Bengaluru Urban,SOUTH_INDIA_IN_SCOPE,525.0,MATCHED,Matched via exact.
Karnataka.pdf,PMBJK07702,Karnataka,Tumakuru,SOUTH_INDIA_IN_SCOPE,548.0,MATCHED,Matched via exact.
Karnataka.pdf,PMBJK07704,Karnataka,Bengaluru Urban,SOUTH_INDIA_IN_SCOPE,525.0,MATCHED,Matched via exact.
Karnataka.pdf,PMBJK07731,Karnataka,Kolar,SOUTH_INDIA_IN_SCOPE,542.0,MATCHED,Matched via exact.
Karnataka.pdf,PMBJK07733,Karnataka,Dakshina Kannada,SOUTH_INDIA_IN_SCOPE,534.0,MATCHED,Matched via exact.
Karnataka.pdf,PMBJK07752,Karnataka,Bengaluru Urban,SOUTH_INDIA_IN_SCOPE,525.0,MATCHED,Matched via exact.
Karnataka.pdf,PMBJK07770,Karnataka,Mysuru,SOUTH_INDIA_IN_SCOPE,545.0,MATCHED,Matched via exact.
Karnataka.pdf,PMBJK07772,Karnataka,Bengaluru Urban,SOUTH_INDIA_IN_SCOPE,525.0,MATCHED,Matched via exact.
Karnataka.pdf,PMBJK07773,Karnataka,Bengaluru Urban,SOUTH_INDIA_IN_SCOPE,525.0,MATCHED,Matched via exact.
Karnataka.pdf,PMBJK07774,Karnataka,Bengaluru Urban,SOUTH_INDIA_IN_SCOPE,525.0,MATCHED,Matched via exact.
Karnataka.pdf,PMBJK07775,Karnataka,Bengaluru Urban,SOUTH_INDIA_IN_SCOPE,525.0,MATCHED,Matched via exact.
Karnataka.pdf,PMBJK07781,Karnataka,Kodagu,SOUTH_INDIA_IN_SCOPE,541.0,MATCHED,Matched via exact.
Karnataka.pdf,PMBJK07782,Karnataka,Dakshina Kannada,SOUTH_INDIA_IN_SCOPE,534.0,MATCHED,Matched via exact.
Karnataka.pdf,PMBJK07783,Karnataka,Bengaluru Urban,SOUTH_INDIA_IN_SCOPE,525.0,MATCHED,Matched via exact.
Karnataka.pdf,PMBJK07784,Karnataka,Udupi,SOUTH_INDIA_IN_SCOPE,549.0,MATCHED,Matched via exact.
Karnataka.pdf,PMBJK07789,Karnataka,Dakshina Kannada,SOUTH_INDIA_IN_SCOPE,534.0,MATCHED,Matched via exact.
Karnataka.pdf,PMBJK07811,Karnataka,Udupi,SOUTH_INDIA_IN_SCOPE,549.0,MATCHED,Matched via exact.
Karnataka.pdf,PMBJK07813,Karnataka,Udupi,SOUTH_INDIA_IN_SCOPE,549.0,MATCHED,Matched via exact.
Karnataka.pdf,PMBJK07815,Karnataka,Davangere,SOUTH_INDIA_IN_SCOPE,535.0,MATCHED,Matched via exact.
Karnataka.pdf,PMBJK07816,Karnataka,Dakshina Kannada,SOUTH_INDIA_IN_SCOPE,534.0,MATCHED,Matched via exact.
Karnataka.pdf,PMBJK07820,Karnataka,Haveri,SOUTH_INDIA_IN_SCOPE,540.0,MATCHED,Matched via exact.
Karnataka.pdf,PMBJK07823,Karnataka,Bengaluru Urban,SOUTH_INDIA_IN_SCOPE,525.0,MATCHED,Matched via exact.
Karnataka.pdf,PMBJK07824,Karnataka,Udupi,SOUTH_INDIA_IN_SCOPE,549.0,MATCHED,Matched via exact.
Karnataka.pdf,PMBJK07825,Karnataka,Bengaluru Urban,SOUTH_INDIA_IN_SCOPE,525.0,MATCHED,Matched via exact.
Karnataka.pdf,PMBJK07827,Karnataka,Bengaluru Urban,SOUTH_INDIA_IN_SCOPE,525.0,MATCHED,Matched via exact.
Karnataka.pdf,PMBJK07828,Karnataka,Bengaluru Urban,SOUTH_INDIA_IN_SCOPE,525.0,MATCHED,Matched via exact.
Karnataka.pdf,PMBJK07829,Karnataka,Bagalkote,SOUTH_INDIA_IN_SCOPE,524.0,MATCHED,Matched via exact.
Karnataka.pdf,PMBJK07831,Karnataka,Dakshina Kannada,SOUTH_INDIA_IN_SCOPE,534.0,MATCHED,Matched via exact.
Karnataka.pdf,PMBJK07832,Karnataka,Bengaluru Urban,SOUTH_INDIA_IN_SCOPE,525.0,MATCHED,Matched via exact.
Karnataka.pdf,PMBJK07833,Karnataka,Bengaluru Urban,SOUTH_INDIA_IN_SCOPE,525.0,MATCHED,Matched via exact.
Karnataka.pdf,PMBJK07855,Karnataka,Bengaluru Urban,SOUTH_INDIA_IN_SCOPE,525.0,MATCHED,Matched via exact.
Karnataka.pdf,PMBJK07856,Karnataka,Bengaluru Urban,SOUTH_INDIA_IN_SCOPE,525.0,MATCHED,Matched via exact.
Karnataka.pdf,PMBJK07857,Karnataka,Mysuru,SOUTH_INDIA_IN_SCOPE,545.0,MATCHED,Matched via exact.
Karnataka.pdf,PMBJK07858,Karnataka,Bengaluru Urban,SOUTH_INDIA_IN_SCOPE,525.0,MATCHED,Matched via exact.
Karnataka.pdf,PMBJK07859,Karnataka,Bengaluru Urban,SOUTH_INDIA_IN_SCOPE,525.0,MATCHED,Matched via exact.
Karnataka.pdf,PMBJK07879,Karnataka,Bengaluru Urban,SOUTH_INDIA_IN_SCOPE,525.0,MATCHED,Matched via exact.
Karnataka.pdf,PMBJK07880,Karnataka,Bengaluru Urban,SOUTH_INDIA_IN_SCOPE,525.0,MATCHED,Matched via exact.
Karnataka.pdf,PMBJK07890,Karnataka,Bengaluru Urban,SOUTH_INDIA_IN_SCOPE,525.0,MATCHED,Matched via exact.
Karnataka.pdf,PMBJK07911,Karnataka,Dakshina Kannada,SOUTH_INDIA_IN_SCOPE,534.0,MATCHED,Matched via exact.
Karnataka.pdf,PMBJK07916,Karnataka,Bengaluru Urban,SOUTH_INDIA_IN_SCOPE,525.0,MATCHED,Matched via exact.
Karnataka.pdf,PMBJK07926,Karnataka,Vijayapura,SOUTH_INDIA_IN_SCOPE,530.0,MATCHED,Matched via exact.
Karnataka.pdf,PMBJK07930,Karnataka,Dakshina Kannada,SOUTH_INDIA_IN_SCOPE,534.0,MATCHED,Matched via exact.
Karnataka.pdf,PMBJK07932,Karnataka,Gadag,SOUTH_INDIA_IN_SCOPE,537.0,MATCHED,Matched via exact.
Karnataka.pdf,PMBJK07933,Karnataka,Haveri,SOUTH_INDIA_IN_SCOPE,540.0,MATCHED,Matched via exact.
Karnataka.pdf,PMBJK07934,Karnataka,Kodagu,SOUTH_INDIA_IN_SCOPE,541.0,MATCHED,Matched via exact.
Karnataka.pdf,PMBJK07935,Karnataka,Udupi,SOUTH_INDIA_IN_SCOPE,549.0,MATCHED,Matched via exact.
Karnataka.pdf,PMBJK07936,Karnataka,Bengaluru Urban,SOUTH_INDIA_IN_SCOPE,525.0,MATCHED,Matched via exact.
Karnataka.pdf,PMBJK07937,Karnataka,Udupi,SOUTH_INDIA_IN_SCOPE,549.0,MATCHED,Matched via exact.
Karnataka.pdf,PMBJK07940,Karnataka,Bengaluru Urban,SOUTH_INDIA_IN_SCOPE,525.0,MATCHED,Matched via exact.
Karnataka.pdf,PMBJK07941,Karnataka,Bengaluru Urban,SOUTH_INDIA_IN_SCOPE,525.0,MATCHED,Matched via exact.
Karnataka.pdf,PMBJK07971,Karnataka,Bengaluru Urban,SOUTH_INDIA_IN_SCOPE,525.0,MATCHED,Matched via exact.
Karnataka.pdf,PMBJK07972,Karnataka,Ramanagara,SOUTH_INDIA_IN_SCOPE,631.0,MATCHED,Matched via exact.
Karnataka.pdf,PMBJK07988,Karnataka,Bengaluru Urban,SOUTH_INDIA_IN_SCOPE,525.0,MATCHED,Matched via exact.
Karnataka.pdf,PMBJK08000,Karnataka,Davangere,SOUTH_INDIA_IN_SCOPE,535.0,MATCHED,Matched via exact.
Karnataka.pdf,PMBJK08004,Karnataka,Bengaluru Urban,SOUTH_INDIA_IN_SCOPE,525.0,MATCHED,Matched via exact.
Karnataka.pdf,PMBJK08006,Karnataka,Bengaluru Urban,SOUTH_INDIA_IN_SCOPE,525.0,MATCHED,Matched via exact.
Karnataka.pdf,PMBJK08028,Karnataka,Bengaluru Urban,SOUTH_INDIA_IN_SCOPE,525.0,MATCHED,Matched via exact.
Karnataka.pdf,PMBJK08029,Karnataka,Bengaluru Urban,SOUTH_INDIA_IN_SCOPE,525.0,MATCHED,Matched via exact.
Karnataka.pdf,PMBJK08042,Karnataka,Bengaluru Urban,SOUTH_INDIA_IN_SCOPE,525.0,MATCHED,Matched via exact.
Karnataka.pdf,PMBJK08043,Karnataka,Bengaluru Urban,SOUTH_INDIA_IN_SCOPE,525.0,MATCHED,Matched via exact.
Karnataka.pdf,PMBJK08045,Karnataka,Bengaluru Urban,SOUTH_INDIA_IN_SCOPE,525.0,MATCHED,Matched via exact.
Karnataka.pdf,PMBJK08050,Karnataka,Bengaluru Urban,SOUTH_INDIA_IN_SCOPE,525.0,MATCHED,Matched via exact.
Karnataka.pdf,PMBJK08053,Karnataka,Davangere,SOUTH_INDIA_IN_SCOPE,535.0,MATCHED,Matched via exact.
Karnataka.pdf,PMBJK08054,Karnataka,Uttara Kannada,SOUTH_INDIA_IN_SCOPE,550.0,MATCHED,Matched via exact.
Karnataka.pdf,PMBJK08055,Karnataka,Dakshina Kannada,SOUTH_INDIA_IN_SCOPE,534.0,MATCHED,Matched via exact.
Karnataka.pdf,PMBJK08056,Karnataka,Vijayanagar,SOUTH_INDIA_IN_SCOPE,738.0,MATCHED,Matched via split.
Karnataka.pdf,PMBJK08086,Karnataka,Dakshina Kannada,SOUTH_INDIA_IN_SCOPE,534.0,MATCHED,Matched via exact.
Karnataka.pdf,PMBJK08087,Karnataka,Uttara Kannada,SOUTH_INDIA_IN_SCOPE,550.0,MATCHED,Matched via exact.
Karnataka.pdf,PMBJK08091,Karnataka,Mysuru,SOUTH_INDIA_IN_SCOPE,545.0,MATCHED,Matched via exact.
Karnataka.pdf,PMBJK08099,Karnataka,Dakshina Kannada,SOUTH_INDIA_IN_SCOPE,534.0,MATCHED,Matched via exact.
Karnataka.pdf,PMBJK08157,Karnataka,Dakshina Kannada,SOUTH_INDIA_IN_SCOPE,534.0,MATCHED,Matched via exact.
Karnataka.pdf,PMBJK08162,Karnataka,Raichur,SOUTH_INDIA_IN_SCOPE,546.0,MATCHED,Matched via exact.
Karnataka.pdf,PMBJK08168,Karnataka,Udupi,SOUTH_INDIA_IN_SCOPE,549.0,MATCHED,Matched via exact.
Karnataka.pdf,PMBJK08169,Karnataka,Shivamogga,SOUTH_INDIA_IN_SCOPE,547.0,MATCHED,Matched via exact.
Karnataka.pdf,PMBJK08171,Karnataka,Dakshina Kannada,SOUTH_INDIA_IN_SCOPE,534.0,MATCHED,Matched via exact.
Karnataka.pdf,PMBJK08173,Karnataka,Dakshina Kannada,SOUTH_INDIA_IN_SCOPE,534.0,MATCHED,Matched via exact.
Karnataka.pdf,PMBJK08174,Karnataka,Tumakuru,SOUTH_INDIA_IN_SCOPE,548.0,MATCHED,Matched via exact.
Karnataka.pdf,PMBJK08175,Karnataka,Dakshina Kannada,SOUTH_INDIA_IN_SCOPE,534.0,MATCHED,Matched via exact.
Karnataka.pdf,PMBJK08178,Karnataka,Vijayapura,SOUTH_INDIA_IN_SCOPE,530.0,MATCHED,Matched via exact.
Karnataka.pdf,PMBJK08199,Karnataka,Kalaburagi,SOUTH_INDIA_IN_SCOPE,538.0,MATCHED,Matched via exact.
Karnataka.pdf,PMBJK08218,Karnataka,Bengaluru Urban,SOUTH_INDIA_IN_SCOPE,525.0,MATCHED,Matched via exact.
Karnataka.pdf,PMBJK08219,Karnataka,Udupi,SOUTH_INDIA_IN_SCOPE,549.0,MATCHED,Matched via exact.
Karnataka.pdf,PMBJK08233,Karnataka,Bengaluru Urban,SOUTH_INDIA_IN_SCOPE,525.0,MATCHED,Matched via exact.
Karnataka.pdf,PMBJK08251,Karnataka,Bengaluru Urban,SOUTH_INDIA_IN_SCOPE,525.0,MATCHED,Matched via exact.
Karnataka.pdf,PMBJK08254,Karnataka,Bengaluru Urban,SOUTH_INDIA_IN_SCOPE,525.0,MATCHED,Matched via exact.
Karnataka.pdf,PMBJK08308,Karnataka,Udupi,SOUTH_INDIA_IN_SCOPE,549.0,MATCHED,Matched via exact.
Karnataka.pdf,PMBJK08316,Karnataka,Bengaluru Urban,SOUTH_INDIA_IN_SCOPE,525.0,MATCHED,Matched via exact.
Karnataka.pdf,PMBJK08353,Karnataka,Bengaluru Urban,SOUTH_INDIA_IN_SCOPE,525.0,MATCHED,Matched via exact.
Karnataka.pdf,PMBJK08355,Karnataka,Belagavi,SOUTH_INDIA_IN_SCOPE,527.0,MATCHED,Matched via exact.
Karnataka.pdf,PMBJK08359,Karnataka,Bengaluru Urban,SOUTH_INDIA_IN_SCOPE,525.0,MATCHED,Matched via exact.
Karnataka.pdf,PMBJK08363,Karnataka,Chamarajanagara,SOUTH_INDIA_IN_SCOPE,531.0,MATCHED,Matched via exact.
Karnataka.pdf,PMBJK08367,Karnataka,Chikkamagaluru,SOUTH_INDIA_IN_SCOPE,532.0,MATCHED,Matched via exact.
Karnataka.pdf,PMBJK08368,Karnataka,Haveri,SOUTH_INDIA_IN_SCOPE,540.0,MATCHED,Matched via exact.
Karnataka.pdf,PMBJK08373,Karnataka,Chamarajanagara,SOUTH_INDIA_IN_SCOPE,531.0,MATCHED,Matched via exact.
Karnataka.pdf,PMBJK08374,Karnataka,Bengaluru Urban,SOUTH_INDIA_IN_SCOPE,525.0,MATCHED,Matched via exact.
Karnataka.pdf,PMBJK08393,Karnataka,Chikkamagaluru,SOUTH_INDIA_IN_SCOPE,532.0,MATCHED,Matched via exact.
Karnataka.pdf,PMBJK08420,Karnataka,Bengaluru Urban,SOUTH_INDIA_IN_SCOPE,525.0,MATCHED,Matched via exact.
Karnataka.pdf,PMBJK08434,Karnataka,Bagalkote,SOUTH_INDIA_IN_SCOPE,524.0,MATCHED,Matched via exact.
Karnataka.pdf,PMBJK08469,Karnataka,Dakshina Kannada,SOUTH_INDIA_IN_SCOPE,534.0,MATCHED,Matched via exact.
Karnataka.pdf,PMBJK08479,Karnataka,Raichur,SOUTH_INDIA_IN_SCOPE,546.0,MATCHED,Matched via exact.
Karnataka.pdf,PMBJK08493,Karnataka,Chikkaballapura,SOUTH_INDIA_IN_SCOPE,630.0,MATCHED,Matched via exact.
Karnataka.pdf,PMBJK08494,Karnataka,Dharwad,SOUTH_INDIA_IN_SCOPE,536.0,MATCHED,Matched via exact.
Karnataka.pdf,PMBJK08495,Karnataka,Bengaluru Rural,SOUTH_INDIA_IN_SCOPE,526.0,MATCHED,Matched via exact.
Karnataka.pdf,PMBJK08497,Karnataka,Bengaluru Urban,SOUTH_INDIA_IN_SCOPE,525.0,MATCHED,Matched via exact.
Karnataka.pdf,PMBJK08528,Karnataka,Bengaluru Urban,SOUTH_INDIA_IN_SCOPE,525.0,MATCHED,Matched via exact.
Karnataka.pdf,PMBJK08529,Karnataka,Bengaluru Urban,SOUTH_INDIA_IN_SCOPE,525.0,MATCHED,Matched via exact.
Karnataka.pdf,PMBJK08531,Karnataka,Bengaluru Urban,SOUTH_INDIA_IN_SCOPE,525.0,MATCHED,Matched via exact.
Karnataka.pdf,PMBJK08546,Karnataka,Bengaluru Urban,SOUTH_INDIA_IN_SCOPE,525.0,MATCHED,Matched via exact.
Karnataka.pdf,PMBJK08552,Karnataka,Haveri,SOUTH_INDIA_IN_SCOPE,540.0,MATCHED,Matched via exact.
Karnataka.pdf,PMBJK08562,Karnataka,Mysuru,SOUTH_INDIA_IN_SCOPE,545.0,MATCHED,Matched via exact.
Karnataka.pdf,PMBJK08572,Karnataka,Bengaluru Urban,SOUTH_INDIA_IN_SCOPE,525.0,MATCHED,Matched via exact.
Karnataka.pdf,PMBJK08581,Karnataka,Mandya,SOUTH_INDIA_IN_SCOPE,544.0,MATCHED,Matched via exact.
Karnataka.pdf,PMBJK08583,Karnataka,Udupi,SOUTH_INDIA_IN_SCOPE,549.0,MATCHED,Matched via exact.
Karnataka.pdf,PMBJK08598,Karnataka,Dakshina Kannada,SOUTH_INDIA_IN_SCOPE,534.0,MATCHED,Matched via exact.
Karnataka.pdf,PMBJK08599,Karnataka,Tumakuru,SOUTH_INDIA_IN_SCOPE,548.0,MATCHED,Matched via exact.
Karnataka.pdf,PMBJK08622,Karnataka,Bengaluru Urban,SOUTH_INDIA_IN_SCOPE,525.0,MATCHED,Matched via exact.
Karnataka.pdf,PMBJK08633,Karnataka,Bengaluru Urban,SOUTH_INDIA_IN_SCOPE,525.0,MATCHED,Matched via exact.
Karnataka.pdf,PMBJK08648,Karnataka,Mandya,SOUTH_INDIA_IN_SCOPE,544.0,MATCHED,Matched via exact.
Karnataka.pdf,PMBJK08691,Karnataka,Tumakuru,SOUTH_INDIA_IN_SCOPE,548.0,MATCHED,Matched via exact.
Karnataka.pdf,PMBJK08694,Karnataka,Bengaluru Urban,SOUTH_INDIA_IN_SCOPE,525.0,MATCHED,Matched via exact.
Karnataka.pdf,PMBJK08705,Karnataka,Mysuru,SOUTH_INDIA_IN_SCOPE,545.0,MATCHED,Matched via exact.
Karnataka.pdf,PMBJK08718,Karnataka,Mysuru,SOUTH_INDIA_IN_SCOPE,545.0,MATCHED,Matched via exact.
Karnataka.pdf,PMBJK08719,Karnataka,Bengaluru Urban,SOUTH_INDIA_IN_SCOPE,525.0,MATCHED,Matched via exact.
Karnataka.pdf,PMBJK08742,Karnataka,Kolar,SOUTH_INDIA_IN_SCOPE,542.0,MATCHED,Matched via exact.
Karnataka.pdf,PMBJK08745,Karnataka,Davangere,SOUTH_INDIA_IN_SCOPE,535.0,MATCHED,Matched via exact.
Karnataka.pdf,PMBJK08750,Karnataka,Davangere,SOUTH_INDIA_IN_SCOPE,535.0,MATCHED,Matched via exact.
Karnataka.pdf,PMBJK08753,Karnataka,Vijayapura,SOUTH_INDIA_IN_SCOPE,530.0,MATCHED,Matched via exact.
Karnataka.pdf,PMBJK08758,Karnataka,Uttara Kannada,SOUTH_INDIA_IN_SCOPE,550.0,MATCHED,Matched via exact.
Karnataka.pdf,PMBJK08764,Karnataka,Udupi,SOUTH_INDIA_IN_SCOPE,549.0,MATCHED,Matched via exact.
Karnataka.pdf,PMBJK08766,Karnataka,Bengaluru Urban,SOUTH_INDIA_IN_SCOPE,525.0,MATCHED,Matched via exact.
Karnataka.pdf,PMBJK08834,Karnataka,Haveri,SOUTH_INDIA_IN_SCOPE,540.0,MATCHED,Matched via exact.
Karnataka.pdf,PMBJK08846,Karnataka,Vijayapura,SOUTH_INDIA_IN_SCOPE,530.0,MATCHED,Matched via exact.
Karnataka.pdf,PMBJK08848,Karnataka,Mandya,SOUTH_INDIA_IN_SCOPE,544.0,MATCHED,Matched via exact.
Karnataka.pdf,PMBJK08870,Karnataka,Bengaluru Urban,SOUTH_INDIA_IN_SCOPE,525.0,MATCHED,Matched via exact.
Karnataka.pdf,PMBJK08871,Karnataka,Vijayapura,SOUTH_INDIA_IN_SCOPE,530.0,MATCHED,Matched via exact.
Karnataka.pdf,PMBJK08872,Karnataka,Bengaluru Urban,SOUTH_INDIA_IN_SCOPE,525.0,MATCHED,Matched via exact.
Karnataka.pdf,PMBJK08891,Karnataka,Davangere,SOUTH_INDIA_IN_SCOPE,535.0,MATCHED,Matched via exact.
Karnataka.pdf,PMBJK08899,Karnataka,Tumakuru,SOUTH_INDIA_IN_SCOPE,548.0,MATCHED,Matched via exact.
Karnataka.pdf,PMBJK08900,Karnataka,Bengaluru Urban,SOUTH_INDIA_IN_SCOPE,525.0,MATCHED,Matched via exact.
Karnataka.pdf,PMBJK08901,Karnataka,Udupi,SOUTH_INDIA_IN_SCOPE,549.0,MATCHED,Matched via exact.
Karnataka.pdf,PMBJK08902,Karnataka,Shivamogga,SOUTH_INDIA_IN_SCOPE,547.0,MATCHED,Matched via exact.
Karnataka.pdf,PMBJK08934,Karnataka,Kodagu,SOUTH_INDIA_IN_SCOPE,541.0,MATCHED,Matched via exact.
Karnataka.pdf,PMBJK08938,Karnataka,Bengaluru Urban,SOUTH_INDIA_IN_SCOPE,525.0,MATCHED,Matched via exact.
Karnataka.pdf,PMBJK08939,Karnataka,Shivamogga,SOUTH_INDIA_IN_SCOPE,547.0,MATCHED,Matched via exact.
Karnataka.pdf,PMBJK08948,Karnataka,Kodagu,SOUTH_INDIA_IN_SCOPE,541.0,MATCHED,Matched via exact.
Karnataka.pdf,PMBJK08979,Karnataka,Koppal,SOUTH_INDIA_IN_SCOPE,543.0,MATCHED,Matched via exact.
Karnataka.pdf,PMBJK08980,Karnataka,Bengaluru Urban,SOUTH_INDIA_IN_SCOPE,525.0,MATCHED,Matched via exact.
Karnataka.pdf,PMBJK09005,Karnataka,Bengaluru Urban,SOUTH_INDIA_IN_SCOPE,525.0,MATCHED,Matched via exact.
Karnataka.pdf,PMBJK09006,Karnataka,Davangere,SOUTH_INDIA_IN_SCOPE,535.0,MATCHED,Matched via exact.
Karnataka.pdf,PMBJK09032,Karnataka,Kolar,SOUTH_INDIA_IN_SCOPE,542.0,MATCHED,Matched via exact.
Karnataka.pdf,PMBJK09033,Karnataka,Dharwad,SOUTH_INDIA_IN_SCOPE,536.0,MATCHED,Matched via exact.
Karnataka.pdf,PMBJK09065,Karnataka,Haveri,SOUTH_INDIA_IN_SCOPE,540.0,MATCHED,Matched via exact.
Karnataka.pdf,PMBJK09097,Karnataka,Dakshina Kannada,SOUTH_INDIA_IN_SCOPE,534.0,MATCHED,Matched via exact.
Karnataka.pdf,PMBJK09108,Karnataka,Bengaluru Urban,SOUTH_INDIA_IN_SCOPE,525.0,MATCHED,Matched via exact.
Karnataka.pdf,PMBJK09109,Karnataka,Belagavi,SOUTH_INDIA_IN_SCOPE,527.0,MATCHED,Matched via exact.
Karnataka.pdf,PMBJK09160,Karnataka,Dakshina Kannada,SOUTH_INDIA_IN_SCOPE,534.0,MATCHED,Matched via exact.
Karnataka.pdf,PMBJK09161,Karnataka,Kodagu,SOUTH_INDIA_IN_SCOPE,541.0,MATCHED,Matched via exact.
Karnataka.pdf,PMBJK09162,Karnataka,Bengaluru Urban,SOUTH_INDIA_IN_SCOPE,525.0,MATCHED,Matched via exact.
Karnataka.pdf,PMBJK09167,Karnataka,Bagalkote,SOUTH_INDIA_IN_SCOPE,524.0,MATCHED,Matched via exact.
Karnataka.pdf,PMBJK09176,Karnataka,Mandya,SOUTH_INDIA_IN_SCOPE,544.0,MATCHED,Matched via exact.
Karnataka.pdf,PMBJK09186,Karnataka,Bengaluru Urban,SOUTH_INDIA_IN_SCOPE,525.0,MATCHED,Matched via exact.
Karnataka.pdf,PMBJK09203,Karnataka,Udupi,SOUTH_INDIA_IN_SCOPE,549.0,MATCHED,Matched via exact.
Karnataka.pdf,PMBJK09238,Karnataka,Vijayanagar,SOUTH_INDIA_IN_SCOPE,738.0,MATCHED,Matched via split.
Karnataka.pdf,PMBJK09241,Karnataka,Chitradurga,SOUTH_INDIA_IN_SCOPE,533.0,MATCHED,Matched via exact.
Karnataka.pdf,PMBJK09254,Karnataka,Bengaluru Urban,SOUTH_INDIA_IN_SCOPE,525.0,MATCHED,Matched via exact.
Karnataka.pdf,PMBJK09305,Karnataka,Bengaluru Urban,SOUTH_INDIA_IN_SCOPE,525.0,MATCHED,Matched via exact.
Karnataka.pdf,PMBJK09327,Karnataka,Tumakuru,SOUTH_INDIA_IN_SCOPE,548.0,MATCHED,Matched via exact.
Karnataka.pdf,PMBJK09354,Karnataka,Bengaluru Urban,SOUTH_INDIA_IN_SCOPE,525.0,MATCHED,Matched via exact.
Karnataka.pdf,PMBJK09371,Karnataka,Bengaluru Urban,SOUTH_INDIA_IN_SCOPE,525.0,MATCHED,Matched via exact.
Karnataka.pdf,PMBJK09414,Karnataka,Udupi,SOUTH_INDIA_IN_SCOPE,549.0,MATCHED,Matched via exact.
Karnataka.pdf,PMBJK09426,Karnataka,Dakshina Kannada,SOUTH_INDIA_IN_SCOPE,534.0,MATCHED,Matched via exact.
Karnataka.pdf,PMBJK09428,Karnataka,Mysuru,SOUTH_INDIA_IN_SCOPE,545.0,MATCHED,Matched via exact.
Karnataka.pdf,PMBJK09437,Karnataka,Bengaluru Urban,SOUTH_INDIA_IN_SCOPE,525.0,MATCHED,Matched via exact.
Karnataka.pdf,PMBJK09452,Karnataka,Bengaluru Urban,SOUTH_INDIA_IN_SCOPE,525.0,MATCHED,Matched via exact.
Karnataka.pdf,PMBJK09455,Karnataka,Bagalkote,SOUTH_INDIA_IN_SCOPE,524.0,MATCHED,Matched via exact.
Karnataka.pdf,PMBJK09481,Karnataka,Bengaluru Urban,SOUTH_INDIA_IN_SCOPE,525.0,MATCHED,Matched via exact.
Karnataka.pdf,PMBJK09495,Karnataka,Bengaluru Urban,SOUTH_INDIA_IN_SCOPE,525.0,MATCHED,Matched via exact.
Karnataka.pdf,PMBJK09528,Karnataka,Bengaluru Urban,SOUTH_INDIA_IN_SCOPE,525.0,MATCHED,Matched via exact.
Karnataka.pdf,PMBJK09549,Karnataka,Bengaluru Urban,SOUTH_INDIA_IN_SCOPE,525.0,MATCHED,Matched via exact.
Karnataka.pdf,PMBJK09570,Karnataka,Hassan,SOUTH_INDIA_IN_SCOPE,539.0,MATCHED,Matched via exact.
Karnataka.pdf,PMBJK09572,Karnataka,Bengaluru Urban,SOUTH_INDIA_IN_SCOPE,525.0,MATCHED,Matched via exact.
Karnataka.pdf,PMBJK09581,Karnataka,Bengaluru Urban,SOUTH_INDIA_IN_SCOPE,525.0,MATCHED,Matched via exact.
Karnataka.pdf,PMBJK09672,Karnataka,Bengaluru Urban,SOUTH_INDIA_IN_SCOPE,525.0,MATCHED,Matched via exact.
Karnataka.pdf,PMBJK09673,Karnataka,Udupi,SOUTH_INDIA_IN_SCOPE,549.0,MATCHED,Matched via exact.
Karnataka.pdf,PMBJK09674,Karnataka,Bengaluru Urban,SOUTH_INDIA_IN_SCOPE,525.0,MATCHED,Matched via exact.
Karnataka.pdf,PMBJK09687,Karnataka,Udupi,SOUTH_INDIA_IN_SCOPE,549.0,MATCHED,Matched via exact.
Karnataka.pdf,PMBJK09691,Karnataka,Bengaluru Urban,SOUTH_INDIA_IN_SCOPE,525.0,MATCHED,Matched via exact.
Karnataka.pdf,PMBJK09692,Karnataka,Chamarajanagara,SOUTH_INDIA_IN_SCOPE,531.0,MATCHED,Matched via exact.
Karnataka.pdf,PMBJK09715,Karnataka,Bengaluru Rural,SOUTH_INDIA_IN_SCOPE,526.0,MATCHED,Matched via exact.
Karnataka.pdf,PMBJK09716,Karnataka,Mysuru,SOUTH_INDIA_IN_SCOPE,545.0,MATCHED,Matched via exact.
Karnataka.pdf,PMBJK09717,Karnataka,Chitradurga,SOUTH_INDIA_IN_SCOPE,533.0,MATCHED,Matched via exact.
Karnataka.pdf,PMBJK09718,Karnataka,Bengaluru Urban,SOUTH_INDIA_IN_SCOPE,525.0,MATCHED,Matched via exact.
Karnataka.pdf,PMBJK09719,Karnataka,Bengaluru Urban,SOUTH_INDIA_IN_SCOPE,525.0,MATCHED,Matched via exact.
Karnataka.pdf,PMBJK09720,Karnataka,Kodagu,SOUTH_INDIA_IN_SCOPE,541.0,MATCHED,Matched via exact.
Karnataka.pdf,PMBJK09721,Karnataka,Chamarajanagara,SOUTH_INDIA_IN_SCOPE,531.0,MATCHED,Matched via exact.
Karnataka.pdf,PMBJK09722,Karnataka,Kodagu,SOUTH_INDIA_IN_SCOPE,541.0,MATCHED,Matched via exact.
Karnataka.pdf,PMBJK09723,Karnataka,Bengaluru Urban,SOUTH_INDIA_IN_SCOPE,525.0,MATCHED,Matched via exact.
Karnataka.pdf,PMBJK09727,Karnataka,Bengaluru Urban,SOUTH_INDIA_IN_SCOPE,525.0,MATCHED,Matched via exact.
Karnataka.pdf,PMBJK09728,Karnataka,Kolar,SOUTH_INDIA_IN_SCOPE,542.0,MATCHED,Matched via exact.
Karnataka.pdf,PMBJK09729,Karnataka,Bengaluru Urban,SOUTH_INDIA_IN_SCOPE,525.0,MATCHED,Matched via exact.
Karnataka.pdf,PMBJK09730,Karnataka,Bengaluru Urban,SOUTH_INDIA_IN_SCOPE,525.0,MATCHED,Matched via exact.
Karnataka.pdf,PMBJK09736,Karnataka,Udupi,SOUTH_INDIA_IN_SCOPE,549.0,MATCHED,Matched via exact.
Karnataka.pdf,PMBJK09744,Karnataka,Bengaluru Urban,SOUTH_INDIA_IN_SCOPE,525.0,MATCHED,Matched via exact.
Karnataka.pdf,PMBJK09745,Karnataka,Bengaluru Urban,SOUTH_INDIA_IN_SCOPE,525.0,MATCHED,Matched via exact.
Karnataka.pdf,PMBJK09746,Karnataka,Bengaluru Urban,SOUTH_INDIA_IN_SCOPE,525.0,MATCHED,Matched via exact.
Karnataka.pdf,PMBJK09765,Karnataka,Bengaluru Urban,SOUTH_INDIA_IN_SCOPE,525.0,MATCHED,Matched via exact.
Karnataka.pdf,PMBJK09766,Karnataka,Bengaluru Urban,SOUTH_INDIA_IN_SCOPE,525.0,MATCHED,Matched via exact.
Karnataka.pdf,PMBJK09784,Karnataka,Bengaluru Urban,SOUTH_INDIA_IN_SCOPE,525.0,MATCHED,Matched via exact.
Karnataka.pdf,PMBJK09800,Karnataka,Mysuru,SOUTH_INDIA_IN_SCOPE,545.0,MATCHED,Matched via exact.
Karnataka.pdf,PMBJK09801,Karnataka,Bengaluru Urban,SOUTH_INDIA_IN_SCOPE,525.0,MATCHED,Matched via exact.
Karnataka.pdf,PMBJK09802,Karnataka,Bengaluru Urban,SOUTH_INDIA_IN_SCOPE,525.0,MATCHED,Matched via exact.
Karnataka.pdf,PMBJK09809,Karnataka,Chitradurga,SOUTH_INDIA_IN_SCOPE,533.0,MATCHED,Matched via exact.
Karnataka.pdf,PMBJK09833,Karnataka,Bengaluru Urban,SOUTH_INDIA_IN_SCOPE,525.0,MATCHED,Matched via exact.
Karnataka.pdf,PMBJK09834,Karnataka,Bengaluru Urban,SOUTH_INDIA_IN_SCOPE,525.0,MATCHED,Matched via exact.
Karnataka.pdf,PMBJK09835,Karnataka,Chitradurga,SOUTH_INDIA_IN_SCOPE,533.0,MATCHED,Matched via exact.
Karnataka.pdf,PMBJK09845,Karnataka,Mandya,SOUTH_INDIA_IN_SCOPE,544.0,MATCHED,Matched via exact.
Karnataka.pdf,PMBJK09846,Karnataka,Dakshina Kannada,SOUTH_INDIA_IN_SCOPE,534.0,MATCHED,Matched via exact.
Karnataka.pdf,PMBJK09847,Karnataka,Bengaluru Urban,SOUTH_INDIA_IN_SCOPE,525.0,MATCHED,Matched via exact.
Karnataka.pdf,PMBJK09848,Karnataka,Ballari,SOUTH_INDIA_IN_SCOPE,528.0,MATCHED,Matched via exact.
Karnataka.pdf,PMBJK09849,Karnataka,Mandya,SOUTH_INDIA_IN_SCOPE,544.0,MATCHED,Matched via exact.
Karnataka.pdf,PMBJK09894,Karnataka,Belagavi,SOUTH_INDIA_IN_SCOPE,527.0,MATCHED,Matched via exact.
Karnataka.pdf,PMBJK09895,Karnataka,Mandya,SOUTH_INDIA_IN_SCOPE,544.0,MATCHED,Matched via exact.
Karnataka.pdf,PMBJK09896,Karnataka,Bengaluru Urban,SOUTH_INDIA_IN_SCOPE,525.0,MATCHED,Matched via exact.
Karnataka.pdf,PMBJK09897,Karnataka,Bengaluru Urban,SOUTH_INDIA_IN_SCOPE,525.0,MATCHED,Matched via exact.
Karnataka.pdf,PMBJK09906,Karnataka,Bengaluru Urban,SOUTH_INDIA_IN_SCOPE,525.0,MATCHED,Matched via exact.
Karnataka.pdf,PMBJK09907,Karnataka,Tumakuru,SOUTH_INDIA_IN_SCOPE,548.0,MATCHED,Matched via exact.
Karnataka.pdf,PMBJK09908,Karnataka,Shivamogga,SOUTH_INDIA_IN_SCOPE,547.0,MATCHED,Matched via exact.
Karnataka.pdf,PMBJK09909,Karnataka,Bengaluru Urban,SOUTH_INDIA_IN_SCOPE,525.0,MATCHED,Matched via exact.
Karnataka.pdf,PMBJK09910,Karnataka,Bengaluru Urban,SOUTH_INDIA_IN_SCOPE,525.0,MATCHED,Matched via exact.
Karnataka.pdf,PMBJK09911,Karnataka,Bengaluru Urban,SOUTH_INDIA_IN_SCOPE,525.0,MATCHED,Matched via exact.
Karnataka.pdf,PMBJK09930,Karnataka,Bengaluru Rural,SOUTH_INDIA_IN_SCOPE,526.0,MATCHED,Matched via exact.
Karnataka.pdf,PMBJK09931,Karnataka,Tumakuru,SOUTH_INDIA_IN_SCOPE,548.0,MATCHED,Matched via exact.
Karnataka.pdf,PMBJK09933,Karnataka,Mandya,SOUTH_INDIA_IN_SCOPE,544.0,MATCHED,Matched via exact.
Karnataka.pdf,PMBJK10022,Karnataka,Hassan,SOUTH_INDIA_IN_SCOPE,539.0,MATCHED,Matched via exact.
Karnataka.pdf,PMBJK10023,Karnataka,Bidar,SOUTH_INDIA_IN_SCOPE,529.0,MATCHED,Matched via exact.
Karnataka.pdf,PMBJK10025,Karnataka,Mysuru,SOUTH_INDIA_IN_SCOPE,545.0,MATCHED,Matched via exact.
Karnataka.pdf,PMBJK10028,Karnataka,Bengaluru Urban,SOUTH_INDIA_IN_SCOPE,525.0,MATCHED,Matched via exact.
Karnataka.pdf,PMBJK10040,Karnataka,Bengaluru Urban,SOUTH_INDIA_IN_SCOPE,525.0,MATCHED,Matched via exact.
Karnataka.pdf,PMBJK10041,Karnataka,Bengaluru Urban,SOUTH_INDIA_IN_SCOPE,525.0,MATCHED,Matched via exact.
Karnataka.pdf,PMBJK10071,Karnataka,Bengaluru Urban,SOUTH_INDIA_IN_SCOPE,525.0,MATCHED,Matched via exact.
Karnataka.pdf,PMBJK10112,Karnataka,Ballari,SOUTH_INDIA_IN_SCOPE,528.0,MATCHED,Matched via exact.
Karnataka.pdf,PMBJK10120,Karnataka,Udupi,SOUTH_INDIA_IN_SCOPE,549.0,MATCHED,Matched via exact.
Karnataka.pdf,PMBJK10129,Karnataka,Chitradurga,SOUTH_INDIA_IN_SCOPE,533.0,MATCHED,Matched via exact.
Karnataka.pdf,PMBJK10144,Karnataka,Kalaburagi,SOUTH_INDIA_IN_SCOPE,538.0,MATCHED,Matched via exact.
Karnataka.pdf,PMBJK10156,Karnataka,Belagavi,SOUTH_INDIA_IN_SCOPE,527.0,MATCHED,Matched via exact.
Karnataka.pdf,PMBJK10165,Karnataka,Gadag,SOUTH_INDIA_IN_SCOPE,537.0,MATCHED,Matched via exact.
Karnataka.pdf,PMBJK10166,Karnataka,Vijayapura,SOUTH_INDIA_IN_SCOPE,530.0,MATCHED,Matched via exact.
Karnataka.pdf,PMBJK10172,Karnataka,Bengaluru Urban,SOUTH_INDIA_IN_SCOPE,525.0,MATCHED,Matched via exact.
Karnataka.pdf,PMBJK10178,Karnataka,Bengaluru Urban,SOUTH_INDIA_IN_SCOPE,525.0,MATCHED,Matched via exact.
Karnataka.pdf,PMBJK10196,Karnataka,Bengaluru Urban,SOUTH_INDIA_IN_SCOPE,525.0,MATCHED,Matched via exact.
Karnataka.pdf,PMBJK10201,Karnataka,Bengaluru Urban,SOUTH_INDIA_IN_SCOPE,525.0,MATCHED,Matched via exact.
Karnataka.pdf,PMBJK10202,Karnataka,Udupi,SOUTH_INDIA_IN_SCOPE,549.0,MATCHED,Matched via exact.
Karnataka.pdf,PMBJK10208,Karnataka,Ballari,SOUTH_INDIA_IN_SCOPE,528.0,MATCHED,Matched via exact.
Karnataka.pdf,PMBJK10209,Karnataka,Chikkaballapura,SOUTH_INDIA_IN_SCOPE,630.0,MATCHED,Matched via exact.
Karnataka.pdf,PMBJK10218,Karnataka,Shivamogga,SOUTH_INDIA_IN_SCOPE,547.0,MATCHED,Matched via exact.
Karnataka.pdf,PMBJK10219,Karnataka,Kalaburagi,SOUTH_INDIA_IN_SCOPE,538.0,MATCHED,Matched via exact.
Karnataka.pdf,PMBJK10239,Karnataka,Bengaluru Urban,SOUTH_INDIA_IN_SCOPE,525.0,MATCHED,Matched via exact.
Karnataka.pdf,PMBJK10240,Karnataka,Davangere,SOUTH_INDIA_IN_SCOPE,535.0,MATCHED,Matched via exact.
Karnataka.pdf,PMBJK10255,Karnataka,Udupi,SOUTH_INDIA_IN_SCOPE,549.0,MATCHED,Matched via exact.
Karnataka.pdf,PMBJK10259,Karnataka,Bengaluru Urban,SOUTH_INDIA_IN_SCOPE,525.0,MATCHED,Matched via exact.
Karnataka.pdf,PMBJK10261,Karnataka,Bengaluru Urban,SOUTH_INDIA_IN_SCOPE,525.0,MATCHED,Matched via exact.
Karnataka.pdf,PMBJK10265,Karnataka,Bengaluru Urban,SOUTH_INDIA_IN_SCOPE,525.0,MATCHED,Matched via exact.
Karnataka.pdf,PMBJK10276,Karnataka,Bengaluru Urban,SOUTH_INDIA_IN_SCOPE,525.0,MATCHED,Matched via exact.
Karnataka.pdf,PMBJK10277,Karnataka,Ballari,SOUTH_INDIA_IN_SCOPE,528.0,MATCHED,Matched via exact.
Karnataka.pdf,PMBJK10283,Karnataka,Bengaluru Urban,SOUTH_INDIA_IN_SCOPE,525.0,MATCHED,Matched via exact.
Karnataka.pdf,PMBJK10293,Karnataka,Bengaluru Urban,SOUTH_INDIA_IN_SCOPE,525.0,MATCHED,Matched via exact.
Karnataka.pdf,PMBJK10294,Karnataka,Bengaluru Urban,SOUTH_INDIA_IN_SCOPE,525.0,MATCHED,Matched via exact.
Karnataka.pdf,PMBJK10295,Karnataka,Chikkamagaluru,SOUTH_INDIA_IN_SCOPE,532.0,MATCHED,Matched via exact.
Karnataka.pdf,PMBJK10299,Karnataka,Bagalkote,SOUTH_INDIA_IN_SCOPE,524.0,MATCHED,Matched via exact.
Karnataka.pdf,PMBJK10300,Karnataka,Bengaluru Urban,SOUTH_INDIA_IN_SCOPE,525.0,MATCHED,Matched via exact.
Karnataka.pdf,PMBJK10319,Karnataka,Mysuru,SOUTH_INDIA_IN_SCOPE,545.0,MATCHED,Matched via exact.
Karnataka.pdf,PMBJK10320,Karnataka,Mandya,SOUTH_INDIA_IN_SCOPE,544.0,MATCHED,Matched via exact.
Karnataka.pdf,PMBJK10321,Karnataka,Ballari,SOUTH_INDIA_IN_SCOPE,528.0,MATCHED,Matched via exact.
Karnataka.pdf,PMBJK10325,Karnataka,Kalaburagi,SOUTH_INDIA_IN_SCOPE,538.0,MATCHED,Matched via exact.
Karnataka.pdf,PMBJK10327,Karnataka,Haveri,SOUTH_INDIA_IN_SCOPE,540.0,MATCHED,Matched via exact.
Karnataka.pdf,PMBJK10328,Karnataka,Raichur,SOUTH_INDIA_IN_SCOPE,546.0,MATCHED,Matched via exact.
Karnataka.pdf,PMBJK10329,Karnataka,Kalaburagi,SOUTH_INDIA_IN_SCOPE,538.0,MATCHED,Matched via exact.
Karnataka.pdf,PMBJK10330,Karnataka,Mysuru,SOUTH_INDIA_IN_SCOPE,545.0,MATCHED,Matched via exact.
Karnataka.pdf,PMBJK10365,Karnataka,Bidar,SOUTH_INDIA_IN_SCOPE,529.0,MATCHED,Matched via exact.
Karnataka.pdf,PMBJK10366,Karnataka,Bengaluru Urban,SOUTH_INDIA_IN_SCOPE,525.0,MATCHED,Matched via exact.
Karnataka.pdf,PMBJK10403,Karnataka,Vijayanagar,SOUTH_INDIA_IN_SCOPE,738.0,MATCHED,Matched via split.
Karnataka.pdf,PMBJK10417,Karnataka,Ballari,SOUTH_INDIA_IN_SCOPE,528.0,MATCHED,Matched via exact.
Karnataka.pdf,PMBJK10421,Karnataka,Bengaluru Urban,SOUTH_INDIA_IN_SCOPE,525.0,MATCHED,Matched via exact.
Karnataka.pdf,PMBJK10431,Karnataka,Bengaluru Urban,SOUTH_INDIA_IN_SCOPE,525.0,MATCHED,Matched via exact.
Karnataka.pdf,PMBJK10448,Karnataka,Mandya,SOUTH_INDIA_IN_SCOPE,544.0,MATCHED,Matched via exact.
Karnataka.pdf,PMBJK10449,Karnataka,Ballari,SOUTH_INDIA_IN_SCOPE,528.0,MATCHED,Matched via exact.
Karnataka.pdf,PMBJK10453,Karnataka,Bengaluru Urban,SOUTH_INDIA_IN_SCOPE,525.0,MATCHED,Matched via exact.
Karnataka.pdf,PMBJK10454,Karnataka,Bengaluru Rural,SOUTH_INDIA_IN_SCOPE,526.0,MATCHED,Matched via exact.
Karnataka.pdf,PMBJK10458,Karnataka,Davangere,SOUTH_INDIA_IN_SCOPE,535.0,MATCHED,Matched via exact.
Karnataka.pdf,PMBJK10477,Karnataka,Raichur,SOUTH_INDIA_IN_SCOPE,546.0,MATCHED,Matched via exact.
Karnataka.pdf,PMBJK10481,Karnataka,Bengaluru Urban,SOUTH_INDIA_IN_SCOPE,525.0,MATCHED,Matched via exact.
Karnataka.pdf,PMBJK10483,Karnataka,Dharwad,SOUTH_INDIA_IN_SCOPE,536.0,MATCHED,Matched via exact.
Karnataka.pdf,PMBJK10486,Karnataka,Ballari,SOUTH_INDIA_IN_SCOPE,528.0,MATCHED,Matched via exact.
Karnataka.pdf,PMBJK10515,Karnataka,Bengaluru Urban,SOUTH_INDIA_IN_SCOPE,525.0,MATCHED,Matched via exact.
Karnataka.pdf,PMBJK10525,Karnataka,Ballari,SOUTH_INDIA_IN_SCOPE,528.0,MATCHED,Matched via exact.
Karnataka.pdf,PMBJK10556,Karnataka,Davangere,SOUTH_INDIA_IN_SCOPE,535.0,MATCHED,Matched via exact.
Karnataka.pdf,PMBJK10557,Karnataka,Udupi,SOUTH_INDIA_IN_SCOPE,549.0,MATCHED,Matched via exact.
Karnataka.pdf,PMBJK10575,Karnataka,Yadgir,SOUTH_INDIA_IN_SCOPE,635.0,MATCHED,Matched via exact.
Karnataka.pdf,PMBJK10577,Karnataka,Kalaburagi,SOUTH_INDIA_IN_SCOPE,538.0,MATCHED,Matched via exact.
Karnataka.pdf,PMBJK10610,Karnataka,Mandya,SOUTH_INDIA_IN_SCOPE,544.0,MATCHED,Matched via exact.
Karnataka.pdf,PMBJK10611,Karnataka,Bengaluru Urban,SOUTH_INDIA_IN_SCOPE,525.0,MATCHED,Matched via exact.
Karnataka.pdf,PMBJK10642,Karnataka,Mandya,SOUTH_INDIA_IN_SCOPE,544.0,MATCHED,Matched via exact.
Karnataka.pdf,PMBJK10650,Karnataka,Hassan,SOUTH_INDIA_IN_SCOPE,539.0,MATCHED,Matched via exact.
Karnataka.pdf,PMBJK10653,Karnataka,Bengaluru Urban,SOUTH_INDIA_IN_SCOPE,525.0,MATCHED,Matched via exact.
Karnataka.pdf,PMBJK10665,Karnataka,Dakshina Kannada,SOUTH_INDIA_IN_SCOPE,534.0,MATCHED,Matched via exact.
Karnataka.pdf,PMBJK10666,Karnataka,Bengaluru Urban,SOUTH_INDIA_IN_SCOPE,525.0,MATCHED,Matched via exact.
Karnataka.pdf,PMBJK10696,Karnataka,Bengaluru Urban,SOUTH_INDIA_IN_SCOPE,525.0,MATCHED,Matched via exact.
Karnataka.pdf,PMBJK10706,Karnataka,Udupi,SOUTH_INDIA_IN_SCOPE,549.0,MATCHED,Matched via exact.
Karnataka.pdf,PMBJK10708,Karnataka,Bengaluru Urban,SOUTH_INDIA_IN_SCOPE,525.0,MATCHED,Matched via exact.
Karnataka.pdf,PMBJK10727,Karnataka,Bengaluru Urban,SOUTH_INDIA_IN_SCOPE,525.0,MATCHED,Matched via exact.
Karnataka.pdf,PMBJK10735,Karnataka,Yadgir,SOUTH_INDIA_IN_SCOPE,635.0,MATCHED,Matched via exact.
Karnataka.pdf,PMBJK10752,Karnataka,Bengaluru Urban,SOUTH_INDIA_IN_SCOPE,525.0,MATCHED,Matched via exact.
Karnataka.pdf,PMBJK10846,Karnataka,Bengaluru Urban,SOUTH_INDIA_IN_SCOPE,525.0,MATCHED,Matched via exact.
Karnataka.pdf,PMBJK10847,Karnataka,Dakshina Kannada,SOUTH_INDIA_IN_SCOPE,534.0,MATCHED,Matched via exact.
Karnataka.pdf,PMBJK10879,Karnataka,Gadag,SOUTH_INDIA_IN_SCOPE,537.0,MATCHED,Matched via exact.
Karnataka.pdf,PMBJK10972,Karnataka,Koppal,SOUTH_INDIA_IN_SCOPE,543.0,MATCHED,Matched via exact.
Karnataka.pdf,PMBJK10973,Karnataka,Ballari,SOUTH_INDIA_IN_SCOPE,528.0,MATCHED,Matched via exact.
Karnataka.pdf,PMBJK11006,Karnataka,Kalaburagi,SOUTH_INDIA_IN_SCOPE,538.0,MATCHED,Matched via exact.
Karnataka.pdf,PMBJK11020,Karnataka,Bengaluru Urban,SOUTH_INDIA_IN_SCOPE,525.0,MATCHED,Matched via exact.
Karnataka.pdf,PMBJK11024,Karnataka,Ballari,SOUTH_INDIA_IN_SCOPE,528.0,MATCHED,Matched via exact.
Karnataka.pdf,PMBJK11095,Karnataka,Kolar,SOUTH_INDIA_IN_SCOPE,542.0,MATCHED,Matched via exact.
Karnataka.pdf,PMBJK11110,Karnataka,Kolar,SOUTH_INDIA_IN_SCOPE,542.0,MATCHED,Matched via exact.
Karnataka.pdf,PMBJK11111,Karnataka,Vijayapura,SOUTH_INDIA_IN_SCOPE,530.0,MATCHED,Matched via exact.
Karnataka.pdf,PMBJK11117,Karnataka,Dakshina Kannada,SOUTH_INDIA_IN_SCOPE,534.0,MATCHED,Matched via exact.
Karnataka.pdf,PMBJK11135,Karnataka,Bengaluru Urban,SOUTH_INDIA_IN_SCOPE,525.0,MATCHED,Matched via exact.
Karnataka.pdf,PMBJK11139,Karnataka,Bengaluru Urban,SOUTH_INDIA_IN_SCOPE,525.0,MATCHED,Matched via exact.
Karnataka.pdf,PMBJK11156,Karnataka,Chikkaballapura,SOUTH_INDIA_IN_SCOPE,630.0,MATCHED,Matched via exact.
Karnataka.pdf,PMBJK11157,Karnataka,Bengaluru Rural,SOUTH_INDIA_IN_SCOPE,526.0,MATCHED,Matched via exact.
Karnataka.pdf,PMBJK11187,Karnataka,Bengaluru Urban,SOUTH_INDIA_IN_SCOPE,525.0,MATCHED,Matched via exact.
Karnataka.pdf,PMBJK11188,Karnataka,Bengaluru Urban,SOUTH_INDIA_IN_SCOPE,525.0,MATCHED,Matched via exact.
Karnataka.pdf,PMBJK11189,Karnataka,Bengaluru Urban,SOUTH_INDIA_IN_SCOPE,525.0,MATCHED,Matched via exact.
Karnataka.pdf,PMBJK11190,Karnataka,Mysuru,SOUTH_INDIA_IN_SCOPE,545.0,MATCHED,Matched via exact.
Karnataka.pdf,PMBJK11230,Karnataka,Koppal,SOUTH_INDIA_IN_SCOPE,543.0,MATCHED,Matched via exact.
Karnataka.pdf,PMBJK11231,Karnataka,Koppal,SOUTH_INDIA_IN_SCOPE,543.0,MATCHED,Matched via exact.
Karnataka.pdf,PMBJK11232,Karnataka,Bengaluru Urban,SOUTH_INDIA_IN_SCOPE,525.0,MATCHED,Matched via exact.
Karnataka.pdf,PMBJK11233,Karnataka,Haveri,SOUTH_INDIA_IN_SCOPE,540.0,MATCHED,Matched via exact.
Karnataka.pdf,PMBJK11236,Karnataka,Bengaluru Urban,SOUTH_INDIA_IN_SCOPE,525.0,MATCHED,Matched via exact.
Karnataka.pdf,PMBJK11259,Karnataka,Vijayapura,SOUTH_INDIA_IN_SCOPE,530.0,MATCHED,Matched via exact.
Karnataka.pdf,PMBJK11261,Karnataka,Tumakuru,SOUTH_INDIA_IN_SCOPE,548.0,MATCHED,Matched via exact.
Karnataka.pdf,PMBJK11264,Karnataka,Bengaluru Urban,SOUTH_INDIA_IN_SCOPE,525.0,MATCHED,Matched via exact.
Karnataka.pdf,PMBJK11270,Karnataka,Haveri,SOUTH_INDIA_IN_SCOPE,540.0,MATCHED,Matched via exact.
Karnataka.pdf,PMBJK11283,Karnataka,Uttara Kannada,SOUTH_INDIA_IN_SCOPE,550.0,MATCHED,Matched via exact.
Karnataka.pdf,PMBJK11285,Karnataka,Bengaluru Urban,SOUTH_INDIA_IN_SCOPE,525.0,MATCHED,Matched via exact.
Karnataka.pdf,PMBJK11398,Karnataka,Bengaluru Urban,SOUTH_INDIA_IN_SCOPE,525.0,MATCHED,Matched via exact.
Karnataka.pdf,PMBJK11416,Karnataka,Dakshina Kannada,SOUTH_INDIA_IN_SCOPE,534.0,MATCHED,Matched via exact.
Karnataka.pdf,PMBJK11447,Karnataka,Kolar,SOUTH_INDIA_IN_SCOPE,542.0,MATCHED,Matched via exact.
Karnataka.pdf,PMBJK11450,Karnataka,Bengaluru Urban,SOUTH_INDIA_IN_SCOPE,525.0,MATCHED,Matched via exact.
Karnataka.pdf,PMBJK11451,Karnataka,Bengaluru Urban,SOUTH_INDIA_IN_SCOPE,525.0,MATCHED,Matched via exact.
Karnataka.pdf,PMBJK11466,Karnataka,Koppal,SOUTH_INDIA_IN_SCOPE,543.0,MATCHED,Matched via exact.
Karnataka.pdf,PMBJK11507,Karnataka,Bengaluru Urban,SOUTH_INDIA_IN_SCOPE,525.0,MATCHED,Matched via exact.
Karnataka.pdf,PMBJK11509,Karnataka,Dakshina Kannada,SOUTH_INDIA_IN_SCOPE,534.0,MATCHED,Matched via exact.
Karnataka.pdf,PMBJK11522,Karnataka,Kolar,SOUTH_INDIA_IN_SCOPE,542.0,MATCHED,Matched via exact.
Karnataka.pdf,PMBJK11523,Karnataka,Bengaluru Urban,SOUTH_INDIA_IN_SCOPE,525.0,MATCHED,Matched via exact.
Karnataka.pdf,PMBJK11527,Karnataka,Bagalkote,SOUTH_INDIA_IN_SCOPE,524.0,MATCHED,Matched via exact.
Karnataka.pdf,PMBJK11528,Karnataka,Bengaluru Urban,SOUTH_INDIA_IN_SCOPE,525.0,MATCHED,Matched via exact.
Karnataka.pdf,PMBJK11603,Karnataka,Dakshina Kannada,SOUTH_INDIA_IN_SCOPE,534.0,MATCHED,Matched via exact.
Karnataka.pdf,PMBJK11653,Karnataka,Bagalkote,SOUTH_INDIA_IN_SCOPE,524.0,MATCHED,Matched via exact.
Karnataka.pdf,PMBJK11661,Karnataka,Belagavi,SOUTH_INDIA_IN_SCOPE,527.0,MATCHED,Matched via exact.
Karnataka.pdf,PMBJK11662,Karnataka,Bengaluru Urban,SOUTH_INDIA_IN_SCOPE,525.0,MATCHED,Matched via exact.
Karnataka.pdf,PMBJK11663,Karnataka,Udupi,SOUTH_INDIA_IN_SCOPE,549.0,MATCHED,Matched via exact.
Karnataka.pdf,PMBJK11666,Karnataka,Bengaluru Urban,SOUTH_INDIA_IN_SCOPE,525.0,MATCHED,Matched via exact.
Karnataka.pdf,PMBJK11668,Karnataka,Mysuru,SOUTH_INDIA_IN_SCOPE,545.0,MATCHED,Matched via exact.
Karnataka.pdf,PMBJK11700,Karnataka,Bengaluru Urban,SOUTH_INDIA_IN_SCOPE,525.0,MATCHED,Matched via exact.
Karnataka.pdf,PMBJK11701,Karnataka,Bengaluru Urban,SOUTH_INDIA_IN_SCOPE,525.0,MATCHED,Matched via exact.
Karnataka.pdf,PMBJK11733,Karnataka,Chitradurga,SOUTH_INDIA_IN_SCOPE,533.0,MATCHED,Matched via exact.
Karnataka.pdf,PMBJK11739,Karnataka,Mandya,SOUTH_INDIA_IN_SCOPE,544.0,MATCHED,Matched via exact.
Karnataka.pdf,PMBJK11740,Karnataka,Mandya,SOUTH_INDIA_IN_SCOPE,544.0,MATCHED,Matched via exact.
Karnataka.pdf,PMBJK11743,Karnataka,Bengaluru Urban,SOUTH_INDIA_IN_SCOPE,525.0,MATCHED,Matched via exact.
Karnataka.pdf,PMBJK11751,Karnataka,Uttara Kannada,SOUTH_INDIA_IN_SCOPE,550.0,MATCHED,Matched via exact.
Karnataka.pdf,PMBJK11804,Karnataka,Bengaluru Urban,SOUTH_INDIA_IN_SCOPE,525.0,MATCHED,Matched via exact.
Karnataka.pdf,PMBJK11807,Karnataka,Davangere,SOUTH_INDIA_IN_SCOPE,535.0,MATCHED,Matched via exact.
Karnataka.pdf,PMBJK11825,Karnataka,Haveri,SOUTH_INDIA_IN_SCOPE,540.0,MATCHED,Matched via exact.
Karnataka.pdf,PMBJK11856,Karnataka,Bengaluru Urban,SOUTH_INDIA_IN_SCOPE,525.0,MATCHED,Matched via exact.
Karnataka.pdf,PMBJK11868,Karnataka,Bengaluru Urban,SOUTH_INDIA_IN_SCOPE,525.0,MATCHED,Matched via exact.
Karnataka.pdf,PMBJK11870,Karnataka,Hassan,SOUTH_INDIA_IN_SCOPE,539.0,MATCHED,Matched via exact.
Karnataka.pdf,PMBJK11892,Karnataka,Bengaluru Urban,SOUTH_INDIA_IN_SCOPE,525.0,MATCHED,Matched via exact.
Karnataka.pdf,PMBJK11896,Karnataka,Bengaluru Urban,SOUTH_INDIA_IN_SCOPE,525.0,MATCHED,Matched via exact.
Karnataka.pdf,PMBJK11903,Karnataka,Udupi,SOUTH_INDIA_IN_SCOPE,549.0,MATCHED,Matched via exact.
Karnataka.pdf,PMBJK11916,Karnataka,Udupi,SOUTH_INDIA_IN_SCOPE,549.0,MATCHED,Matched via exact.
Karnataka.pdf,PMBJK11937,Karnataka,Bengaluru Urban,SOUTH_INDIA_IN_SCOPE,525.0,MATCHED,Matched via exact.
Karnataka.pdf,PMBJK11952,Karnataka,Bengaluru Urban,SOUTH_INDIA_IN_SCOPE,525.0,MATCHED,Matched via exact.
Karnataka.pdf,PMBJK11989,Karnataka,Vijayapura,SOUTH_INDIA_IN_SCOPE,530.0,MATCHED,Matched via exact.
Karnataka.pdf,PMBJK11990,Karnataka,Shivamogga,SOUTH_INDIA_IN_SCOPE,547.0,MATCHED,Matched via exact.
Karnataka.pdf,PMBJK11991,Karnataka,Mysuru,SOUTH_INDIA_IN_SCOPE,545.0,MATCHED,Matched via exact.
Karnataka.pdf,PMBJK11999,Karnataka,Bengaluru Urban,SOUTH_INDIA_IN_SCOPE,525.0,MATCHED,Matched via exact.
Karnataka.pdf,PMBJK12030,Karnataka,Bengaluru Urban,SOUTH_INDIA_IN_SCOPE,525.0,MATCHED,Matched via exact.
Karnataka.pdf,PMBJK12032,Karnataka,Vijayapura,SOUTH_INDIA_IN_SCOPE,530.0,MATCHED,Matched via exact.
Karnataka.pdf,PMBJK12038,Karnataka,Bengaluru Urban,SOUTH_INDIA_IN_SCOPE,525.0,MATCHED,Matched via exact.
Karnataka.pdf,PMBJK12053,Karnataka,Kodagu,SOUTH_INDIA_IN_SCOPE,541.0,MATCHED,Matched via exact.
Karnataka.pdf,PMBJK12206,Karnataka,Chikkaballapura,SOUTH_INDIA_IN_SCOPE,630.0,MATCHED,Matched via exact.
Karnataka.pdf,PMBJK12239,Karnataka,Hassan,SOUTH_INDIA_IN_SCOPE,539.0,MATCHED,Matched via exact.
Karnataka.pdf,PMBJK12283,Karnataka,Mandya,SOUTH_INDIA_IN_SCOPE,544.0,MATCHED,Matched via exact.
Karnataka.pdf,PMBJK12286,Karnataka,Chikkaballapura,SOUTH_INDIA_IN_SCOPE,630.0,MATCHED,Matched via exact.
Karnataka.pdf,PMBJK12311,Karnataka,Bengaluru Urban,SOUTH_INDIA_IN_SCOPE,525.0,MATCHED,Matched via exact.
Karnataka.pdf,PMBJK12314,Karnataka,Mysuru,SOUTH_INDIA_IN_SCOPE,545.0,MATCHED,Matched via exact.
Karnataka.pdf,PMBJK12318,Karnataka,Gadag,SOUTH_INDIA_IN_SCOPE,537.0,MATCHED,Matched via exact.
Karnataka.pdf,PMBJK12319,Karnataka,Chikkamagaluru,SOUTH_INDIA_IN_SCOPE,532.0,MATCHED,Matched via exact.
Karnataka.pdf,PMBJK12320,Karnataka,Chitradurga,SOUTH_INDIA_IN_SCOPE,533.0,MATCHED,Matched via exact.
Karnataka.pdf,PMBJK12359,Karnataka,Yadgir,SOUTH_INDIA_IN_SCOPE,635.0,MATCHED,Matched via exact.
Karnataka.pdf,PMBJK12397,Karnataka,Ballari,SOUTH_INDIA_IN_SCOPE,528.0,MATCHED,Matched via exact.
Karnataka.pdf,PMBJK12401,Karnataka,Chikkamagaluru,SOUTH_INDIA_IN_SCOPE,532.0,MATCHED,Matched via exact.
Karnataka.pdf,PMBJK12402,Karnataka,Bengaluru Urban,SOUTH_INDIA_IN_SCOPE,525.0,MATCHED,Matched via exact.
Karnataka.pdf,PMBJK12404,Karnataka,Kalaburagi,SOUTH_INDIA_IN_SCOPE,538.0,MATCHED,Matched via exact.
Karnataka.pdf,PMBJK12409,Karnataka,Kodagu,SOUTH_INDIA_IN_SCOPE,541.0,MATCHED,Matched via exact.
Karnataka.pdf,PMBJK12415,Karnataka,Dharwad,SOUTH_INDIA_IN_SCOPE,536.0,MATCHED,Matched via exact.
Karnataka.pdf,PMBJK12446,Karnataka,Dakshina Kannada,SOUTH_INDIA_IN_SCOPE,534.0,MATCHED,Matched via exact.
Karnataka.pdf,PMBJK12523,Karnataka,Bengaluru Urban,SOUTH_INDIA_IN_SCOPE,525.0,MATCHED,Matched via exact.
Karnataka.pdf,PMBJK12524,Karnataka,Bengaluru Urban,SOUTH_INDIA_IN_SCOPE,525.0,MATCHED,Matched via exact.
Karnataka.pdf,PMBJK12554,Karnataka,Dharwad,SOUTH_INDIA_IN_SCOPE,536.0,MATCHED,Matched via exact.
Karnataka.pdf,PMBJK12555,Karnataka,Ramanagara,SOUTH_INDIA_IN_SCOPE,631.0,MATCHED,Matched via exact.
Karnataka.pdf,PMBJK12577,Karnataka,Vijayapura,SOUTH_INDIA_IN_SCOPE,530.0,MATCHED,Matched via exact.
Karnataka.pdf,PMBJK12582,Karnataka,Bengaluru Urban,SOUTH_INDIA_IN_SCOPE,525.0,MATCHED,Matched via exact.
Karnataka.pdf,PMBJK12583,Karnataka,Bengaluru Urban,SOUTH_INDIA_IN_SCOPE,525.0,MATCHED,Matched via exact.
Karnataka.pdf,PMBJK12585,Karnataka,Davangere,SOUTH_INDIA_IN_SCOPE,535.0,MATCHED,Matched via exact.
Karnataka.pdf,PMBJK12622,Karnataka,Bengaluru Urban,SOUTH_INDIA_IN_SCOPE,525.0,MATCHED,Matched via exact.
Karnataka.pdf,PMBJK12651,Karnataka,Dakshina,SOUTH_INDIA_IN_SCOPE,,UNRESOLVED_ROW,Multiline table split or unmatched spelling.
Karnataka.pdf,,Karnataka,Kannada,SOUTH_INDIA_IN_SCOPE,,UNRESOLVED_ROW,Multiline table split or unmatched spelling.
Karnataka.pdf,PMBJK12654,Karnataka,Mysuru,SOUTH_INDIA_IN_SCOPE,545.0,MATCHED,Matched via exact.
Karnataka.pdf,PMBJK12655,Karnataka,Hassan,SOUTH_INDIA_IN_SCOPE,539.0,MATCHED,Matched via exact.
Karnataka.pdf,PMBJK12658,Karnataka,Ramanagara,SOUTH_INDIA_IN_SCOPE,631.0,MATCHED,Matched via exact.
Karnataka.pdf,PMBJK12659,Karnataka,Ballari,SOUTH_INDIA_IN_SCOPE,528.0,MATCHED,Matched via exact.
Karnataka.pdf,PMBJK12660,Karnataka,Davangere,SOUTH_INDIA_IN_SCOPE,535.0,MATCHED,Matched via exact.
Karnataka.pdf,PMBJK12661,Karnataka,Chikkamagaluru,SOUTH_INDIA_IN_SCOPE,532.0,MATCHED,Matched via exact.
Karnataka.pdf,PMBJK12662,Karnataka,Bengaluru Urban,SOUTH_INDIA_IN_SCOPE,525.0,MATCHED,Matched via exact.
Karnataka.pdf,PMBJK12663,Karnataka,Koppal,SOUTH_INDIA_IN_SCOPE,543.0,MATCHED,Matched via exact.
Karnataka.pdf,PMBJK12667,Karnataka,Koppal,SOUTH_INDIA_IN_SCOPE,543.0,MATCHED,Matched via exact.
Karnataka.pdf,PMBJK12708,Karnataka,Kolar,SOUTH_INDIA_IN_SCOPE,542.0,MATCHED,Matched via exact.
Karnataka.pdf,PMBJK12754,Karnataka,Chikkamagaluru,SOUTH_INDIA_IN_SCOPE,532.0,MATCHED,Matched via exact.
Karnataka.pdf,PMBJK12794,Karnataka,Chitradurga,SOUTH_INDIA_IN_SCOPE,533.0,MATCHED,Matched via exact.
Karnataka.pdf,PMBJK12805,Karnataka,Kalaburagi,SOUTH_INDIA_IN_SCOPE,538.0,MATCHED,Matched via exact.
Karnataka.pdf,PMBJK12813,Karnataka,Ballari,SOUTH_INDIA_IN_SCOPE,528.0,MATCHED,Matched via exact.
Karnataka.pdf,PMBJK12840,Karnataka,Bengaluru Urban,SOUTH_INDIA_IN_SCOPE,525.0,MATCHED,Matched via exact.
Karnataka.pdf,PMBJK12846,Karnataka,Kodagu,SOUTH_INDIA_IN_SCOPE,541.0,MATCHED,Matched via exact.
Karnataka.pdf,PMBJK12847,Karnataka,Koppal,SOUTH_INDIA_IN_SCOPE,543.0,MATCHED,Matched via exact.
Karnataka.pdf,PMBJK12848,Karnataka,Mysuru,SOUTH_INDIA_IN_SCOPE,545.0,MATCHED,Matched via exact.
Karnataka.pdf,PMBJK12849,Karnataka,Udupi,SOUTH_INDIA_IN_SCOPE,549.0,MATCHED,Matched via exact.
Karnataka.pdf,PMBJK12850,Karnataka,Dakshina Kannada,SOUTH_INDIA_IN_SCOPE,534.0,MATCHED,Matched via exact.
Karnataka.pdf,PMBJK12851,Karnataka,Mysuru,SOUTH_INDIA_IN_SCOPE,545.0,MATCHED,Matched via exact.
Karnataka.pdf,PMBJK12860,Karnataka,Bagalkote,SOUTH_INDIA_IN_SCOPE,524.0,MATCHED,Matched via exact.
Karnataka.pdf,PMBJK12885,Karnataka,Vijayapura,SOUTH_INDIA_IN_SCOPE,530.0,MATCHED,Matched via exact.
Karnataka.pdf,PMBJK12890,Karnataka,Davangere,SOUTH_INDIA_IN_SCOPE,535.0,MATCHED,Matched via exact.
Karnataka.pdf,PMBJK12891,Karnataka,Bengaluru Urban,SOUTH_INDIA_IN_SCOPE,525.0,MATCHED,Matched via exact.
Karnataka.pdf,PMBJK13020,Karnataka,Mysuru,SOUTH_INDIA_IN_SCOPE,545.0,MATCHED,Matched via exact.
Karnataka.pdf,PMBJK13025,Karnataka,Kalaburagi,SOUTH_INDIA_IN_SCOPE,538.0,MATCHED,Matched via exact.
Karnataka.pdf,PMBJK13026,Karnataka,Dharwad,SOUTH_INDIA_IN_SCOPE,536.0,MATCHED,Matched via exact.
Karnataka.pdf,PMBJK13027,Karnataka,Tumakuru,SOUTH_INDIA_IN_SCOPE,548.0,MATCHED,Matched via exact.
Karnataka.pdf,PMBJK13034,Karnataka,Vijayapura,SOUTH_INDIA_IN_SCOPE,530.0,MATCHED,Matched via exact.
Karnataka.pdf,PMBJK13084,Karnataka,Bidar,SOUTH_INDIA_IN_SCOPE,529.0,MATCHED,Matched via exact.
Karnataka.pdf,PMBJK13087,Karnataka,Dakshina Kannada,SOUTH_INDIA_IN_SCOPE,534.0,MATCHED,Matched via exact.
Karnataka.pdf,PMBJK13100,Karnataka,Mysuru,SOUTH_INDIA_IN_SCOPE,545.0,MATCHED,Matched via exact.
Karnataka.pdf,PMBJK13114,Karnataka,Udupi,SOUTH_INDIA_IN_SCOPE,549.0,MATCHED,Matched via exact.
Karnataka.pdf,PMBJK13115,Karnataka,Bengaluru Urban,SOUTH_INDIA_IN_SCOPE,525.0,MATCHED,Matched via exact.
Karnataka.pdf,PMBJK13116,Karnataka,Bengaluru Rural,SOUTH_INDIA_IN_SCOPE,526.0,MATCHED,Matched via exact.
Karnataka.pdf,PMBJK13117,Karnataka,Bengaluru Rural,SOUTH_INDIA_IN_SCOPE,526.0,MATCHED,Matched via exact.
Karnataka.pdf,PMBJK13121,Karnataka,Bengaluru Urban,SOUTH_INDIA_IN_SCOPE,525.0,MATCHED,Matched via exact.
Karnataka.pdf,PMBJK13125,Karnataka,Bengaluru Urban,SOUTH_INDIA_IN_SCOPE,525.0,MATCHED,Matched via exact.
Karnataka.pdf,PMBJK13128,Karnataka,Udupi,SOUTH_INDIA_IN_SCOPE,549.0,MATCHED,Matched via exact.
Karnataka.pdf,PMBJK13167,Karnataka,Bagalkote,SOUTH_INDIA_IN_SCOPE,524.0,MATCHED,Matched via exact.
Karnataka.pdf,PMBJK13168,Karnataka,Bengaluru Urban,SOUTH_INDIA_IN_SCOPE,525.0,MATCHED,Matched via exact.
Karnataka.pdf,PMBJK13176,Karnataka,Chikkamagaluru,SOUTH_INDIA_IN_SCOPE,532.0,MATCHED,Matched via exact.
Karnataka.pdf,PMBJK13194,Karnataka,Bengaluru Rural,SOUTH_INDIA_IN_SCOPE,526.0,MATCHED,Matched via exact.
Karnataka.pdf,PMBJK13197,Karnataka,Dakshina Kannada,SOUTH_INDIA_IN_SCOPE,534.0,MATCHED,Matched via exact.
Karnataka.pdf,PMBJK13217,Karnataka,Bidar,SOUTH_INDIA_IN_SCOPE,529.0,MATCHED,Matched via exact.
Karnataka.pdf,PMBJK13219,Karnataka,Bidar,SOUTH_INDIA_IN_SCOPE,529.0,MATCHED,Matched via exact.
Karnataka.pdf,PMBJK13240,Karnataka,Kalaburagi,SOUTH_INDIA_IN_SCOPE,538.0,MATCHED,Matched via exact.
Karnataka.pdf,PMBJK13269,Karnataka,Kalaburagi,SOUTH_INDIA_IN_SCOPE,538.0,MATCHED,Matched via exact.
Karnataka.pdf,PMBJK13281,Karnataka,Belagavi,SOUTH_INDIA_IN_SCOPE,527.0,MATCHED,Matched via exact.
Karnataka.pdf,PMBJK13310,Karnataka,Bengaluru Urban,SOUTH_INDIA_IN_SCOPE,525.0,MATCHED,Matched via exact.
Karnataka.pdf,PMBJK13356,Karnataka,Belagavi,SOUTH_INDIA_IN_SCOPE,527.0,MATCHED,Matched via exact.
Karnataka.pdf,PMBJK13369,Karnataka,Dharwad,SOUTH_INDIA_IN_SCOPE,536.0,MATCHED,Matched via exact.
Karnataka.pdf,PMBJK13370,Karnataka,Uttara Kannada,SOUTH_INDIA_IN_SCOPE,550.0,MATCHED,Matched via exact.
Karnataka.pdf,PMBJK13371,Karnataka,Uttara Kannada,SOUTH_INDIA_IN_SCOPE,550.0,MATCHED,Matched via exact.
Karnataka.pdf,PMBJK13409,Karnataka,Bengaluru Urban,SOUTH_INDIA_IN_SCOPE,525.0,MATCHED,Matched via exact.
Karnataka.pdf,PMBJK13410,Karnataka,Koppal,SOUTH_INDIA_IN_SCOPE,543.0,MATCHED,Matched via exact.
Karnataka.pdf,PMBJK13426,Karnataka,Raichur,SOUTH_INDIA_IN_SCOPE,546.0,MATCHED,Matched via exact.
Karnataka.pdf,PMBJK13447,Karnataka,Kodagu,SOUTH_INDIA_IN_SCOPE,541.0,MATCHED,Matched via exact.
Karnataka.pdf,PMBJK13449,Karnataka,Dakshina Kannada,SOUTH_INDIA_IN_SCOPE,534.0,MATCHED,Matched via exact.
Karnataka.pdf,PMBJK13528,Karnataka,Bengaluru Urban,SOUTH_INDIA_IN_SCOPE,525.0,MATCHED,Matched via exact.
Karnataka.pdf,PMBJK13529,Karnataka,Dharwad,SOUTH_INDIA_IN_SCOPE,536.0,MATCHED,Matched via exact.
Karnataka.pdf,PMBJK13530,Karnataka,Bengaluru Urban,SOUTH_INDIA_IN_SCOPE,525.0,MATCHED,Matched via exact.
Karnataka.pdf,PMBJK13531,Karnataka,Vijayapura,SOUTH_INDIA_IN_SCOPE,530.0,MATCHED,Matched via exact.
Karnataka.pdf,PMBJK13532,Karnataka,Ballari,SOUTH_INDIA_IN_SCOPE,528.0,MATCHED,Matched via exact.
Karnataka.pdf,PMBJK13533,Karnataka,Bengaluru Urban,SOUTH_INDIA_IN_SCOPE,525.0,MATCHED,Matched via exact.
Karnataka.pdf,PMBJK13535,Karnataka,Gadag,SOUTH_INDIA_IN_SCOPE,537.0,MATCHED,Matched via exact.
Karnataka.pdf,PMBJK13566,Karnataka,Udupi,SOUTH_INDIA_IN_SCOPE,549.0,MATCHED,Matched via exact.
Karnataka.pdf,PMBJK13567,Karnataka,Mysuru,SOUTH_INDIA_IN_SCOPE,545.0,MATCHED,Matched via exact.
Karnataka.pdf,PMBJK13568,Karnataka,Raichur,SOUTH_INDIA_IN_SCOPE,546.0,MATCHED,Matched via exact.
Karnataka.pdf,PMBJK13569,Karnataka,Bengaluru Urban,SOUTH_INDIA_IN_SCOPE,525.0,MATCHED,Matched via exact.
Karnataka.pdf,PMBJK13613,Karnataka,Chikkaballapura,SOUTH_INDIA_IN_SCOPE,630.0,MATCHED,Matched via exact.
Karnataka.pdf,PMBJK13663,Karnataka,Uttara Kannada,SOUTH_INDIA_IN_SCOPE,550.0,MATCHED,Matched via exact.
Karnataka.pdf,PMBJK13669,Karnataka,Ballari,SOUTH_INDIA_IN_SCOPE,528.0,MATCHED,Matched via exact.
Karnataka.pdf,PMBJK13675,Karnataka,Ramanagara,SOUTH_INDIA_IN_SCOPE,631.0,MATCHED,Matched via exact.
Karnataka.pdf,PMBJK13692,Karnataka,Vijayapura,SOUTH_INDIA_IN_SCOPE,530.0,MATCHED,Matched via exact.
Karnataka.pdf,PMBJK13727,Karnataka,Bengaluru Rural,SOUTH_INDIA_IN_SCOPE,526.0,MATCHED,Matched via exact.
Karnataka.pdf,PMBJK13735,Karnataka,Bengaluru Rural,SOUTH_INDIA_IN_SCOPE,526.0,MATCHED,Matched via exact.
Karnataka.pdf,PMBJK13736,Karnataka,Bengaluru Rural,SOUTH_INDIA_IN_SCOPE,526.0,MATCHED,Matched via exact.
Karnataka.pdf,PMBJK13771,Karnataka,Tumakuru,SOUTH_INDIA_IN_SCOPE,548.0,MATCHED,Matched via exact.
Karnataka.pdf,PMBJK13772,Karnataka,Belagavi,SOUTH_INDIA_IN_SCOPE,527.0,MATCHED,Matched via exact.
Karnataka.pdf,PMBJK13777,Karnataka,Bengaluru Rural,SOUTH_INDIA_IN_SCOPE,526.0,MATCHED,Matched via exact.
Karnataka.pdf,PMBJK13786,Karnataka,Dakshina Kannada,SOUTH_INDIA_IN_SCOPE,534.0,MATCHED,Matched via exact.
Karnataka.pdf,PMBJK13820,Karnataka,Vijayapura,SOUTH_INDIA_IN_SCOPE,530.0,MATCHED,Matched via exact.
Karnataka.pdf,PMBJK13821,Karnataka,Kalaburagi,SOUTH_INDIA_IN_SCOPE,538.0,MATCHED,Matched via exact.
Karnataka.pdf,PMBJK13838,Karnataka,Bengaluru Urban,SOUTH_INDIA_IN_SCOPE,525.0,MATCHED,Matched via exact.
Karnataka.pdf,PMBJK14021,Karnataka,Bengaluru Rural,SOUTH_INDIA_IN_SCOPE,526.0,MATCHED,Matched via exact.
Karnataka.pdf,PMBJK14022,Karnataka,Bengaluru Rural,SOUTH_INDIA_IN_SCOPE,526.0,MATCHED,Matched via exact.
Karnataka.pdf,PMBJK14039,Karnataka,Dakshina Kannada,SOUTH_INDIA_IN_SCOPE,534.0,MATCHED,Matched via exact.
Karnataka.pdf,PMBJK14040,Karnataka,Bengaluru Urban,SOUTH_INDIA_IN_SCOPE,525.0,MATCHED,Matched via exact.
Karnataka.pdf,PMBJK14041,Karnataka,Dakshina Kannada,SOUTH_INDIA_IN_SCOPE,534.0,MATCHED,Matched via exact.
Karnataka.pdf,PMBJK14050,Karnataka,Mysuru,SOUTH_INDIA_IN_SCOPE,545.0,MATCHED,Matched via exact.
Karnataka.pdf,PMBJK14063,Karnataka,Bengaluru Rural,SOUTH_INDIA_IN_SCOPE,526.0,MATCHED,Matched via exact.
Karnataka.pdf,PMBJK14070,Karnataka,Dharwad,SOUTH_INDIA_IN_SCOPE,536.0,MATCHED,Matched via exact.
Karnataka.pdf,PMBJK14072,Karnataka,Kalaburagi,SOUTH_INDIA_IN_SCOPE,538.0,MATCHED,Matched via exact.
Karnataka.pdf,PMBJK14085,Karnataka,Hassan,SOUTH_INDIA_IN_SCOPE,539.0,MATCHED,Matched via exact.
Karnataka.pdf,PMBJK14086,Karnataka,Koppal,SOUTH_INDIA_IN_SCOPE,543.0,MATCHED,Matched via exact.
Karnataka.pdf,PMBJK14088,Karnataka,Kalaburagi,SOUTH_INDIA_IN_SCOPE,538.0,MATCHED,Matched via exact.
Karnataka.pdf,PMBJK14089,Karnataka,Tumakuru,SOUTH_INDIA_IN_SCOPE,548.0,MATCHED,Matched via exact.
Karnataka.pdf,PMBJK14090,Karnataka,Dakshina Kannada,SOUTH_INDIA_IN_SCOPE,534.0,MATCHED,Matched via exact.
Karnataka.pdf,PMBJK14100,Karnataka,Chikkamagaluru,SOUTH_INDIA_IN_SCOPE,532.0,MATCHED,Matched via exact.
Karnataka.pdf,PMBJK14127,Karnataka,Bidar,SOUTH_INDIA_IN_SCOPE,529.0,MATCHED,Matched via exact.
Karnataka.pdf,PMBJK14128,Karnataka,Bengaluru Urban,SOUTH_INDIA_IN_SCOPE,525.0,MATCHED,Matched via exact.
Karnataka.pdf,PMBJK14129,Karnataka,Dakshina Kannada,SOUTH_INDIA_IN_SCOPE,534.0,MATCHED,Matched via exact.
Karnataka.pdf,PMBJK14155,Karnataka,Haveri,SOUTH_INDIA_IN_SCOPE,540.0,MATCHED,Matched via exact.
Karnataka.pdf,PMBJK14173,Karnataka,Dakshina Kannada,SOUTH_INDIA_IN_SCOPE,534.0,MATCHED,Matched via exact.
Karnataka.pdf,PMBJK14194,Karnataka,Bengaluru Urban,SOUTH_INDIA_IN_SCOPE,525.0,MATCHED,Matched via exact.
Karnataka.pdf,PMBJK14211,Karnataka,Bengaluru Rural,SOUTH_INDIA_IN_SCOPE,526.0,MATCHED,Matched via exact.
Karnataka.pdf,PMBJK14234,Karnataka,Bengaluru Urban,SOUTH_INDIA_IN_SCOPE,525.0,MATCHED,Matched via exact.
Karnataka.pdf,PMBJK14235,Karnataka,Dakshina Kannada,SOUTH_INDIA_IN_SCOPE,534.0,MATCHED,Matched via exact.
Karnataka.pdf,PMBJK14237,Karnataka,Bengaluru Urban,SOUTH_INDIA_IN_SCOPE,525.0,MATCHED,Matched via exact.
Karnataka.pdf,PMBJK14241,Karnataka,Kalaburagi,SOUTH_INDIA_IN_SCOPE,538.0,MATCHED,Matched via exact.
Karnataka.pdf,PMBJK14247,Karnataka,Shivamogga,SOUTH_INDIA_IN_SCOPE,547.0,MATCHED,Matched via exact.
Karnataka.pdf,PMBJK14275,Karnataka,Hassan,SOUTH_INDIA_IN_SCOPE,539.0,MATCHED,Matched via exact.
Karnataka.pdf,PMBJK14335,Karnataka,Dakshina Kannada,SOUTH_INDIA_IN_SCOPE,534.0,MATCHED,Matched via exact.
Karnataka.pdf,PMBJK14369,Karnataka,Bagalkote,SOUTH_INDIA_IN_SCOPE,524.0,MATCHED,Matched via exact.
Karnataka.pdf,PMBJK14370,Karnataka,Bengaluru Urban,SOUTH_INDIA_IN_SCOPE,525.0,MATCHED,Matched via exact.
Karnataka.pdf,PMBJK14393,Karnataka,Bagalkote,SOUTH_INDIA_IN_SCOPE,524.0,MATCHED,Matched via exact.
Karnataka.pdf,PMBJK14445,Karnataka,Udupi,SOUTH_INDIA_IN_SCOPE,549.0,MATCHED,Matched via exact.
Karnataka.pdf,PMBJK14474,Karnataka,Dakshina Kannada,SOUTH_INDIA_IN_SCOPE,534.0,MATCHED,Matched via exact.
Karnataka.pdf,PMBJK14477,Karnataka,Mysuru,SOUTH_INDIA_IN_SCOPE,545.0,MATCHED,Matched via exact.
Karnataka.pdf,PMBJK14478,Karnataka,Bengaluru Urban,SOUTH_INDIA_IN_SCOPE,525.0,MATCHED,Matched via exact.
Karnataka.pdf,PMBJK14482,Karnataka,Chitradurga,SOUTH_INDIA_IN_SCOPE,533.0,MATCHED,Matched via exact.
Karnataka.pdf,PMBJK14491,Karnataka,Bengaluru Urban,SOUTH_INDIA_IN_SCOPE,525.0,MATCHED,Matched via exact.
Karnataka.pdf,PMBJK14521,Karnataka,Kalaburagi,SOUTH_INDIA_IN_SCOPE,538.0,MATCHED,Matched via exact.
Karnataka.pdf,PMBJK14522,Karnataka,Kolar,SOUTH_INDIA_IN_SCOPE,542.0,MATCHED,Matched via exact.
Karnataka.pdf,PMBJK14523,Karnataka,Dakshina Kannada,SOUTH_INDIA_IN_SCOPE,534.0,MATCHED,Matched via exact.
Karnataka.pdf,PMBJK14524,Karnataka,Bagalkote,SOUTH_INDIA_IN_SCOPE,524.0,MATCHED,Matched via exact.
Karnataka.pdf,PMBJK14525,Karnataka,Hassan,SOUTH_INDIA_IN_SCOPE,539.0,MATCHED,Matched via exact.
Karnataka.pdf,PMBJK14527,Karnataka,Ballari,SOUTH_INDIA_IN_SCOPE,528.0,MATCHED,Matched via exact.
Karnataka.pdf,PMBJK14533,Karnataka,Koppal,SOUTH_INDIA_IN_SCOPE,543.0,MATCHED,Matched via exact.
Karnataka.pdf,PMBJK14537,Karnataka,Bengaluru Urban,SOUTH_INDIA_IN_SCOPE,525.0,MATCHED,Matched via exact.
Karnataka.pdf,PMBJK14558,Karnataka,Mysuru,SOUTH_INDIA_IN_SCOPE,545.0,MATCHED,Matched via exact.
Karnataka.pdf,PMBJK14562,Karnataka,Dakshina Kannada,SOUTH_INDIA_IN_SCOPE,534.0,MATCHED,Matched via exact.
Karnataka.pdf,PMBJK14659,Karnataka,Tumakuru,SOUTH_INDIA_IN_SCOPE,548.0,MATCHED,Matched via exact.
Karnataka.pdf,PMBJK14663,Karnataka,Shivamogga,SOUTH_INDIA_IN_SCOPE,547.0,MATCHED,Matched via exact.
Karnataka.pdf,PMBJK14671,Karnataka,Tumakuru,SOUTH_INDIA_IN_SCOPE,548.0,MATCHED,Matched via exact.
Karnataka.pdf,PMBJK14717,Karnataka,Raichur,SOUTH_INDIA_IN_SCOPE,546.0,MATCHED,Matched via exact.
Karnataka.pdf,PMBJK14740,Karnataka,Mandya,SOUTH_INDIA_IN_SCOPE,544.0,MATCHED,Matched via exact.
Karnataka.pdf,PMBJK14741,Karnataka,Bengaluru Urban,SOUTH_INDIA_IN_SCOPE,525.0,MATCHED,Matched via exact.
Karnataka.pdf,PMBJK14743,Karnataka,Dakshina Kannada,SOUTH_INDIA_IN_SCOPE,534.0,MATCHED,Matched via exact.
Karnataka.pdf,PMBJK14757,Karnataka,Bengaluru Urban,SOUTH_INDIA_IN_SCOPE,525.0,MATCHED,Matched via exact.
Karnataka.pdf,PMBJK14760,Karnataka,Bengaluru Urban,SOUTH_INDIA_IN_SCOPE,525.0,MATCHED,Matched via exact.
Karnataka.pdf,PMBJK14761,Karnataka,Shivamogga,SOUTH_INDIA_IN_SCOPE,547.0,MATCHED,Matched via exact.
Karnataka.pdf,PMBJK14762,Karnataka,Kalaburagi,SOUTH_INDIA_IN_SCOPE,538.0,MATCHED,Matched via exact.
Karnataka.pdf,PMBJK14765,Karnataka,Mysuru,SOUTH_INDIA_IN_SCOPE,545.0,MATCHED,Matched via exact.
Karnataka.pdf,PMBJK14776,Karnataka,Udupi,SOUTH_INDIA_IN_SCOPE,549.0,MATCHED,Matched via exact.
Karnataka.pdf,PMBJK14778,Karnataka,Vijayapura,SOUTH_INDIA_IN_SCOPE,530.0,MATCHED,Matched via exact.
Karnataka.pdf,PMBJK14779,Karnataka,Bidar,SOUTH_INDIA_IN_SCOPE,529.0,MATCHED,Matched via exact.
Karnataka.pdf,PMBJK14782,Karnataka,Dakshina Kannada,SOUTH_INDIA_IN_SCOPE,534.0,MATCHED,Matched via exact.
Karnataka.pdf,PMBJK14783,Karnataka,Udupi,SOUTH_INDIA_IN_SCOPE,549.0,MATCHED,Matched via exact.
Karnataka.pdf,PMBJK14785,Karnataka,Bidar,SOUTH_INDIA_IN_SCOPE,529.0,MATCHED,Matched via exact.
Karnataka.pdf,PMBJK14788,Karnataka,Yadgir,SOUTH_INDIA_IN_SCOPE,635.0,MATCHED,Matched via exact.
Karnataka.pdf,PMBJK14806,Karnataka,Chitradurga,SOUTH_INDIA_IN_SCOPE,533.0,MATCHED,Matched via exact.
Karnataka.pdf,PMBJK14807,Karnataka,Raichur,SOUTH_INDIA_IN_SCOPE,546.0,MATCHED,Matched via exact.
Karnataka.pdf,PMBJK14808,Karnataka,Bengaluru Rural,SOUTH_INDIA_IN_SCOPE,526.0,MATCHED,Matched via exact.
Karnataka.pdf,PMBJK14809,Karnataka,Haveri,SOUTH_INDIA_IN_SCOPE,540.0,MATCHED,Matched via exact.
Karnataka.pdf,PMBJK14811,Karnataka,Dakshina Kannada,SOUTH_INDIA_IN_SCOPE,534.0,MATCHED,Matched via exact.
Karnataka.pdf,PMBJK14812,Karnataka,Bengaluru Urban,SOUTH_INDIA_IN_SCOPE,525.0,MATCHED,Matched via exact.
Karnataka.pdf,PMBJK14814,Karnataka,Gadag,SOUTH_INDIA_IN_SCOPE,537.0,MATCHED,Matched via exact.
Karnataka.pdf,PMBJK14819,Karnataka,Bengaluru Rural,SOUTH_INDIA_IN_SCOPE,526.0,MATCHED,Matched via exact.
Karnataka.pdf,PMBJK14827,Karnataka,Haveri,SOUTH_INDIA_IN_SCOPE,540.0,MATCHED,Matched via exact.
Karnataka.pdf,PMBJK14829,Karnataka,Vijayanagar,SOUTH_INDIA_IN_SCOPE,738.0,MATCHED,Matched via split.
Karnataka.pdf,PMBJK14833,Karnataka,Yadgir,SOUTH_INDIA_IN_SCOPE,635.0,MATCHED,Matched via exact.
Karnataka.pdf,PMBJK14836,Karnataka,Haveri,SOUTH_INDIA_IN_SCOPE,540.0,MATCHED,Matched via exact.
Karnataka.pdf,PMBJK14837,Karnataka,Bengaluru Urban,SOUTH_INDIA_IN_SCOPE,525.0,MATCHED,Matched via exact.
Karnataka.pdf,PMBJK14844,Karnataka,Dakshina Kannada,SOUTH_INDIA_IN_SCOPE,534.0,MATCHED,Matched via exact.
Karnataka.pdf,PMBJK14860,Karnataka,Vijayapura,SOUTH_INDIA_IN_SCOPE,530.0,MATCHED,Matched via exact.
Karnataka.pdf,PMBJK14878,Karnataka,Raichur,SOUTH_INDIA_IN_SCOPE,546.0,MATCHED,Matched via exact.
Karnataka.pdf,PMBJK14885,Karnataka,Bengaluru Urban,SOUTH_INDIA_IN_SCOPE,525.0,MATCHED,Matched via exact.
Karnataka.pdf,PMBJK14893,Karnataka,Shivamogga,SOUTH_INDIA_IN_SCOPE,547.0,MATCHED,Matched via exact.
Karnataka.pdf,PMBJK14894,Karnataka,Chikkaballapura,SOUTH_INDIA_IN_SCOPE,630.0,MATCHED,Matched via exact.
Karnataka.pdf,PMBJK14912,Karnataka,Udupi,SOUTH_INDIA_IN_SCOPE,549.0,MATCHED,Matched via exact.
Karnataka.pdf,PMBJK14991,Karnataka,Uttara Kannada,SOUTH_INDIA_IN_SCOPE,550.0,MATCHED,Matched via exact.
Karnataka.pdf,PMBJK14992,Karnataka,Bengaluru Urban,SOUTH_INDIA_IN_SCOPE,525.0,MATCHED,Matched via exact.
Karnataka.pdf,PMBJK14993,Karnataka,Bengaluru Urban,SOUTH_INDIA_IN_SCOPE,525.0,MATCHED,Matched via exact.
Karnataka.pdf,PMBJK15042,Karnataka,Davangere,SOUTH_INDIA_IN_SCOPE,535.0,MATCHED,Matched via exact.
Karnataka.pdf,PMBJK15049,Karnataka,Tumakuru,SOUTH_INDIA_IN_SCOPE,548.0,MATCHED,Matched via exact.
Karnataka.pdf,PMBJK15058,Karnataka,Dakshina Kannada,SOUTH_INDIA_IN_SCOPE,534.0,MATCHED,Matched via exact.
Karnataka.pdf,PMBJK15076,Karnataka,Bengaluru Urban,SOUTH_INDIA_IN_SCOPE,525.0,MATCHED,Matched via exact.
Karnataka.pdf,PMBJK15077,Karnataka,Bengaluru Urban,SOUTH_INDIA_IN_SCOPE,525.0,MATCHED,Matched via exact.
Karnataka.pdf,PMBJK15116,Karnataka,Kalaburagi,SOUTH_INDIA_IN_SCOPE,538.0,MATCHED,Matched via exact.
Karnataka.pdf,PMBJK15141,Karnataka,Bengaluru Urban,SOUTH_INDIA_IN_SCOPE,525.0,MATCHED,Matched via exact.
Karnataka.pdf,PMBJK15148,Karnataka,Chikkamagaluru,SOUTH_INDIA_IN_SCOPE,532.0,MATCHED,Matched via exact.
Karnataka.pdf,PMBJK15165,Karnataka,Bengaluru Urban,SOUTH_INDIA_IN_SCOPE,525.0,MATCHED,Matched via exact.
Karnataka.pdf,PMBJK15170,Karnataka,Dakshina Kannada,SOUTH_INDIA_IN_SCOPE,534.0,MATCHED,Matched via exact.
Karnataka.pdf,PMBJK15182,Karnataka,Bidar,SOUTH_INDIA_IN_SCOPE,529.0,MATCHED,Matched via exact.
Karnataka.pdf,PMBJK15197,Karnataka,Tumakuru,SOUTH_INDIA_IN_SCOPE,548.0,MATCHED,Matched via exact.
Karnataka.pdf,PMBJK15198,Karnataka,Bengaluru Rural,SOUTH_INDIA_IN_SCOPE,526.0,MATCHED,Matched via exact.
Karnataka.pdf,PMBJK15199,Karnataka,Shivamogga,SOUTH_INDIA_IN_SCOPE,547.0,MATCHED,Matched via exact.
Karnataka.pdf,PMBJK15218,Karnataka,Bengaluru Urban,SOUTH_INDIA_IN_SCOPE,525.0,MATCHED,Matched via exact.
Karnataka.pdf,PMBJK15220,Karnataka,Uttara Kannada,SOUTH_INDIA_IN_SCOPE,550.0,MATCHED,Matched via exact.
Karnataka.pdf,PMBJK15252,Karnataka,Ballari,SOUTH_INDIA_IN_SCOPE,528.0,MATCHED,Matched via exact.
Karnataka.pdf,PMBJK15287,Karnataka,Bengaluru Urban,SOUTH_INDIA_IN_SCOPE,525.0,MATCHED,Matched via exact.
Karnataka.pdf,PMBJK15288,Karnataka,Bengaluru Urban,SOUTH_INDIA_IN_SCOPE,525.0,MATCHED,Matched via exact.
Karnataka.pdf,PMBJK15330,Karnataka,Udupi,SOUTH_INDIA_IN_SCOPE,549.0,MATCHED,Matched via exact.
Karnataka.pdf,PMBJK15340,Karnataka,Bengaluru Urban,SOUTH_INDIA_IN_SCOPE,525.0,MATCHED,Matched via exact.
Karnataka.pdf,PMBJK15353,Karnataka,Haveri,SOUTH_INDIA_IN_SCOPE,540.0,MATCHED,Matched via exact.
Karnataka.pdf,PMBJK15358,Karnataka,Belagavi,SOUTH_INDIA_IN_SCOPE,527.0,MATCHED,Matched via exact.
Karnataka.pdf,PMBJK15385,Karnataka,Bengaluru Urban,SOUTH_INDIA_IN_SCOPE,525.0,MATCHED,Matched via exact.
Karnataka.pdf,PMBJK15386,Karnataka,Kalaburagi,SOUTH_INDIA_IN_SCOPE,538.0,MATCHED,Matched via exact.
Karnataka.pdf,PMBJK15387,Karnataka,Udupi,SOUTH_INDIA_IN_SCOPE,549.0,MATCHED,Matched via exact.
Karnataka.pdf,PMBJK15391,Karnataka,Mandya,SOUTH_INDIA_IN_SCOPE,544.0,MATCHED,Matched via exact.
Karnataka.pdf,PMBJK15400,Karnataka,Bengaluru Urban,SOUTH_INDIA_IN_SCOPE,525.0,MATCHED,Matched via exact.
Karnataka.pdf,PMBJK15402,Karnataka,Davangere,SOUTH_INDIA_IN_SCOPE,535.0,MATCHED,Matched via exact.
Karnataka.pdf,PMBJK15447,Karnataka,Shivamogga,SOUTH_INDIA_IN_SCOPE,547.0,MATCHED,Matched via exact.
Karnataka.pdf,PMBJK15475,Karnataka,Mysuru,SOUTH_INDIA_IN_SCOPE,545.0,MATCHED,Matched via exact.
Karnataka.pdf,PMBJK15530,Karnataka,Vijayapura,SOUTH_INDIA_IN_SCOPE,530.0,MATCHED,Matched via exact.
Karnataka.pdf,PMBJK15534,Karnataka,Raichur,SOUTH_INDIA_IN_SCOPE,546.0,MATCHED,Matched via exact.
Karnataka.pdf,PMBJK15545,Karnataka,Bengaluru Rural,SOUTH_INDIA_IN_SCOPE,526.0,MATCHED,Matched via exact.
Karnataka.pdf,PMBJK15546,Karnataka,Mysuru,SOUTH_INDIA_IN_SCOPE,545.0,MATCHED,Matched via exact.
Karnataka.pdf,PMBJK15569,Karnataka,Vijayanagar,SOUTH_INDIA_IN_SCOPE,738.0,MATCHED,Matched via split.
Karnataka.pdf,PMBJK15629,Karnataka,Haveri,SOUTH_INDIA_IN_SCOPE,540.0,MATCHED,Matched via exact.
Karnataka.pdf,PMBJK15640,Karnataka,Vijayapura,SOUTH_INDIA_IN_SCOPE,530.0,MATCHED,Matched via exact.
Karnataka.pdf,PMBJK15641,Karnataka,Bengaluru Urban,SOUTH_INDIA_IN_SCOPE,525.0,MATCHED,Matched via exact.
Karnataka.pdf,PMBJK15690,Karnataka,Koppal,SOUTH_INDIA_IN_SCOPE,543.0,MATCHED,Matched via exact.
Karnataka.pdf,PMBJK15714,Karnataka,Shivamogga,SOUTH_INDIA_IN_SCOPE,547.0,MATCHED,Matched via exact.
Karnataka.pdf,PMBJK15769,Karnataka,Bagalkote,SOUTH_INDIA_IN_SCOPE,524.0,MATCHED,Matched via exact.
Karnataka.pdf,PMBJK15794,Karnataka,Koppal,SOUTH_INDIA_IN_SCOPE,543.0,MATCHED,Matched via exact.
Karnataka.pdf,PMBJK15856,Karnataka,Vijayanagar,SOUTH_INDIA_IN_SCOPE,738.0,MATCHED,Matched via split.
Karnataka.pdf,PMBJK15861,Karnataka,Bidar,SOUTH_INDIA_IN_SCOPE,529.0,MATCHED,Matched via exact.
Karnataka.pdf,PMBJK15862,Karnataka,Bidar,SOUTH_INDIA_IN_SCOPE,529.0,MATCHED,Matched via exact.
Karnataka.pdf,PMBJK15870,Karnataka,Bengaluru Urban,SOUTH_INDIA_IN_SCOPE,525.0,MATCHED,Matched via exact.
Karnataka.pdf,PMBJK15872,Karnataka,Vijayapura,SOUTH_INDIA_IN_SCOPE,530.0,MATCHED,Matched via exact.
Karnataka.pdf,PMBJK15873,Karnataka,Dakshina Kannada,SOUTH_INDIA_IN_SCOPE,534.0,MATCHED,Matched via exact.
Karnataka.pdf,PMBJK15874,Karnataka,Dakshina Kannada,SOUTH_INDIA_IN_SCOPE,534.0,MATCHED,Matched via exact.
Karnataka.pdf,PMBJK15875,Karnataka,Bengaluru Rural,SOUTH_INDIA_IN_SCOPE,526.0,MATCHED,Matched via exact.
Karnataka.pdf,PMBJK15883,Karnataka,Vijayapura,SOUTH_INDIA_IN_SCOPE,530.0,MATCHED,Matched via exact.
Karnataka.pdf,PMBJK15884,Karnataka,Bengaluru Urban,SOUTH_INDIA_IN_SCOPE,525.0,MATCHED,Matched via exact.
Karnataka.pdf,PMBJK15892,Karnataka,Bengaluru Rural,SOUTH_INDIA_IN_SCOPE,526.0,MATCHED,Matched via exact.
Karnataka.pdf,PMBJK15907,Karnataka,Raichur,SOUTH_INDIA_IN_SCOPE,546.0,MATCHED,Matched via exact.
Karnataka.pdf,PMBJK15980,Karnataka,Haveri,SOUTH_INDIA_IN_SCOPE,540.0,MATCHED,Matched via exact.
Karnataka.pdf,PMBJK15981,Karnataka,Dakshina Kannada,SOUTH_INDIA_IN_SCOPE,534.0,MATCHED,Matched via exact.
Karnataka.pdf,PMBJK15995,Karnataka,Bengaluru Rural,SOUTH_INDIA_IN_SCOPE,526.0,MATCHED,Matched via exact.
Karnataka.pdf,PMBJK15996,Karnataka,Bengaluru Rural,SOUTH_INDIA_IN_SCOPE,526.0,MATCHED,Matched via exact.
Karnataka.pdf,PMBJK15997,Karnataka,Dakshina Kannada,SOUTH_INDIA_IN_SCOPE,534.0,MATCHED,Matched via exact.
Karnataka.pdf,PMBJK16015,Karnataka,Dharwad,SOUTH_INDIA_IN_SCOPE,536.0,MATCHED,Matched via exact.
Karnataka.pdf,PMBJK16017,Karnataka,Ramanagara,SOUTH_INDIA_IN_SCOPE,631.0,MATCHED,Matched via exact.
Karnataka.pdf,PMBJK16035,Karnataka,Ramanagara,SOUTH_INDIA_IN_SCOPE,631.0,MATCHED,Matched via exact.
Karnataka.pdf,PMBJK16038,Karnataka,Shivamogga,SOUTH_INDIA_IN_SCOPE,547.0,MATCHED,Matched via exact.
Karnataka.pdf,PMBJK16044,Karnataka,Davangere,SOUTH_INDIA_IN_SCOPE,535.0,MATCHED,Matched via exact.
Karnataka.pdf,PMBJK16047,Karnataka,Dakshina Kannada,SOUTH_INDIA_IN_SCOPE,534.0,MATCHED,Matched via exact.
Karnataka.pdf,PMBJK16048,Karnataka,Dakshina Kannada,SOUTH_INDIA_IN_SCOPE,534.0,MATCHED,Matched via exact.
Karnataka.pdf,PMBJK16049,Karnataka,Dakshina Kannada,SOUTH_INDIA_IN_SCOPE,534.0,MATCHED,Matched via exact.
Karnataka.pdf,PMBJK16050,Karnataka,Tumakuru,SOUTH_INDIA_IN_SCOPE,548.0,MATCHED,Matched via exact.
Karnataka.pdf,PMBJK16051,Karnataka,Vijayapura,SOUTH_INDIA_IN_SCOPE,530.0,MATCHED,Matched via exact.
Karnataka.pdf,PMBJK16074,Karnataka,Vijayanagar,SOUTH_INDIA_IN_SCOPE,738.0,MATCHED,Matched via split.
Karnataka.pdf,PMBJK16075,Karnataka,Raichur,SOUTH_INDIA_IN_SCOPE,546.0,MATCHED,Matched via exact.
Karnataka.pdf,PMBJK16083,Karnataka,Haveri,SOUTH_INDIA_IN_SCOPE,540.0,MATCHED,Matched via exact.
Karnataka.pdf,PMBJK16094,Karnataka,Bengaluru Urban,SOUTH_INDIA_IN_SCOPE,525.0,MATCHED,Matched via exact.
Karnataka.pdf,PMBJK16105,Karnataka,Ramanagara,SOUTH_INDIA_IN_SCOPE,631.0,MATCHED,Matched via exact.
Karnataka.pdf,PMBJK16106,Karnataka,Hassan,SOUTH_INDIA_IN_SCOPE,539.0,MATCHED,Matched via exact.
Karnataka.pdf,PMBJK16116,Karnataka,Dakshina Kannada,SOUTH_INDIA_IN_SCOPE,534.0,MATCHED,Matched via exact.
Karnataka.pdf,PMBJK16118,Karnataka,Tumakuru,SOUTH_INDIA_IN_SCOPE,548.0,MATCHED,Matched via exact.
Karnataka.pdf,PMBJK16137,Karnataka,Bengaluru Urban,SOUTH_INDIA_IN_SCOPE,525.0,MATCHED,Matched via exact.
Karnataka.pdf,PMBJK16138,Karnataka,Chitradurga,SOUTH_INDIA_IN_SCOPE,533.0,MATCHED,Matched via exact.
Karnataka.pdf,PMBJK16139,Karnataka,Bengaluru Urban,SOUTH_INDIA_IN_SCOPE,525.0,MATCHED,Matched via exact.
Karnataka.pdf,PMBJK16140,Karnataka,Chikkaballapura,SOUTH_INDIA_IN_SCOPE,630.0,MATCHED,Matched via exact.
Karnataka.pdf,PMBJK16141,Karnataka,Chamarajanagara,SOUTH_INDIA_IN_SCOPE,531.0,MATCHED,Matched via exact.
Karnataka.pdf,PMBJK16142,Karnataka,Dakshina Kannada,SOUTH_INDIA_IN_SCOPE,534.0,MATCHED,Matched via exact.
Karnataka.pdf,PMBJK16177,Karnataka,Haveri,SOUTH_INDIA_IN_SCOPE,540.0,MATCHED,Matched via exact.
Karnataka.pdf,PMBJK16178,Karnataka,Udupi,SOUTH_INDIA_IN_SCOPE,549.0,MATCHED,Matched via exact.
Karnataka.pdf,PMBJK16212,Karnataka,Haveri,SOUTH_INDIA_IN_SCOPE,540.0,MATCHED,Matched via exact.
Karnataka.pdf,PMBJK16234,Karnataka,Dakshina Kannada,SOUTH_INDIA_IN_SCOPE,534.0,MATCHED,Matched via exact.
Karnataka.pdf,PMBJK16235,Karnataka,Mysuru,SOUTH_INDIA_IN_SCOPE,545.0,MATCHED,Matched via exact.
Karnataka.pdf,PMBJK16270,Karnataka,Dakshina Kannada,SOUTH_INDIA_IN_SCOPE,534.0,MATCHED,Matched via exact.
Karnataka.pdf,PMBJK16271,Karnataka,Mandya,SOUTH_INDIA_IN_SCOPE,544.0,MATCHED,Matched via exact.
Karnataka.pdf,PMBJK16288,Karnataka,Dakshina Kannada,SOUTH_INDIA_IN_SCOPE,534.0,MATCHED,Matched via exact.
Karnataka.pdf,PMBJK16305,Karnataka,Chamarajanagara,SOUTH_INDIA_IN_SCOPE,531.0,MATCHED,Matched via exact.
Karnataka.pdf,PMBJK16306,Karnataka,Bengaluru Urban,SOUTH_INDIA_IN_SCOPE,525.0,MATCHED,Matched via exact.
Karnataka.pdf,PMBJK16307,Karnataka,Bengaluru Urban,SOUTH_INDIA_IN_SCOPE,525.0,MATCHED,Matched via exact.
Karnataka.pdf,PMBJK16314,Karnataka,Bengaluru Urban,SOUTH_INDIA_IN_SCOPE,525.0,MATCHED,Matched via exact.
Karnataka.pdf,PMBJK16346,Karnataka,Udupi,SOUTH_INDIA_IN_SCOPE,549.0,MATCHED,Matched via exact.
Karnataka.pdf,PMBJK16349,Karnataka,Ballari,SOUTH_INDIA_IN_SCOPE,528.0,MATCHED,Matched via exact.
Karnataka.pdf,PMBJK16350,Karnataka,Udupi,SOUTH_INDIA_IN_SCOPE,549.0,MATCHED,Matched via exact.
Karnataka.pdf,PMBJK16356,Karnataka,Hassan,SOUTH_INDIA_IN_SCOPE,539.0,MATCHED,Matched via exact.
Karnataka.pdf,PMBJK16360,Karnataka,Udupi,SOUTH_INDIA_IN_SCOPE,549.0,MATCHED,Matched via exact.
Karnataka.pdf,PMBJK16361,Karnataka,Belagavi,SOUTH_INDIA_IN_SCOPE,527.0,MATCHED,Matched via exact.
Karnataka.pdf,PMBJK16379,Karnataka,Raichur,SOUTH_INDIA_IN_SCOPE,546.0,MATCHED,Matched via exact.
Karnataka.pdf,PMBJK16391,Karnataka,Belagavi,SOUTH_INDIA_IN_SCOPE,527.0,MATCHED,Matched via exact.
Karnataka.pdf,PMBJK16449,Karnataka,Bengaluru Urban,SOUTH_INDIA_IN_SCOPE,525.0,MATCHED,Matched via exact.
Karnataka.pdf,PMBJK16457,Karnataka,Bengaluru Urban,SOUTH_INDIA_IN_SCOPE,525.0,MATCHED,Matched via exact.
Karnataka.pdf,PMBJK16474,Karnataka,Tumakuru,SOUTH_INDIA_IN_SCOPE,548.0,MATCHED,Matched via exact.
Karnataka.pdf,PMBJK16477,Karnataka,Davangere,SOUTH_INDIA_IN_SCOPE,535.0,MATCHED,Matched via exact.
Karnataka.pdf,PMBJK16562,Karnataka,Chikkaballapura,SOUTH_INDIA_IN_SCOPE,630.0,MATCHED,Matched via exact.
Karnataka.pdf,PMBJK16563,Karnataka,Bengaluru Urban,SOUTH_INDIA_IN_SCOPE,525.0,MATCHED,Matched via exact.
Karnataka.pdf,PMBJK16584,Karnataka,Bengaluru Urban,SOUTH_INDIA_IN_SCOPE,525.0,MATCHED,Matched via exact.
Karnataka.pdf,PMBJK16595,Karnataka,Bengaluru Rural,SOUTH_INDIA_IN_SCOPE,526.0,MATCHED,Matched via exact.
Karnataka.pdf,PMBJK16654,Karnataka,Bengaluru Rural,SOUTH_INDIA_IN_SCOPE,526.0,MATCHED,Matched via exact.
Karnataka.pdf,PMBJK16664,Karnataka,Belagavi,SOUTH_INDIA_IN_SCOPE,527.0,MATCHED,Matched via exact.
Karnataka.pdf,PMBJK16694,Karnataka,Dakshina Kannada,SOUTH_INDIA_IN_SCOPE,534.0,MATCHED,Matched via exact.
Karnataka.pdf,PMBJK16699,Karnataka,Dharwad,SOUTH_INDIA_IN_SCOPE,536.0,MATCHED,Matched via exact.
Karnataka.pdf,PMBJK16700,Karnataka,Mysuru,SOUTH_INDIA_IN_SCOPE,545.0,MATCHED,Matched via exact.
Karnataka.pdf,PMBJK16701,Karnataka,Bengaluru Urban,SOUTH_INDIA_IN_SCOPE,525.0,MATCHED,Matched via exact.
Karnataka.pdf,PMBJK16702,Karnataka,Bengaluru Urban,SOUTH_INDIA_IN_SCOPE,525.0,MATCHED,Matched via exact.
Karnataka.pdf,PMBJK16703,Karnataka,Hassan,SOUTH_INDIA_IN_SCOPE,539.0,MATCHED,Matched via exact.
Karnataka.pdf,PMBJK16717,Karnataka,Bengaluru Urban,SOUTH_INDIA_IN_SCOPE,525.0,MATCHED,Matched via exact.
Karnataka.pdf,PMBJK16728,Karnataka,Bengaluru Urban,SOUTH_INDIA_IN_SCOPE,525.0,MATCHED,Matched via exact.
Karnataka.pdf,PMBJK16731,Karnataka,Bengaluru Urban,SOUTH_INDIA_IN_SCOPE,525.0,MATCHED,Matched via exact.
Karnataka.pdf,PMBJK16804,Karnataka,Dakshina Kannada,SOUTH_INDIA_IN_SCOPE,534.0,MATCHED,Matched via exact.
Karnataka.pdf,PMBJK16805,Karnataka,Bengaluru Urban,SOUTH_INDIA_IN_SCOPE,525.0,MATCHED,Matched via exact.
Karnataka.pdf,PMBJK16806,Karnataka,Belagavi,SOUTH_INDIA_IN_SCOPE,527.0,MATCHED,Matched via exact.
Karnataka.pdf,PMBJK16810,Karnataka,Mandya,SOUTH_INDIA_IN_SCOPE,544.0,MATCHED,Matched via exact.
Karnataka.pdf,PMBJK16811,Karnataka,Bidar,SOUTH_INDIA_IN_SCOPE,529.0,MATCHED,Matched via exact.
Karnataka.pdf,PMBJK16820,Karnataka,Bengaluru Urban,SOUTH_INDIA_IN_SCOPE,525.0,MATCHED,Matched via exact.
Karnataka.pdf,PMBJK16846,Karnataka,Udupi,SOUTH_INDIA_IN_SCOPE,549.0,MATCHED,Matched via exact.
Karnataka.pdf,PMBJK16847,Karnataka,Hassan,SOUTH_INDIA_IN_SCOPE,539.0,MATCHED,Matched via exact.
Karnataka.pdf,PMBJK16848,Karnataka,Bengaluru Urban,SOUTH_INDIA_IN_SCOPE,525.0,MATCHED,Matched via exact.
Karnataka.pdf,PMBJK16856,Karnataka,Dakshina Kannada,SOUTH_INDIA_IN_SCOPE,534.0,MATCHED,Matched via exact.
Karnataka.pdf,PMBJK16857,Karnataka,Mysuru,SOUTH_INDIA_IN_SCOPE,545.0,MATCHED,Matched via exact.
Karnataka.pdf,PMBJK16869,Karnataka,Gadag,SOUTH_INDIA_IN_SCOPE,537.0,MATCHED,Matched via exact.
Karnataka.pdf,PMBJK16870,Karnataka,Yadgir,SOUTH_INDIA_IN_SCOPE,635.0,MATCHED,Matched via exact.
Karnataka.pdf,PMBJK16937,Karnataka,Bengaluru Urban,SOUTH_INDIA_IN_SCOPE,525.0,MATCHED,Matched via exact.
Karnataka.pdf,PMBJK16938,Karnataka,Haveri,SOUTH_INDIA_IN_SCOPE,540.0,MATCHED,Matched via exact.
Karnataka.pdf,PMBJK16983,Karnataka,Bengaluru Urban,SOUTH_INDIA_IN_SCOPE,525.0,MATCHED,Matched via exact.
Karnataka.pdf,PMBJK16998,Karnataka,Gadag,SOUTH_INDIA_IN_SCOPE,537.0,MATCHED,Matched via exact.
Karnataka.pdf,PMBJK17012,Karnataka,Bengaluru Urban,SOUTH_INDIA_IN_SCOPE,525.0,MATCHED,Matched via exact.
Karnataka.pdf,PMBJK17020,Karnataka,Bengaluru Urban,SOUTH_INDIA_IN_SCOPE,525.0,MATCHED,Matched via exact.
Karnataka.pdf,PMBJK17055,Karnataka,Haveri,SOUTH_INDIA_IN_SCOPE,540.0,MATCHED,Matched via exact.
Karnataka.pdf,PMBJK17056,Karnataka,Ballari,SOUTH_INDIA_IN_SCOPE,528.0,MATCHED,Matched via exact.
Karnataka.pdf,PMBJK17058,Karnataka,Kalaburagi,SOUTH_INDIA_IN_SCOPE,538.0,MATCHED,Matched via exact.
Karnataka.pdf,PMBJK17068,Karnataka,Hassan,SOUTH_INDIA_IN_SCOPE,539.0,MATCHED,Matched via exact.
Karnataka.pdf,PMBJK17069,Karnataka,Vijayanagar,SOUTH_INDIA_IN_SCOPE,738.0,MATCHED,Matched via split.
Karnataka.pdf,PMBJK17070,Karnataka,Udupi,SOUTH_INDIA_IN_SCOPE,549.0,MATCHED,Matched via exact.
Karnataka.pdf,PMBJK17084,Karnataka,Dharwad,SOUTH_INDIA_IN_SCOPE,536.0,MATCHED,Matched via exact.
Karnataka.pdf,PMBJK17115,Karnataka,Haveri,SOUTH_INDIA_IN_SCOPE,540.0,MATCHED,Matched via exact.
Karnataka.pdf,PMBJK17122,Karnataka,Bengaluru Urban,SOUTH_INDIA_IN_SCOPE,525.0,MATCHED,Matched via exact.
Karnataka.pdf,PMBJK17150,Karnataka,Dharwad,SOUTH_INDIA_IN_SCOPE,536.0,MATCHED,Matched via exact.
Karnataka.pdf,PMBJK17156,Karnataka,Bengaluru Urban,SOUTH_INDIA_IN_SCOPE,525.0,MATCHED,Matched via exact.
Karnataka.pdf,PMBJK17157,Karnataka,Bidar,SOUTH_INDIA_IN_SCOPE,529.0,MATCHED,Matched via exact.
Karnataka.pdf,PMBJK17228,Karnataka,Mandya,SOUTH_INDIA_IN_SCOPE,544.0,MATCHED,Matched via exact.
Karnataka.pdf,PMBJK17229,Karnataka,Bidar,SOUTH_INDIA_IN_SCOPE,529.0,MATCHED,Matched via exact.
Karnataka.pdf,PMBJK17231,Karnataka,Ballari,SOUTH_INDIA_IN_SCOPE,528.0,MATCHED,Matched via exact.
Karnataka.pdf,PMBJK17256,Karnataka,Mandya,SOUTH_INDIA_IN_SCOPE,544.0,MATCHED,Matched via exact.
Karnataka.pdf,PMBJK17435,Karnataka,Haveri,SOUTH_INDIA_IN_SCOPE,540.0,MATCHED,Matched via exact.
Karnataka.pdf,PMBJK17468,Karnataka,Yadgir,SOUTH_INDIA_IN_SCOPE,635.0,MATCHED,Matched via exact.
Karnataka.pdf,PMBJK17469,Karnataka,Bengaluru Urban,SOUTH_INDIA_IN_SCOPE,525.0,MATCHED,Matched via exact.
Karnataka.pdf,PMBJK17486,Karnataka,Bengaluru Urban,SOUTH_INDIA_IN_SCOPE,525.0,MATCHED,Matched via exact.
Karnataka.pdf,PMBJK17527,Karnataka,Vijayapura,SOUTH_INDIA_IN_SCOPE,530.0,MATCHED,Matched via exact.
Karnataka.pdf,PMBJK17528,Karnataka,Bengaluru Urban,SOUTH_INDIA_IN_SCOPE,525.0,MATCHED,Matched via exact.
Karnataka.pdf,PMBJK17530,Karnataka,Haveri,SOUTH_INDIA_IN_SCOPE,540.0,MATCHED,Matched via exact.
Karnataka.pdf,PMBJK17554,Karnataka,Vijayapura,SOUTH_INDIA_IN_SCOPE,530.0,MATCHED,Matched via exact.
Karnataka.pdf,PMBJK17555,Karnataka,Haveri,SOUTH_INDIA_IN_SCOPE,540.0,MATCHED,Matched via exact.
Karnataka.pdf,PMBJK17588,Karnataka,Dakshina Kannada,SOUTH_INDIA_IN_SCOPE,534.0,MATCHED,Matched via exact.
Karnataka.pdf,PMBJK17610,Karnataka,Bengaluru Urban,SOUTH_INDIA_IN_SCOPE,525.0,MATCHED,Matched via exact.
Karnataka.pdf,PMBJK17611,Karnataka,Mysuru,SOUTH_INDIA_IN_SCOPE,545.0,MATCHED,Matched via exact.
Karnataka.pdf,PMBJK17613,Karnataka,Kalaburagi,SOUTH_INDIA_IN_SCOPE,538.0,MATCHED,Matched via exact.
Karnataka.pdf,PMBJK17632,Karnataka,Kalaburagi,SOUTH_INDIA_IN_SCOPE,538.0,MATCHED,Matched via exact.
Karnataka.pdf,PMBJK17679,Karnataka,Bengaluru Urban,SOUTH_INDIA_IN_SCOPE,525.0,MATCHED,Matched via exact.
Karnataka.pdf,PMBJK17680,Karnataka,Tumakuru,SOUTH_INDIA_IN_SCOPE,548.0,MATCHED,Matched via exact.
Karnataka.pdf,PMBJK17724,Karnataka,Kalaburagi,SOUTH_INDIA_IN_SCOPE,538.0,MATCHED,Matched via exact.
Karnataka.pdf,PMBJK17856,Karnataka,Dakshina Kannada,SOUTH_INDIA_IN_SCOPE,534.0,MATCHED,Matched via exact.
Karnataka.pdf,PMBJK17889,Karnataka,Ballari,SOUTH_INDIA_IN_SCOPE,528.0,MATCHED,Matched via exact.
Karnataka.pdf,PMBJK17948,Karnataka,Dharwad,SOUTH_INDIA_IN_SCOPE,536.0,MATCHED,Matched via exact.
Karnataka.pdf,PMBJK17949,Karnataka,Bengaluru Urban,SOUTH_INDIA_IN_SCOPE,525.0,MATCHED,Matched via exact.
Karnataka.pdf,PMBJK18209,Karnataka,Dakshina Kannada,SOUTH_INDIA_IN_SCOPE,534.0,MATCHED,Matched via exact.
Karnataka.pdf,PMBJK18210,Karnataka,Kolar,SOUTH_INDIA_IN_SCOPE,542.0,MATCHED,Matched via exact.
Karnataka.pdf,PMBJK18211,Karnataka,Kolar,SOUTH_INDIA_IN_SCOPE,542.0,MATCHED,Matched via exact.
Karnataka.pdf,PMBJK18318,Karnataka,Mysuru,SOUTH_INDIA_IN_SCOPE,545.0,MATCHED,Matched via exact.
Karnataka.pdf,PMBJK18379,Karnataka,Mandya,SOUTH_INDIA_IN_SCOPE,544.0,MATCHED,Matched via exact.
Karnataka.pdf,PMBJK18380,Karnataka,Yadgir,SOUTH_INDIA_IN_SCOPE,635.0,MATCHED,Matched via exact.
Karnataka.pdf,PMBJK18432,Karnataka,Uttara Kannada,SOUTH_INDIA_IN_SCOPE,550.0,MATCHED,Matched via exact.
Karnataka.pdf,PMBJK18445,Karnataka,Bengaluru Urban,SOUTH_INDIA_IN_SCOPE,525.0,MATCHED,Matched via exact.
Karnataka.pdf,PMBJK18446,Karnataka,Bengaluru Urban,SOUTH_INDIA_IN_SCOPE,525.0,MATCHED,Matched via exact.
Karnataka.pdf,PMBJK18552,Karnataka,Mysuru,SOUTH_INDIA_IN_SCOPE,545.0,MATCHED,Matched via exact.
Karnataka.pdf,PMBJK18553,Karnataka,Chitradurga,SOUTH_INDIA_IN_SCOPE,533.0,MATCHED,Matched via exact.
Karnataka.pdf,PMBJK18664,Karnataka,Vijayapura,SOUTH_INDIA_IN_SCOPE,530.0,MATCHED,Matched via exact.
Karnataka.pdf,PMBJK18665,Karnataka,Bengaluru Urban,SOUTH_INDIA_IN_SCOPE,525.0,MATCHED,Matched via exact.
Karnataka.pdf,PMBJK18796,Karnataka,Kalaburagi,SOUTH_INDIA_IN_SCOPE,538.0,MATCHED,Matched via exact.
Karnataka.pdf,PMBJK18797,Karnataka,Dakshina Kannada,SOUTH_INDIA_IN_SCOPE,534.0,MATCHED,Matched via exact.
Karnataka.pdf,PMBJK18799,Karnataka,Udupi,SOUTH_INDIA_IN_SCOPE,549.0,MATCHED,Matched via exact.
Karnataka.pdf,PMBJK18800,Karnataka,Belagavi,SOUTH_INDIA_IN_SCOPE,527.0,MATCHED,Matched via exact.
Karnataka.pdf,PMBJK18804,Karnataka,Raichur,SOUTH_INDIA_IN_SCOPE,546.0,MATCHED,Matched via exact.
Karnataka.pdf,PMBJK18805,Karnataka,Tumakuru,SOUTH_INDIA_IN_SCOPE,548.0,MATCHED,Matched via exact.
Karnataka.pdf,PMBJK18838,Karnataka,Gadag,SOUTH_INDIA_IN_SCOPE,537.0,MATCHED,Matched via exact.
Karnataka.pdf,PMBJK18839,Karnataka,Kalaburagi,SOUTH_INDIA_IN_SCOPE,538.0,MATCHED,Matched via exact.
Karnataka.pdf,PMBJK18840,Karnataka,Dakshina Kannada,SOUTH_INDIA_IN_SCOPE,534.0,MATCHED,Matched via exact.
Karnataka.pdf,PMBJK18953,Karnataka,Yadgir,SOUTH_INDIA_IN_SCOPE,635.0,MATCHED,Matched via exact.
Karnataka.pdf,PMBJK18965,Karnataka,Bengaluru Urban,SOUTH_INDIA_IN_SCOPE,525.0,MATCHED,Matched via exact.
Karnataka.pdf,PMBJK18967,Karnataka,Bengaluru Urban,SOUTH_INDIA_IN_SCOPE,525.0,MATCHED,Matched via exact.
Karnataka.pdf,PMBJK18980,Karnataka,Dakshina Kannada,SOUTH_INDIA_IN_SCOPE,534.0,MATCHED,Matched via exact.
Karnataka.pdf,PMBJK19018,Karnataka,Davangere,SOUTH_INDIA_IN_SCOPE,535.0,MATCHED,Matched via exact.
Karnataka.pdf,PMBJK19019,Karnataka,Belagavi,SOUTH_INDIA_IN_SCOPE,527.0,MATCHED,Matched via exact.
Karnataka.pdf,PMBJK19020,Karnataka,Bengaluru Rural,SOUTH_INDIA_IN_SCOPE,526.0,MATCHED,Matched via exact.
Karnataka.pdf,PMBJK19021,Karnataka,Dakshina Kannada,SOUTH_INDIA_IN_SCOPE,534.0,MATCHED,Matched via exact.
Karnataka.pdf,PMBJK19072,Karnataka,Davangere,SOUTH_INDIA_IN_SCOPE,535.0,MATCHED,Matched via exact.
Karnataka.pdf,PMBJK19073,Karnataka,Bengaluru Rural,SOUTH_INDIA_IN_SCOPE,526.0,MATCHED,Matched via exact.
Karnataka.pdf,PMBJK19109,Karnataka,Hassan,SOUTH_INDIA_IN_SCOPE,539.0,MATCHED,Matched via exact.
Karnataka.pdf,PMBJK19187,Karnataka,Bengaluru Urban,SOUTH_INDIA_IN_SCOPE,525.0,MATCHED,Matched via exact.
Karnataka.pdf,PMBJK19202,Karnataka,Bengaluru Urban,SOUTH_INDIA_IN_SCOPE,525.0,MATCHED,Matched via exact.
Karnataka.pdf,PMBJK19222,Karnataka,Davangere,SOUTH_INDIA_IN_SCOPE,535.0,MATCHED,Matched via exact.
Karnataka.pdf,PMBJK19235,Karnataka,Bagalkote,SOUTH_INDIA_IN_SCOPE,524.0,MATCHED,Matched via exact.
Karnataka.pdf,PMBJK19236,Karnataka,Bengaluru Urban,SOUTH_INDIA_IN_SCOPE,525.0,MATCHED,Matched via exact.
Karnataka.pdf,PMBJK19294,Karnataka,Vijayapura,SOUTH_INDIA_IN_SCOPE,530.0,MATCHED,Matched via exact.
Karnataka.pdf,PMBJK19295,Karnataka,Bengaluru Urban,SOUTH_INDIA_IN_SCOPE,525.0,MATCHED,Matched via exact.
Karnataka.pdf,PMBJK19296,Karnataka,Ballari,SOUTH_INDIA_IN_SCOPE,528.0,MATCHED,Matched via exact.
Karnataka.pdf,PMBJK19297,Karnataka,Bengaluru Urban,SOUTH_INDIA_IN_SCOPE,525.0,MATCHED,Matched via exact.
Karnataka.pdf,PMBJK19365,Karnataka,Udupi,SOUTH_INDIA_IN_SCOPE,549.0,MATCHED,Matched via exact.
Karnataka.pdf,PMBJK19485,Karnataka,Mysuru,SOUTH_INDIA_IN_SCOPE,545.0,MATCHED,Matched via exact.
Karnataka.pdf,PMBJK19487,Karnataka,Udupi,SOUTH_INDIA_IN_SCOPE,549.0,MATCHED,Matched via exact.
Karnataka.pdf,PMBJK19488,Karnataka,Dakshina Kannada,SOUTH_INDIA_IN_SCOPE,534.0,MATCHED,Matched via exact.
Karnataka.pdf,PMBJK19489,Karnataka,Shivamogga,SOUTH_INDIA_IN_SCOPE,547.0,MATCHED,Matched via exact.
Karnataka.pdf,PMBJK19542,Karnataka,Mandya,SOUTH_INDIA_IN_SCOPE,544.0,MATCHED,Matched via exact.
Karnataka.pdf,PMBJK19543,Karnataka,Mandya,SOUTH_INDIA_IN_SCOPE,544.0,MATCHED,Matched via exact.
Karnataka.pdf,PMBJK19615,Karnataka,Vijayanagar,SOUTH_INDIA_IN_SCOPE,738.0,MATCHED,Matched via split.
Karnataka.pdf,PMBJK19616,Karnataka,Tumakuru,SOUTH_INDIA_IN_SCOPE,548.0,MATCHED,Matched via exact.
Karnataka.pdf,PMBJK19617,Karnataka,Dakshina Kannada,SOUTH_INDIA_IN_SCOPE,534.0,MATCHED,Matched via exact.
Karnataka.pdf,PMBJK19618,Karnataka,Tumakuru,SOUTH_INDIA_IN_SCOPE,548.0,MATCHED,Matched via exact.
Karnataka.pdf,PMBJK19659,Karnataka,Chikkamagaluru,SOUTH_INDIA_IN_SCOPE,532.0,MATCHED,Matched via exact.
Karnataka.pdf,PMBJK19703,Karnataka,Vijayanagar,SOUTH_INDIA_IN_SCOPE,738.0,MATCHED,Matched via split.
Karnataka.pdf,PMBJK19753,Karnataka,Bengaluru Urban,SOUTH_INDIA_IN_SCOPE,525.0,MATCHED,Matched via exact.
Karnataka.pdf,PMBJK19755,Karnataka,Bengaluru Urban,SOUTH_INDIA_IN_SCOPE,525.0,MATCHED,Matched via exact.
Karnataka.pdf,PMBJK19757,Karnataka,Udupi,SOUTH_INDIA_IN_SCOPE,549.0,MATCHED,Matched via exact.
Karnataka.pdf,PMBJK19759,Karnataka,Tumakuru,SOUTH_INDIA_IN_SCOPE,548.0,MATCHED,Matched via exact.
Karnataka.pdf,PMBJK19779,Karnataka,Bengaluru Urban,SOUTH_INDIA_IN_SCOPE,525.0,MATCHED,Matched via exact.
Karnataka.pdf,PMBJK19781,Karnataka,Yadgir,SOUTH_INDIA_IN_SCOPE,635.0,MATCHED,Matched via exact.
Karnataka.pdf,PMBJK19786,Karnataka,Davangere,SOUTH_INDIA_IN_SCOPE,535.0,MATCHED,Matched via exact.
Karnataka.pdf,PMBJK19787,Karnataka,Chikkaballapura,SOUTH_INDIA_IN_SCOPE,630.0,MATCHED,Matched via exact.
Karnataka.pdf,PMBJK19802,Karnataka,Dakshina Kannada,SOUTH_INDIA_IN_SCOPE,534.0,MATCHED,Matched via exact.
Karnataka.pdf,PMBJK19803,Karnataka,Bengaluru Urban,SOUTH_INDIA_IN_SCOPE,525.0,MATCHED,Matched via exact.
Karnataka.pdf,PMBJK19804,Karnataka,Hassan,SOUTH_INDIA_IN_SCOPE,539.0,MATCHED,Matched via exact.
Karnataka.pdf,PMBJK19883,Karnataka,Haveri,SOUTH_INDIA_IN_SCOPE,540.0,MATCHED,Matched via exact.
Karnataka.pdf,PMBJK19885,Karnataka,Udupi,SOUTH_INDIA_IN_SCOPE,549.0,MATCHED,Matched via exact.
Karnataka.pdf,PMBJK19889,Karnataka,Belagavi,SOUTH_INDIA_IN_SCOPE,527.0,MATCHED,Matched via exact.
Karnataka.pdf,PMBJK19890,Karnataka,Bengaluru Urban,SOUTH_INDIA_IN_SCOPE,525.0,MATCHED,Matched via exact.
Karnataka.pdf,PMBJK19934,Karnataka,Mysuru,SOUTH_INDIA_IN_SCOPE,545.0,MATCHED,Matched via exact.
Karnataka.pdf,PMBJK19935,Karnataka,Bengaluru Urban,SOUTH_INDIA_IN_SCOPE,525.0,MATCHED,Matched via exact.
Karnataka.pdf,PMBJK19936,Karnataka,Bagalkote,SOUTH_INDIA_IN_SCOPE,524.0,MATCHED,Matched via exact.
Karnataka.pdf,PMBJK20011,Karnataka,Bengaluru Urban,SOUTH_INDIA_IN_SCOPE,525.0,MATCHED,Matched via exact.
Karnataka.pdf,PMBJK20032,Karnataka,Vijayapura,SOUTH_INDIA_IN_SCOPE,530.0,MATCHED,Matched via exact.
Karnataka.pdf,PMBJK20066,Karnataka,Gadag,SOUTH_INDIA_IN_SCOPE,537.0,MATCHED,Matched via exact.
Karnataka.pdf,PMBJK20067,Karnataka,Bengaluru Urban,SOUTH_INDIA_IN_SCOPE,525.0,MATCHED,Matched via exact.
Karnataka.pdf,PMBJK20095,Karnataka,Chikkamagaluru,SOUTH_INDIA_IN_SCOPE,532.0,MATCHED,Matched via exact.
Karnataka.pdf,PMBJK20165,Karnataka,Bengaluru Urban,SOUTH_INDIA_IN_SCOPE,525.0,MATCHED,Matched via exact.
Karnataka.pdf,PMBJK20179,Karnataka,Vijayapura,SOUTH_INDIA_IN_SCOPE,530.0,MATCHED,Matched via exact.
Karnataka.pdf,PMBJK20180,Karnataka,Chikkamagaluru,SOUTH_INDIA_IN_SCOPE,532.0,MATCHED,Matched via exact.
Karnataka.pdf,PMBJK20181,Karnataka,Tumakuru,SOUTH_INDIA_IN_SCOPE,548.0,MATCHED,Matched via exact.
Karnataka.pdf,PMBJK20184,Karnataka,Bengaluru Urban,SOUTH_INDIA_IN_SCOPE,525.0,MATCHED,Matched via exact.
Karnataka.pdf,PMBJK20185,Karnataka,Bengaluru Urban,SOUTH_INDIA_IN_SCOPE,525.0,MATCHED,Matched via exact.
Karnataka.pdf,PMBJK20186,Karnataka,Dakshina Kannada,SOUTH_INDIA_IN_SCOPE,534.0,MATCHED,Matched via exact.
Karnataka.pdf,PMBJK20208,Karnataka,Udupi,SOUTH_INDIA_IN_SCOPE,549.0,MATCHED,Matched via exact.
Karnataka.pdf,PMBJK20209,Karnataka,Chikkaballapura,SOUTH_INDIA_IN_SCOPE,630.0,MATCHED,Matched via exact.
Karnataka.pdf,PMBJK20232,Karnataka,Ballari,SOUTH_INDIA_IN_SCOPE,528.0,MATCHED,Matched via exact.
Karnataka.pdf,PMBJK20233,Karnataka,Shivamogga,SOUTH_INDIA_IN_SCOPE,547.0,MATCHED,Matched via exact.
Karnataka.pdf,PMBJK20234,Karnataka,Bengaluru Urban,SOUTH_INDIA_IN_SCOPE,525.0,MATCHED,Matched via exact.
Karnataka.pdf,PMBJK20235,Karnataka,Bengaluru Urban,SOUTH_INDIA_IN_SCOPE,525.0,MATCHED,Matched via exact.
Karnataka.pdf,PMBJK20236,Karnataka,Vijayapura,SOUTH_INDIA_IN_SCOPE,530.0,MATCHED,Matched via exact.
Karnataka.pdf,PMBJK20279,Karnataka,Haveri,SOUTH_INDIA_IN_SCOPE,540.0,MATCHED,Matched via exact.
Karnataka.pdf,PMBJK20280,Karnataka,Bengaluru Urban,SOUTH_INDIA_IN_SCOPE,525.0,MATCHED,Matched via exact.
Karnataka.pdf,PMBJK20293,Karnataka,Mysuru,SOUTH_INDIA_IN_SCOPE,545.0,MATCHED,Matched via exact.
Karnataka.pdf,PMBJK20294,Karnataka,Dharwad,SOUTH_INDIA_IN_SCOPE,536.0,MATCHED,Matched via exact.
Karnataka.pdf,PMBJK20310,Karnataka,Hassan,SOUTH_INDIA_IN_SCOPE,539.0,MATCHED,Matched via exact.
Karnataka.pdf,PMBJK20311,Karnataka,Chikkamagaluru,SOUTH_INDIA_IN_SCOPE,532.0,MATCHED,Matched via exact.
Karnataka.pdf,PMBJK20312,Karnataka,Dakshina Kannada,SOUTH_INDIA_IN_SCOPE,534.0,MATCHED,Matched via exact.
Karnataka.pdf,PMBJK20329,Karnataka,Mysuru,SOUTH_INDIA_IN_SCOPE,545.0,MATCHED,Matched via exact.
Karnataka.pdf,PMBJK20349,Karnataka,Bengaluru Urban,SOUTH_INDIA_IN_SCOPE,525.0,MATCHED,Matched via exact.
Karnataka.pdf,PMBJK20386,Karnataka,Vijayapura,SOUTH_INDIA_IN_SCOPE,530.0,MATCHED,Matched via exact.
Karnataka.pdf,PMBJK20411,Karnataka,Bengaluru Urban,SOUTH_INDIA_IN_SCOPE,525.0,MATCHED,Matched via exact.
Karnataka.pdf,PMBJK20413,Karnataka,Udupi,SOUTH_INDIA_IN_SCOPE,549.0,MATCHED,Matched via exact.
Karnataka.pdf,PMBJK20414,Karnataka,Kolar,SOUTH_INDIA_IN_SCOPE,542.0,MATCHED,Matched via exact.
Karnataka.pdf,PMBJK20436,Karnataka,Haveri,SOUTH_INDIA_IN_SCOPE,540.0,MATCHED,Matched via exact.
Karnataka.pdf,PMBJK20477,Karnataka,Bengaluru Urban,SOUTH_INDIA_IN_SCOPE,525.0,MATCHED,Matched via exact.
Karnataka.pdf,PMBJK20511,Karnataka,Udupi,SOUTH_INDIA_IN_SCOPE,549.0,MATCHED,Matched via exact.
Karnataka.pdf,PMBJK20512,Karnataka,Mysuru,SOUTH_INDIA_IN_SCOPE,545.0,MATCHED,Matched via exact.
Karnataka.pdf,PMBJK20513,Karnataka,Bengaluru Urban,SOUTH_INDIA_IN_SCOPE,525.0,MATCHED,Matched via exact.
Karnataka.pdf,PMBJK20612,Karnataka,Kalaburagi,SOUTH_INDIA_IN_SCOPE,538.0,MATCHED,Matched via exact.
Karnataka.pdf,PMBJK20613,Karnataka,Bengaluru Urban,SOUTH_INDIA_IN_SCOPE,525.0,MATCHED,Matched via exact.
Karnataka.pdf,PMBJK20615,Karnataka,Chikkamagaluru,SOUTH_INDIA_IN_SCOPE,532.0,MATCHED,Matched via exact.
Karnataka.pdf,PMBJK20616,Karnataka,Tumakuru,SOUTH_INDIA_IN_SCOPE,548.0,MATCHED,Matched via exact.
Karnataka.pdf,PMBJK20617,Karnataka,Tumakuru,SOUTH_INDIA_IN_SCOPE,548.0,MATCHED,Matched via exact.
Karnataka.pdf,PMBJK20618,Karnataka,Bengaluru Urban,SOUTH_INDIA_IN_SCOPE,525.0,MATCHED,Matched via exact.
Karnataka.pdf,PMBJK20619,Karnataka,Haveri,SOUTH_INDIA_IN_SCOPE,540.0,MATCHED,Matched via exact.
Karnataka.pdf,PMBJK20620,Karnataka,Bengaluru Urban,SOUTH_INDIA_IN_SCOPE,525.0,MATCHED,Matched via exact.
Karnataka.pdf,PMBJK20621,Karnataka,Bengaluru Urban,SOUTH_INDIA_IN_SCOPE,525.0,MATCHED,Matched via exact.
Karnataka.pdf,PMBJK20634,Karnataka,Chikkaballapura,SOUTH_INDIA_IN_SCOPE,630.0,MATCHED,Matched via exact.
Karnataka.pdf,PMBJK20643,Karnataka,Haveri,SOUTH_INDIA_IN_SCOPE,540.0,MATCHED,Matched via exact.
Karnataka.pdf,PMBJK20656,Karnataka,Belagavi,SOUTH_INDIA_IN_SCOPE,527.0,MATCHED,Matched via exact.
Karnataka.pdf,PMBJK20730,Karnataka,Kalaburagi,SOUTH_INDIA_IN_SCOPE,538.0,MATCHED,Matched via exact.
Karnataka.pdf,PMBJK20747,Karnataka,Belagavi,SOUTH_INDIA_IN_SCOPE,527.0,MATCHED,Matched via exact.
Karnataka.pdf,PMBJK20748,Karnataka,Dakshina Kannada,SOUTH_INDIA_IN_SCOPE,534.0,MATCHED,Matched via exact.
Karnataka.pdf,PMBJK20749,Karnataka,Kolar,SOUTH_INDIA_IN_SCOPE,542.0,MATCHED,Matched via exact.
Karnataka.pdf,PMBJK20750,Karnataka,Uttara Kannada,SOUTH_INDIA_IN_SCOPE,550.0,MATCHED,Matched via exact.
Karnataka.pdf,PMBJK20754,Karnataka,Dakshina Kannada,SOUTH_INDIA_IN_SCOPE,534.0,MATCHED,Matched via exact.
Karnataka.pdf,PMBJK20760,Karnataka,Kalaburagi,SOUTH_INDIA_IN_SCOPE,538.0,MATCHED,Matched via exact.
Karnataka.pdf,PMBJK20761,Karnataka,Shivamogga,SOUTH_INDIA_IN_SCOPE,547.0,MATCHED,Matched via exact.
Karnataka.pdf,PMBJK20762,Karnataka,Bidar,SOUTH_INDIA_IN_SCOPE,529.0,MATCHED,Matched via exact.
Karnataka.pdf,PMBJK20811,Karnataka,Kalaburagi,SOUTH_INDIA_IN_SCOPE,538.0,MATCHED,Matched via exact.
Karnataka.pdf,PMBJK20817,Karnataka,Vijayanagar,SOUTH_INDIA_IN_SCOPE,738.0,MATCHED,Matched via split.
Karnataka.pdf,PMBJK20821,Karnataka,Yadgir,SOUTH_INDIA_IN_SCOPE,635.0,MATCHED,Matched via exact.
Karnataka.pdf,PMBJK20822,Karnataka,Bengaluru Urban,SOUTH_INDIA_IN_SCOPE,525.0,MATCHED,Matched via exact.
Karnataka.pdf,PMBJK20854,Karnataka,Belagavi,SOUTH_INDIA_IN_SCOPE,527.0,MATCHED,Matched via exact.
Karnataka.pdf,PMBJK20880,Karnataka,Raichur,SOUTH_INDIA_IN_SCOPE,546.0,MATCHED,Matched via exact.
Karnataka.pdf,PMBJK20881,Karnataka,Raichur,SOUTH_INDIA_IN_SCOPE,546.0,MATCHED,Matched via exact.
Karnataka.pdf,PMBJK20885,Karnataka,Vijayapura,SOUTH_INDIA_IN_SCOPE,530.0,MATCHED,Matched via exact.
Karnataka.pdf,PMBJK20887,Karnataka,Bengaluru Urban,SOUTH_INDIA_IN_SCOPE,525.0,MATCHED,Matched via exact.
Karnataka.pdf,PMBJK20888,Karnataka,Bengaluru Urban,SOUTH_INDIA_IN_SCOPE,525.0,MATCHED,Matched via exact.
Karnataka.pdf,PMBJK20984,Karnataka,Raichur,SOUTH_INDIA_IN_SCOPE,546.0,MATCHED,Matched via exact.
Karnataka.pdf,PMBJK20985,Karnataka,Chikkaballapura,SOUTH_INDIA_IN_SCOPE,630.0,MATCHED,Matched via exact.
Karnataka.pdf,PMBJK20986,Karnataka,Shivamogga,SOUTH_INDIA_IN_SCOPE,547.0,MATCHED,Matched via exact.
Karnataka.pdf,PMBJK20987,Karnataka,Hassan,SOUTH_INDIA_IN_SCOPE,539.0,MATCHED,Matched via exact.
Karnataka.pdf,PMBJK20988,Karnataka,Mysuru,SOUTH_INDIA_IN_SCOPE,545.0,MATCHED,Matched via exact.
Karnataka.pdf,PMBJK20989,Karnataka,Bengaluru Urban,SOUTH_INDIA_IN_SCOPE,525.0,MATCHED,Matched via exact.
Karnataka.pdf,PMBJK20990,Karnataka,Dakshina Kannada,SOUTH_INDIA_IN_SCOPE,534.0,MATCHED,Matched via exact.
Karnataka.pdf,PMBJK20991,Karnataka,Bengaluru Urban,SOUTH_INDIA_IN_SCOPE,525.0,MATCHED,Matched via exact.
Karnataka.pdf,PMBJK20992,Karnataka,Dakshina Kannada,SOUTH_INDIA_IN_SCOPE,534.0,MATCHED,Matched via exact.
Karnataka.pdf,PMBJK20993,Karnataka,Bengaluru Urban,SOUTH_INDIA_IN_SCOPE,525.0,MATCHED,Matched via exact.
Karnataka.pdf,PMBJK20999,Karnataka,Belagavi,SOUTH_INDIA_IN_SCOPE,527.0,MATCHED,Matched via exact.
Karnataka.pdf,PMBJK21024,Karnataka,Uttara Kannada,SOUTH_INDIA_IN_SCOPE,550.0,MATCHED,Matched via exact.
Karnataka.pdf,PMBJK21025,Karnataka,Bengaluru Urban,SOUTH_INDIA_IN_SCOPE,525.0,MATCHED,Matched via exact.
Karnataka.pdf,PMBJK21026,Karnataka,Tumakuru,SOUTH_INDIA_IN_SCOPE,548.0,MATCHED,Matched via exact.
Karnataka.pdf,PMBJK21027,Karnataka,Koppal,SOUTH_INDIA_IN_SCOPE,543.0,MATCHED,Matched via exact.
Karnataka.pdf,PMBJK21088,Karnataka,Shivamogga,SOUTH_INDIA_IN_SCOPE,547.0,MATCHED,Matched via exact.
Karnataka.pdf,PMBJK21091,Karnataka,Bengaluru Urban,SOUTH_INDIA_IN_SCOPE,525.0,MATCHED,Matched via exact.
Karnataka.pdf,PMBJK21092,Karnataka,Bengaluru Urban,SOUTH_INDIA_IN_SCOPE,525.0,MATCHED,Matched via exact.
Karnataka.pdf,PMBJK21094,Karnataka,Bengaluru Urban,SOUTH_INDIA_IN_SCOPE,525.0,MATCHED,Matched via exact.
Karnataka.pdf,PMBJK21095,Karnataka,Uttara Kannada,SOUTH_INDIA_IN_SCOPE,550.0,MATCHED,Matched via exact.
Karnataka.pdf,PMBJK21096,Karnataka,Mysuru,SOUTH_INDIA_IN_SCOPE,545.0,MATCHED,Matched via exact.
Karnataka.pdf,PMBJK21097,Karnataka,Mysuru,SOUTH_INDIA_IN_SCOPE,545.0,MATCHED,Matched via exact.
Karnataka.pdf,PMBJK21098,Karnataka,Bengaluru Urban,SOUTH_INDIA_IN_SCOPE,525.0,MATCHED,Matched via exact.
Karnataka.pdf,PMBJK21113,Karnataka,Hassan,SOUTH_INDIA_IN_SCOPE,539.0,MATCHED,Matched via exact.
Karnataka.pdf,PMBJK21123,Karnataka,Bengaluru Urban,SOUTH_INDIA_IN_SCOPE,525.0,MATCHED,Matched via exact.
Karnataka.pdf,PMBJK21124,Karnataka,Kalaburagi,SOUTH_INDIA_IN_SCOPE,538.0,MATCHED,Matched via exact.
Karnataka.pdf,PMBJK21151,Karnataka,Bengaluru Urban,SOUTH_INDIA_IN_SCOPE,525.0,MATCHED,Matched via exact.
Karnataka.pdf,PMBJK21195,Karnataka,Koppal,SOUTH_INDIA_IN_SCOPE,543.0,MATCHED,Matched via exact.
Karnataka.pdf,PMBJK21214,Karnataka,Uttara Kannada,SOUTH_INDIA_IN_SCOPE,550.0,MATCHED,Matched via exact.
Karnataka.pdf,PMBJK21215,Karnataka,Chikkamagaluru,SOUTH_INDIA_IN_SCOPE,532.0,MATCHED,Matched via exact.
Karnataka.pdf,PMBJK21218,Karnataka,Tumakuru,SOUTH_INDIA_IN_SCOPE,548.0,MATCHED,Matched via exact.
Karnataka.pdf,PMBJK21229,Karnataka,Bengaluru Urban,SOUTH_INDIA_IN_SCOPE,525.0,MATCHED,Matched via exact.
Karnataka.pdf,PMBJK21230,Karnataka,Mysuru,SOUTH_INDIA_IN_SCOPE,545.0,MATCHED,Matched via exact.
Karnataka.pdf,PMBJK21231,Karnataka,Vijayapura,SOUTH_INDIA_IN_SCOPE,530.0,MATCHED,Matched via exact.
Karnataka.pdf,PMBJK21232,Karnataka,Bengaluru Urban,SOUTH_INDIA_IN_SCOPE,525.0,MATCHED,Matched via exact.
Karnataka.pdf,PMBJK21233,Karnataka,Vijayapura,SOUTH_INDIA_IN_SCOPE,530.0,MATCHED,Matched via exact.
Karnataka.pdf,PMBJK21281,Karnataka,Bidar,SOUTH_INDIA_IN_SCOPE,529.0,MATCHED,Matched via exact.
Karnataka.pdf,PMBJK21282,Karnataka,Koppal,SOUTH_INDIA_IN_SCOPE,543.0,MATCHED,Matched via exact.
Karnataka.pdf,PMBJK21283,Karnataka,Chikkamagaluru,SOUTH_INDIA_IN_SCOPE,532.0,MATCHED,Matched via exact.
Karnataka.pdf,PMBJK21285,Karnataka,Ramanagara,SOUTH_INDIA_IN_SCOPE,631.0,MATCHED,Matched via exact.
Karnataka.pdf,PMBJK21300,Karnataka,Haveri,SOUTH_INDIA_IN_SCOPE,540.0,MATCHED,Matched via exact.
Karnataka.pdf,PMBJK21301,Karnataka,Bengaluru Urban,SOUTH_INDIA_IN_SCOPE,525.0,MATCHED,Matched via exact.
Karnataka.pdf,PMBJK21302,Karnataka,Bengaluru Urban,SOUTH_INDIA_IN_SCOPE,525.0,MATCHED,Matched via exact.
Karnataka.pdf,PMBJK21303,Karnataka,Bengaluru Urban,SOUTH_INDIA_IN_SCOPE,525.0,MATCHED,Matched via exact.
Karnataka.pdf,PMBJK21304,Karnataka,Vijayanagar,SOUTH_INDIA_IN_SCOPE,738.0,MATCHED,Matched via split.
Karnataka.pdf,PMBJK21328,Karnataka,Bengaluru Urban,SOUTH_INDIA_IN_SCOPE,525.0,MATCHED,Matched via exact.
Karnataka.pdf,PMBJK21361,Karnataka,Bengaluru Urban,SOUTH_INDIA_IN_SCOPE,525.0,MATCHED,Matched via exact.
Karnataka.pdf,PMBJK21363,Karnataka,Mysuru,SOUTH_INDIA_IN_SCOPE,545.0,MATCHED,Matched via exact.
Karnataka.pdf,PMBJK21386,Karnataka,Uttara Kannada,SOUTH_INDIA_IN_SCOPE,550.0,MATCHED,Matched via exact.
Karnataka.pdf,PMBJK21388,Karnataka,Bengaluru Urban,SOUTH_INDIA_IN_SCOPE,525.0,MATCHED,Matched via exact.
Karnataka.pdf,PMBJK21390,Karnataka,Dakshina Kannada,SOUTH_INDIA_IN_SCOPE,534.0,MATCHED,Matched via exact.
Karnataka.pdf,PMBJK21391,Karnataka,Vijayapura,SOUTH_INDIA_IN_SCOPE,530.0,MATCHED,Matched via exact.
Karnataka.pdf,PMBJK21428,Karnataka,Bengaluru Urban,SOUTH_INDIA_IN_SCOPE,525.0,MATCHED,Matched via exact.
Karnataka.pdf,PMBJK21436,Karnataka,Bengaluru Urban,SOUTH_INDIA_IN_SCOPE,525.0,MATCHED,Matched via exact.
Karnataka.pdf,PMBJK21438,Karnataka,Davangere,SOUTH_INDIA_IN_SCOPE,535.0,MATCHED,Matched via exact.
Karnataka.pdf,PMBJK21455,Karnataka,Belagavi,SOUTH_INDIA_IN_SCOPE,527.0,MATCHED,Matched via exact.
Karnataka.pdf,PMBJK21466,Karnataka,Udupi,SOUTH_INDIA_IN_SCOPE,549.0,MATCHED,Matched via exact.
Karnataka.pdf,PMBJK21484,Karnataka,Bengaluru Urban,SOUTH_INDIA_IN_SCOPE,525.0,MATCHED,Matched via exact.
Karnataka.pdf,PMBJK21485,Karnataka,Bengaluru Urban,SOUTH_INDIA_IN_SCOPE,525.0,MATCHED,Matched via exact.
Karnataka.pdf,PMBJK21486,Karnataka,Haveri,SOUTH_INDIA_IN_SCOPE,540.0,MATCHED,Matched via exact.
Karnataka.pdf,PMBJK21487,Karnataka,Shivamogga,SOUTH_INDIA_IN_SCOPE,547.0,MATCHED,Matched via exact.
Karnataka.pdf,PMBJK21569,Karnataka,Bengaluru Urban,SOUTH_INDIA_IN_SCOPE,525.0,MATCHED,Matched via exact.
Karnataka.pdf,PMBJK21570,Karnataka,Raichur,SOUTH_INDIA_IN_SCOPE,546.0,MATCHED,Matched via exact.
Karnataka.pdf,PMBJK21585,Karnataka,Bengaluru Urban,SOUTH_INDIA_IN_SCOPE,525.0,MATCHED,Matched via exact.
Karnataka.pdf,PMBJK21614,Karnataka,Bengaluru Urban,SOUTH_INDIA_IN_SCOPE,525.0,MATCHED,Matched via exact.
Karnataka.pdf,PMBJK21615,Karnataka,Vijayapura,SOUTH_INDIA_IN_SCOPE,530.0,MATCHED,Matched via exact.
Karnataka.pdf,PMBJK21616,Karnataka,Mandya,SOUTH_INDIA_IN_SCOPE,544.0,MATCHED,Matched via exact.
Karnataka.pdf,PMBJK21624,Karnataka,Davangere,SOUTH_INDIA_IN_SCOPE,535.0,MATCHED,Matched via exact.
Karnataka.pdf,PMBJK21625,Karnataka,Bidar,SOUTH_INDIA_IN_SCOPE,529.0,MATCHED,Matched via exact.
Karnataka.pdf,PMBJK21665,Karnataka,Hassan,SOUTH_INDIA_IN_SCOPE,539.0,MATCHED,Matched via exact.
Karnataka.pdf,PMBJK21717,Karnataka,Bidar,SOUTH_INDIA_IN_SCOPE,529.0,MATCHED,Matched via exact.
Karnataka.pdf,PMBJK21718,Karnataka,Chamarajanagara,SOUTH_INDIA_IN_SCOPE,531.0,MATCHED,Matched via exact.
Karnataka.pdf,PMBJK21719,Karnataka,Uttara Kannada,SOUTH_INDIA_IN_SCOPE,550.0,MATCHED,Matched via exact.
Karnataka.pdf,PMBJK21797,Karnataka,Bengaluru Urban,SOUTH_INDIA_IN_SCOPE,525.0,MATCHED,Matched via exact.
Karnataka.pdf,PMBJK21798,Karnataka,Dakshina,SOUTH_INDIA_IN_SCOPE,,UNRESOLVED_ROW,Multiline table split or unmatched spelling.
Karnataka.pdf,,Karnataka,Kannada,SOUTH_INDIA_IN_SCOPE,,UNRESOLVED_ROW,Multiline table split or unmatched spelling.
Karnataka.pdf,PMBJK21799,Karnataka,Uttara Kannada,SOUTH_INDIA_IN_SCOPE,550.0,MATCHED,Matched via exact.
Karnataka.pdf,PMBJK21800,Karnataka,Raichur,SOUTH_INDIA_IN_SCOPE,546.0,MATCHED,Matched via exact.
Karnataka.pdf,PMBJK21801,Karnataka,Bengaluru Urban,SOUTH_INDIA_IN_SCOPE,525.0,MATCHED,Matched via exact.
Karnataka.pdf,PMBJK21802,Karnataka,Bengaluru Urban,SOUTH_INDIA_IN_SCOPE,525.0,MATCHED,Matched via exact.
Karnataka.pdf,PMBJK21849,Karnataka,Bengaluru Urban,SOUTH_INDIA_IN_SCOPE,525.0,MATCHED,Matched via exact.
Karnataka.pdf,PMBJK21850,Karnataka,Dakshina Kannada,SOUTH_INDIA_IN_SCOPE,534.0,MATCHED,Matched via exact.
Karnataka.pdf,PMBJK21879,Karnataka,Davangere,SOUTH_INDIA_IN_SCOPE,535.0,MATCHED,Matched via exact.
Karnataka.pdf,PMBJK21880,Karnataka,Shivamogga,SOUTH_INDIA_IN_SCOPE,547.0,MATCHED,Matched via exact.
Karnataka.pdf,PMBJK21881,Karnataka,Bengaluru Urban,SOUTH_INDIA_IN_SCOPE,525.0,MATCHED,Matched via exact.
Karnataka.pdf,PMBJK21890,Karnataka,Dharwad,SOUTH_INDIA_IN_SCOPE,536.0,MATCHED,Matched via exact.
Karnataka.pdf,PMBJK21901,Karnataka,Hassan,SOUTH_INDIA_IN_SCOPE,539.0,MATCHED,Matched via exact.
Karnataka.pdf,PMBJK21902,Karnataka,Bengaluru Urban,SOUTH_INDIA_IN_SCOPE,525.0,MATCHED,Matched via exact.
Karnataka.pdf,PMBJK21923,Karnataka,Chikkamagaluru,SOUTH_INDIA_IN_SCOPE,532.0,MATCHED,Matched via exact.
Karnataka.pdf,PMBJK21957,Karnataka,Chikkaballapura,SOUTH_INDIA_IN_SCOPE,630.0,MATCHED,Matched via exact.
Karnataka.pdf,PMBJK22010,Karnataka,Dakshina Kannada,SOUTH_INDIA_IN_SCOPE,534.0,MATCHED,Matched via exact.
Karnataka.pdf,PMBJK22011,Karnataka,Vijayapura,SOUTH_INDIA_IN_SCOPE,530.0,MATCHED,Matched via exact.
Karnataka.pdf,PMBJK22025,Karnataka,Ballari,SOUTH_INDIA_IN_SCOPE,528.0,MATCHED,Matched via exact.
Karnataka.pdf,PMBJK22049,Karnataka,Udupi,SOUTH_INDIA_IN_SCOPE,549.0,MATCHED,Matched via exact.
Karnataka.pdf,PMBJK22050,Karnataka,Bengaluru Urban,SOUTH_INDIA_IN_SCOPE,525.0,MATCHED,Matched via exact.
Karnataka.pdf,PMBJK22052,Karnataka,Shivamogga,SOUTH_INDIA_IN_SCOPE,547.0,MATCHED,Matched via exact.
Karnataka.pdf,PMBJK22053,Karnataka,Chamarajanagara,SOUTH_INDIA_IN_SCOPE,531.0,MATCHED,Matched via exact.
Karnataka.pdf,PMBJK22134,Karnataka,Bengaluru Urban,SOUTH_INDIA_IN_SCOPE,525.0,MATCHED,Matched via exact.
Karnataka.pdf,PMBJK22155,Karnataka,Shivamogga,SOUTH_INDIA_IN_SCOPE,547.0,MATCHED,Matched via exact.
Karnataka.pdf,PMBJK22156,Karnataka,Dharwad,SOUTH_INDIA_IN_SCOPE,536.0,MATCHED,Matched via exact.
Karnataka.pdf,PMBJK22157,Karnataka,Raichur,SOUTH_INDIA_IN_SCOPE,546.0,MATCHED,Matched via exact.
Karnataka.pdf,PMBJK22159,Karnataka,Chikkamagaluru,SOUTH_INDIA_IN_SCOPE,532.0,MATCHED,Matched via exact.
Karnataka.pdf,PMBJK22175,Karnataka,Shivamogga,SOUTH_INDIA_IN_SCOPE,547.0,MATCHED,Matched via exact.
Karnataka.pdf,PMBJK22176,Karnataka,Dakshina Kannada,SOUTH_INDIA_IN_SCOPE,534.0,MATCHED,Matched via exact.
Karnataka.pdf,PMBJK22204,Karnataka,Dakshina Kannada,SOUTH_INDIA_IN_SCOPE,534.0,MATCHED,Matched via exact.
Karnataka.pdf,PMBJK22226,Karnataka,Vijayanagar,SOUTH_INDIA_IN_SCOPE,738.0,MATCHED,Matched via split.
Karnataka.pdf,PMBJK22266,Karnataka,Bengaluru Urban,SOUTH_INDIA_IN_SCOPE,525.0,MATCHED,Matched via exact.
Karnataka.pdf,PMBJK22306,Karnataka,Bengaluru Urban,SOUTH_INDIA_IN_SCOPE,525.0,MATCHED,Matched via exact.
Karnataka.pdf,PMBJK22400,Karnataka,Bengaluru Urban,SOUTH_INDIA_IN_SCOPE,525.0,MATCHED,Matched via exact.
Karnataka.pdf,PMBJK22401,Karnataka,Kodagu,SOUTH_INDIA_IN_SCOPE,541.0,MATCHED,Matched via exact.
Karnataka.pdf,PMBJK22428,Karnataka,Bengaluru Urban,SOUTH_INDIA_IN_SCOPE,525.0,MATCHED,Matched via exact.
Karnataka.pdf,PMBJK22429,Karnataka,Bengaluru Urban,SOUTH_INDIA_IN_SCOPE,525.0,MATCHED,Matched via exact.
Karnataka.pdf,PMBJK22446,Karnataka,Yadgir,SOUTH_INDIA_IN_SCOPE,635.0,MATCHED,Matched via exact.
Karnataka.pdf,PMBJK22468,Karnataka,Bengaluru Urban,SOUTH_INDIA_IN_SCOPE,525.0,MATCHED,Matched via exact.
Karnataka.pdf,PMBJK22469,Karnataka,Koppal,SOUTH_INDIA_IN_SCOPE,543.0,MATCHED,Matched via exact.
Karnataka.pdf,PMBJK22471,Karnataka,Udupi,SOUTH_INDIA_IN_SCOPE,549.0,MATCHED,Matched via exact.
Karnataka.pdf,PMBJK22474,Karnataka,Dakshina Kannada,SOUTH_INDIA_IN_SCOPE,534.0,MATCHED,Matched via exact.
Karnataka.pdf,PMBJK22481,Karnataka,Bengaluru Urban,SOUTH_INDIA_IN_SCOPE,525.0,MATCHED,Matched via exact.
Karnataka.pdf,PMBJK22491,Karnataka,Ramanagara,SOUTH_INDIA_IN_SCOPE,631.0,MATCHED,Matched via exact.
Karnataka.pdf,PMBJK22505,Karnataka,Bengaluru Urban,SOUTH_INDIA_IN_SCOPE,525.0,MATCHED,Matched via exact.
Karnataka.pdf,PMBJK22555,Karnataka,Bengaluru Urban,SOUTH_INDIA_IN_SCOPE,525.0,MATCHED,Matched via exact.
Karnataka.pdf,PMBJK22592,Karnataka,Bengaluru Urban,SOUTH_INDIA_IN_SCOPE,525.0,MATCHED,Matched via exact.
Karnataka.pdf,PMBJK22594,Karnataka,Bengaluru Urban,SOUTH_INDIA_IN_SCOPE,525.0,MATCHED,Matched via exact.
Karnataka.pdf,PMBJK22606,Karnataka,Davangere,SOUTH_INDIA_IN_SCOPE,535.0,MATCHED,Matched via exact.
Karnataka.pdf,PMBJK22618,Karnataka,Dakshina Kannada,SOUTH_INDIA_IN_SCOPE,534.0,MATCHED,Matched via exact.
Karnataka.pdf,PMBJK22619,Karnataka,Bengaluru Rural,SOUTH_INDIA_IN_SCOPE,526.0,MATCHED,Matched via exact.
Karnataka.pdf,PMBJK22620,Karnataka,Mysuru,SOUTH_INDIA_IN_SCOPE,545.0,MATCHED,Matched via exact.
Karnataka.pdf,PMBJK22621,Karnataka,Chikkamagaluru,SOUTH_INDIA_IN_SCOPE,532.0,MATCHED,Matched via exact.
Karnataka.pdf,PMBJK22629,Karnataka,Davangere,SOUTH_INDIA_IN_SCOPE,535.0,MATCHED,Matched via exact.
Karnataka.pdf,PMBJK22630,Karnataka,Ballari,SOUTH_INDIA_IN_SCOPE,528.0,MATCHED,Matched via exact.
Karnataka.pdf,PMBJK22666,Karnataka,Uttara Kannada,SOUTH_INDIA_IN_SCOPE,550.0,MATCHED,Matched via exact.
Karnataka.pdf,PMBJK22698,Karnataka,Bengaluru Urban,SOUTH_INDIA_IN_SCOPE,525.0,MATCHED,Matched via exact.
Karnataka.pdf,PMBJK22739,Karnataka,Bengaluru Urban,SOUTH_INDIA_IN_SCOPE,525.0,MATCHED,Matched via exact.
Karnataka.pdf,PMBJK22765,Karnataka,Bengaluru Urban,SOUTH_INDIA_IN_SCOPE,525.0,MATCHED,Matched via exact.
Karnataka.pdf,PMBJK22766,Karnataka,Dakshina Kannada,SOUTH_INDIA_IN_SCOPE,534.0,MATCHED,Matched via exact.
Karnataka.pdf,PMBJK22767,Karnataka,Shivamogga,SOUTH_INDIA_IN_SCOPE,547.0,MATCHED,Matched via exact.
Karnataka.pdf,PMBJK22783,Karnataka,Davangere,SOUTH_INDIA_IN_SCOPE,535.0,MATCHED,Matched via exact.
Karnataka.pdf,PMBJK22824,Karnataka,Bengaluru Urban,SOUTH_INDIA_IN_SCOPE,525.0,MATCHED,Matched via exact.
Karnataka.pdf,PMBJK22872,Karnataka,Bengaluru Urban,SOUTH_INDIA_IN_SCOPE,525.0,MATCHED,Matched via exact.
Karnataka.pdf,PMBJK22884,Karnataka,Koppal,SOUTH_INDIA_IN_SCOPE,543.0,MATCHED,Matched via exact.
Karnataka.pdf,PMBJK22895,Karnataka,Ballari,SOUTH_INDIA_IN_SCOPE,528.0,MATCHED,Matched via exact.
Karnataka.pdf,PMBJK22918,Karnataka,Udupi,SOUTH_INDIA_IN_SCOPE,549.0,MATCHED,Matched via exact.
Karnataka.pdf,PMBJK22940,Karnataka,Dakshina Kannada,SOUTH_INDIA_IN_SCOPE,534.0,MATCHED,Matched via exact.
Karnataka.pdf,PMBJK22944,Karnataka,Raichur,SOUTH_INDIA_IN_SCOPE,546.0,MATCHED,Matched via exact.
Karnataka.pdf,PMBJK22946,Karnataka,Bengaluru Urban,SOUTH_INDIA_IN_SCOPE,525.0,MATCHED,Matched via exact.
Karnataka.pdf,PMBJK22952,Karnataka,Koppal,SOUTH_INDIA_IN_SCOPE,543.0,MATCHED,Matched via exact.
Karnataka.pdf,PMBJK22953,Karnataka,Mandya,SOUTH_INDIA_IN_SCOPE,544.0,MATCHED,Matched via exact.
Karnataka.pdf,PMBJK22954,Karnataka,Mandya,SOUTH_INDIA_IN_SCOPE,544.0,MATCHED,Matched via exact.
Karnataka.pdf,PMBJK23040,Karnataka,Shivamogga,SOUTH_INDIA_IN_SCOPE,547.0,MATCHED,Matched via exact.
Karnataka.pdf,PMBJK23041,Karnataka,Bengaluru Urban,SOUTH_INDIA_IN_SCOPE,525.0,MATCHED,Matched via exact.
Karnataka.pdf,PMBJK23060,Karnataka,Bengaluru Urban,SOUTH_INDIA_IN_SCOPE,525.0,MATCHED,Matched via exact.
Karnataka.pdf,PMBJK23061,Karnataka,Bengaluru Urban,SOUTH_INDIA_IN_SCOPE,525.0,MATCHED,Matched via exact.
Karnataka.pdf,PMBJK23081,Karnataka,Haveri,SOUTH_INDIA_IN_SCOPE,540.0,MATCHED,Matched via exact.
Karnataka.pdf,PMBJK23097,Karnataka,Bengaluru Urban,SOUTH_INDIA_IN_SCOPE,525.0,MATCHED,Matched via exact.
Karnataka.pdf,PMBJK23111,Karnataka,Dakshina Kannada,SOUTH_INDIA_IN_SCOPE,534.0,MATCHED,Matched via exact.
Karnataka.pdf,PMBJK23112,Karnataka,Bengaluru Urban,SOUTH_INDIA_IN_SCOPE,525.0,MATCHED,Matched via exact.
Karnataka.pdf,PMBJK23148,Karnataka,Dakshina Kannada,SOUTH_INDIA_IN_SCOPE,534.0,MATCHED,Matched via exact.
Karnataka.pdf,PMBJK23149,Karnataka,Bengaluru Urban,SOUTH_INDIA_IN_SCOPE,525.0,MATCHED,Matched via exact.
Karnataka.pdf,PMBJK23151,Karnataka,Bengaluru Urban,SOUTH_INDIA_IN_SCOPE,525.0,MATCHED,Matched via exact.
Karnataka.pdf,PMBJK23165,Karnataka,Hassan,SOUTH_INDIA_IN_SCOPE,539.0,MATCHED,Matched via exact.
Karnataka.pdf,PMBJK23195,Karnataka,Dakshina Kannada,SOUTH_INDIA_IN_SCOPE,534.0,MATCHED,Matched via exact.
Karnataka.pdf,PMBJK23230,Karnataka,Raichur,SOUTH_INDIA_IN_SCOPE,546.0,MATCHED,Matched via exact.
Karnataka.pdf,PMBJK23241,Karnataka,Kalaburagi,SOUTH_INDIA_IN_SCOPE,538.0,MATCHED,Matched via exact.
Karnataka.pdf,PMBJK23261,Karnataka,Vijayanagar,SOUTH_INDIA_IN_SCOPE,738.0,MATCHED,Matched via split.
Karnataka.pdf,PMBJK23342,Karnataka,Bengaluru Urban,SOUTH_INDIA_IN_SCOPE,525.0,MATCHED,Matched via exact.
Karnataka.pdf,PMBJK23343,Karnataka,Bengaluru Urban,SOUTH_INDIA_IN_SCOPE,525.0,MATCHED,Matched via exact.
Karnataka.pdf,PMBJK23344,Karnataka,Bengaluru Urban,SOUTH_INDIA_IN_SCOPE,525.0,MATCHED,Matched via exact.
Karnataka.pdf,PMBJK23345,Karnataka,Mandya,SOUTH_INDIA_IN_SCOPE,544.0,MATCHED,Matched via exact.
Karnataka.pdf,PMBJK23368,Karnataka,Bengaluru Urban,SOUTH_INDIA_IN_SCOPE,525.0,MATCHED,Matched via exact.
Karnataka.pdf,PMBJK23381,Karnataka,Raichur,SOUTH_INDIA_IN_SCOPE,546.0,MATCHED,Matched via exact.
Karnataka.pdf,PMBJK23394,Karnataka,Bengaluru Urban,SOUTH_INDIA_IN_SCOPE,525.0,MATCHED,Matched via exact.
Karnataka.pdf,PMBJK23395,Karnataka,Davangere,SOUTH_INDIA_IN_SCOPE,535.0,MATCHED,Matched via exact.
Karnataka.pdf,PMBJK23483,Karnataka,Bengaluru Urban,SOUTH_INDIA_IN_SCOPE,525.0,MATCHED,Matched via exact.
Karnataka.pdf,PMBJK23487,Karnataka,Tumakuru,SOUTH_INDIA_IN_SCOPE,548.0,MATCHED,Matched via exact.
Karnataka.pdf,PMBJK23507,Karnataka,Bengaluru Urban,SOUTH_INDIA_IN_SCOPE,525.0,MATCHED,Matched via exact.
Karnataka.pdf,PMBJK23511,Karnataka,Bengaluru Urban,SOUTH_INDIA_IN_SCOPE,525.0,MATCHED,Matched via exact.
Karnataka.pdf,PMBJK23512,Karnataka,Bengaluru Urban,SOUTH_INDIA_IN_SCOPE,525.0,MATCHED,Matched via exact.
Karnataka.pdf,PMBJK23527,Karnataka,Dakshina Kannada,SOUTH_INDIA_IN_SCOPE,534.0,MATCHED,Matched via exact.
Karnataka.pdf,PMBJK23533,Karnataka,Tumakuru,SOUTH_INDIA_IN_SCOPE,548.0,MATCHED,Matched via exact.
Karnataka.pdf,PMBJK23579,Karnataka,Chikkamagaluru,SOUTH_INDIA_IN_SCOPE,532.0,MATCHED,Matched via exact.
Karnataka.pdf,PMBJK23593,Karnataka,Bengaluru Urban,SOUTH_INDIA_IN_SCOPE,525.0,MATCHED,Matched via exact.
Karnataka.pdf,PMBJK23617,Karnataka,Bengaluru Urban,SOUTH_INDIA_IN_SCOPE,525.0,MATCHED,Matched via exact.
Karnataka.pdf,PMBJK23618,Karnataka,Mysuru,SOUTH_INDIA_IN_SCOPE,545.0,MATCHED,Matched via exact.
Karnataka.pdf,PMBJK23627,Karnataka,Yadgir,SOUTH_INDIA_IN_SCOPE,635.0,MATCHED,Matched via exact.
Karnataka.pdf,PMBJK23628,Karnataka,Shivamogga,SOUTH_INDIA_IN_SCOPE,547.0,MATCHED,Matched via exact.
Karnataka.pdf,PMBJK23629,Karnataka,Bengaluru Urban,SOUTH_INDIA_IN_SCOPE,525.0,MATCHED,Matched via exact.
Karnataka.pdf,PMBJK23650,Karnataka,Shivamogga,SOUTH_INDIA_IN_SCOPE,547.0,MATCHED,Matched via exact.
Karnataka.pdf,PMBJK23687,Karnataka,Bengaluru Urban,SOUTH_INDIA_IN_SCOPE,525.0,MATCHED,Matched via exact.
Karnataka.pdf,PMBJK23688,Karnataka,Belagavi,SOUTH_INDIA_IN_SCOPE,527.0,MATCHED,Matched via exact.
Karnataka.pdf,PMBJK23703,Karnataka,Hassan,SOUTH_INDIA_IN_SCOPE,539.0,MATCHED,Matched via exact.
Karnataka.pdf,PMBJK23715,Karnataka,Shivamogga,SOUTH_INDIA_IN_SCOPE,547.0,MATCHED,Matched via exact.
Karnataka.pdf,PMBJK23750,Karnataka,Bengaluru Urban,SOUTH_INDIA_IN_SCOPE,525.0,MATCHED,Matched via exact.
Karnataka.pdf,PMBJK23752,Karnataka,Bengaluru Rural,SOUTH_INDIA_IN_SCOPE,526.0,MATCHED,Matched via exact.
Karnataka.pdf,PMBJK23779,Karnataka,Davangere,SOUTH_INDIA_IN_SCOPE,535.0,MATCHED,Matched via exact.
Karnataka.pdf,PMBJK23796,Karnataka,Vijayanagar,SOUTH_INDIA_IN_SCOPE,738.0,MATCHED,Matched via split.
Karnataka.pdf,PMBJK23831,Karnataka,Bengaluru Urban,SOUTH_INDIA_IN_SCOPE,525.0,MATCHED,Matched via exact.
Karnataka.pdf,PMBJK23832,Karnataka,Bengaluru Urban,SOUTH_INDIA_IN_SCOPE,525.0,MATCHED,Matched via exact.
Karnataka.pdf,PMBJK23858,Karnataka,Chikkaballapura,SOUTH_INDIA_IN_SCOPE,630.0,MATCHED,Matched via exact.
Karnataka.pdf,PMBJK23911,Karnataka,Bengaluru Urban,SOUTH_INDIA_IN_SCOPE,525.0,MATCHED,Matched via exact.
Karnataka.pdf,PMBJK23913,Karnataka,Dakshina Kannada,SOUTH_INDIA_IN_SCOPE,534.0,MATCHED,Matched via exact.
Karnataka.pdf,PMBJK23914,Karnataka,Udupi,SOUTH_INDIA_IN_SCOPE,549.0,MATCHED,Matched via exact.
Kerala.pdf,PMBJK01079,Kerala,Alappuzha,SOUTH_INDIA_IN_SCOPE,554.0,MATCHED,Matched via exact.
Kerala.pdf,PMBJK01080,Kerala,Alappuzha,SOUTH_INDIA_IN_SCOPE,554.0,MATCHED,Matched via exact.
Kerala.pdf,PMBJK01081,Kerala,Alappuzha,SOUTH_INDIA_IN_SCOPE,554.0,MATCHED,Matched via exact.
Kerala.pdf,PMBJK01082,Kerala,Alappuzha,SOUTH_INDIA_IN_SCOPE,554.0,MATCHED,Matched via exact.
Kerala.pdf,PMBJK01083,Kerala,Pathanamthitta,SOUTH_INDIA_IN_SCOPE,564.0,MATCHED,Matched via exact.
Kerala.pdf,PMBJK01084,Kerala,Alappuzha,SOUTH_INDIA_IN_SCOPE,554.0,MATCHED,Matched via exact.
Kerala.pdf,PMBJK01085,Kerala,Alappuzha,SOUTH_INDIA_IN_SCOPE,554.0,MATCHED,Matched via exact.
Kerala.pdf,PMBJK01086,Kerala,Alappuzha,SOUTH_INDIA_IN_SCOPE,554.0,MATCHED,Matched via exact.
Kerala.pdf,PMBJK01087,Kerala,Alappuzha,SOUTH_INDIA_IN_SCOPE,554.0,MATCHED,Matched via exact.
Kerala.pdf,PMBJK01091,Kerala,Alappuzha,SOUTH_INDIA_IN_SCOPE,554.0,MATCHED,Matched via exact.
Kerala.pdf,PMBJK01092,Kerala,Alappuzha,SOUTH_INDIA_IN_SCOPE,554.0,MATCHED,Matched via exact.
Kerala.pdf,PMBJK01093,Kerala,Alappuzha,SOUTH_INDIA_IN_SCOPE,554.0,MATCHED,Matched via exact.
Kerala.pdf,PMBJK01094,Kerala,Alappuzha,SOUTH_INDIA_IN_SCOPE,554.0,MATCHED,Matched via exact.
Kerala.pdf,PMBJK01096,Kerala,Alappuzha,SOUTH_INDIA_IN_SCOPE,554.0,MATCHED,Matched via exact.
Kerala.pdf,PMBJK01097,Kerala,Alappuzha,SOUTH_INDIA_IN_SCOPE,554.0,MATCHED,Matched via exact.
Kerala.pdf,PMBJK01098,Kerala,Ernakulam,SOUTH_INDIA_IN_SCOPE,555.0,MATCHED,Matched via exact.
Kerala.pdf,PMBJK01099,Kerala,Ernakulam,SOUTH_INDIA_IN_SCOPE,555.0,MATCHED,Matched via exact.
Kerala.pdf,PMBJK01100,Kerala,Ernakulam,SOUTH_INDIA_IN_SCOPE,555.0,MATCHED,Matched via exact.
Kerala.pdf,PMBJK01101,Kerala,Ernakulam,SOUTH_INDIA_IN_SCOPE,555.0,MATCHED,Matched via exact.
Kerala.pdf,PMBJK01102,Kerala,Ernakulam,SOUTH_INDIA_IN_SCOPE,555.0,MATCHED,Matched via exact.
Kerala.pdf,PMBJK01103,Kerala,Ernakulam,SOUTH_INDIA_IN_SCOPE,555.0,MATCHED,Matched via exact.
Kerala.pdf,PMBJK01104,Kerala,Ernakulam,SOUTH_INDIA_IN_SCOPE,555.0,MATCHED,Matched via exact.
Kerala.pdf,PMBJK01106,Kerala,Ernakulam,SOUTH_INDIA_IN_SCOPE,555.0,MATCHED,Matched via exact.
Kerala.pdf,PMBJK01108,Kerala,Ernakulam,SOUTH_INDIA_IN_SCOPE,555.0,MATCHED,Matched via exact.
Kerala.pdf,PMBJK01109,Kerala,Ernakulam,SOUTH_INDIA_IN_SCOPE,555.0,MATCHED,Matched via exact.
Kerala.pdf,PMBJK01111,Kerala,Ernakulam,SOUTH_INDIA_IN_SCOPE,555.0,MATCHED,Matched via exact.
Kerala.pdf,PMBJK01113,Kerala,Ernakulam,SOUTH_INDIA_IN_SCOPE,555.0,MATCHED,Matched via exact.
Kerala.pdf,PMBJK01115,Kerala,Ernakulam,SOUTH_INDIA_IN_SCOPE,555.0,MATCHED,Matched via exact.
Kerala.pdf,PMBJK01116,Kerala,Ernakulam,SOUTH_INDIA_IN_SCOPE,555.0,MATCHED,Matched via exact.
Kerala.pdf,PMBJK01117,Kerala,Ernakulam,SOUTH_INDIA_IN_SCOPE,555.0,MATCHED,Matched via exact.
Kerala.pdf,PMBJK01118,Kerala,Ernakulam,SOUTH_INDIA_IN_SCOPE,555.0,MATCHED,Matched via exact.
Kerala.pdf,PMBJK01119,Kerala,Kozhikode,SOUTH_INDIA_IN_SCOPE,561.0,MATCHED,Matched via exact.
Kerala.pdf,PMBJK01122,Kerala,Ernakulam,SOUTH_INDIA_IN_SCOPE,555.0,MATCHED,Matched via exact.
Kerala.pdf,PMBJK01123,Kerala,Ernakulam,SOUTH_INDIA_IN_SCOPE,555.0,MATCHED,Matched via exact.
Kerala.pdf,PMBJK01124,Kerala,Ernakulam,SOUTH_INDIA_IN_SCOPE,555.0,MATCHED,Matched via exact.
Kerala.pdf,PMBJK01126,Kerala,Ernakulam,SOUTH_INDIA_IN_SCOPE,555.0,MATCHED,Matched via exact.
Kerala.pdf,PMBJK01128,Kerala,Ernakulam,SOUTH_INDIA_IN_SCOPE,555.0,MATCHED,Matched via exact.
Kerala.pdf,PMBJK01130,Kerala,Ernakulam,SOUTH_INDIA_IN_SCOPE,555.0,MATCHED,Matched via exact.
Kerala.pdf,PMBJK01131,Kerala,Idukki,SOUTH_INDIA_IN_SCOPE,556.0,MATCHED,Matched via exact.
Kerala.pdf,PMBJK01132,Kerala,Idukki,SOUTH_INDIA_IN_SCOPE,556.0,MATCHED,Matched via exact.
Kerala.pdf,PMBJK01133,Kerala,Idukki,SOUTH_INDIA_IN_SCOPE,556.0,MATCHED,Matched via exact.
Kerala.pdf,PMBJK01134,Kerala,Idukki,SOUTH_INDIA_IN_SCOPE,556.0,MATCHED,Matched via exact.
Kerala.pdf,PMBJK01138,Kerala,Idukki,SOUTH_INDIA_IN_SCOPE,556.0,MATCHED,Matched via exact.
Kerala.pdf,PMBJK01139,Kerala,Idukki,SOUTH_INDIA_IN_SCOPE,556.0,MATCHED,Matched via exact.
Kerala.pdf,PMBJK01140,Kerala,Kannur,SOUTH_INDIA_IN_SCOPE,557.0,MATCHED,Matched via exact.
Kerala.pdf,PMBJK01141,Kerala,Kannur,SOUTH_INDIA_IN_SCOPE,557.0,MATCHED,Matched via exact.
Kerala.pdf,PMBJK01142,Kerala,Kannur,SOUTH_INDIA_IN_SCOPE,557.0,MATCHED,Matched via exact.
Kerala.pdf,PMBJK01143,Kerala,Kannur,SOUTH_INDIA_IN_SCOPE,557.0,MATCHED,Matched via exact.
Kerala.pdf,PMBJK01144,Kerala,Kannur,SOUTH_INDIA_IN_SCOPE,557.0,MATCHED,Matched via exact.
Kerala.pdf,PMBJK01148,Kerala,Kannur,SOUTH_INDIA_IN_SCOPE,557.0,MATCHED,Matched via exact.
Kerala.pdf,PMBJK01149,Kerala,Kannur,SOUTH_INDIA_IN_SCOPE,557.0,MATCHED,Matched via exact.
Kerala.pdf,PMBJK01150,Kerala,Kannur,SOUTH_INDIA_IN_SCOPE,557.0,MATCHED,Matched via exact.
Kerala.pdf,PMBJK01152,Kerala,Kannur,SOUTH_INDIA_IN_SCOPE,557.0,MATCHED,Matched via exact.
Kerala.pdf,PMBJK01153,Kerala,Kasaragod,SOUTH_INDIA_IN_SCOPE,558.0,MATCHED,Matched via exact.
Kerala.pdf,PMBJK01154,Kerala,Kasaragod,SOUTH_INDIA_IN_SCOPE,558.0,MATCHED,Matched via exact.
Kerala.pdf,PMBJK01155,Kerala,Kollam,SOUTH_INDIA_IN_SCOPE,559.0,MATCHED,Matched via exact.
Kerala.pdf,PMBJK01156,Kerala,Kollam,SOUTH_INDIA_IN_SCOPE,559.0,MATCHED,Matched via exact.
Kerala.pdf,PMBJK01157,Kerala,Kollam,SOUTH_INDIA_IN_SCOPE,559.0,MATCHED,Matched via exact.
Kerala.pdf,PMBJK01158,Kerala,Kollam,SOUTH_INDIA_IN_SCOPE,559.0,MATCHED,Matched via exact.
Kerala.pdf,PMBJK01159,Kerala,Kollam,SOUTH_INDIA_IN_SCOPE,559.0,MATCHED,Matched via exact.
Kerala.pdf,PMBJK01160,Kerala,Kollam,SOUTH_INDIA_IN_SCOPE,559.0,MATCHED,Matched via exact.
Kerala.pdf,PMBJK01161,Kerala,Kollam,SOUTH_INDIA_IN_SCOPE,559.0,MATCHED,Matched via exact.
Kerala.pdf,PMBJK01162,Kerala,Kollam,SOUTH_INDIA_IN_SCOPE,559.0,MATCHED,Matched via exact.
Kerala.pdf,PMBJK01163,Kerala,Kollam,SOUTH_INDIA_IN_SCOPE,559.0,MATCHED,Matched via exact.
Kerala.pdf,PMBJK01166,Kerala,Kollam,SOUTH_INDIA_IN_SCOPE,559.0,MATCHED,Matched via exact.
Kerala.pdf,PMBJK01167,Kerala,Kollam,SOUTH_INDIA_IN_SCOPE,559.0,MATCHED,Matched via exact.
Kerala.pdf,PMBJK01168,Kerala,Kollam,SOUTH_INDIA_IN_SCOPE,559.0,MATCHED,Matched via exact.
Kerala.pdf,PMBJK01169,Kerala,Kollam,SOUTH_INDIA_IN_SCOPE,559.0,MATCHED,Matched via exact.
Kerala.pdf,PMBJK01171,Kerala,Kollam,SOUTH_INDIA_IN_SCOPE,559.0,MATCHED,Matched via exact.
Kerala.pdf,PMBJK01173,Kerala,Kollam,SOUTH_INDIA_IN_SCOPE,559.0,MATCHED,Matched via exact.
Kerala.pdf,PMBJK01175,Kerala,Kollam,SOUTH_INDIA_IN_SCOPE,559.0,MATCHED,Matched via exact.
Kerala.pdf,PMBJK01176,Kerala,Kollam,SOUTH_INDIA_IN_SCOPE,559.0,MATCHED,Matched via exact.
Kerala.pdf,PMBJK01177,Kerala,Kollam,SOUTH_INDIA_IN_SCOPE,559.0,MATCHED,Matched via exact.
Kerala.pdf,PMBJK01178,Kerala,Kollam,SOUTH_INDIA_IN_SCOPE,559.0,MATCHED,Matched via exact.
Kerala.pdf,PMBJK01179,Kerala,Kollam,SOUTH_INDIA_IN_SCOPE,559.0,MATCHED,Matched via exact.
Kerala.pdf,PMBJK01180,Kerala,Kottayam,SOUTH_INDIA_IN_SCOPE,560.0,MATCHED,Matched via exact.
Kerala.pdf,PMBJK01181,Kerala,Kottayam,SOUTH_INDIA_IN_SCOPE,560.0,MATCHED,Matched via exact.
Kerala.pdf,PMBJK01182,Kerala,Kottayam,SOUTH_INDIA_IN_SCOPE,560.0,MATCHED,Matched via exact.
Kerala.pdf,PMBJK01183,Kerala,Kottayam,SOUTH_INDIA_IN_SCOPE,560.0,MATCHED,Matched via exact.
Kerala.pdf,PMBJK01184,Kerala,Kottayam,SOUTH_INDIA_IN_SCOPE,560.0,MATCHED,Matched via exact.
Kerala.pdf,PMBJK01185,Kerala,Kottayam,SOUTH_INDIA_IN_SCOPE,560.0,MATCHED,Matched via exact.
Kerala.pdf,PMBJK01186,Kerala,Kottayam,SOUTH_INDIA_IN_SCOPE,560.0,MATCHED,Matched via exact.
Kerala.pdf,PMBJK01188,Kerala,Kottayam,SOUTH_INDIA_IN_SCOPE,560.0,MATCHED,Matched via exact.
Kerala.pdf,PMBJK01189,Kerala,Kottayam,SOUTH_INDIA_IN_SCOPE,560.0,MATCHED,Matched via exact.
Kerala.pdf,PMBJK01192,Kerala,Kottayam,SOUTH_INDIA_IN_SCOPE,560.0,MATCHED,Matched via exact.
Kerala.pdf,PMBJK01194,Kerala,Kottayam,SOUTH_INDIA_IN_SCOPE,560.0,MATCHED,Matched via exact.
Kerala.pdf,PMBJK01195,Kerala,Alappuzha,SOUTH_INDIA_IN_SCOPE,554.0,MATCHED,Matched via exact.
Kerala.pdf,PMBJK01196,Kerala,Kottayam,SOUTH_INDIA_IN_SCOPE,560.0,MATCHED,Matched via exact.
Kerala.pdf,PMBJK01197,Kerala,Kottayam,SOUTH_INDIA_IN_SCOPE,560.0,MATCHED,Matched via exact.
Kerala.pdf,PMBJK01198,Kerala,Kottayam,SOUTH_INDIA_IN_SCOPE,560.0,MATCHED,Matched via exact.
Kerala.pdf,PMBJK01199,Kerala,Kottayam,SOUTH_INDIA_IN_SCOPE,560.0,MATCHED,Matched via exact.
Kerala.pdf,PMBJK01200,Kerala,Kottayam,SOUTH_INDIA_IN_SCOPE,560.0,MATCHED,Matched via exact.
Kerala.pdf,PMBJK01203,Kerala,Kottayam,SOUTH_INDIA_IN_SCOPE,560.0,MATCHED,Matched via exact.
Kerala.pdf,PMBJK01204,Kerala,Kozhikode,SOUTH_INDIA_IN_SCOPE,561.0,MATCHED,Matched via exact.
Kerala.pdf,PMBJK01205,Kerala,Kozhikode,SOUTH_INDIA_IN_SCOPE,561.0,MATCHED,Matched via exact.
Kerala.pdf,PMBJK01206,Kerala,Kozhikode,SOUTH_INDIA_IN_SCOPE,561.0,MATCHED,Matched via exact.
Kerala.pdf,PMBJK01207,Kerala,Thrissur,SOUTH_INDIA_IN_SCOPE,566.0,MATCHED,Matched via exact.
Kerala.pdf,PMBJK01208,Kerala,Kozhikode,SOUTH_INDIA_IN_SCOPE,561.0,MATCHED,Matched via exact.
Kerala.pdf,PMBJK01210,Kerala,Kozhikode,SOUTH_INDIA_IN_SCOPE,561.0,MATCHED,Matched via exact.
Kerala.pdf,PMBJK01211,Kerala,Kozhikode,SOUTH_INDIA_IN_SCOPE,561.0,MATCHED,Matched via exact.
Kerala.pdf,PMBJK01212,Kerala,Kozhikode,SOUTH_INDIA_IN_SCOPE,561.0,MATCHED,Matched via exact.
Kerala.pdf,PMBJK01214,Kerala,Kozhikode,SOUTH_INDIA_IN_SCOPE,561.0,MATCHED,Matched via exact.
Kerala.pdf,PMBJK01215,Kerala,Kozhikode,SOUTH_INDIA_IN_SCOPE,561.0,MATCHED,Matched via exact.
Kerala.pdf,PMBJK01217,Kerala,Kozhikode,SOUTH_INDIA_IN_SCOPE,561.0,MATCHED,Matched via exact.
Kerala.pdf,PMBJK01219,Kerala,Kozhikode,SOUTH_INDIA_IN_SCOPE,561.0,MATCHED,Matched via exact.
Kerala.pdf,PMBJK01223,Kerala,Kozhikode,SOUTH_INDIA_IN_SCOPE,561.0,MATCHED,Matched via exact.
Kerala.pdf,PMBJK01224,Kerala,Malappuram,SOUTH_INDIA_IN_SCOPE,562.0,MATCHED,Matched via exact.
Kerala.pdf,PMBJK01225,Kerala,Ernakulam,SOUTH_INDIA_IN_SCOPE,555.0,MATCHED,Matched via exact.
Kerala.pdf,PMBJK01226,Kerala,Malappuram,SOUTH_INDIA_IN_SCOPE,562.0,MATCHED,Matched via exact.
Kerala.pdf,PMBJK01229,Kerala,Malappuram,SOUTH_INDIA_IN_SCOPE,562.0,MATCHED,Matched via exact.
Kerala.pdf,PMBJK01230,Kerala,Malappuram,SOUTH_INDIA_IN_SCOPE,562.0,MATCHED,Matched via exact.
Kerala.pdf,PMBJK01231,Kerala,Malappuram,SOUTH_INDIA_IN_SCOPE,562.0,MATCHED,Matched via exact.
Kerala.pdf,PMBJK01233,Kerala,Malappuram,SOUTH_INDIA_IN_SCOPE,562.0,MATCHED,Matched via exact.
Kerala.pdf,PMBJK01234,Kerala,Malappuram,SOUTH_INDIA_IN_SCOPE,562.0,MATCHED,Matched via exact.
Kerala.pdf,PMBJK01236,Kerala,Malappuram,SOUTH_INDIA_IN_SCOPE,562.0,MATCHED,Matched via exact.
Kerala.pdf,PMBJK01237,Kerala,Malappuram,SOUTH_INDIA_IN_SCOPE,562.0,MATCHED,Matched via exact.
Kerala.pdf,PMBJK01238,Kerala,Palakkad,SOUTH_INDIA_IN_SCOPE,563.0,MATCHED,Matched via exact.
Kerala.pdf,PMBJK01239,Kerala,Palakkad,SOUTH_INDIA_IN_SCOPE,563.0,MATCHED,Matched via exact.
Kerala.pdf,PMBJK01240,Kerala,Palakkad,SOUTH_INDIA_IN_SCOPE,563.0,MATCHED,Matched via exact.
Kerala.pdf,PMBJK01241,Kerala,Palakkad,SOUTH_INDIA_IN_SCOPE,563.0,MATCHED,Matched via exact.
Kerala.pdf,PMBJK01242,Kerala,Palakkad,SOUTH_INDIA_IN_SCOPE,563.0,MATCHED,Matched via exact.
Kerala.pdf,PMBJK01243,Kerala,Palakkad,SOUTH_INDIA_IN_SCOPE,563.0,MATCHED,Matched via exact.
Kerala.pdf,PMBJK01244,Kerala,Palakkad,SOUTH_INDIA_IN_SCOPE,563.0,MATCHED,Matched via exact.
Kerala.pdf,PMBJK01245,Kerala,Palakkad,SOUTH_INDIA_IN_SCOPE,563.0,MATCHED,Matched via exact.
Kerala.pdf,PMBJK01246,Kerala,Palakkad,SOUTH_INDIA_IN_SCOPE,563.0,MATCHED,Matched via exact.
Kerala.pdf,PMBJK01247,Kerala,Palakkad,SOUTH_INDIA_IN_SCOPE,563.0,MATCHED,Matched via exact.
Kerala.pdf,PMBJK01248,Kerala,Palakkad,SOUTH_INDIA_IN_SCOPE,563.0,MATCHED,Matched via exact.
Kerala.pdf,PMBJK01249,Kerala,Palakkad,SOUTH_INDIA_IN_SCOPE,563.0,MATCHED,Matched via exact.
Kerala.pdf,PMBJK01251,Kerala,Palakkad,SOUTH_INDIA_IN_SCOPE,563.0,MATCHED,Matched via exact.
Kerala.pdf,PMBJK01252,Kerala,Palakkad,SOUTH_INDIA_IN_SCOPE,563.0,MATCHED,Matched via exact.
Kerala.pdf,PMBJK01254,Kerala,Palakkad,SOUTH_INDIA_IN_SCOPE,563.0,MATCHED,Matched via exact.
Kerala.pdf,PMBJK01257,Kerala,Palakkad,SOUTH_INDIA_IN_SCOPE,563.0,MATCHED,Matched via exact.
Kerala.pdf,PMBJK01258,Kerala,Palakkad,SOUTH_INDIA_IN_SCOPE,563.0,MATCHED,Matched via exact.
Kerala.pdf,PMBJK01260,Kerala,Palakkad,SOUTH_INDIA_IN_SCOPE,563.0,MATCHED,Matched via exact.
Kerala.pdf,PMBJK01261,Kerala,Palakkad,SOUTH_INDIA_IN_SCOPE,563.0,MATCHED,Matched via exact.
Kerala.pdf,PMBJK01262,Kerala,Palakkad,SOUTH_INDIA_IN_SCOPE,563.0,MATCHED,Matched via exact.
Kerala.pdf,PMBJK01264,Kerala,Pathanamthitta,SOUTH_INDIA_IN_SCOPE,564.0,MATCHED,Matched via exact.
Kerala.pdf,PMBJK01265,Kerala,Pathanamthitta,SOUTH_INDIA_IN_SCOPE,564.0,MATCHED,Matched via exact.
Kerala.pdf,PMBJK01267,Kerala,Pathanamthitta,SOUTH_INDIA_IN_SCOPE,564.0,MATCHED,Matched via exact.
Kerala.pdf,PMBJK01268,Kerala,Pathanamthitta,SOUTH_INDIA_IN_SCOPE,564.0,MATCHED,Matched via exact.
Kerala.pdf,PMBJK01269,Kerala,Pathanamthitta,SOUTH_INDIA_IN_SCOPE,564.0,MATCHED,Matched via exact.
Kerala.pdf,PMBJK01274,Kerala,Pathanamthitta,SOUTH_INDIA_IN_SCOPE,564.0,MATCHED,Matched via exact.
Kerala.pdf,PMBJK01275,Kerala,Pathanamthitta,SOUTH_INDIA_IN_SCOPE,564.0,MATCHED,Matched via exact.
Kerala.pdf,PMBJK01276,Kerala,Pathanamthitta,SOUTH_INDIA_IN_SCOPE,564.0,MATCHED,Matched via exact.
Kerala.pdf,PMBJK01277,Kerala,Thiruvananthapuram,SOUTH_INDIA_IN_SCOPE,565.0,MATCHED,Matched via exact.
Kerala.pdf,PMBJK01281,Kerala,Thiruvananthapuram,SOUTH_INDIA_IN_SCOPE,565.0,MATCHED,Matched via exact.
Kerala.pdf,PMBJK01282,Kerala,Thiruvananthapuram,SOUTH_INDIA_IN_SCOPE,565.0,MATCHED,Matched via exact.
Kerala.pdf,PMBJK01283,Kerala,Thiruvananthapuram,SOUTH_INDIA_IN_SCOPE,565.0,MATCHED,Matched via exact.
Kerala.pdf,PMBJK01284,Kerala,Thiruvananthapuram,SOUTH_INDIA_IN_SCOPE,565.0,MATCHED,Matched via exact.
Kerala.pdf,PMBJK01285,Kerala,Thiruvananthapuram,SOUTH_INDIA_IN_SCOPE,565.0,MATCHED,Matched via exact.
Kerala.pdf,PMBJK01290,Kerala,Thiruvananthapuram,SOUTH_INDIA_IN_SCOPE,565.0,MATCHED,Matched via exact.
Kerala.pdf,PMBJK01291,Kerala,Thiruvananthapuram,SOUTH_INDIA_IN_SCOPE,565.0,MATCHED,Matched via exact.
Kerala.pdf,PMBJK01293,Kerala,Thiruvananthapuram,SOUTH_INDIA_IN_SCOPE,565.0,MATCHED,Matched via exact.
Kerala.pdf,PMBJK01297,Kerala,Thiruvananthapuram,SOUTH_INDIA_IN_SCOPE,565.0,MATCHED,Matched via exact.
Kerala.pdf,PMBJK01298,Kerala,Thiruvananthapuram,SOUTH_INDIA_IN_SCOPE,565.0,MATCHED,Matched via exact.
Kerala.pdf,PMBJK01299,Kerala,Thiruvananthapuram,SOUTH_INDIA_IN_SCOPE,565.0,MATCHED,Matched via exact.
Kerala.pdf,PMBJK01300,Kerala,Thiruvananthapuram,SOUTH_INDIA_IN_SCOPE,565.0,MATCHED,Matched via exact.
Kerala.pdf,PMBJK01301,Kerala,Thiruvananthapuram,SOUTH_INDIA_IN_SCOPE,565.0,MATCHED,Matched via exact.
Kerala.pdf,PMBJK01305,Kerala,Thiruvananthapuram,SOUTH_INDIA_IN_SCOPE,565.0,MATCHED,Matched via exact.
Kerala.pdf,PMBJK01307,Kerala,Thiruvananthapuram,SOUTH_INDIA_IN_SCOPE,565.0,MATCHED,Matched via exact.
Kerala.pdf,PMBJK01309,Kerala,Thiruvananthapuram,SOUTH_INDIA_IN_SCOPE,565.0,MATCHED,Matched via exact.
Kerala.pdf,PMBJK01310,Kerala,Thiruvananthapuram,SOUTH_INDIA_IN_SCOPE,565.0,MATCHED,Matched via exact.
Kerala.pdf,PMBJK01311,Kerala,Thiruvananthapuram,SOUTH_INDIA_IN_SCOPE,565.0,MATCHED,Matched via exact.
Kerala.pdf,PMBJK01312,Kerala,Ernakulam,SOUTH_INDIA_IN_SCOPE,555.0,MATCHED,Matched via exact.
Kerala.pdf,PMBJK01314,Kerala,Kottayam,SOUTH_INDIA_IN_SCOPE,560.0,MATCHED,Matched via exact.
Kerala.pdf,PMBJK01316,Kerala,Thiruvananthapuram,SOUTH_INDIA_IN_SCOPE,565.0,MATCHED,Matched via exact.
Kerala.pdf,PMBJK01317,Kerala,Thiruvananthapuram,SOUTH_INDIA_IN_SCOPE,565.0,MATCHED,Matched via exact.
Kerala.pdf,PMBJK01319,Kerala,Kozhikode,SOUTH_INDIA_IN_SCOPE,561.0,MATCHED,Matched via exact.
Kerala.pdf,PMBJK01320,Kerala,Thrissur,SOUTH_INDIA_IN_SCOPE,566.0,MATCHED,Matched via exact.
Kerala.pdf,PMBJK01321,Kerala,Thrissur,SOUTH_INDIA_IN_SCOPE,566.0,MATCHED,Matched via exact.
Kerala.pdf,PMBJK01322,Kerala,Thrissur,SOUTH_INDIA_IN_SCOPE,566.0,MATCHED,Matched via exact.
Kerala.pdf,PMBJK01323,Kerala,Thrissur,SOUTH_INDIA_IN_SCOPE,566.0,MATCHED,Matched via exact.
Kerala.pdf,PMBJK01324,Kerala,Thrissur,SOUTH_INDIA_IN_SCOPE,566.0,MATCHED,Matched via exact.
Kerala.pdf,PMBJK01327,Kerala,Thrissur,SOUTH_INDIA_IN_SCOPE,566.0,MATCHED,Matched via exact.
Kerala.pdf,PMBJK01328,Kerala,Thrissur,SOUTH_INDIA_IN_SCOPE,566.0,MATCHED,Matched via exact.
Kerala.pdf,PMBJK01329,Kerala,Thrissur,SOUTH_INDIA_IN_SCOPE,566.0,MATCHED,Matched via exact.
Kerala.pdf,PMBJK01330,Kerala,Thrissur,SOUTH_INDIA_IN_SCOPE,566.0,MATCHED,Matched via exact.
Kerala.pdf,PMBJK01331,Kerala,Thrissur,SOUTH_INDIA_IN_SCOPE,566.0,MATCHED,Matched via exact.
Kerala.pdf,PMBJK01332,Kerala,Thrissur,SOUTH_INDIA_IN_SCOPE,566.0,MATCHED,Matched via exact.
Kerala.pdf,PMBJK01333,Kerala,Thrissur,SOUTH_INDIA_IN_SCOPE,566.0,MATCHED,Matched via exact.
Kerala.pdf,PMBJK01334,Kerala,Thrissur,SOUTH_INDIA_IN_SCOPE,566.0,MATCHED,Matched via exact.
Kerala.pdf,PMBJK01335,Kerala,Thrissur,SOUTH_INDIA_IN_SCOPE,566.0,MATCHED,Matched via exact.
Kerala.pdf,PMBJK01336,Kerala,Thrissur,SOUTH_INDIA_IN_SCOPE,566.0,MATCHED,Matched via exact.
Kerala.pdf,PMBJK01337,Kerala,Thrissur,SOUTH_INDIA_IN_SCOPE,566.0,MATCHED,Matched via exact.
Kerala.pdf,PMBJK01339,Kerala,Thrissur,SOUTH_INDIA_IN_SCOPE,566.0,MATCHED,Matched via exact.
Kerala.pdf,PMBJK01340,Kerala,Thrissur,SOUTH_INDIA_IN_SCOPE,566.0,MATCHED,Matched via exact.
Kerala.pdf,PMBJK01341,Kerala,Thrissur,SOUTH_INDIA_IN_SCOPE,566.0,MATCHED,Matched via exact.
Kerala.pdf,PMBJK01342,Kerala,Thrissur,SOUTH_INDIA_IN_SCOPE,566.0,MATCHED,Matched via exact.
Kerala.pdf,PMBJK01343,Kerala,Thrissur,SOUTH_INDIA_IN_SCOPE,566.0,MATCHED,Matched via exact.
Kerala.pdf,PMBJK01345,Kerala,Thrissur,SOUTH_INDIA_IN_SCOPE,566.0,MATCHED,Matched via exact.
Kerala.pdf,PMBJK01346,Kerala,Thrissur,SOUTH_INDIA_IN_SCOPE,566.0,MATCHED,Matched via exact.
Kerala.pdf,PMBJK01347,Kerala,Thrissur,SOUTH_INDIA_IN_SCOPE,566.0,MATCHED,Matched via exact.
Kerala.pdf,PMBJK01348,Kerala,Thrissur,SOUTH_INDIA_IN_SCOPE,566.0,MATCHED,Matched via exact.
Kerala.pdf,PMBJK01349,Kerala,Thrissur,SOUTH_INDIA_IN_SCOPE,566.0,MATCHED,Matched via exact.
Kerala.pdf,PMBJK01350,Kerala,Thrissur,SOUTH_INDIA_IN_SCOPE,566.0,MATCHED,Matched via exact.
Kerala.pdf,PMBJK01351,Kerala,Thrissur,SOUTH_INDIA_IN_SCOPE,566.0,MATCHED,Matched via exact.
Kerala.pdf,PMBJK01352,Kerala,Thrissur,SOUTH_INDIA_IN_SCOPE,566.0,MATCHED,Matched via exact.
Kerala.pdf,PMBJK01353,Kerala,Thrissur,SOUTH_INDIA_IN_SCOPE,566.0,MATCHED,Matched via exact.
Kerala.pdf,PMBJK01354,Kerala,Thrissur,SOUTH_INDIA_IN_SCOPE,566.0,MATCHED,Matched via exact.
Kerala.pdf,PMBJK01356,Kerala,Thrissur,SOUTH_INDIA_IN_SCOPE,566.0,MATCHED,Matched via exact.
Kerala.pdf,PMBJK01357,Kerala,Thrissur,SOUTH_INDIA_IN_SCOPE,566.0,MATCHED,Matched via exact.
Kerala.pdf,PMBJK01358,Kerala,Thrissur,SOUTH_INDIA_IN_SCOPE,566.0,MATCHED,Matched via exact.
Kerala.pdf,PMBJK01359,Kerala,Thrissur,SOUTH_INDIA_IN_SCOPE,566.0,MATCHED,Matched via exact.
Kerala.pdf,PMBJK01362,Kerala,Thrissur,SOUTH_INDIA_IN_SCOPE,566.0,MATCHED,Matched via exact.
Kerala.pdf,PMBJK01363,Kerala,Thrissur,SOUTH_INDIA_IN_SCOPE,566.0,MATCHED,Matched via exact.
Kerala.pdf,PMBJK01364,Kerala,Thrissur,SOUTH_INDIA_IN_SCOPE,566.0,MATCHED,Matched via exact.
Kerala.pdf,PMBJK01365,Kerala,Thrissur,SOUTH_INDIA_IN_SCOPE,566.0,MATCHED,Matched via exact.
Kerala.pdf,PMBJK01369,Kerala,Thiruvananthapuram,SOUTH_INDIA_IN_SCOPE,565.0,MATCHED,Matched via exact.
Kerala.pdf,PMBJK01370,Kerala,Thrissur,SOUTH_INDIA_IN_SCOPE,566.0,MATCHED,Matched via exact.
Kerala.pdf,PMBJK01371,Kerala,Thrissur,SOUTH_INDIA_IN_SCOPE,566.0,MATCHED,Matched via exact.
Kerala.pdf,PMBJK01373,Kerala,Thrissur,SOUTH_INDIA_IN_SCOPE,566.0,MATCHED,Matched via exact.
Kerala.pdf,PMBJK01374,Kerala,Thrissur,SOUTH_INDIA_IN_SCOPE,566.0,MATCHED,Matched via exact.
Kerala.pdf,PMBJK01375,Kerala,Thrissur,SOUTH_INDIA_IN_SCOPE,566.0,MATCHED,Matched via exact.
Kerala.pdf,PMBJK01377,Kerala,Thrissur,SOUTH_INDIA_IN_SCOPE,566.0,MATCHED,Matched via exact.
Kerala.pdf,PMBJK01379,Kerala,Thrissur,SOUTH_INDIA_IN_SCOPE,566.0,MATCHED,Matched via exact.
Kerala.pdf,PMBJK01380,Kerala,Wayanad,SOUTH_INDIA_IN_SCOPE,567.0,MATCHED,Matched via exact.
Kerala.pdf,PMBJK01381,Kerala,Wayanad,SOUTH_INDIA_IN_SCOPE,567.0,MATCHED,Matched via exact.
Kerala.pdf,PMBJK01382,Kerala,Wayanad,SOUTH_INDIA_IN_SCOPE,567.0,MATCHED,Matched via exact.
Kerala.pdf,PMBJK01383,Kerala,Wayanad,SOUTH_INDIA_IN_SCOPE,567.0,MATCHED,Matched via exact.
Kerala.pdf,PMBJK02848,Kerala,Kozhikode,SOUTH_INDIA_IN_SCOPE,561.0,MATCHED,Matched via exact.
Kerala.pdf,PMBJK02855,Kerala,Kottayam,SOUTH_INDIA_IN_SCOPE,560.0,MATCHED,Matched via exact.
Kerala.pdf,PMBJK02859,Kerala,Thrissur,SOUTH_INDIA_IN_SCOPE,566.0,MATCHED,Matched via exact.
Kerala.pdf,PMBJK02911,Kerala,Kozhikode,SOUTH_INDIA_IN_SCOPE,561.0,MATCHED,Matched via exact.
Kerala.pdf,PMBJK02984,Kerala,Kollam,SOUTH_INDIA_IN_SCOPE,559.0,MATCHED,Matched via exact.
Kerala.pdf,PMBJK03017,Kerala,Kasaragod,SOUTH_INDIA_IN_SCOPE,558.0,MATCHED,Matched via exact.
Kerala.pdf,PMBJK03036,Kerala,Alappuzha,SOUTH_INDIA_IN_SCOPE,554.0,MATCHED,Matched via exact.
Kerala.pdf,PMBJK03068,Kerala,Kozhikode,SOUTH_INDIA_IN_SCOPE,561.0,MATCHED,Matched via exact.
Kerala.pdf,PMBJK03078,Kerala,Thrissur,SOUTH_INDIA_IN_SCOPE,566.0,MATCHED,Matched via exact.
Kerala.pdf,PMBJK03187,Kerala,Palakkad,SOUTH_INDIA_IN_SCOPE,563.0,MATCHED,Matched via exact.
Kerala.pdf,PMBJK03209,Kerala,Palakkad,SOUTH_INDIA_IN_SCOPE,563.0,MATCHED,Matched via exact.
Kerala.pdf,PMBJK03210,Kerala,Malappuram,SOUTH_INDIA_IN_SCOPE,562.0,MATCHED,Matched via exact.
Kerala.pdf,PMBJK03218,Kerala,Malappuram,SOUTH_INDIA_IN_SCOPE,562.0,MATCHED,Matched via exact.
Kerala.pdf,PMBJK03219,Kerala,Palakkad,SOUTH_INDIA_IN_SCOPE,563.0,MATCHED,Matched via exact.
Kerala.pdf,PMBJK03225,Kerala,Pathanamthitta,SOUTH_INDIA_IN_SCOPE,564.0,MATCHED,Matched via exact.
Kerala.pdf,PMBJK03233,Kerala,Thrissur,SOUTH_INDIA_IN_SCOPE,566.0,MATCHED,Matched via exact.
Kerala.pdf,PMBJK03248,Kerala,Idukki,SOUTH_INDIA_IN_SCOPE,556.0,MATCHED,Matched via exact.
Kerala.pdf,PMBJK03442,Kerala,Kottayam,SOUTH_INDIA_IN_SCOPE,560.0,MATCHED,Matched via exact.
Kerala.pdf,PMBJK03513,Kerala,Thiruvananthapuram,SOUTH_INDIA_IN_SCOPE,565.0,MATCHED,Matched via exact.
Kerala.pdf,PMBJK03516,Kerala,Ernakulam,SOUTH_INDIA_IN_SCOPE,555.0,MATCHED,Matched via exact.
Kerala.pdf,PMBJK03543,Kerala,Malappuram,SOUTH_INDIA_IN_SCOPE,562.0,MATCHED,Matched via exact.
Kerala.pdf,PMBJK03555,Kerala,Ernakulam,SOUTH_INDIA_IN_SCOPE,555.0,MATCHED,Matched via exact.
Kerala.pdf,PMBJK03556,Kerala,Ernakulam,SOUTH_INDIA_IN_SCOPE,555.0,MATCHED,Matched via exact.
Kerala.pdf,PMBJK03557,Kerala,Kottayam,SOUTH_INDIA_IN_SCOPE,560.0,MATCHED,Matched via exact.
Kerala.pdf,PMBJK03564,Kerala,Kollam,SOUTH_INDIA_IN_SCOPE,559.0,MATCHED,Matched via exact.
Kerala.pdf,PMBJK03592,Kerala,Kozhikode,SOUTH_INDIA_IN_SCOPE,561.0,MATCHED,Matched via exact.
Kerala.pdf,PMBJK03669,Kerala,Ernakulam,SOUTH_INDIA_IN_SCOPE,555.0,MATCHED,Matched via exact.
Kerala.pdf,PMBJK03670,Kerala,Malappuram,SOUTH_INDIA_IN_SCOPE,562.0,MATCHED,Matched via exact.
Kerala.pdf,PMBJK03674,Kerala,Thiruvananthapuram,SOUTH_INDIA_IN_SCOPE,565.0,MATCHED,Matched via exact.
Kerala.pdf,PMBJK03763,Kerala,Idukki,SOUTH_INDIA_IN_SCOPE,556.0,MATCHED,Matched via exact.
Kerala.pdf,PMBJK03768,Kerala,Kollam,SOUTH_INDIA_IN_SCOPE,559.0,MATCHED,Matched via exact.
Kerala.pdf,PMBJK03776,Kerala,Ernakulam,SOUTH_INDIA_IN_SCOPE,555.0,MATCHED,Matched via exact.
Kerala.pdf,PMBJK03777,Kerala,Ernakulam,SOUTH_INDIA_IN_SCOPE,555.0,MATCHED,Matched via exact.
Kerala.pdf,PMBJK03863,Kerala,Ernakulam,SOUTH_INDIA_IN_SCOPE,555.0,MATCHED,Matched via exact.
Kerala.pdf,PMBJK03865,Kerala,Ernakulam,SOUTH_INDIA_IN_SCOPE,555.0,MATCHED,Matched via exact.
Kerala.pdf,PMBJK03867,Kerala,Thiruvananthapuram,SOUTH_INDIA_IN_SCOPE,565.0,MATCHED,Matched via exact.
Kerala.pdf,PMBJK03868,Kerala,Malappuram,SOUTH_INDIA_IN_SCOPE,562.0,MATCHED,Matched via exact.
Kerala.pdf,PMBJK03881,Kerala,Idukki,SOUTH_INDIA_IN_SCOPE,556.0,MATCHED,Matched via exact.
Kerala.pdf,PMBJK03882,Kerala,Ernakulam,SOUTH_INDIA_IN_SCOPE,555.0,MATCHED,Matched via exact.
Kerala.pdf,PMBJK03883,Kerala,Kottayam,SOUTH_INDIA_IN_SCOPE,560.0,MATCHED,Matched via exact.
Kerala.pdf,PMBJK03887,Kerala,Malappuram,SOUTH_INDIA_IN_SCOPE,562.0,MATCHED,Matched via exact.
Kerala.pdf,PMBJK03898,Kerala,Kollam,SOUTH_INDIA_IN_SCOPE,559.0,MATCHED,Matched via exact.
Kerala.pdf,PMBJK04031,Kerala,Ernakulam,SOUTH_INDIA_IN_SCOPE,555.0,MATCHED,Matched via exact.
Kerala.pdf,PMBJK04049,Kerala,Alappuzha,SOUTH_INDIA_IN_SCOPE,554.0,MATCHED,Matched via exact.
Kerala.pdf,PMBJK04050,Kerala,Malappuram,SOUTH_INDIA_IN_SCOPE,562.0,MATCHED,Matched via exact.
Kerala.pdf,PMBJK04059,Kerala,Thiruvananthapuram,SOUTH_INDIA_IN_SCOPE,565.0,MATCHED,Matched via exact.
Kerala.pdf,PMBJK04076,Kerala,Palakkad,SOUTH_INDIA_IN_SCOPE,563.0,MATCHED,Matched via exact.
Kerala.pdf,PMBJK04098,Kerala,Kannur,SOUTH_INDIA_IN_SCOPE,557.0,MATCHED,Matched via exact.
Kerala.pdf,PMBJK04167,Kerala,Thrissur,SOUTH_INDIA_IN_SCOPE,566.0,MATCHED,Matched via exact.
Kerala.pdf,PMBJK04177,Kerala,Alappuzha,SOUTH_INDIA_IN_SCOPE,554.0,MATCHED,Matched via exact.
Kerala.pdf,PMBJK04178,Kerala,Pathanamthitta,SOUTH_INDIA_IN_SCOPE,564.0,MATCHED,Matched via exact.
Kerala.pdf,PMBJK04180,Kerala,Alappuzha,SOUTH_INDIA_IN_SCOPE,554.0,MATCHED,Matched via exact.
Kerala.pdf,PMBJK04181,Kerala,Thrissur,SOUTH_INDIA_IN_SCOPE,566.0,MATCHED,Matched via exact.
Kerala.pdf,PMBJK04192,Kerala,Thrissur,SOUTH_INDIA_IN_SCOPE,566.0,MATCHED,Matched via exact.
Kerala.pdf,PMBJK04193,Kerala,Ernakulam,SOUTH_INDIA_IN_SCOPE,555.0,MATCHED,Matched via exact.
Kerala.pdf,PMBJK04199,Kerala,Thrissur,SOUTH_INDIA_IN_SCOPE,566.0,MATCHED,Matched via exact.
Kerala.pdf,PMBJK04210,Kerala,Kollam,SOUTH_INDIA_IN_SCOPE,559.0,MATCHED,Matched via exact.
Kerala.pdf,PMBJK04213,Kerala,Thiruvananthapuram,SOUTH_INDIA_IN_SCOPE,565.0,MATCHED,Matched via exact.
Kerala.pdf,PMBJK04230,Kerala,Ernakulam,SOUTH_INDIA_IN_SCOPE,555.0,MATCHED,Matched via exact.
Kerala.pdf,PMBJK04243,Kerala,Malappuram,SOUTH_INDIA_IN_SCOPE,562.0,MATCHED,Matched via exact.
Kerala.pdf,PMBJK04251,Kerala,Thrissur,SOUTH_INDIA_IN_SCOPE,566.0,MATCHED,Matched via exact.
Kerala.pdf,PMBJK04252,Kerala,Pathanamthitta,SOUTH_INDIA_IN_SCOPE,564.0,MATCHED,Matched via exact.
Kerala.pdf,PMBJK04254,Kerala,Ernakulam,SOUTH_INDIA_IN_SCOPE,555.0,MATCHED,Matched via exact.
Kerala.pdf,PMBJK04268,Kerala,Palakkad,SOUTH_INDIA_IN_SCOPE,563.0,MATCHED,Matched via exact.
Kerala.pdf,PMBJK04278,Kerala,Kasaragod,SOUTH_INDIA_IN_SCOPE,558.0,MATCHED,Matched via exact.
Kerala.pdf,PMBJK04279,Kerala,Thrissur,SOUTH_INDIA_IN_SCOPE,566.0,MATCHED,Matched via exact.
Kerala.pdf,PMBJK04280,Kerala,Thrissur,SOUTH_INDIA_IN_SCOPE,566.0,MATCHED,Matched via exact.
Kerala.pdf,PMBJK04284,Kerala,Ernakulam,SOUTH_INDIA_IN_SCOPE,555.0,MATCHED,Matched via exact.
Kerala.pdf,PMBJK04296,Kerala,Alappuzha,SOUTH_INDIA_IN_SCOPE,554.0,MATCHED,Matched via exact.
Kerala.pdf,PMBJK04305,Kerala,Kollam,SOUTH_INDIA_IN_SCOPE,559.0,MATCHED,Matched via exact.
Kerala.pdf,PMBJK04327,Kerala,Palakkad,SOUTH_INDIA_IN_SCOPE,563.0,MATCHED,Matched via exact.
Kerala.pdf,PMBJK04328,Kerala,Thiruvananthapuram,SOUTH_INDIA_IN_SCOPE,565.0,MATCHED,Matched via exact.
Kerala.pdf,PMBJK04329,Kerala,Palakkad,SOUTH_INDIA_IN_SCOPE,563.0,MATCHED,Matched via exact.
Kerala.pdf,PMBJK04334,Kerala,Wayanad,SOUTH_INDIA_IN_SCOPE,567.0,MATCHED,Matched via exact.
Kerala.pdf,PMBJK04395,Kerala,Thrissur,SOUTH_INDIA_IN_SCOPE,566.0,MATCHED,Matched via exact.
Kerala.pdf,PMBJK04407,Kerala,Malappuram,SOUTH_INDIA_IN_SCOPE,562.0,MATCHED,Matched via exact.
Kerala.pdf,PMBJK04419,Kerala,Thiruvananthapuram,SOUTH_INDIA_IN_SCOPE,565.0,MATCHED,Matched via exact.
Kerala.pdf,PMBJK04442,Kerala,Kasaragod,SOUTH_INDIA_IN_SCOPE,558.0,MATCHED,Matched via exact.
Kerala.pdf,PMBJK04487,Kerala,Kasaragod,SOUTH_INDIA_IN_SCOPE,558.0,MATCHED,Matched via exact.
Kerala.pdf,PMBJK04538,Kerala,Thrissur,SOUTH_INDIA_IN_SCOPE,566.0,MATCHED,Matched via exact.
Kerala.pdf,PMBJK04539,Kerala,Thiruvananthapuram,SOUTH_INDIA_IN_SCOPE,565.0,MATCHED,Matched via exact.
Kerala.pdf,PMBJK04540,Kerala,Kottayam,SOUTH_INDIA_IN_SCOPE,560.0,MATCHED,Matched via exact.
Kerala.pdf,PMBJK04541,Kerala,Idukki,SOUTH_INDIA_IN_SCOPE,556.0,MATCHED,Matched via exact.
Kerala.pdf,PMBJK04542,Kerala,Thiruvananthapuram,SOUTH_INDIA_IN_SCOPE,565.0,MATCHED,Matched via exact.
Kerala.pdf,PMBJK04568,Kerala,Kozhikode,SOUTH_INDIA_IN_SCOPE,561.0,MATCHED,Matched via exact.
Kerala.pdf,PMBJK04700,Kerala,Kollam,SOUTH_INDIA_IN_SCOPE,559.0,MATCHED,Matched via exact.
Kerala.pdf,PMBJK04710,Kerala,Malappuram,SOUTH_INDIA_IN_SCOPE,562.0,MATCHED,Matched via exact.
Kerala.pdf,PMBJK04729,Kerala,Kottayam,SOUTH_INDIA_IN_SCOPE,560.0,MATCHED,Matched via exact.
Kerala.pdf,PMBJK04771,Kerala,Kozhikode,SOUTH_INDIA_IN_SCOPE,561.0,MATCHED,Matched via exact.
Kerala.pdf,PMBJK04781,Kerala,Kannur,SOUTH_INDIA_IN_SCOPE,557.0,MATCHED,Matched via exact.
Kerala.pdf,PMBJK04799,Kerala,Thrissur,SOUTH_INDIA_IN_SCOPE,566.0,MATCHED,Matched via exact.
Kerala.pdf,PMBJK04801,Kerala,Malappuram,SOUTH_INDIA_IN_SCOPE,562.0,MATCHED,Matched via exact.
Kerala.pdf,PMBJK04814,Kerala,Pathanamthitta,SOUTH_INDIA_IN_SCOPE,564.0,MATCHED,Matched via exact.
Kerala.pdf,PMBJK04824,Kerala,Kottayam,SOUTH_INDIA_IN_SCOPE,560.0,MATCHED,Matched via exact.
Kerala.pdf,PMBJK04827,Kerala,Pathanamthitta,SOUTH_INDIA_IN_SCOPE,564.0,MATCHED,Matched via exact.
Kerala.pdf,PMBJK04829,Kerala,Alappuzha,SOUTH_INDIA_IN_SCOPE,554.0,MATCHED,Matched via exact.
Kerala.pdf,PMBJK04830,Kerala,Alappuzha,SOUTH_INDIA_IN_SCOPE,554.0,MATCHED,Matched via exact.
Kerala.pdf,PMBJK04831,Kerala,Pathanamthitta,SOUTH_INDIA_IN_SCOPE,564.0,MATCHED,Matched via exact.
Kerala.pdf,PMBJK04832,Kerala,Pathanamthitta,SOUTH_INDIA_IN_SCOPE,564.0,MATCHED,Matched via exact.
Kerala.pdf,PMBJK04835,Kerala,Alappuzha,SOUTH_INDIA_IN_SCOPE,554.0,MATCHED,Matched via exact.
Kerala.pdf,PMBJK04842,Kerala,Thrissur,SOUTH_INDIA_IN_SCOPE,566.0,MATCHED,Matched via exact.
Kerala.pdf,PMBJK04875,Kerala,Kasaragod,SOUTH_INDIA_IN_SCOPE,558.0,MATCHED,Matched via exact.
Kerala.pdf,PMBJK04880,Kerala,Wayanad,SOUTH_INDIA_IN_SCOPE,567.0,MATCHED,Matched via exact.
Kerala.pdf,PMBJK04881,Kerala,Wayanad,SOUTH_INDIA_IN_SCOPE,567.0,MATCHED,Matched via exact.
Kerala.pdf,PMBJK04899,Kerala,Thiruvananthapuram,SOUTH_INDIA_IN_SCOPE,565.0,MATCHED,Matched via exact.
Kerala.pdf,PMBJK04914,Kerala,Ernakulam,SOUTH_INDIA_IN_SCOPE,555.0,MATCHED,Matched via exact.
Kerala.pdf,PMBJK04916,Kerala,Thiruvananthapuram,SOUTH_INDIA_IN_SCOPE,565.0,MATCHED,Matched via exact.
Kerala.pdf,PMBJK04917,Kerala,Kollam,SOUTH_INDIA_IN_SCOPE,559.0,MATCHED,Matched via exact.
Kerala.pdf,PMBJK04926,Kerala,Thiruvananthapuram,SOUTH_INDIA_IN_SCOPE,565.0,MATCHED,Matched via exact.
Kerala.pdf,PMBJK04953,Kerala,Thrissur,SOUTH_INDIA_IN_SCOPE,566.0,MATCHED,Matched via exact.
Kerala.pdf,PMBJK04956,Kerala,Malappuram,SOUTH_INDIA_IN_SCOPE,562.0,MATCHED,Matched via exact.
Kerala.pdf,PMBJK04960,Kerala,Kottayam,SOUTH_INDIA_IN_SCOPE,560.0,MATCHED,Matched via exact.
Kerala.pdf,PMBJK04961,Kerala,Thiruvananthapuram,SOUTH_INDIA_IN_SCOPE,565.0,MATCHED,Matched via exact.
Kerala.pdf,PMBJK04985,Kerala,Ernakulam,SOUTH_INDIA_IN_SCOPE,555.0,MATCHED,Matched via exact.
Kerala.pdf,PMBJK05029,Kerala,Malappuram,SOUTH_INDIA_IN_SCOPE,562.0,MATCHED,Matched via exact.
Kerala.pdf,PMBJK05082,Kerala,Kottayam,SOUTH_INDIA_IN_SCOPE,560.0,MATCHED,Matched via exact.
Kerala.pdf,PMBJK05137,Kerala,Thiruvananthapuram,SOUTH_INDIA_IN_SCOPE,565.0,MATCHED,Matched via exact.
Kerala.pdf,PMBJK05160,Kerala,Kottayam,SOUTH_INDIA_IN_SCOPE,560.0,MATCHED,Matched via exact.
Kerala.pdf,PMBJK05170,Kerala,Malappuram,SOUTH_INDIA_IN_SCOPE,562.0,MATCHED,Matched via exact.
Kerala.pdf,PMBJK05211,Kerala,Kozhikode,SOUTH_INDIA_IN_SCOPE,561.0,MATCHED,Matched via exact.
Kerala.pdf,PMBJK05212,Kerala,Kottayam,SOUTH_INDIA_IN_SCOPE,560.0,MATCHED,Matched via exact.
Kerala.pdf,PMBJK05213,Kerala,Thiruvananthapuram,SOUTH_INDIA_IN_SCOPE,565.0,MATCHED,Matched via exact.
Kerala.pdf,PMBJK05214,Kerala,Palakkad,SOUTH_INDIA_IN_SCOPE,563.0,MATCHED,Matched via exact.
Kerala.pdf,PMBJK05216,Kerala,Palakkad,SOUTH_INDIA_IN_SCOPE,563.0,MATCHED,Matched via exact.
Kerala.pdf,PMBJK05322,Kerala,Kollam,SOUTH_INDIA_IN_SCOPE,559.0,MATCHED,Matched via exact.
Kerala.pdf,PMBJK05323,Kerala,Malappuram,SOUTH_INDIA_IN_SCOPE,562.0,MATCHED,Matched via exact.
Kerala.pdf,PMBJK05398,Kerala,Kollam,SOUTH_INDIA_IN_SCOPE,559.0,MATCHED,Matched via exact.
Kerala.pdf,PMBJK05430,Kerala,Alappuzha,SOUTH_INDIA_IN_SCOPE,554.0,MATCHED,Matched via exact.
Kerala.pdf,PMBJK05434,Kerala,Alappuzha,SOUTH_INDIA_IN_SCOPE,554.0,MATCHED,Matched via exact.
Kerala.pdf,PMBJK05442,Kerala,Malappuram,SOUTH_INDIA_IN_SCOPE,562.0,MATCHED,Matched via exact.
Kerala.pdf,PMBJK05478,Kerala,Kasaragod,SOUTH_INDIA_IN_SCOPE,558.0,MATCHED,Matched via exact.
Kerala.pdf,PMBJK05496,Kerala,Ernakulam,SOUTH_INDIA_IN_SCOPE,555.0,MATCHED,Matched via exact.
Kerala.pdf,PMBJK05563,Kerala,Palakkad,SOUTH_INDIA_IN_SCOPE,563.0,MATCHED,Matched via exact.
Kerala.pdf,PMBJK05566,Kerala,Kozhikode,SOUTH_INDIA_IN_SCOPE,561.0,MATCHED,Matched via exact.
Kerala.pdf,PMBJK05589,Kerala,Thiruvananthapuram,SOUTH_INDIA_IN_SCOPE,565.0,MATCHED,Matched via exact.
Kerala.pdf,PMBJK05590,Kerala,Thrissur,SOUTH_INDIA_IN_SCOPE,566.0,MATCHED,Matched via exact.
Kerala.pdf,PMBJK05612,Kerala,Malappuram,SOUTH_INDIA_IN_SCOPE,562.0,MATCHED,Matched via exact.
Kerala.pdf,PMBJK05646,Kerala,Pathanamthitta,SOUTH_INDIA_IN_SCOPE,564.0,MATCHED,Matched via exact.
Kerala.pdf,PMBJK05653,Kerala,Ernakulam,SOUTH_INDIA_IN_SCOPE,555.0,MATCHED,Matched via exact.
Kerala.pdf,PMBJK05654,Kerala,Pathanamthitta,SOUTH_INDIA_IN_SCOPE,564.0,MATCHED,Matched via exact.
Kerala.pdf,PMBJK05655,Kerala,Kottayam,SOUTH_INDIA_IN_SCOPE,560.0,MATCHED,Matched via exact.
Kerala.pdf,PMBJK05656,Kerala,Palakkad,SOUTH_INDIA_IN_SCOPE,563.0,MATCHED,Matched via exact.
Kerala.pdf,PMBJK05758,Kerala,Kozhikode,SOUTH_INDIA_IN_SCOPE,561.0,MATCHED,Matched via exact.
Kerala.pdf,PMBJK05759,Kerala,Kottayam,SOUTH_INDIA_IN_SCOPE,560.0,MATCHED,Matched via exact.
Kerala.pdf,PMBJK05774,Kerala,Thiruvananthapuram,SOUTH_INDIA_IN_SCOPE,565.0,MATCHED,Matched via exact.
Kerala.pdf,PMBJK05784,Kerala,Palakkad,SOUTH_INDIA_IN_SCOPE,563.0,MATCHED,Matched via exact.
Kerala.pdf,PMBJK05808,Kerala,Ernakulam,SOUTH_INDIA_IN_SCOPE,555.0,MATCHED,Matched via exact.
Kerala.pdf,PMBJK05827,Kerala,Pathanamthitta,SOUTH_INDIA_IN_SCOPE,564.0,MATCHED,Matched via exact.
Kerala.pdf,PMBJK05828,Kerala,Alappuzha,SOUTH_INDIA_IN_SCOPE,554.0,MATCHED,Matched via exact.
Kerala.pdf,PMBJK05864,Kerala,Kasaragod,SOUTH_INDIA_IN_SCOPE,558.0,MATCHED,Matched via exact.
Kerala.pdf,PMBJK05866,Kerala,Pathanamthitta,SOUTH_INDIA_IN_SCOPE,564.0,MATCHED,Matched via exact.
Kerala.pdf,PMBJK05882,Kerala,Ernakulam,SOUTH_INDIA_IN_SCOPE,555.0,MATCHED,Matched via exact.
Kerala.pdf,PMBJK05887,Kerala,Kasaragod,SOUTH_INDIA_IN_SCOPE,558.0,MATCHED,Matched via exact.
Kerala.pdf,PMBJK05956,Kerala,Kottayam,SOUTH_INDIA_IN_SCOPE,560.0,MATCHED,Matched via exact.
Kerala.pdf,PMBJK05957,Kerala,Alappuzha,SOUTH_INDIA_IN_SCOPE,554.0,MATCHED,Matched via exact.
Kerala.pdf,PMBJK05967,Kerala,Malappuram,SOUTH_INDIA_IN_SCOPE,562.0,MATCHED,Matched via exact.
Kerala.pdf,PMBJK06023,Kerala,Kasaragod,SOUTH_INDIA_IN_SCOPE,558.0,MATCHED,Matched via exact.
Kerala.pdf,PMBJK06024,Kerala,Ernakulam,SOUTH_INDIA_IN_SCOPE,555.0,MATCHED,Matched via exact.
Kerala.pdf,PMBJK06032,Kerala,Kasaragod,SOUTH_INDIA_IN_SCOPE,558.0,MATCHED,Matched via exact.
Kerala.pdf,PMBJK06060,Kerala,Thiruvananthapuram,SOUTH_INDIA_IN_SCOPE,565.0,MATCHED,Matched via exact.
Kerala.pdf,PMBJK06061,Kerala,Malappuram,SOUTH_INDIA_IN_SCOPE,562.0,MATCHED,Matched via exact.
Kerala.pdf,PMBJK06062,Kerala,Kollam,SOUTH_INDIA_IN_SCOPE,559.0,MATCHED,Matched via exact.
Kerala.pdf,PMBJK06063,Kerala,Alappuzha,SOUTH_INDIA_IN_SCOPE,554.0,MATCHED,Matched via exact.
Kerala.pdf,PMBJK06073,Kerala,Malappuram,SOUTH_INDIA_IN_SCOPE,562.0,MATCHED,Matched via exact.
Kerala.pdf,PMBJK06084,Kerala,Thiruvananthapuram,SOUTH_INDIA_IN_SCOPE,565.0,MATCHED,Matched via exact.
Kerala.pdf,PMBJK06085,Kerala,Thrissur,SOUTH_INDIA_IN_SCOPE,566.0,MATCHED,Matched via exact.
Kerala.pdf,PMBJK06086,Kerala,Palakkad,SOUTH_INDIA_IN_SCOPE,563.0,MATCHED,Matched via exact.
Kerala.pdf,PMBJK06099,Kerala,Idukki,SOUTH_INDIA_IN_SCOPE,556.0,MATCHED,Matched via exact.
Kerala.pdf,PMBJK06100,Kerala,Thrissur,SOUTH_INDIA_IN_SCOPE,566.0,MATCHED,Matched via exact.
Kerala.pdf,PMBJK06101,Kerala,Malappuram,SOUTH_INDIA_IN_SCOPE,562.0,MATCHED,Matched via exact.
Kerala.pdf,PMBJK06102,Kerala,Malappuram,SOUTH_INDIA_IN_SCOPE,562.0,MATCHED,Matched via exact.
Kerala.pdf,PMBJK06103,Kerala,Kollam,SOUTH_INDIA_IN_SCOPE,559.0,MATCHED,Matched via exact.
Kerala.pdf,PMBJK06137,Kerala,Thiruvananthapuram,SOUTH_INDIA_IN_SCOPE,565.0,MATCHED,Matched via exact.
Kerala.pdf,PMBJK06144,Kerala,Kottayam,SOUTH_INDIA_IN_SCOPE,560.0,MATCHED,Matched via exact.
Kerala.pdf,PMBJK06145,Kerala,Alappuzha,SOUTH_INDIA_IN_SCOPE,554.0,MATCHED,Matched via exact.
Kerala.pdf,PMBJK06160,Kerala,Thrissur,SOUTH_INDIA_IN_SCOPE,566.0,MATCHED,Matched via exact.
Kerala.pdf,PMBJK06161,Kerala,Malappuram,SOUTH_INDIA_IN_SCOPE,562.0,MATCHED,Matched via exact.
Kerala.pdf,PMBJK06162,Kerala,Pathanamthitta,SOUTH_INDIA_IN_SCOPE,564.0,MATCHED,Matched via exact.
Kerala.pdf,PMBJK06168,Kerala,Kottayam,SOUTH_INDIA_IN_SCOPE,560.0,MATCHED,Matched via exact.
Kerala.pdf,PMBJK06169,Kerala,Ernakulam,SOUTH_INDIA_IN_SCOPE,555.0,MATCHED,Matched via exact.
Kerala.pdf,PMBJK06170,Kerala,Kollam,SOUTH_INDIA_IN_SCOPE,559.0,MATCHED,Matched via exact.
Kerala.pdf,PMBJK06171,Kerala,Kottayam,SOUTH_INDIA_IN_SCOPE,560.0,MATCHED,Matched via exact.
Kerala.pdf,PMBJK06172,Kerala,Pathanamthitta,SOUTH_INDIA_IN_SCOPE,564.0,MATCHED,Matched via exact.
Kerala.pdf,PMBJK06176,Kerala,Kottayam,SOUTH_INDIA_IN_SCOPE,560.0,MATCHED,Matched via exact.
Kerala.pdf,PMBJK06177,Kerala,Alappuzha,SOUTH_INDIA_IN_SCOPE,554.0,MATCHED,Matched via exact.
Kerala.pdf,PMBJK06195,Kerala,Alappuzha,SOUTH_INDIA_IN_SCOPE,554.0,MATCHED,Matched via exact.
Kerala.pdf,PMBJK06196,Kerala,Thiruvananthapuram,SOUTH_INDIA_IN_SCOPE,565.0,MATCHED,Matched via exact.
Kerala.pdf,PMBJK06197,Kerala,Alappuzha,SOUTH_INDIA_IN_SCOPE,554.0,MATCHED,Matched via exact.
Kerala.pdf,PMBJK06218,Kerala,Alappuzha,SOUTH_INDIA_IN_SCOPE,554.0,MATCHED,Matched via exact.
Kerala.pdf,PMBJK06220,Kerala,Kannur,SOUTH_INDIA_IN_SCOPE,557.0,MATCHED,Matched via exact.
Kerala.pdf,PMBJK06257,Kerala,Thiruvananthapuram,SOUTH_INDIA_IN_SCOPE,565.0,MATCHED,Matched via exact.
Kerala.pdf,PMBJK06259,Kerala,Kottayam,SOUTH_INDIA_IN_SCOPE,560.0,MATCHED,Matched via exact.
Kerala.pdf,PMBJK06272,Kerala,Ernakulam,SOUTH_INDIA_IN_SCOPE,555.0,MATCHED,Matched via exact.
Kerala.pdf,PMBJK06311,Kerala,Alappuzha,SOUTH_INDIA_IN_SCOPE,554.0,MATCHED,Matched via exact.
Kerala.pdf,PMBJK06312,Kerala,Thiruvananthapuram,SOUTH_INDIA_IN_SCOPE,565.0,MATCHED,Matched via exact.
Kerala.pdf,PMBJK06316,Kerala,Malappuram,SOUTH_INDIA_IN_SCOPE,562.0,MATCHED,Matched via exact.
Kerala.pdf,PMBJK06324,Kerala,Pathanamthitta,SOUTH_INDIA_IN_SCOPE,564.0,MATCHED,Matched via exact.
Kerala.pdf,PMBJK06340,Kerala,Ernakulam,SOUTH_INDIA_IN_SCOPE,555.0,MATCHED,Matched via exact.
Kerala.pdf,PMBJK06341,Kerala,Wayanad,SOUTH_INDIA_IN_SCOPE,567.0,MATCHED,Matched via exact.
Kerala.pdf,PMBJK06376,Kerala,Malappuram,SOUTH_INDIA_IN_SCOPE,562.0,MATCHED,Matched via exact.
Kerala.pdf,PMBJK06380,Kerala,Kannur,SOUTH_INDIA_IN_SCOPE,557.0,MATCHED,Matched via exact.
Kerala.pdf,PMBJK06390,Kerala,Kottayam,SOUTH_INDIA_IN_SCOPE,560.0,MATCHED,Matched via exact.
Kerala.pdf,PMBJK06400,Kerala,Thrissur,SOUTH_INDIA_IN_SCOPE,566.0,MATCHED,Matched via exact.
Kerala.pdf,PMBJK06402,Kerala,Malappuram,SOUTH_INDIA_IN_SCOPE,562.0,MATCHED,Matched via exact.
Kerala.pdf,PMBJK06406,Kerala,Malappuram,SOUTH_INDIA_IN_SCOPE,562.0,MATCHED,Matched via exact.
Kerala.pdf,PMBJK06436,Kerala,Malappuram,SOUTH_INDIA_IN_SCOPE,562.0,MATCHED,Matched via exact.
Kerala.pdf,PMBJK06437,Kerala,Thiruvananthapuram,SOUTH_INDIA_IN_SCOPE,565.0,MATCHED,Matched via exact.
Kerala.pdf,PMBJK06451,Kerala,Malappuram,SOUTH_INDIA_IN_SCOPE,562.0,MATCHED,Matched via exact.
Kerala.pdf,PMBJK06452,Kerala,Ernakulam,SOUTH_INDIA_IN_SCOPE,555.0,MATCHED,Matched via exact.
Kerala.pdf,PMBJK06469,Kerala,Thiruvananthapuram,SOUTH_INDIA_IN_SCOPE,565.0,MATCHED,Matched via exact.
Kerala.pdf,PMBJK06476,Kerala,Ernakulam,SOUTH_INDIA_IN_SCOPE,555.0,MATCHED,Matched via exact.
Kerala.pdf,PMBJK06492,Kerala,Thrissur,SOUTH_INDIA_IN_SCOPE,566.0,MATCHED,Matched via exact.
Kerala.pdf,PMBJK06493,Kerala,Ernakulam,SOUTH_INDIA_IN_SCOPE,555.0,MATCHED,Matched via exact.
Kerala.pdf,PMBJK06501,Kerala,Kozhikode,SOUTH_INDIA_IN_SCOPE,561.0,MATCHED,Matched via exact.
Kerala.pdf,PMBJK06502,Kerala,Ernakulam,SOUTH_INDIA_IN_SCOPE,555.0,MATCHED,Matched via exact.
Kerala.pdf,PMBJK06512,Kerala,Palakkad,SOUTH_INDIA_IN_SCOPE,563.0,MATCHED,Matched via exact.
Kerala.pdf,PMBJK06540,Kerala,Malappuram,SOUTH_INDIA_IN_SCOPE,562.0,MATCHED,Matched via exact.
Kerala.pdf,PMBJK06547,Kerala,Palakkad,SOUTH_INDIA_IN_SCOPE,563.0,MATCHED,Matched via exact.
Kerala.pdf,PMBJK06591,Kerala,Ernakulam,SOUTH_INDIA_IN_SCOPE,555.0,MATCHED,Matched via exact.
Kerala.pdf,PMBJK06666,Kerala,Alappuzha,SOUTH_INDIA_IN_SCOPE,554.0,MATCHED,Matched via exact.
Kerala.pdf,PMBJK06676,Kerala,Kottayam,SOUTH_INDIA_IN_SCOPE,560.0,MATCHED,Matched via exact.
Kerala.pdf,PMBJK06677,Kerala,Thiruvananthapuram,SOUTH_INDIA_IN_SCOPE,565.0,MATCHED,Matched via exact.
Kerala.pdf,PMBJK06678,Kerala,Ernakulam,SOUTH_INDIA_IN_SCOPE,555.0,MATCHED,Matched via exact.
Kerala.pdf,PMBJK06702,Kerala,Thrissur,SOUTH_INDIA_IN_SCOPE,566.0,MATCHED,Matched via exact.
Kerala.pdf,PMBJK06723,Kerala,Pathanamthitta,SOUTH_INDIA_IN_SCOPE,564.0,MATCHED,Matched via exact.
Kerala.pdf,PMBJK06745,Kerala,Kottayam,SOUTH_INDIA_IN_SCOPE,560.0,MATCHED,Matched via exact.
Kerala.pdf,PMBJK06746,Kerala,Kottayam,SOUTH_INDIA_IN_SCOPE,560.0,MATCHED,Matched via exact.
Kerala.pdf,PMBJK06747,Kerala,Thiruvananthapuram,SOUTH_INDIA_IN_SCOPE,565.0,MATCHED,Matched via exact.
Kerala.pdf,PMBJK06756,Kerala,Thrissur,SOUTH_INDIA_IN_SCOPE,566.0,MATCHED,Matched via exact.
Kerala.pdf,PMBJK06773,Kerala,Thrissur,SOUTH_INDIA_IN_SCOPE,566.0,MATCHED,Matched via exact.
Kerala.pdf,PMBJK06777,Kerala,Kottayam,SOUTH_INDIA_IN_SCOPE,560.0,MATCHED,Matched via exact.
Kerala.pdf,PMBJK06791,Kerala,Wayanad,SOUTH_INDIA_IN_SCOPE,567.0,MATCHED,Matched via exact.
Kerala.pdf,PMBJK06828,Kerala,Malappuram,SOUTH_INDIA_IN_SCOPE,562.0,MATCHED,Matched via exact.
Kerala.pdf,PMBJK06838,Kerala,Malappuram,SOUTH_INDIA_IN_SCOPE,562.0,MATCHED,Matched via exact.
Kerala.pdf,PMBJK06840,Kerala,Kollam,SOUTH_INDIA_IN_SCOPE,559.0,MATCHED,Matched via exact.
Kerala.pdf,PMBJK06843,Kerala,Malappuram,SOUTH_INDIA_IN_SCOPE,562.0,MATCHED,Matched via exact.
Kerala.pdf,PMBJK06844,Kerala,Kollam,SOUTH_INDIA_IN_SCOPE,559.0,MATCHED,Matched via exact.
Kerala.pdf,PMBJK06845,Kerala,Malappuram,SOUTH_INDIA_IN_SCOPE,562.0,MATCHED,Matched via exact.
Kerala.pdf,PMBJK06846,Kerala,Thiruvananthapuram,SOUTH_INDIA_IN_SCOPE,565.0,MATCHED,Matched via exact.
Kerala.pdf,PMBJK06850,Kerala,Palakkad,SOUTH_INDIA_IN_SCOPE,563.0,MATCHED,Matched via exact.
Kerala.pdf,PMBJK06851,Kerala,Ernakulam,SOUTH_INDIA_IN_SCOPE,555.0,MATCHED,Matched via exact.
Kerala.pdf,PMBJK06854,Kerala,Alappuzha,SOUTH_INDIA_IN_SCOPE,554.0,MATCHED,Matched via exact.
Kerala.pdf,PMBJK06856,Kerala,Malappuram,SOUTH_INDIA_IN_SCOPE,562.0,MATCHED,Matched via exact.
Kerala.pdf,PMBJK06857,Kerala,Thrissur,SOUTH_INDIA_IN_SCOPE,566.0,MATCHED,Matched via exact.
Kerala.pdf,PMBJK06877,Kerala,Ernakulam,SOUTH_INDIA_IN_SCOPE,555.0,MATCHED,Matched via exact.
Kerala.pdf,PMBJK06891,Kerala,Kozhikode,SOUTH_INDIA_IN_SCOPE,561.0,MATCHED,Matched via exact.
Kerala.pdf,PMBJK06892,Kerala,Malappuram,SOUTH_INDIA_IN_SCOPE,562.0,MATCHED,Matched via exact.
Kerala.pdf,PMBJK06897,Kerala,Malappuram,SOUTH_INDIA_IN_SCOPE,562.0,MATCHED,Matched via exact.
Kerala.pdf,PMBJK06946,Kerala,Malappuram,SOUTH_INDIA_IN_SCOPE,562.0,MATCHED,Matched via exact.
Kerala.pdf,PMBJK06947,Kerala,Pathanamthitta,SOUTH_INDIA_IN_SCOPE,564.0,MATCHED,Matched via exact.
Kerala.pdf,PMBJK06948,Kerala,Pathanamthitta,SOUTH_INDIA_IN_SCOPE,564.0,MATCHED,Matched via exact.
Kerala.pdf,PMBJK06949,Kerala,Malappuram,SOUTH_INDIA_IN_SCOPE,562.0,MATCHED,Matched via exact.
Kerala.pdf,PMBJK06950,Kerala,Thrissur,SOUTH_INDIA_IN_SCOPE,566.0,MATCHED,Matched via exact.
Kerala.pdf,PMBJK06987,Kerala,Malappuram,SOUTH_INDIA_IN_SCOPE,562.0,MATCHED,Matched via exact.
Kerala.pdf,PMBJK06988,Kerala,Alappuzha,SOUTH_INDIA_IN_SCOPE,554.0,MATCHED,Matched via exact.
Kerala.pdf,PMBJK06989,Kerala,Thrissur,SOUTH_INDIA_IN_SCOPE,566.0,MATCHED,Matched via exact.
Kerala.pdf,PMBJK07074,Kerala,Thrissur,SOUTH_INDIA_IN_SCOPE,566.0,MATCHED,Matched via exact.
Kerala.pdf,PMBJK07076,Kerala,Malappuram,SOUTH_INDIA_IN_SCOPE,562.0,MATCHED,Matched via exact.
Kerala.pdf,PMBJK07077,Kerala,Idukki,SOUTH_INDIA_IN_SCOPE,556.0,MATCHED,Matched via exact.
Kerala.pdf,PMBJK07084,Kerala,Alappuzha,SOUTH_INDIA_IN_SCOPE,554.0,MATCHED,Matched via exact.
Kerala.pdf,PMBJK07103,Kerala,Alappuzha,SOUTH_INDIA_IN_SCOPE,554.0,MATCHED,Matched via exact.
Kerala.pdf,PMBJK07104,Kerala,Palakkad,SOUTH_INDIA_IN_SCOPE,563.0,MATCHED,Matched via exact.
Kerala.pdf,PMBJK07105,Kerala,Kollam,SOUTH_INDIA_IN_SCOPE,559.0,MATCHED,Matched via exact.
Kerala.pdf,PMBJK07106,Kerala,Thrissur,SOUTH_INDIA_IN_SCOPE,566.0,MATCHED,Matched via exact.
Kerala.pdf,PMBJK07124,Kerala,Ernakulam,SOUTH_INDIA_IN_SCOPE,555.0,MATCHED,Matched via exact.
Kerala.pdf,PMBJK07125,Kerala,Palakkad,SOUTH_INDIA_IN_SCOPE,563.0,MATCHED,Matched via exact.
Kerala.pdf,PMBJK07126,Kerala,Thiruvananthapuram,SOUTH_INDIA_IN_SCOPE,565.0,MATCHED,Matched via exact.
Kerala.pdf,PMBJK07127,Kerala,Idukki,SOUTH_INDIA_IN_SCOPE,556.0,MATCHED,Matched via exact.
Kerala.pdf,PMBJK07128,Kerala,Thrissur,SOUTH_INDIA_IN_SCOPE,566.0,MATCHED,Matched via exact.
Kerala.pdf,PMBJK07129,Kerala,Thiruvananthapuram,SOUTH_INDIA_IN_SCOPE,565.0,MATCHED,Matched via exact.
Kerala.pdf,PMBJK07173,Kerala,Thrissur,SOUTH_INDIA_IN_SCOPE,566.0,MATCHED,Matched via exact.
Kerala.pdf,PMBJK07188,Kerala,Ernakulam,SOUTH_INDIA_IN_SCOPE,555.0,MATCHED,Matched via exact.
Kerala.pdf,PMBJK07216,Kerala,Alappuzha,SOUTH_INDIA_IN_SCOPE,554.0,MATCHED,Matched via exact.
Kerala.pdf,PMBJK07217,Kerala,Ernakulam,SOUTH_INDIA_IN_SCOPE,555.0,MATCHED,Matched via exact.
Kerala.pdf,PMBJK07239,Kerala,Alappuzha,SOUTH_INDIA_IN_SCOPE,554.0,MATCHED,Matched via exact.
Kerala.pdf,PMBJK07246,Kerala,Palakkad,SOUTH_INDIA_IN_SCOPE,563.0,MATCHED,Matched via exact.
Kerala.pdf,PMBJK07248,Kerala,Palakkad,SOUTH_INDIA_IN_SCOPE,563.0,MATCHED,Matched via exact.
Kerala.pdf,PMBJK07250,Kerala,Alappuzha,SOUTH_INDIA_IN_SCOPE,554.0,MATCHED,Matched via exact.
Kerala.pdf,PMBJK07251,Kerala,Malappuram,SOUTH_INDIA_IN_SCOPE,562.0,MATCHED,Matched via exact.
Kerala.pdf,PMBJK07252,Kerala,Thrissur,SOUTH_INDIA_IN_SCOPE,566.0,MATCHED,Matched via exact.
Kerala.pdf,PMBJK07266,Kerala,Idukki,SOUTH_INDIA_IN_SCOPE,556.0,MATCHED,Matched via exact.
Kerala.pdf,PMBJK07267,Kerala,Kasaragod,SOUTH_INDIA_IN_SCOPE,558.0,MATCHED,Matched via exact.
Kerala.pdf,PMBJK07268,Kerala,Thiruvananthapuram,SOUTH_INDIA_IN_SCOPE,565.0,MATCHED,Matched via exact.
Kerala.pdf,PMBJK07288,Kerala,Pathanamthitta,SOUTH_INDIA_IN_SCOPE,564.0,MATCHED,Matched via exact.
Kerala.pdf,PMBJK07291,Kerala,Palakkad,SOUTH_INDIA_IN_SCOPE,563.0,MATCHED,Matched via exact.
Kerala.pdf,PMBJK07292,Kerala,Kozhikode,SOUTH_INDIA_IN_SCOPE,561.0,MATCHED,Matched via exact.
Kerala.pdf,PMBJK07294,Kerala,Kottayam,SOUTH_INDIA_IN_SCOPE,560.0,MATCHED,Matched via exact.
Kerala.pdf,PMBJK07309,Kerala,Kozhikode,SOUTH_INDIA_IN_SCOPE,561.0,MATCHED,Matched via exact.
Kerala.pdf,PMBJK07320,Kerala,Malappuram,SOUTH_INDIA_IN_SCOPE,562.0,MATCHED,Matched via exact.
Kerala.pdf,PMBJK07321,Kerala,Thrissur,SOUTH_INDIA_IN_SCOPE,566.0,MATCHED,Matched via exact.
Kerala.pdf,PMBJK07322,Kerala,Malappuram,SOUTH_INDIA_IN_SCOPE,562.0,MATCHED,Matched via exact.
Kerala.pdf,PMBJK07325,Kerala,Kozhikode,SOUTH_INDIA_IN_SCOPE,561.0,MATCHED,Matched via exact.
Kerala.pdf,PMBJK07327,Kerala,Malappuram,SOUTH_INDIA_IN_SCOPE,562.0,MATCHED,Matched via exact.
Kerala.pdf,PMBJK07334,Kerala,Malappuram,SOUTH_INDIA_IN_SCOPE,562.0,MATCHED,Matched via exact.
Kerala.pdf,PMBJK07338,Kerala,Kannur,SOUTH_INDIA_IN_SCOPE,557.0,MATCHED,Matched via exact.
Kerala.pdf,PMBJK07354,Kerala,Kozhikode,SOUTH_INDIA_IN_SCOPE,561.0,MATCHED,Matched via exact.
Kerala.pdf,PMBJK07355,Kerala,Alappuzha,SOUTH_INDIA_IN_SCOPE,554.0,MATCHED,Matched via exact.
Kerala.pdf,PMBJK07358,Kerala,Kottayam,SOUTH_INDIA_IN_SCOPE,560.0,MATCHED,Matched via exact.
Kerala.pdf,PMBJK07374,Kerala,Kollam,SOUTH_INDIA_IN_SCOPE,559.0,MATCHED,Matched via exact.
Kerala.pdf,PMBJK07408,Kerala,Palakkad,SOUTH_INDIA_IN_SCOPE,563.0,MATCHED,Matched via exact.
Kerala.pdf,PMBJK07413,Kerala,Malappuram,SOUTH_INDIA_IN_SCOPE,562.0,MATCHED,Matched via exact.
Kerala.pdf,PMBJK07415,Kerala,Kottayam,SOUTH_INDIA_IN_SCOPE,560.0,MATCHED,Matched via exact.
Kerala.pdf,PMBJK07416,Kerala,Thrissur,SOUTH_INDIA_IN_SCOPE,566.0,MATCHED,Matched via exact.
Kerala.pdf,PMBJK07466,Kerala,Kasaragod,SOUTH_INDIA_IN_SCOPE,558.0,MATCHED,Matched via exact.
Kerala.pdf,PMBJK07514,Kerala,Malappuram,SOUTH_INDIA_IN_SCOPE,562.0,MATCHED,Matched via exact.
Kerala.pdf,PMBJK07515,Kerala,Thiruvananthapuram,SOUTH_INDIA_IN_SCOPE,565.0,MATCHED,Matched via exact.
Kerala.pdf,PMBJK07516,Kerala,Kannur,SOUTH_INDIA_IN_SCOPE,557.0,MATCHED,Matched via exact.
Kerala.pdf,PMBJK07517,Kerala,Kozhikode,SOUTH_INDIA_IN_SCOPE,561.0,MATCHED,Matched via exact.
Kerala.pdf,PMBJK07518,Kerala,Idukki,SOUTH_INDIA_IN_SCOPE,556.0,MATCHED,Matched via exact.
Kerala.pdf,PMBJK07519,Kerala,Kottayam,SOUTH_INDIA_IN_SCOPE,560.0,MATCHED,Matched via exact.
Kerala.pdf,PMBJK07520,Kerala,Malappuram,SOUTH_INDIA_IN_SCOPE,562.0,MATCHED,Matched via exact.
Kerala.pdf,PMBJK07554,Kerala,Thrissur,SOUTH_INDIA_IN_SCOPE,566.0,MATCHED,Matched via exact.
Kerala.pdf,PMBJK07555,Kerala,Malappuram,SOUTH_INDIA_IN_SCOPE,562.0,MATCHED,Matched via exact.
Kerala.pdf,PMBJK07556,Kerala,Palakkad,SOUTH_INDIA_IN_SCOPE,563.0,MATCHED,Matched via exact.
Kerala.pdf,PMBJK07562,Kerala,Malappuram,SOUTH_INDIA_IN_SCOPE,562.0,MATCHED,Matched via exact.
Kerala.pdf,PMBJK07582,Kerala,Palakkad,SOUTH_INDIA_IN_SCOPE,563.0,MATCHED,Matched via exact.
Kerala.pdf,PMBJK07588,Kerala,Thiruvananthapuram,SOUTH_INDIA_IN_SCOPE,565.0,MATCHED,Matched via exact.
Kerala.pdf,PMBJK07590,Kerala,Thrissur,SOUTH_INDIA_IN_SCOPE,566.0,MATCHED,Matched via exact.
Kerala.pdf,PMBJK07591,Kerala,Palakkad,SOUTH_INDIA_IN_SCOPE,563.0,MATCHED,Matched via exact.
Kerala.pdf,PMBJK07616,Kerala,Malappuram,SOUTH_INDIA_IN_SCOPE,562.0,MATCHED,Matched via exact.
Kerala.pdf,PMBJK07617,Kerala,Malappuram,SOUTH_INDIA_IN_SCOPE,562.0,MATCHED,Matched via exact.
Kerala.pdf,PMBJK07619,Kerala,Malappuram,SOUTH_INDIA_IN_SCOPE,562.0,MATCHED,Matched via exact.
Kerala.pdf,PMBJK07621,Kerala,Thrissur,SOUTH_INDIA_IN_SCOPE,566.0,MATCHED,Matched via exact.
Kerala.pdf,PMBJK07622,Kerala,Malappuram,SOUTH_INDIA_IN_SCOPE,562.0,MATCHED,Matched via exact.
Kerala.pdf,PMBJK07625,Kerala,Kottayam,SOUTH_INDIA_IN_SCOPE,560.0,MATCHED,Matched via exact.
Kerala.pdf,PMBJK07626,Kerala,Malappuram,SOUTH_INDIA_IN_SCOPE,562.0,MATCHED,Matched via exact.
Kerala.pdf,PMBJK07694,Kerala,Palakkad,SOUTH_INDIA_IN_SCOPE,563.0,MATCHED,Matched via exact.
Kerala.pdf,PMBJK07698,Kerala,Thiruvananthapuram,SOUTH_INDIA_IN_SCOPE,565.0,MATCHED,Matched via exact.
Kerala.pdf,PMBJK07699,Kerala,Ernakulam,SOUTH_INDIA_IN_SCOPE,555.0,MATCHED,Matched via exact.
Kerala.pdf,PMBJK07700,Kerala,Malappuram,SOUTH_INDIA_IN_SCOPE,562.0,MATCHED,Matched via exact.
Kerala.pdf,PMBJK07703,Kerala,Thiruvananthapuram,SOUTH_INDIA_IN_SCOPE,565.0,MATCHED,Matched via exact.
Kerala.pdf,PMBJK07726,Kerala,Malappuram,SOUTH_INDIA_IN_SCOPE,562.0,MATCHED,Matched via exact.
Kerala.pdf,PMBJK07727,Kerala,Thrissur,SOUTH_INDIA_IN_SCOPE,566.0,MATCHED,Matched via exact.
Kerala.pdf,PMBJK07728,Kerala,Wayanad,SOUTH_INDIA_IN_SCOPE,567.0,MATCHED,Matched via exact.
Kerala.pdf,PMBJK07729,Kerala,Palakkad,SOUTH_INDIA_IN_SCOPE,563.0,MATCHED,Matched via exact.
Kerala.pdf,PMBJK07730,Kerala,Kollam,SOUTH_INDIA_IN_SCOPE,559.0,MATCHED,Matched via exact.
Kerala.pdf,PMBJK07732,Kerala,Pathanamthitta,SOUTH_INDIA_IN_SCOPE,564.0,MATCHED,Matched via exact.
Kerala.pdf,PMBJK07734,Kerala,Alappuzha,SOUTH_INDIA_IN_SCOPE,554.0,MATCHED,Matched via exact.
Kerala.pdf,PMBJK07735,Kerala,Kannur,SOUTH_INDIA_IN_SCOPE,557.0,MATCHED,Matched via exact.
Kerala.pdf,PMBJK07757,Kerala,Malappuram,SOUTH_INDIA_IN_SCOPE,562.0,MATCHED,Matched via exact.
Kerala.pdf,PMBJK07758,Kerala,Pathanamthitta,SOUTH_INDIA_IN_SCOPE,564.0,MATCHED,Matched via exact.
Kerala.pdf,PMBJK07759,Kerala,Alappuzha,SOUTH_INDIA_IN_SCOPE,554.0,MATCHED,Matched via exact.
Kerala.pdf,PMBJK07760,Kerala,Kottayam,SOUTH_INDIA_IN_SCOPE,560.0,MATCHED,Matched via exact.
Kerala.pdf,PMBJK07771,Kerala,Kannur,SOUTH_INDIA_IN_SCOPE,557.0,MATCHED,Matched via exact.
Kerala.pdf,PMBJK07796,Kerala,Ernakulam,SOUTH_INDIA_IN_SCOPE,555.0,MATCHED,Matched via exact.
Kerala.pdf,PMBJK07798,Kerala,Kozhikode,SOUTH_INDIA_IN_SCOPE,561.0,MATCHED,Matched via exact.
Kerala.pdf,PMBJK07799,Kerala,Kollam,SOUTH_INDIA_IN_SCOPE,559.0,MATCHED,Matched via exact.
Kerala.pdf,PMBJK07800,Kerala,Kannur,SOUTH_INDIA_IN_SCOPE,557.0,MATCHED,Matched via exact.
Kerala.pdf,PMBJK07801,Kerala,Ernakulam,SOUTH_INDIA_IN_SCOPE,555.0,MATCHED,Matched via exact.
Kerala.pdf,PMBJK07802,Kerala,Kozhikode,SOUTH_INDIA_IN_SCOPE,561.0,MATCHED,Matched via exact.
Kerala.pdf,PMBJK07849,Kerala,Kozhikode,SOUTH_INDIA_IN_SCOPE,561.0,MATCHED,Matched via exact.
Kerala.pdf,PMBJK07850,Kerala,Ernakulam,SOUTH_INDIA_IN_SCOPE,555.0,MATCHED,Matched via exact.
Kerala.pdf,PMBJK07851,Kerala,Thrissur,SOUTH_INDIA_IN_SCOPE,566.0,MATCHED,Matched via exact.
Kerala.pdf,PMBJK07852,Kerala,Pathanamthitta,SOUTH_INDIA_IN_SCOPE,564.0,MATCHED,Matched via exact.
Kerala.pdf,PMBJK07853,Kerala,Ernakulam,SOUTH_INDIA_IN_SCOPE,555.0,MATCHED,Matched via exact.
Kerala.pdf,PMBJK07854,Kerala,Malappuram,SOUTH_INDIA_IN_SCOPE,562.0,MATCHED,Matched via exact.
Kerala.pdf,PMBJK07860,Kerala,Ernakulam,SOUTH_INDIA_IN_SCOPE,555.0,MATCHED,Matched via exact.
Kerala.pdf,PMBJK07861,Kerala,Palakkad,SOUTH_INDIA_IN_SCOPE,563.0,MATCHED,Matched via exact.
Kerala.pdf,PMBJK07862,Kerala,Kollam,SOUTH_INDIA_IN_SCOPE,559.0,MATCHED,Matched via exact.
Kerala.pdf,PMBJK07863,Kerala,Kannur,SOUTH_INDIA_IN_SCOPE,557.0,MATCHED,Matched via exact.
Kerala.pdf,PMBJK07881,Kerala,Kozhikode,SOUTH_INDIA_IN_SCOPE,561.0,MATCHED,Matched via exact.
Kerala.pdf,PMBJK07885,Kerala,Palakkad,SOUTH_INDIA_IN_SCOPE,563.0,MATCHED,Matched via exact.
Kerala.pdf,PMBJK07886,Kerala,Alappuzha,SOUTH_INDIA_IN_SCOPE,554.0,MATCHED,Matched via exact.
Kerala.pdf,PMBJK07887,Kerala,Malappuram,SOUTH_INDIA_IN_SCOPE,562.0,MATCHED,Matched via exact.
Kerala.pdf,PMBJK07913,Kerala,Kozhikode,SOUTH_INDIA_IN_SCOPE,561.0,MATCHED,Matched via exact.
Kerala.pdf,PMBJK07914,Kerala,Thiruvananthapuram,SOUTH_INDIA_IN_SCOPE,565.0,MATCHED,Matched via exact.
Kerala.pdf,PMBJK07919,Kerala,Malappuram,SOUTH_INDIA_IN_SCOPE,562.0,MATCHED,Matched via exact.
Kerala.pdf,PMBJK07920,Kerala,Thrissur,SOUTH_INDIA_IN_SCOPE,566.0,MATCHED,Matched via exact.
Kerala.pdf,PMBJK07921,Kerala,Kasaragod,SOUTH_INDIA_IN_SCOPE,558.0,MATCHED,Matched via exact.
Kerala.pdf,PMBJK07922,Kerala,Kozhikode,SOUTH_INDIA_IN_SCOPE,561.0,MATCHED,Matched via exact.
Kerala.pdf,PMBJK07923,Kerala,Malappuram,SOUTH_INDIA_IN_SCOPE,562.0,MATCHED,Matched via exact.
Kerala.pdf,PMBJK07924,Kerala,Alappuzha,SOUTH_INDIA_IN_SCOPE,554.0,MATCHED,Matched via exact.
Kerala.pdf,PMBJK07925,Kerala,Kollam,SOUTH_INDIA_IN_SCOPE,559.0,MATCHED,Matched via exact.
Kerala.pdf,PMBJK07938,Kerala,Malappuram,SOUTH_INDIA_IN_SCOPE,562.0,MATCHED,Matched via exact.
Kerala.pdf,PMBJK07942,Kerala,Kozhikode,SOUTH_INDIA_IN_SCOPE,561.0,MATCHED,Matched via exact.
Kerala.pdf,PMBJK07968,Kerala,Ernakulam,SOUTH_INDIA_IN_SCOPE,555.0,MATCHED,Matched via exact.
Kerala.pdf,PMBJK07969,Kerala,Kottayam,SOUTH_INDIA_IN_SCOPE,560.0,MATCHED,Matched via exact.
Kerala.pdf,PMBJK07970,Kerala,Kannur,SOUTH_INDIA_IN_SCOPE,557.0,MATCHED,Matched via exact.
Kerala.pdf,PMBJK07973,Kerala,Kottayam,SOUTH_INDIA_IN_SCOPE,560.0,MATCHED,Matched via exact.
Kerala.pdf,PMBJK07974,Kerala,Kasaragod,SOUTH_INDIA_IN_SCOPE,558.0,MATCHED,Matched via exact.
Kerala.pdf,PMBJK07981,Kerala,Idukki,SOUTH_INDIA_IN_SCOPE,556.0,MATCHED,Matched via exact.
Kerala.pdf,PMBJK07983,Kerala,Malappuram,SOUTH_INDIA_IN_SCOPE,562.0,MATCHED,Matched via exact.
Kerala.pdf,PMBJK07985,Kerala,Kannur,SOUTH_INDIA_IN_SCOPE,557.0,MATCHED,Matched via exact.
Kerala.pdf,PMBJK07986,Kerala,Kasaragod,SOUTH_INDIA_IN_SCOPE,558.0,MATCHED,Matched via exact.
Kerala.pdf,PMBJK07989,Kerala,Malappuram,SOUTH_INDIA_IN_SCOPE,562.0,MATCHED,Matched via exact.
Kerala.pdf,PMBJK07990,Kerala,Kottayam,SOUTH_INDIA_IN_SCOPE,560.0,MATCHED,Matched via exact.
Kerala.pdf,PMBJK08005,Kerala,Kannur,SOUTH_INDIA_IN_SCOPE,557.0,MATCHED,Matched via exact.
Kerala.pdf,PMBJK08030,Kerala,Thrissur,SOUTH_INDIA_IN_SCOPE,566.0,MATCHED,Matched via exact.
Kerala.pdf,PMBJK08031,Kerala,Kannur,SOUTH_INDIA_IN_SCOPE,557.0,MATCHED,Matched via exact.
Kerala.pdf,PMBJK08033,Kerala,Malappuram,SOUTH_INDIA_IN_SCOPE,562.0,MATCHED,Matched via exact.
Kerala.pdf,PMBJK08069,Kerala,Kasaragod,SOUTH_INDIA_IN_SCOPE,558.0,MATCHED,Matched via exact.
Kerala.pdf,PMBJK08070,Kerala,Thiruvananthapuram,SOUTH_INDIA_IN_SCOPE,565.0,MATCHED,Matched via exact.
Kerala.pdf,PMBJK08071,Kerala,Kannur,SOUTH_INDIA_IN_SCOPE,557.0,MATCHED,Matched via exact.
Kerala.pdf,PMBJK08072,Kerala,Kozhikode,SOUTH_INDIA_IN_SCOPE,561.0,MATCHED,Matched via exact.
Kerala.pdf,PMBJK08075,Kerala,Palakkad,SOUTH_INDIA_IN_SCOPE,563.0,MATCHED,Matched via exact.
Kerala.pdf,PMBJK08088,Kerala,Kottayam,SOUTH_INDIA_IN_SCOPE,560.0,MATCHED,Matched via exact.
Kerala.pdf,PMBJK08092,Kerala,Thrissur,SOUTH_INDIA_IN_SCOPE,566.0,MATCHED,Matched via exact.
Kerala.pdf,PMBJK08093,Kerala,Kollam,SOUTH_INDIA_IN_SCOPE,559.0,MATCHED,Matched via exact.
Kerala.pdf,PMBJK08094,Kerala,Ernakulam,SOUTH_INDIA_IN_SCOPE,555.0,MATCHED,Matched via exact.
Kerala.pdf,PMBJK08100,Kerala,Malappuram,SOUTH_INDIA_IN_SCOPE,562.0,MATCHED,Matched via exact.
Kerala.pdf,PMBJK08122,Kerala,Malappuram,SOUTH_INDIA_IN_SCOPE,562.0,MATCHED,Matched via exact.
Kerala.pdf,PMBJK08123,Kerala,Thrissur,SOUTH_INDIA_IN_SCOPE,566.0,MATCHED,Matched via exact.
Kerala.pdf,PMBJK08124,Kerala,Thrissur,SOUTH_INDIA_IN_SCOPE,566.0,MATCHED,Matched via exact.
Kerala.pdf,PMBJK08126,Kerala,Alappuzha,SOUTH_INDIA_IN_SCOPE,554.0,MATCHED,Matched via exact.
Kerala.pdf,PMBJK08127,Kerala,Ernakulam,SOUTH_INDIA_IN_SCOPE,555.0,MATCHED,Matched via exact.
Kerala.pdf,PMBJK08128,Kerala,Palakkad,SOUTH_INDIA_IN_SCOPE,563.0,MATCHED,Matched via exact.
Kerala.pdf,PMBJK08130,Kerala,Malappuram,SOUTH_INDIA_IN_SCOPE,562.0,MATCHED,Matched via exact.
Kerala.pdf,PMBJK08155,Kerala,Alappuzha,SOUTH_INDIA_IN_SCOPE,554.0,MATCHED,Matched via exact.
Kerala.pdf,PMBJK08156,Kerala,Kannur,SOUTH_INDIA_IN_SCOPE,557.0,MATCHED,Matched via exact.
Kerala.pdf,PMBJK08158,Kerala,Alappuzha,SOUTH_INDIA_IN_SCOPE,554.0,MATCHED,Matched via exact.
Kerala.pdf,PMBJK08159,Kerala,Thrissur,SOUTH_INDIA_IN_SCOPE,566.0,MATCHED,Matched via exact.
Kerala.pdf,PMBJK08160,Kerala,Thrissur,SOUTH_INDIA_IN_SCOPE,566.0,MATCHED,Matched via exact.
Kerala.pdf,PMBJK08170,Kerala,Kollam,SOUTH_INDIA_IN_SCOPE,559.0,MATCHED,Matched via exact.
Kerala.pdf,PMBJK08182,Kerala,Kozhikode,SOUTH_INDIA_IN_SCOPE,561.0,MATCHED,Matched via exact.
Kerala.pdf,PMBJK08183,Kerala,Ernakulam,SOUTH_INDIA_IN_SCOPE,555.0,MATCHED,Matched via exact.
Kerala.pdf,PMBJK08184,Kerala,Wayanad,SOUTH_INDIA_IN_SCOPE,567.0,MATCHED,Matched via exact.
Kerala.pdf,PMBJK08185,Kerala,Palakkad,SOUTH_INDIA_IN_SCOPE,563.0,MATCHED,Matched via exact.
Kerala.pdf,PMBJK08191,Kerala,Kollam,SOUTH_INDIA_IN_SCOPE,559.0,MATCHED,Matched via exact.
Kerala.pdf,PMBJK08192,Kerala,Thrissur,SOUTH_INDIA_IN_SCOPE,566.0,MATCHED,Matched via exact.
Kerala.pdf,PMBJK08200,Kerala,Thiruvananthapuram,SOUTH_INDIA_IN_SCOPE,565.0,MATCHED,Matched via exact.
Kerala.pdf,PMBJK08211,Kerala,Ernakulam,SOUTH_INDIA_IN_SCOPE,555.0,MATCHED,Matched via exact.
Kerala.pdf,PMBJK08213,Kerala,Kozhikode,SOUTH_INDIA_IN_SCOPE,561.0,MATCHED,Matched via exact.
Kerala.pdf,PMBJK08214,Kerala,Thrissur,SOUTH_INDIA_IN_SCOPE,566.0,MATCHED,Matched via exact.
Kerala.pdf,PMBJK08224,Kerala,Kasaragod,SOUTH_INDIA_IN_SCOPE,558.0,MATCHED,Matched via exact.
Kerala.pdf,PMBJK08235,Kerala,Kozhikode,SOUTH_INDIA_IN_SCOPE,561.0,MATCHED,Matched via exact.
Kerala.pdf,PMBJK08237,Kerala,Kottayam,SOUTH_INDIA_IN_SCOPE,560.0,MATCHED,Matched via exact.
Kerala.pdf,PMBJK08249,Kerala,Ernakulam,SOUTH_INDIA_IN_SCOPE,555.0,MATCHED,Matched via exact.
Kerala.pdf,PMBJK08252,Kerala,Pathanamthitta,SOUTH_INDIA_IN_SCOPE,564.0,MATCHED,Matched via exact.
Kerala.pdf,PMBJK08253,Kerala,Kasaragod,SOUTH_INDIA_IN_SCOPE,558.0,MATCHED,Matched via exact.
Kerala.pdf,PMBJK08269,Kerala,Ernakulam,SOUTH_INDIA_IN_SCOPE,555.0,MATCHED,Matched via exact.
Kerala.pdf,PMBJK08288,Kerala,Kollam,SOUTH_INDIA_IN_SCOPE,559.0,MATCHED,Matched via exact.
Kerala.pdf,PMBJK08289,Kerala,Kozhikode,SOUTH_INDIA_IN_SCOPE,561.0,MATCHED,Matched via exact.
Kerala.pdf,PMBJK08298,Kerala,Pathanamthitta,SOUTH_INDIA_IN_SCOPE,564.0,MATCHED,Matched via exact.
Kerala.pdf,PMBJK08299,Kerala,Kozhikode,SOUTH_INDIA_IN_SCOPE,561.0,MATCHED,Matched via exact.
Kerala.pdf,PMBJK08330,Kerala,Ernakulam,SOUTH_INDIA_IN_SCOPE,555.0,MATCHED,Matched via exact.
Kerala.pdf,PMBJK08357,Kerala,Kannur,SOUTH_INDIA_IN_SCOPE,557.0,MATCHED,Matched via exact.
Kerala.pdf,PMBJK08358,Kerala,Alappuzha,SOUTH_INDIA_IN_SCOPE,554.0,MATCHED,Matched via exact.
Kerala.pdf,PMBJK08360,Kerala,Kozhikode,SOUTH_INDIA_IN_SCOPE,561.0,MATCHED,Matched via exact.
Kerala.pdf,PMBJK08361,Kerala,Alappuzha,SOUTH_INDIA_IN_SCOPE,554.0,MATCHED,Matched via exact.
Kerala.pdf,PMBJK08364,Kerala,Kasaragod,SOUTH_INDIA_IN_SCOPE,558.0,MATCHED,Matched via exact.
Kerala.pdf,PMBJK08365,Kerala,Malappuram,SOUTH_INDIA_IN_SCOPE,562.0,MATCHED,Matched via exact.
Kerala.pdf,PMBJK08369,Kerala,Thrissur,SOUTH_INDIA_IN_SCOPE,566.0,MATCHED,Matched via exact.
Kerala.pdf,PMBJK08370,Kerala,Thrissur,SOUTH_INDIA_IN_SCOPE,566.0,MATCHED,Matched via exact.
Kerala.pdf,PMBJK08371,Kerala,Thrissur,SOUTH_INDIA_IN_SCOPE,566.0,MATCHED,Matched via exact.
Kerala.pdf,PMBJK08372,Kerala,Kannur,SOUTH_INDIA_IN_SCOPE,557.0,MATCHED,Matched via exact.
Kerala.pdf,PMBJK08377,Kerala,Alappuzha,SOUTH_INDIA_IN_SCOPE,554.0,MATCHED,Matched via exact.
Kerala.pdf,PMBJK08409,Kerala,Alappuzha,SOUTH_INDIA_IN_SCOPE,554.0,MATCHED,Matched via exact.
Kerala.pdf,PMBJK08419,Kerala,Ernakulam,SOUTH_INDIA_IN_SCOPE,555.0,MATCHED,Matched via exact.
Kerala.pdf,PMBJK08431,Kerala,Malappuram,SOUTH_INDIA_IN_SCOPE,562.0,MATCHED,Matched via exact.
Kerala.pdf,PMBJK08432,Kerala,Ernakulam,SOUTH_INDIA_IN_SCOPE,555.0,MATCHED,Matched via exact.
Kerala.pdf,PMBJK08433,Kerala,Ernakulam,SOUTH_INDIA_IN_SCOPE,555.0,MATCHED,Matched via exact.
Kerala.pdf,PMBJK08454,Kerala,Alappuzha,SOUTH_INDIA_IN_SCOPE,554.0,MATCHED,Matched via exact.
Kerala.pdf,PMBJK08462,Kerala,Wayanad,SOUTH_INDIA_IN_SCOPE,567.0,MATCHED,Matched via exact.
Kerala.pdf,PMBJK08463,Kerala,Ernakulam,SOUTH_INDIA_IN_SCOPE,555.0,MATCHED,Matched via exact.
Kerala.pdf,PMBJK08467,Kerala,Kozhikode,SOUTH_INDIA_IN_SCOPE,561.0,MATCHED,Matched via exact.
Kerala.pdf,PMBJK08468,Kerala,Ernakulam,SOUTH_INDIA_IN_SCOPE,555.0,MATCHED,Matched via exact.
Kerala.pdf,PMBJK08471,Kerala,Thrissur,SOUTH_INDIA_IN_SCOPE,566.0,MATCHED,Matched via exact.
Kerala.pdf,PMBJK08472,Kerala,Palakkad,SOUTH_INDIA_IN_SCOPE,563.0,MATCHED,Matched via exact.
Kerala.pdf,PMBJK08473,Kerala,Kozhikode,SOUTH_INDIA_IN_SCOPE,561.0,MATCHED,Matched via exact.
Kerala.pdf,PMBJK08474,Kerala,Kannur,SOUTH_INDIA_IN_SCOPE,557.0,MATCHED,Matched via exact.
Kerala.pdf,PMBJK08476,Kerala,Ernakulam,SOUTH_INDIA_IN_SCOPE,555.0,MATCHED,Matched via exact.
Kerala.pdf,PMBJK08477,Kerala,Kasaragod,SOUTH_INDIA_IN_SCOPE,558.0,MATCHED,Matched via exact.
Kerala.pdf,PMBJK08484,Kerala,Wayanad,SOUTH_INDIA_IN_SCOPE,567.0,MATCHED,Matched via exact.
Kerala.pdf,PMBJK08485,Kerala,Malappuram,SOUTH_INDIA_IN_SCOPE,562.0,MATCHED,Matched via exact.
Kerala.pdf,PMBJK08486,Kerala,Malappuram,SOUTH_INDIA_IN_SCOPE,562.0,MATCHED,Matched via exact.
Kerala.pdf,PMBJK08487,Kerala,Kottayam,SOUTH_INDIA_IN_SCOPE,560.0,MATCHED,Matched via exact.
Kerala.pdf,PMBJK08489,Kerala,Malappuram,SOUTH_INDIA_IN_SCOPE,562.0,MATCHED,Matched via exact.
Kerala.pdf,PMBJK08492,Kerala,Wayanad,SOUTH_INDIA_IN_SCOPE,567.0,MATCHED,Matched via exact.
Kerala.pdf,PMBJK08501,Kerala,Palakkad,SOUTH_INDIA_IN_SCOPE,563.0,MATCHED,Matched via exact.
Kerala.pdf,PMBJK08515,Kerala,Malappuram,SOUTH_INDIA_IN_SCOPE,562.0,MATCHED,Matched via exact.
Kerala.pdf,PMBJK08524,Kerala,Alappuzha,SOUTH_INDIA_IN_SCOPE,554.0,MATCHED,Matched via exact.
Kerala.pdf,PMBJK08544,Kerala,Thrissur,SOUTH_INDIA_IN_SCOPE,566.0,MATCHED,Matched via exact.
Kerala.pdf,PMBJK08548,Kerala,Thrissur,SOUTH_INDIA_IN_SCOPE,566.0,MATCHED,Matched via exact.
Kerala.pdf,PMBJK08551,Kerala,Palakkad,SOUTH_INDIA_IN_SCOPE,563.0,MATCHED,Matched via exact.
Kerala.pdf,PMBJK08554,Kerala,Kollam,SOUTH_INDIA_IN_SCOPE,559.0,MATCHED,Matched via exact.
Kerala.pdf,PMBJK08561,Kerala,Palakkad,SOUTH_INDIA_IN_SCOPE,563.0,MATCHED,Matched via exact.
Kerala.pdf,PMBJK08564,Kerala,Thiruvananthapuram,SOUTH_INDIA_IN_SCOPE,565.0,MATCHED,Matched via exact.
Kerala.pdf,PMBJK08575,Kerala,Kottayam,SOUTH_INDIA_IN_SCOPE,560.0,MATCHED,Matched via exact.
Kerala.pdf,PMBJK08582,Kerala,Ernakulam,SOUTH_INDIA_IN_SCOPE,555.0,MATCHED,Matched via exact.
Kerala.pdf,PMBJK08585,Kerala,Kannur,SOUTH_INDIA_IN_SCOPE,557.0,MATCHED,Matched via exact.
Kerala.pdf,PMBJK08596,Kerala,Ernakulam,SOUTH_INDIA_IN_SCOPE,555.0,MATCHED,Matched via exact.
Kerala.pdf,PMBJK08597,Kerala,Kannur,SOUTH_INDIA_IN_SCOPE,557.0,MATCHED,Matched via exact.
Kerala.pdf,PMBJK08600,Kerala,Palakkad,SOUTH_INDIA_IN_SCOPE,563.0,MATCHED,Matched via exact.
Kerala.pdf,PMBJK08614,Kerala,Idukki,SOUTH_INDIA_IN_SCOPE,556.0,MATCHED,Matched via exact.
Kerala.pdf,PMBJK08615,Kerala,Thiruvananthapuram,SOUTH_INDIA_IN_SCOPE,565.0,MATCHED,Matched via exact.
Kerala.pdf,PMBJK08682,Kerala,Malappuram,SOUTH_INDIA_IN_SCOPE,562.0,MATCHED,Matched via exact.
Kerala.pdf,PMBJK08695,Kerala,Ernakulam,SOUTH_INDIA_IN_SCOPE,555.0,MATCHED,Matched via exact.
Kerala.pdf,PMBJK08704,Kerala,Kollam,SOUTH_INDIA_IN_SCOPE,559.0,MATCHED,Matched via exact.
Kerala.pdf,PMBJK08706,Kerala,Kozhikode,SOUTH_INDIA_IN_SCOPE,561.0,MATCHED,Matched via exact.
Kerala.pdf,PMBJK08711,Kerala,Thrissur,SOUTH_INDIA_IN_SCOPE,566.0,MATCHED,Matched via exact.
Kerala.pdf,PMBJK08712,Kerala,Thiruvananthapuram,SOUTH_INDIA_IN_SCOPE,565.0,MATCHED,Matched via exact.
Kerala.pdf,PMBJK08713,Kerala,Alappuzha,SOUTH_INDIA_IN_SCOPE,554.0,MATCHED,Matched via exact.
Kerala.pdf,PMBJK08714,Kerala,Kollam,SOUTH_INDIA_IN_SCOPE,559.0,MATCHED,Matched via exact.
Kerala.pdf,PMBJK08716,Kerala,Kozhikode,SOUTH_INDIA_IN_SCOPE,561.0,MATCHED,Matched via exact.
Kerala.pdf,PMBJK08717,Kerala,Ernakulam,SOUTH_INDIA_IN_SCOPE,555.0,MATCHED,Matched via exact.
Kerala.pdf,PMBJK08720,Kerala,Ernakulam,SOUTH_INDIA_IN_SCOPE,555.0,MATCHED,Matched via exact.
Kerala.pdf,PMBJK08721,Kerala,Ernakulam,SOUTH_INDIA_IN_SCOPE,555.0,MATCHED,Matched via exact.
Kerala.pdf,PMBJK08722,Kerala,Idukki,SOUTH_INDIA_IN_SCOPE,556.0,MATCHED,Matched via exact.
Kerala.pdf,PMBJK08725,Kerala,Ernakulam,SOUTH_INDIA_IN_SCOPE,555.0,MATCHED,Matched via exact.
Kerala.pdf,PMBJK08743,Kerala,Thrissur,SOUTH_INDIA_IN_SCOPE,566.0,MATCHED,Matched via exact.
Kerala.pdf,PMBJK08744,Kerala,Kollam,SOUTH_INDIA_IN_SCOPE,559.0,MATCHED,Matched via exact.
Kerala.pdf,PMBJK08748,Kerala,Idukki,SOUTH_INDIA_IN_SCOPE,556.0,MATCHED,Matched via exact.
Kerala.pdf,PMBJK08752,Kerala,Ernakulam,SOUTH_INDIA_IN_SCOPE,555.0,MATCHED,Matched via exact.
Kerala.pdf,PMBJK08756,Kerala,Alappuzha,SOUTH_INDIA_IN_SCOPE,554.0,MATCHED,Matched via exact.
Kerala.pdf,PMBJK08765,Kerala,Kasaragod,SOUTH_INDIA_IN_SCOPE,558.0,MATCHED,Matched via exact.
Kerala.pdf,PMBJK08767,Kerala,Kottayam,SOUTH_INDIA_IN_SCOPE,560.0,MATCHED,Matched via exact.
Kerala.pdf,PMBJK08785,Kerala,Kasaragod,SOUTH_INDIA_IN_SCOPE,558.0,MATCHED,Matched via exact.
Kerala.pdf,PMBJK08787,Kerala,Ernakulam,SOUTH_INDIA_IN_SCOPE,555.0,MATCHED,Matched via exact.
Kerala.pdf,PMBJK08788,Kerala,Kasaragod,SOUTH_INDIA_IN_SCOPE,558.0,MATCHED,Matched via exact.
Kerala.pdf,PMBJK08798,Kerala,Malappuram,SOUTH_INDIA_IN_SCOPE,562.0,MATCHED,Matched via exact.
Kerala.pdf,PMBJK08803,Kerala,Palakkad,SOUTH_INDIA_IN_SCOPE,563.0,MATCHED,Matched via exact.
Kerala.pdf,PMBJK08804,Kerala,Palakkad,SOUTH_INDIA_IN_SCOPE,563.0,MATCHED,Matched via exact.
Kerala.pdf,PMBJK08813,Kerala,Ernakulam,SOUTH_INDIA_IN_SCOPE,555.0,MATCHED,Matched via exact.
Kerala.pdf,PMBJK08814,Kerala,Thrissur,SOUTH_INDIA_IN_SCOPE,566.0,MATCHED,Matched via exact.
Kerala.pdf,PMBJK08816,Kerala,Kollam,SOUTH_INDIA_IN_SCOPE,559.0,MATCHED,Matched via exact.
Kerala.pdf,PMBJK08819,Kerala,Alappuzha,SOUTH_INDIA_IN_SCOPE,554.0,MATCHED,Matched via exact.
Kerala.pdf,PMBJK08820,Kerala,Ernakulam,SOUTH_INDIA_IN_SCOPE,555.0,MATCHED,Matched via exact.
Kerala.pdf,PMBJK08844,Kerala,Alappuzha,SOUTH_INDIA_IN_SCOPE,554.0,MATCHED,Matched via exact.
Kerala.pdf,PMBJK08845,Kerala,Ernakulam,SOUTH_INDIA_IN_SCOPE,555.0,MATCHED,Matched via exact.
Kerala.pdf,PMBJK08849,Kerala,Ernakulam,SOUTH_INDIA_IN_SCOPE,555.0,MATCHED,Matched via exact.
Kerala.pdf,PMBJK08866,Kerala,Kollam,SOUTH_INDIA_IN_SCOPE,559.0,MATCHED,Matched via exact.
Kerala.pdf,PMBJK08867,Kerala,Kasaragod,SOUTH_INDIA_IN_SCOPE,558.0,MATCHED,Matched via exact.
Kerala.pdf,PMBJK08868,Kerala,Thrissur,SOUTH_INDIA_IN_SCOPE,566.0,MATCHED,Matched via exact.
Kerala.pdf,PMBJK08869,Kerala,Palakkad,SOUTH_INDIA_IN_SCOPE,563.0,MATCHED,Matched via exact.
Kerala.pdf,PMBJK08873,Kerala,Thrissur,SOUTH_INDIA_IN_SCOPE,566.0,MATCHED,Matched via exact.
Kerala.pdf,PMBJK08875,Kerala,Kasaragod,SOUTH_INDIA_IN_SCOPE,558.0,MATCHED,Matched via exact.
Kerala.pdf,PMBJK08886,Kerala,Alappuzha,SOUTH_INDIA_IN_SCOPE,554.0,MATCHED,Matched via exact.
Kerala.pdf,PMBJK08887,Kerala,Wayanad,SOUTH_INDIA_IN_SCOPE,567.0,MATCHED,Matched via exact.
Kerala.pdf,PMBJK08888,Kerala,Ernakulam,SOUTH_INDIA_IN_SCOPE,555.0,MATCHED,Matched via exact.
Kerala.pdf,PMBJK08889,Kerala,Malappuram,SOUTH_INDIA_IN_SCOPE,562.0,MATCHED,Matched via exact.
Kerala.pdf,PMBJK08903,Kerala,Kottayam,SOUTH_INDIA_IN_SCOPE,560.0,MATCHED,Matched via exact.
Kerala.pdf,PMBJK08904,Kerala,Pathanamthitta,SOUTH_INDIA_IN_SCOPE,564.0,MATCHED,Matched via exact.
Kerala.pdf,PMBJK08905,Kerala,Thiruvananthapuram,SOUTH_INDIA_IN_SCOPE,565.0,MATCHED,Matched via exact.
Kerala.pdf,PMBJK08906,Kerala,Alappuzha,SOUTH_INDIA_IN_SCOPE,554.0,MATCHED,Matched via exact.
Kerala.pdf,PMBJK08907,Kerala,Thrissur,SOUTH_INDIA_IN_SCOPE,566.0,MATCHED,Matched via exact.
Kerala.pdf,PMBJK08908,Kerala,Kozhikode,SOUTH_INDIA_IN_SCOPE,561.0,MATCHED,Matched via exact.
Kerala.pdf,PMBJK08909,Kerala,Alappuzha,SOUTH_INDIA_IN_SCOPE,554.0,MATCHED,Matched via exact.
Kerala.pdf,PMBJK08910,Kerala,Malappuram,SOUTH_INDIA_IN_SCOPE,562.0,MATCHED,Matched via exact.
Kerala.pdf,PMBJK08940,Kerala,Thiruvananthapuram,SOUTH_INDIA_IN_SCOPE,565.0,MATCHED,Matched via exact.
Kerala.pdf,PMBJK08943,Kerala,Malappuram,SOUTH_INDIA_IN_SCOPE,562.0,MATCHED,Matched via exact.
Kerala.pdf,PMBJK08944,Kerala,Kozhikode,SOUTH_INDIA_IN_SCOPE,561.0,MATCHED,Matched via exact.
Kerala.pdf,PMBJK08949,Kerala,Kottayam,SOUTH_INDIA_IN_SCOPE,560.0,MATCHED,Matched via exact.
Kerala.pdf,PMBJK08950,Kerala,Palakkad,SOUTH_INDIA_IN_SCOPE,563.0,MATCHED,Matched via exact.
Kerala.pdf,PMBJK08951,Kerala,Kozhikode,SOUTH_INDIA_IN_SCOPE,561.0,MATCHED,Matched via exact.
Kerala.pdf,PMBJK08955,Kerala,Idukki,SOUTH_INDIA_IN_SCOPE,556.0,MATCHED,Matched via exact.
Kerala.pdf,PMBJK08963,Kerala,Kollam,SOUTH_INDIA_IN_SCOPE,559.0,MATCHED,Matched via exact.
Kerala.pdf,PMBJK08981,Kerala,Ernakulam,SOUTH_INDIA_IN_SCOPE,555.0,MATCHED,Matched via exact.
Kerala.pdf,PMBJK08982,Kerala,Malappuram,SOUTH_INDIA_IN_SCOPE,562.0,MATCHED,Matched via exact.
Kerala.pdf,PMBJK08983,Kerala,Ernakulam,SOUTH_INDIA_IN_SCOPE,555.0,MATCHED,Matched via exact.
Kerala.pdf,PMBJK08999,Kerala,Thrissur,SOUTH_INDIA_IN_SCOPE,566.0,MATCHED,Matched via exact.
Kerala.pdf,PMBJK09000,Kerala,Kozhikode,SOUTH_INDIA_IN_SCOPE,561.0,MATCHED,Matched via exact.
Kerala.pdf,PMBJK09003,Kerala,Malappuram,SOUTH_INDIA_IN_SCOPE,562.0,MATCHED,Matched via exact.
Kerala.pdf,PMBJK09004,Kerala,Kozhikode,SOUTH_INDIA_IN_SCOPE,561.0,MATCHED,Matched via exact.
Kerala.pdf,PMBJK09021,Kerala,Kottayam,SOUTH_INDIA_IN_SCOPE,560.0,MATCHED,Matched via exact.
Kerala.pdf,PMBJK09034,Kerala,Alappuzha,SOUTH_INDIA_IN_SCOPE,554.0,MATCHED,Matched via exact.
Kerala.pdf,PMBJK09035,Kerala,Thrissur,SOUTH_INDIA_IN_SCOPE,566.0,MATCHED,Matched via exact.
Kerala.pdf,PMBJK09057,Kerala,Palakkad,SOUTH_INDIA_IN_SCOPE,563.0,MATCHED,Matched via exact.
Kerala.pdf,PMBJK09058,Kerala,Kannur,SOUTH_INDIA_IN_SCOPE,557.0,MATCHED,Matched via exact.
Kerala.pdf,PMBJK09059,Kerala,Kozhikode,SOUTH_INDIA_IN_SCOPE,561.0,MATCHED,Matched via exact.
Kerala.pdf,PMBJK09060,Kerala,Thiruvananthapuram,SOUTH_INDIA_IN_SCOPE,565.0,MATCHED,Matched via exact.
Kerala.pdf,PMBJK09061,Kerala,Malappuram,SOUTH_INDIA_IN_SCOPE,562.0,MATCHED,Matched via exact.
Kerala.pdf,PMBJK09062,Kerala,Kollam,SOUTH_INDIA_IN_SCOPE,559.0,MATCHED,Matched via exact.
Kerala.pdf,PMBJK09063,Kerala,Thiruvananthapuram,SOUTH_INDIA_IN_SCOPE,565.0,MATCHED,Matched via exact.
Kerala.pdf,PMBJK09064,Kerala,Idukki,SOUTH_INDIA_IN_SCOPE,556.0,MATCHED,Matched via exact.
Kerala.pdf,PMBJK09066,Kerala,Thrissur,SOUTH_INDIA_IN_SCOPE,566.0,MATCHED,Matched via exact.
Kerala.pdf,PMBJK09072,Kerala,Alappuzha,SOUTH_INDIA_IN_SCOPE,554.0,MATCHED,Matched via exact.
Kerala.pdf,PMBJK09079,Kerala,Thrissur,SOUTH_INDIA_IN_SCOPE,566.0,MATCHED,Matched via exact.
Kerala.pdf,PMBJK09095,Kerala,Malappuram,SOUTH_INDIA_IN_SCOPE,562.0,MATCHED,Matched via exact.
Kerala.pdf,PMBJK09096,Kerala,Alappuzha,SOUTH_INDIA_IN_SCOPE,554.0,MATCHED,Matched via exact.
Kerala.pdf,PMBJK09111,Kerala,Kollam,SOUTH_INDIA_IN_SCOPE,559.0,MATCHED,Matched via exact.
Kerala.pdf,PMBJK09112,Kerala,Thiruvananthapuram,SOUTH_INDIA_IN_SCOPE,565.0,MATCHED,Matched via exact.
Kerala.pdf,PMBJK09113,Kerala,Kollam,SOUTH_INDIA_IN_SCOPE,559.0,MATCHED,Matched via exact.
Kerala.pdf,PMBJK09114,Kerala,Alappuzha,SOUTH_INDIA_IN_SCOPE,554.0,MATCHED,Matched via exact.
Kerala.pdf,PMBJK09126,Kerala,Kozhikode,SOUTH_INDIA_IN_SCOPE,561.0,MATCHED,Matched via exact.
Kerala.pdf,PMBJK09152,Kerala,Kottayam,SOUTH_INDIA_IN_SCOPE,560.0,MATCHED,Matched via exact.
Kerala.pdf,PMBJK09153,Kerala,Kannur,SOUTH_INDIA_IN_SCOPE,557.0,MATCHED,Matched via exact.
Kerala.pdf,PMBJK09154,Kerala,Palakkad,SOUTH_INDIA_IN_SCOPE,563.0,MATCHED,Matched via exact.
Kerala.pdf,PMBJK09155,Kerala,Alappuzha,SOUTH_INDIA_IN_SCOPE,554.0,MATCHED,Matched via exact.
Kerala.pdf,PMBJK09164,Kerala,Kottayam,SOUTH_INDIA_IN_SCOPE,560.0,MATCHED,Matched via exact.
Kerala.pdf,PMBJK09165,Kerala,Kozhikode,SOUTH_INDIA_IN_SCOPE,561.0,MATCHED,Matched via exact.
Kerala.pdf,PMBJK09168,Kerala,Ernakulam,SOUTH_INDIA_IN_SCOPE,555.0,MATCHED,Matched via exact.
Kerala.pdf,PMBJK09183,Kerala,Thrissur,SOUTH_INDIA_IN_SCOPE,566.0,MATCHED,Matched via exact.
Kerala.pdf,PMBJK09197,Kerala,Thrissur,SOUTH_INDIA_IN_SCOPE,566.0,MATCHED,Matched via exact.
Kerala.pdf,PMBJK09204,Kerala,Kozhikode,SOUTH_INDIA_IN_SCOPE,561.0,MATCHED,Matched via exact.
Kerala.pdf,PMBJK09205,Kerala,Kannur,SOUTH_INDIA_IN_SCOPE,557.0,MATCHED,Matched via exact.
Kerala.pdf,PMBJK09208,Kerala,Kannur,SOUTH_INDIA_IN_SCOPE,557.0,MATCHED,Matched via exact.
Kerala.pdf,PMBJK09211,Kerala,Malappuram,SOUTH_INDIA_IN_SCOPE,562.0,MATCHED,Matched via exact.
Kerala.pdf,PMBJK09212,Kerala,Kozhikode,SOUTH_INDIA_IN_SCOPE,561.0,MATCHED,Matched via exact.
Kerala.pdf,PMBJK09213,Kerala,Malappuram,SOUTH_INDIA_IN_SCOPE,562.0,MATCHED,Matched via exact.
Kerala.pdf,PMBJK09236,Kerala,Thrissur,SOUTH_INDIA_IN_SCOPE,566.0,MATCHED,Matched via exact.
Kerala.pdf,PMBJK09237,Kerala,Malappuram,SOUTH_INDIA_IN_SCOPE,562.0,MATCHED,Matched via exact.
Kerala.pdf,PMBJK09239,Kerala,Alappuzha,SOUTH_INDIA_IN_SCOPE,554.0,MATCHED,Matched via exact.
Kerala.pdf,PMBJK09240,Kerala,Kannur,SOUTH_INDIA_IN_SCOPE,557.0,MATCHED,Matched via exact.
Kerala.pdf,PMBJK09258,Kerala,Thrissur,SOUTH_INDIA_IN_SCOPE,566.0,MATCHED,Matched via exact.
Kerala.pdf,PMBJK09259,Kerala,Alappuzha,SOUTH_INDIA_IN_SCOPE,554.0,MATCHED,Matched via exact.
Kerala.pdf,PMBJK09260,Kerala,Palakkad,SOUTH_INDIA_IN_SCOPE,563.0,MATCHED,Matched via exact.
Kerala.pdf,PMBJK09261,Kerala,Alappuzha,SOUTH_INDIA_IN_SCOPE,554.0,MATCHED,Matched via exact.
Kerala.pdf,PMBJK09262,Kerala,Idukki,SOUTH_INDIA_IN_SCOPE,556.0,MATCHED,Matched via exact.
Kerala.pdf,PMBJK09264,Kerala,Kozhikode,SOUTH_INDIA_IN_SCOPE,561.0,MATCHED,Matched via exact.
Kerala.pdf,PMBJK09268,Kerala,Alappuzha,SOUTH_INDIA_IN_SCOPE,554.0,MATCHED,Matched via exact.
Kerala.pdf,PMBJK09273,Kerala,Thrissur,SOUTH_INDIA_IN_SCOPE,566.0,MATCHED,Matched via exact.
Kerala.pdf,PMBJK09276,Kerala,Palakkad,SOUTH_INDIA_IN_SCOPE,563.0,MATCHED,Matched via exact.
Kerala.pdf,PMBJK09277,Kerala,Alappuzha,SOUTH_INDIA_IN_SCOPE,554.0,MATCHED,Matched via exact.
Kerala.pdf,PMBJK09280,Kerala,Kannur,SOUTH_INDIA_IN_SCOPE,557.0,MATCHED,Matched via exact.
Kerala.pdf,PMBJK09299,Kerala,Kollam,SOUTH_INDIA_IN_SCOPE,559.0,MATCHED,Matched via exact.
Kerala.pdf,PMBJK09300,Kerala,Kannur,SOUTH_INDIA_IN_SCOPE,557.0,MATCHED,Matched via exact.
Kerala.pdf,PMBJK09301,Kerala,Ernakulam,SOUTH_INDIA_IN_SCOPE,555.0,MATCHED,Matched via exact.
Kerala.pdf,PMBJK09302,Kerala,Thrissur,SOUTH_INDIA_IN_SCOPE,566.0,MATCHED,Matched via exact.
Kerala.pdf,PMBJK09303,Kerala,Ernakulam,SOUTH_INDIA_IN_SCOPE,555.0,MATCHED,Matched via exact.
Kerala.pdf,PMBJK09304,Kerala,Kozhikode,SOUTH_INDIA_IN_SCOPE,561.0,MATCHED,Matched via exact.
Kerala.pdf,PMBJK09314,Kerala,Kozhikode,SOUTH_INDIA_IN_SCOPE,561.0,MATCHED,Matched via exact.
Kerala.pdf,PMBJK09315,Kerala,Kasaragod,SOUTH_INDIA_IN_SCOPE,558.0,MATCHED,Matched via exact.
Kerala.pdf,PMBJK09316,Kerala,Palakkad,SOUTH_INDIA_IN_SCOPE,563.0,MATCHED,Matched via exact.
Kerala.pdf,PMBJK09317,Kerala,Thrissur,SOUTH_INDIA_IN_SCOPE,566.0,MATCHED,Matched via exact.
Kerala.pdf,PMBJK09318,Kerala,Palakkad,SOUTH_INDIA_IN_SCOPE,563.0,MATCHED,Matched via exact.
Kerala.pdf,PMBJK09319,Kerala,Malappuram,SOUTH_INDIA_IN_SCOPE,562.0,MATCHED,Matched via exact.
Kerala.pdf,PMBJK09320,Kerala,Ernakulam,SOUTH_INDIA_IN_SCOPE,555.0,MATCHED,Matched via exact.
Kerala.pdf,PMBJK09321,Kerala,Thrissur,SOUTH_INDIA_IN_SCOPE,566.0,MATCHED,Matched via exact.
Kerala.pdf,PMBJK09328,Kerala,Palakkad,SOUTH_INDIA_IN_SCOPE,563.0,MATCHED,Matched via exact.
Kerala.pdf,PMBJK09329,Kerala,Ernakulam,SOUTH_INDIA_IN_SCOPE,555.0,MATCHED,Matched via exact.
Kerala.pdf,PMBJK09330,Kerala,Ernakulam,SOUTH_INDIA_IN_SCOPE,555.0,MATCHED,Matched via exact.
Kerala.pdf,PMBJK09331,Kerala,Thrissur,SOUTH_INDIA_IN_SCOPE,566.0,MATCHED,Matched via exact.
Kerala.pdf,PMBJK09332,Kerala,Ernakulam,SOUTH_INDIA_IN_SCOPE,555.0,MATCHED,Matched via exact.
Kerala.pdf,PMBJK09333,Kerala,Malappuram,SOUTH_INDIA_IN_SCOPE,562.0,MATCHED,Matched via exact.
Kerala.pdf,PMBJK09335,Kerala,Thrissur,SOUTH_INDIA_IN_SCOPE,566.0,MATCHED,Matched via exact.
Kerala.pdf,PMBJK09337,Kerala,Thrissur,SOUTH_INDIA_IN_SCOPE,566.0,MATCHED,Matched via exact.
Kerala.pdf,PMBJK09338,Kerala,Idukki,SOUTH_INDIA_IN_SCOPE,556.0,MATCHED,Matched via exact.
Kerala.pdf,PMBJK09340,Kerala,Thrissur,SOUTH_INDIA_IN_SCOPE,566.0,MATCHED,Matched via exact.
Kerala.pdf,PMBJK09341,Kerala,Kollam,SOUTH_INDIA_IN_SCOPE,559.0,MATCHED,Matched via exact.
Kerala.pdf,PMBJK09342,Kerala,Malappuram,SOUTH_INDIA_IN_SCOPE,562.0,MATCHED,Matched via exact.
Kerala.pdf,PMBJK09347,Kerala,Thrissur,SOUTH_INDIA_IN_SCOPE,566.0,MATCHED,Matched via exact.
Kerala.pdf,PMBJK09348,Kerala,Ernakulam,SOUTH_INDIA_IN_SCOPE,555.0,MATCHED,Matched via exact.
Kerala.pdf,PMBJK09349,Kerala,Ernakulam,SOUTH_INDIA_IN_SCOPE,555.0,MATCHED,Matched via exact.
Kerala.pdf,PMBJK09350,Kerala,Kannur,SOUTH_INDIA_IN_SCOPE,557.0,MATCHED,Matched via exact.
Kerala.pdf,PMBJK09351,Kerala,Malappuram,SOUTH_INDIA_IN_SCOPE,562.0,MATCHED,Matched via exact.
Kerala.pdf,PMBJK09372,Kerala,Palakkad,SOUTH_INDIA_IN_SCOPE,563.0,MATCHED,Matched via exact.
Kerala.pdf,PMBJK09373,Kerala,Malappuram,SOUTH_INDIA_IN_SCOPE,562.0,MATCHED,Matched via exact.
Kerala.pdf,PMBJK09374,Kerala,Kollam,SOUTH_INDIA_IN_SCOPE,559.0,MATCHED,Matched via exact.
Kerala.pdf,PMBJK09375,Kerala,Malappuram,SOUTH_INDIA_IN_SCOPE,562.0,MATCHED,Matched via exact.
Kerala.pdf,PMBJK09376,Kerala,Ernakulam,SOUTH_INDIA_IN_SCOPE,555.0,MATCHED,Matched via exact.
Kerala.pdf,PMBJK09388,Kerala,Alappuzha,SOUTH_INDIA_IN_SCOPE,554.0,MATCHED,Matched via exact.
Kerala.pdf,PMBJK09391,Kerala,Malappuram,SOUTH_INDIA_IN_SCOPE,562.0,MATCHED,Matched via exact.
Kerala.pdf,PMBJK09392,Kerala,Malappuram,SOUTH_INDIA_IN_SCOPE,562.0,MATCHED,Matched via exact.
Kerala.pdf,PMBJK09393,Kerala,Palakkad,SOUTH_INDIA_IN_SCOPE,563.0,MATCHED,Matched via exact.
Kerala.pdf,PMBJK09394,Kerala,Alappuzha,SOUTH_INDIA_IN_SCOPE,554.0,MATCHED,Matched via exact.
Kerala.pdf,PMBJK09396,Kerala,Pathanamthitta,SOUTH_INDIA_IN_SCOPE,564.0,MATCHED,Matched via exact.
Kerala.pdf,PMBJK09399,Kerala,Kozhikode,SOUTH_INDIA_IN_SCOPE,561.0,MATCHED,Matched via exact.
Kerala.pdf,PMBJK09411,Kerala,Ernakulam,SOUTH_INDIA_IN_SCOPE,555.0,MATCHED,Matched via exact.
Kerala.pdf,PMBJK09412,Kerala,Kozhikode,SOUTH_INDIA_IN_SCOPE,561.0,MATCHED,Matched via exact.
Kerala.pdf,PMBJK09413,Kerala,Kozhikode,SOUTH_INDIA_IN_SCOPE,561.0,MATCHED,Matched via exact.
Kerala.pdf,PMBJK09417,Kerala,Thrissur,SOUTH_INDIA_IN_SCOPE,566.0,MATCHED,Matched via exact.
Kerala.pdf,PMBJK09418,Kerala,Malappuram,SOUTH_INDIA_IN_SCOPE,562.0,MATCHED,Matched via exact.
Kerala.pdf,PMBJK09425,Kerala,Alappuzha,SOUTH_INDIA_IN_SCOPE,554.0,MATCHED,Matched via exact.
Kerala.pdf,PMBJK09433,Kerala,Kannur,SOUTH_INDIA_IN_SCOPE,557.0,MATCHED,Matched via exact.
Kerala.pdf,PMBJK09439,Kerala,Thrissur,SOUTH_INDIA_IN_SCOPE,566.0,MATCHED,Matched via exact.
Kerala.pdf,PMBJK09463,Kerala,Alappuzha,SOUTH_INDIA_IN_SCOPE,554.0,MATCHED,Matched via exact.
Kerala.pdf,PMBJK09464,Kerala,Alappuzha,SOUTH_INDIA_IN_SCOPE,554.0,MATCHED,Matched via exact.
Kerala.pdf,PMBJK09482,Kerala,Alappuzha,SOUTH_INDIA_IN_SCOPE,554.0,MATCHED,Matched via exact.
Kerala.pdf,PMBJK09502,Kerala,Thrissur,SOUTH_INDIA_IN_SCOPE,566.0,MATCHED,Matched via exact.
Kerala.pdf,PMBJK09503,Kerala,Thiruvananthapuram,SOUTH_INDIA_IN_SCOPE,565.0,MATCHED,Matched via exact.
Kerala.pdf,PMBJK09527,Kerala,Palakkad,SOUTH_INDIA_IN_SCOPE,563.0,MATCHED,Matched via exact.
Kerala.pdf,PMBJK09529,Kerala,Kollam,SOUTH_INDIA_IN_SCOPE,559.0,MATCHED,Matched via exact.
Kerala.pdf,PMBJK09533,Kerala,Palakkad,SOUTH_INDIA_IN_SCOPE,563.0,MATCHED,Matched via exact.
Kerala.pdf,PMBJK09534,Kerala,Palakkad,SOUTH_INDIA_IN_SCOPE,563.0,MATCHED,Matched via exact.
Kerala.pdf,PMBJK09538,Kerala,Palakkad,SOUTH_INDIA_IN_SCOPE,563.0,MATCHED,Matched via exact.
Kerala.pdf,PMBJK09546,Kerala,Malappuram,SOUTH_INDIA_IN_SCOPE,562.0,MATCHED,Matched via exact.
Kerala.pdf,PMBJK09548,Kerala,Kozhikode,SOUTH_INDIA_IN_SCOPE,561.0,MATCHED,Matched via exact.
Kerala.pdf,PMBJK09550,Kerala,Pathanamthitta,SOUTH_INDIA_IN_SCOPE,564.0,MATCHED,Matched via exact.
Kerala.pdf,PMBJK09566,Kerala,Ernakulam,SOUTH_INDIA_IN_SCOPE,555.0,MATCHED,Matched via exact.
Kerala.pdf,PMBJK09567,Kerala,Ernakulam,SOUTH_INDIA_IN_SCOPE,555.0,MATCHED,Matched via exact.
Kerala.pdf,PMBJK09568,Kerala,Palakkad,SOUTH_INDIA_IN_SCOPE,563.0,MATCHED,Matched via exact.
Kerala.pdf,PMBJK09571,Kerala,Wayanad,SOUTH_INDIA_IN_SCOPE,567.0,MATCHED,Matched via exact.
Kerala.pdf,PMBJK09573,Kerala,Malappuram,SOUTH_INDIA_IN_SCOPE,562.0,MATCHED,Matched via exact.
Kerala.pdf,PMBJK09694,Kerala,Malappuram,SOUTH_INDIA_IN_SCOPE,562.0,MATCHED,Matched via exact.
Kerala.pdf,PMBJK09710,Kerala,Malappuram,SOUTH_INDIA_IN_SCOPE,562.0,MATCHED,Matched via exact.
Kerala.pdf,PMBJK09812,Kerala,Kasaragod,SOUTH_INDIA_IN_SCOPE,558.0,MATCHED,Matched via exact.
Kerala.pdf,PMBJK09893,Kerala,Thiruvananthapuram,SOUTH_INDIA_IN_SCOPE,565.0,MATCHED,Matched via exact.
Kerala.pdf,PMBJK09966,Kerala,Alappuzha,SOUTH_INDIA_IN_SCOPE,554.0,MATCHED,Matched via exact.
Kerala.pdf,PMBJK10055,Kerala,Ernakulam,SOUTH_INDIA_IN_SCOPE,555.0,MATCHED,Matched via exact.
Kerala.pdf,PMBJK10104,Kerala,Malappuram,SOUTH_INDIA_IN_SCOPE,562.0,MATCHED,Matched via exact.
Kerala.pdf,PMBJK10116,Kerala,Kollam,SOUTH_INDIA_IN_SCOPE,559.0,MATCHED,Matched via exact.
Kerala.pdf,PMBJK10173,Kerala,Palakkad,SOUTH_INDIA_IN_SCOPE,563.0,MATCHED,Matched via exact.
Kerala.pdf,PMBJK10194,Kerala,Thiruvananthapuram,SOUTH_INDIA_IN_SCOPE,565.0,MATCHED,Matched via exact.
Kerala.pdf,PMBJK10402,Kerala,Thiruvananthapuram,SOUTH_INDIA_IN_SCOPE,565.0,MATCHED,Matched via exact.
Kerala.pdf,PMBJK10667,Kerala,Palakkad,SOUTH_INDIA_IN_SCOPE,563.0,MATCHED,Matched via exact.
Kerala.pdf,PMBJK10974,Kerala,Palakkad,SOUTH_INDIA_IN_SCOPE,563.0,MATCHED,Matched via exact.
Kerala.pdf,PMBJK11007,Kerala,Alappuzha,SOUTH_INDIA_IN_SCOPE,554.0,MATCHED,Matched via exact.
Kerala.pdf,PMBJK11085,Kerala,Palakkad,SOUTH_INDIA_IN_SCOPE,563.0,MATCHED,Matched via exact.
Kerala.pdf,PMBJK11096,Kerala,Palakkad,SOUTH_INDIA_IN_SCOPE,563.0,MATCHED,Matched via exact.
Kerala.pdf,PMBJK11140,Kerala,Palakkad,SOUTH_INDIA_IN_SCOPE,563.0,MATCHED,Matched via exact.
Kerala.pdf,PMBJK11258,Kerala,Kozhikode,SOUTH_INDIA_IN_SCOPE,561.0,MATCHED,Matched via exact.
Kerala.pdf,PMBJK11280,Kerala,Palakkad,SOUTH_INDIA_IN_SCOPE,563.0,MATCHED,Matched via exact.
Kerala.pdf,PMBJK11379,Kerala,Kozhikode,SOUTH_INDIA_IN_SCOPE,561.0,MATCHED,Matched via exact.
Kerala.pdf,PMBJK11419,Kerala,Palakkad,SOUTH_INDIA_IN_SCOPE,563.0,MATCHED,Matched via exact.
Kerala.pdf,PMBJK11479,Kerala,Palakkad,SOUTH_INDIA_IN_SCOPE,563.0,MATCHED,Matched via exact.
Kerala.pdf,PMBJK11506,Kerala,Kottayam,SOUTH_INDIA_IN_SCOPE,560.0,MATCHED,Matched via exact.
Kerala.pdf,PMBJK11512,Kerala,Palakkad,SOUTH_INDIA_IN_SCOPE,563.0,MATCHED,Matched via exact.
Kerala.pdf,PMBJK11638,Kerala,Alappuzha,SOUTH_INDIA_IN_SCOPE,554.0,MATCHED,Matched via exact.
Kerala.pdf,PMBJK11865,Kerala,Palakkad,SOUTH_INDIA_IN_SCOPE,563.0,MATCHED,Matched via exact.
Kerala.pdf,PMBJK12002,Kerala,Palakkad,SOUTH_INDIA_IN_SCOPE,563.0,MATCHED,Matched via exact.
Kerala.pdf,PMBJK12315,Kerala,Thrissur,SOUTH_INDIA_IN_SCOPE,566.0,MATCHED,Matched via exact.
Kerala.pdf,PMBJK12321,Kerala,Thiruvananthapuram,SOUTH_INDIA_IN_SCOPE,565.0,MATCHED,Matched via exact.
Kerala.pdf,PMBJK12360,Kerala,Kasaragod,SOUTH_INDIA_IN_SCOPE,558.0,MATCHED,Matched via exact.
Kerala.pdf,PMBJK12403,Kerala,Malappuram,SOUTH_INDIA_IN_SCOPE,562.0,MATCHED,Matched via exact.
Kerala.pdf,PMBJK12414,Kerala,Kollam,SOUTH_INDIA_IN_SCOPE,559.0,MATCHED,Matched via exact.
Kerala.pdf,PMBJK12500,Kerala,Kozhikode,SOUTH_INDIA_IN_SCOPE,561.0,MATCHED,Matched via exact.
Kerala.pdf,PMBJK12519,Kerala,Thiruvananthapuram,SOUTH_INDIA_IN_SCOPE,565.0,MATCHED,Matched via exact.
Kerala.pdf,PMBJK12578,Kerala,Palakkad,SOUTH_INDIA_IN_SCOPE,563.0,MATCHED,Matched via exact.
Kerala.pdf,PMBJK12581,Kerala,Alappuzha,SOUTH_INDIA_IN_SCOPE,554.0,MATCHED,Matched via exact.
Kerala.pdf,PMBJK12698,Kerala,Kannur,SOUTH_INDIA_IN_SCOPE,557.0,MATCHED,Matched via exact.
Kerala.pdf,PMBJK12728,Kerala,Ernakulam,SOUTH_INDIA_IN_SCOPE,555.0,MATCHED,Matched via exact.
Kerala.pdf,PMBJK12729,Kerala,Kannur,SOUTH_INDIA_IN_SCOPE,557.0,MATCHED,Matched via exact.
Kerala.pdf,PMBJK12730,Kerala,Kannur,SOUTH_INDIA_IN_SCOPE,557.0,MATCHED,Matched via exact.
Kerala.pdf,PMBJK12759,Kerala,Kozhikode,SOUTH_INDIA_IN_SCOPE,561.0,MATCHED,Matched via exact.
Kerala.pdf,PMBJK12812,Kerala,Kannur,SOUTH_INDIA_IN_SCOPE,557.0,MATCHED,Matched via exact.
Kerala.pdf,PMBJK12845,Kerala,Palakkad,SOUTH_INDIA_IN_SCOPE,563.0,MATCHED,Matched via exact.
Kerala.pdf,PMBJK12886,Kerala,Kozhikode,SOUTH_INDIA_IN_SCOPE,561.0,MATCHED,Matched via exact.
Kerala.pdf,PMBJK12887,Kerala,Thiruvananthapuram,SOUTH_INDIA_IN_SCOPE,565.0,MATCHED,Matched via exact.
Kerala.pdf,PMBJK12888,Kerala,Kozhikode,SOUTH_INDIA_IN_SCOPE,561.0,MATCHED,Matched via exact.
Kerala.pdf,PMBJK12889,Kerala,Thrissur,SOUTH_INDIA_IN_SCOPE,566.0,MATCHED,Matched via exact.
Kerala.pdf,PMBJK13023,Kerala,Palakkad,SOUTH_INDIA_IN_SCOPE,563.0,MATCHED,Matched via exact.
Kerala.pdf,PMBJK13024,Kerala,Ernakulam,SOUTH_INDIA_IN_SCOPE,555.0,MATCHED,Matched via exact.
Kerala.pdf,PMBJK13028,Kerala,Kozhikode,SOUTH_INDIA_IN_SCOPE,561.0,MATCHED,Matched via exact.
Kerala.pdf,PMBJK13029,Kerala,Kozhikode,SOUTH_INDIA_IN_SCOPE,561.0,MATCHED,Matched via exact.
Kerala.pdf,PMBJK13030,Kerala,Kozhikode,SOUTH_INDIA_IN_SCOPE,561.0,MATCHED,Matched via exact.
Kerala.pdf,PMBJK13031,Kerala,Kannur,SOUTH_INDIA_IN_SCOPE,557.0,MATCHED,Matched via exact.
Kerala.pdf,PMBJK13032,Kerala,Ernakulam,SOUTH_INDIA_IN_SCOPE,555.0,MATCHED,Matched via exact.
Kerala.pdf,PMBJK13033,Kerala,Palakkad,SOUTH_INDIA_IN_SCOPE,563.0,MATCHED,Matched via exact.
Kerala.pdf,PMBJK13085,Kerala,Palakkad,SOUTH_INDIA_IN_SCOPE,563.0,MATCHED,Matched via exact.
Kerala.pdf,PMBJK13126,Kerala,Alappuzha,SOUTH_INDIA_IN_SCOPE,554.0,MATCHED,Matched via exact.
Kerala.pdf,PMBJK13127,Kerala,Kozhikode,SOUTH_INDIA_IN_SCOPE,561.0,MATCHED,Matched via exact.
Kerala.pdf,PMBJK13142,Kerala,Thiruvananthapuram,SOUTH_INDIA_IN_SCOPE,565.0,MATCHED,Matched via exact.
Kerala.pdf,PMBJK13161,Kerala,Kottayam,SOUTH_INDIA_IN_SCOPE,560.0,MATCHED,Matched via exact.
Kerala.pdf,PMBJK13166,Kerala,Malappuram,SOUTH_INDIA_IN_SCOPE,562.0,MATCHED,Matched via exact.
Kerala.pdf,PMBJK13174,Kerala,Kozhikode,SOUTH_INDIA_IN_SCOPE,561.0,MATCHED,Matched via exact.
Kerala.pdf,PMBJK13198,Kerala,Kozhikode,SOUTH_INDIA_IN_SCOPE,561.0,MATCHED,Matched via exact.
Kerala.pdf,PMBJK13199,Kerala,Palakkad,SOUTH_INDIA_IN_SCOPE,563.0,MATCHED,Matched via exact.
Kerala.pdf,PMBJK13200,Kerala,Palakkad,SOUTH_INDIA_IN_SCOPE,563.0,MATCHED,Matched via exact.
Kerala.pdf,PMBJK13201,Kerala,Kottayam,SOUTH_INDIA_IN_SCOPE,560.0,MATCHED,Matched via exact.
Kerala.pdf,PMBJK13214,Kerala,Idukki,SOUTH_INDIA_IN_SCOPE,556.0,MATCHED,Matched via exact.
Kerala.pdf,PMBJK13215,Kerala,Alappuzha,SOUTH_INDIA_IN_SCOPE,554.0,MATCHED,Matched via exact.
Kerala.pdf,PMBJK13231,Kerala,Thrissur,SOUTH_INDIA_IN_SCOPE,566.0,MATCHED,Matched via exact.
Kerala.pdf,PMBJK13232,Kerala,Ernakulam,SOUTH_INDIA_IN_SCOPE,555.0,MATCHED,Matched via exact.
Kerala.pdf,PMBJK13234,Kerala,Kottayam,SOUTH_INDIA_IN_SCOPE,560.0,MATCHED,Matched via exact.
Kerala.pdf,PMBJK13235,Kerala,Pathanamthitta,SOUTH_INDIA_IN_SCOPE,564.0,MATCHED,Matched via exact.
Kerala.pdf,PMBJK13236,Kerala,Thrissur,SOUTH_INDIA_IN_SCOPE,566.0,MATCHED,Matched via exact.
Kerala.pdf,PMBJK13237,Kerala,Kannur,SOUTH_INDIA_IN_SCOPE,557.0,MATCHED,Matched via exact.
Kerala.pdf,PMBJK13268,Kerala,Ernakulam,SOUTH_INDIA_IN_SCOPE,555.0,MATCHED,Matched via exact.
Kerala.pdf,PMBJK13273,Kerala,Kozhikode,SOUTH_INDIA_IN_SCOPE,561.0,MATCHED,Matched via exact.
Kerala.pdf,PMBJK13279,Kerala,Thrissur,SOUTH_INDIA_IN_SCOPE,566.0,MATCHED,Matched via exact.
Kerala.pdf,PMBJK13301,Kerala,Thiruvananthapuram,SOUTH_INDIA_IN_SCOPE,565.0,MATCHED,Matched via exact.
Kerala.pdf,PMBJK13302,Kerala,Ernakulam,SOUTH_INDIA_IN_SCOPE,555.0,MATCHED,Matched via exact.
Kerala.pdf,PMBJK13303,Kerala,Thiruvananthapuram,SOUTH_INDIA_IN_SCOPE,565.0,MATCHED,Matched via exact.
Kerala.pdf,PMBJK13304,Kerala,Kottayam,SOUTH_INDIA_IN_SCOPE,560.0,MATCHED,Matched via exact.
Kerala.pdf,PMBJK13305,Kerala,Kozhikode,SOUTH_INDIA_IN_SCOPE,561.0,MATCHED,Matched via exact.
Kerala.pdf,PMBJK13306,Kerala,Wayanad,SOUTH_INDIA_IN_SCOPE,567.0,MATCHED,Matched via exact.
Kerala.pdf,PMBJK13307,Kerala,Thiruvananthapuram,SOUTH_INDIA_IN_SCOPE,565.0,MATCHED,Matched via exact.
Kerala.pdf,PMBJK13354,Kerala,Wayanad,SOUTH_INDIA_IN_SCOPE,567.0,MATCHED,Matched via exact.
Kerala.pdf,PMBJK13355,Kerala,Ernakulam,SOUTH_INDIA_IN_SCOPE,555.0,MATCHED,Matched via exact.
Kerala.pdf,PMBJK13357,Kerala,Idukki,SOUTH_INDIA_IN_SCOPE,556.0,MATCHED,Matched via exact.
Kerala.pdf,PMBJK13358,Kerala,Thiruvananthapuram,SOUTH_INDIA_IN_SCOPE,565.0,MATCHED,Matched via exact.
Kerala.pdf,PMBJK13359,Kerala,Kannur,SOUTH_INDIA_IN_SCOPE,557.0,MATCHED,Matched via exact.
Kerala.pdf,PMBJK13360,Kerala,Thiruvananthapuram,SOUTH_INDIA_IN_SCOPE,565.0,MATCHED,Matched via exact.
Kerala.pdf,PMBJK13427,Kerala,Malappuram,SOUTH_INDIA_IN_SCOPE,562.0,MATCHED,Matched via exact.
Kerala.pdf,PMBJK13445,Kerala,Thrissur,SOUTH_INDIA_IN_SCOPE,566.0,MATCHED,Matched via exact.
Kerala.pdf,PMBJK13446,Kerala,Thrissur,SOUTH_INDIA_IN_SCOPE,566.0,MATCHED,Matched via exact.
Kerala.pdf,PMBJK13448,Kerala,Kannur,SOUTH_INDIA_IN_SCOPE,557.0,MATCHED,Matched via exact.
Kerala.pdf,PMBJK13450,Kerala,Kollam,SOUTH_INDIA_IN_SCOPE,559.0,MATCHED,Matched via exact.
Kerala.pdf,PMBJK13451,Kerala,Thrissur,SOUTH_INDIA_IN_SCOPE,566.0,MATCHED,Matched via exact.
Kerala.pdf,PMBJK13471,Kerala,Ernakulam,SOUTH_INDIA_IN_SCOPE,555.0,MATCHED,Matched via exact.
Kerala.pdf,PMBJK13472,Kerala,Kozhikode,SOUTH_INDIA_IN_SCOPE,561.0,MATCHED,Matched via exact.
Kerala.pdf,PMBJK13473,Kerala,Thiruvananthapuram,SOUTH_INDIA_IN_SCOPE,565.0,MATCHED,Matched via exact.
Kerala.pdf,PMBJK13476,Kerala,Thiruvananthapuram,SOUTH_INDIA_IN_SCOPE,565.0,MATCHED,Matched via exact.
Kerala.pdf,PMBJK13477,Kerala,Malappuram,SOUTH_INDIA_IN_SCOPE,562.0,MATCHED,Matched via exact.
Kerala.pdf,PMBJK13478,Kerala,Palakkad,SOUTH_INDIA_IN_SCOPE,563.0,MATCHED,Matched via exact.
Kerala.pdf,PMBJK13485,Kerala,Thiruvananthapuram,SOUTH_INDIA_IN_SCOPE,565.0,MATCHED,Matched via exact.
Kerala.pdf,PMBJK13486,Kerala,Ernakulam,SOUTH_INDIA_IN_SCOPE,555.0,MATCHED,Matched via exact.
Kerala.pdf,PMBJK13487,Kerala,Kannur,SOUTH_INDIA_IN_SCOPE,557.0,MATCHED,Matched via exact.
Kerala.pdf,PMBJK13488,Kerala,Ernakulam,SOUTH_INDIA_IN_SCOPE,555.0,MATCHED,Matched via exact.
Kerala.pdf,PMBJK13515,Kerala,Kannur,SOUTH_INDIA_IN_SCOPE,557.0,MATCHED,Matched via exact.
Kerala.pdf,PMBJK13516,Kerala,Ernakulam,SOUTH_INDIA_IN_SCOPE,555.0,MATCHED,Matched via exact.
Kerala.pdf,PMBJK13517,Kerala,Kottayam,SOUTH_INDIA_IN_SCOPE,560.0,MATCHED,Matched via exact.
Kerala.pdf,PMBJK13518,Kerala,Malappuram,SOUTH_INDIA_IN_SCOPE,562.0,MATCHED,Matched via exact.
Kerala.pdf,PMBJK13519,Kerala,Kollam,SOUTH_INDIA_IN_SCOPE,559.0,MATCHED,Matched via exact.
Kerala.pdf,PMBJK13520,Kerala,Thiruvananthapuram,SOUTH_INDIA_IN_SCOPE,565.0,MATCHED,Matched via exact.
Kerala.pdf,PMBJK13521,Kerala,Kottayam,SOUTH_INDIA_IN_SCOPE,560.0,MATCHED,Matched via exact.
Kerala.pdf,PMBJK13522,Kerala,Kollam,SOUTH_INDIA_IN_SCOPE,559.0,MATCHED,Matched via exact.
Kerala.pdf,PMBJK13523,Kerala,Thiruvananthapuram,SOUTH_INDIA_IN_SCOPE,565.0,MATCHED,Matched via exact.
Kerala.pdf,PMBJK13524,Kerala,Thrissur,SOUTH_INDIA_IN_SCOPE,566.0,MATCHED,Matched via exact.
Kerala.pdf,PMBJK13525,Kerala,Palakkad,SOUTH_INDIA_IN_SCOPE,563.0,MATCHED,Matched via exact.
Kerala.pdf,PMBJK13526,Kerala,Kollam,SOUTH_INDIA_IN_SCOPE,559.0,MATCHED,Matched via exact.
Kerala.pdf,PMBJK13527,Kerala,Thiruvananthapuram,SOUTH_INDIA_IN_SCOPE,565.0,MATCHED,Matched via exact.
Kerala.pdf,PMBJK13534,Kerala,Ernakulam,SOUTH_INDIA_IN_SCOPE,555.0,MATCHED,Matched via exact.
Kerala.pdf,PMBJK13559,Kerala,Pathanamthitta,SOUTH_INDIA_IN_SCOPE,564.0,MATCHED,Matched via exact.
Kerala.pdf,PMBJK13560,Kerala,Thiruvananthapuram,SOUTH_INDIA_IN_SCOPE,565.0,MATCHED,Matched via exact.
Kerala.pdf,PMBJK13591,Kerala,Kasaragod,SOUTH_INDIA_IN_SCOPE,558.0,MATCHED,Matched via exact.
Kerala.pdf,PMBJK13592,Kerala,Ernakulam,SOUTH_INDIA_IN_SCOPE,555.0,MATCHED,Matched via exact.
Kerala.pdf,PMBJK13612,Kerala,Alappuzha,SOUTH_INDIA_IN_SCOPE,554.0,MATCHED,Matched via exact.
Kerala.pdf,PMBJK13622,Kerala,Kollam,SOUTH_INDIA_IN_SCOPE,559.0,MATCHED,Matched via exact.
Kerala.pdf,PMBJK13629,Kerala,Kollam,SOUTH_INDIA_IN_SCOPE,559.0,MATCHED,Matched via exact.
Kerala.pdf,PMBJK13639,Kerala,Thiruvananthapuram,SOUTH_INDIA_IN_SCOPE,565.0,MATCHED,Matched via exact.
Kerala.pdf,PMBJK13642,Kerala,Malappuram,SOUTH_INDIA_IN_SCOPE,562.0,MATCHED,Matched via exact.
Kerala.pdf,PMBJK13661,Kerala,Kannur,SOUTH_INDIA_IN_SCOPE,557.0,MATCHED,Matched via exact.
Kerala.pdf,PMBJK13667,Kerala,Kottayam,SOUTH_INDIA_IN_SCOPE,560.0,MATCHED,Matched via exact.
Kerala.pdf,PMBJK13668,Kerala,Thiruvananthapuram,SOUTH_INDIA_IN_SCOPE,565.0,MATCHED,Matched via exact.
Kerala.pdf,PMBJK13670,Kerala,Thiruvananthapuram,SOUTH_INDIA_IN_SCOPE,565.0,MATCHED,Matched via exact.
Kerala.pdf,PMBJK13676,Kerala,Ernakulam,SOUTH_INDIA_IN_SCOPE,555.0,MATCHED,Matched via exact.
Kerala.pdf,PMBJK13686,Kerala,Thiruvananthapuram,SOUTH_INDIA_IN_SCOPE,565.0,MATCHED,Matched via exact.
Kerala.pdf,PMBJK13687,Kerala,Ernakulam,SOUTH_INDIA_IN_SCOPE,555.0,MATCHED,Matched via exact.
Kerala.pdf,PMBJK13691,Kerala,Thiruvananthapuram,SOUTH_INDIA_IN_SCOPE,565.0,MATCHED,Matched via exact.
Kerala.pdf,PMBJK13724,Kerala,Ernakulam,SOUTH_INDIA_IN_SCOPE,555.0,MATCHED,Matched via exact.
Kerala.pdf,PMBJK13728,Kerala,Kannur,SOUTH_INDIA_IN_SCOPE,557.0,MATCHED,Matched via exact.
Kerala.pdf,PMBJK13729,Kerala,Kottayam,SOUTH_INDIA_IN_SCOPE,560.0,MATCHED,Matched via exact.
Kerala.pdf,PMBJK13730,Kerala,Alappuzha,SOUTH_INDIA_IN_SCOPE,554.0,MATCHED,Matched via exact.
Kerala.pdf,PMBJK13731,Kerala,Palakkad,SOUTH_INDIA_IN_SCOPE,563.0,MATCHED,Matched via exact.
Kerala.pdf,PMBJK13732,Kerala,Pathanamthitta,SOUTH_INDIA_IN_SCOPE,564.0,MATCHED,Matched via exact.
Kerala.pdf,PMBJK13733,Kerala,Thiruvananthapuram,SOUTH_INDIA_IN_SCOPE,565.0,MATCHED,Matched via exact.
Kerala.pdf,PMBJK13734,Kerala,Kollam,SOUTH_INDIA_IN_SCOPE,559.0,MATCHED,Matched via exact.
Kerala.pdf,PMBJK13775,Kerala,Kollam,SOUTH_INDIA_IN_SCOPE,559.0,MATCHED,Matched via exact.
Kerala.pdf,PMBJK13776,Kerala,Alappuzha,SOUTH_INDIA_IN_SCOPE,554.0,MATCHED,Matched via exact.
Kerala.pdf,PMBJK13779,Kerala,Ernakulam,SOUTH_INDIA_IN_SCOPE,555.0,MATCHED,Matched via exact.
Kerala.pdf,PMBJK13780,Kerala,Malappuram,SOUTH_INDIA_IN_SCOPE,562.0,MATCHED,Matched via exact.
Kerala.pdf,PMBJK13781,Kerala,Pathanamthitta,SOUTH_INDIA_IN_SCOPE,564.0,MATCHED,Matched via exact.
Kerala.pdf,PMBJK13782,Kerala,Kottayam,SOUTH_INDIA_IN_SCOPE,560.0,MATCHED,Matched via exact.
Kerala.pdf,PMBJK13783,Kerala,Ernakulam,SOUTH_INDIA_IN_SCOPE,555.0,MATCHED,Matched via exact.
Kerala.pdf,PMBJK13787,Kerala,Malappuram,SOUTH_INDIA_IN_SCOPE,562.0,MATCHED,Matched via exact.
Kerala.pdf,PMBJK13789,Kerala,Alappuzha,SOUTH_INDIA_IN_SCOPE,554.0,MATCHED,Matched via exact.
Kerala.pdf,PMBJK13804,Kerala,Alappuzha,SOUTH_INDIA_IN_SCOPE,554.0,MATCHED,Matched via exact.
Kerala.pdf,PMBJK13822,Kerala,Ernakulam,SOUTH_INDIA_IN_SCOPE,555.0,MATCHED,Matched via exact.
Kerala.pdf,PMBJK13823,Kerala,Idukki,SOUTH_INDIA_IN_SCOPE,556.0,MATCHED,Matched via exact.
Kerala.pdf,PMBJK13824,Kerala,Kozhikode,SOUTH_INDIA_IN_SCOPE,561.0,MATCHED,Matched via exact.
Kerala.pdf,PMBJK13825,Kerala,Wayanad,SOUTH_INDIA_IN_SCOPE,567.0,MATCHED,Matched via exact.
Kerala.pdf,PMBJK13826,Kerala,Pathanamthitta,SOUTH_INDIA_IN_SCOPE,564.0,MATCHED,Matched via exact.
Kerala.pdf,PMBJK13827,Kerala,Kollam,SOUTH_INDIA_IN_SCOPE,559.0,MATCHED,Matched via exact.
Kerala.pdf,PMBJK13828,Kerala,Kannur,SOUTH_INDIA_IN_SCOPE,557.0,MATCHED,Matched via exact.
Kerala.pdf,PMBJK13829,Kerala,Palakkad,SOUTH_INDIA_IN_SCOPE,563.0,MATCHED,Matched via exact.
Kerala.pdf,PMBJK13830,Kerala,Kottayam,SOUTH_INDIA_IN_SCOPE,560.0,MATCHED,Matched via exact.
Kerala.pdf,PMBJK13833,Kerala,Pathanamthitta,SOUTH_INDIA_IN_SCOPE,564.0,MATCHED,Matched via exact.
Kerala.pdf,PMBJK13834,Kerala,Kozhikode,SOUTH_INDIA_IN_SCOPE,561.0,MATCHED,Matched via exact.
Kerala.pdf,PMBJK13835,Kerala,Thrissur,SOUTH_INDIA_IN_SCOPE,566.0,MATCHED,Matched via exact.
Kerala.pdf,PMBJK13836,Kerala,Thiruvananthapuram,SOUTH_INDIA_IN_SCOPE,565.0,MATCHED,Matched via exact.
Kerala.pdf,PMBJK13837,Kerala,Idukki,SOUTH_INDIA_IN_SCOPE,556.0,MATCHED,Matched via exact.
Kerala.pdf,PMBJK13844,Kerala,Thrissur,SOUTH_INDIA_IN_SCOPE,566.0,MATCHED,Matched via exact.
Kerala.pdf,PMBJK13869,Kerala,Thiruvananthapuram,SOUTH_INDIA_IN_SCOPE,565.0,MATCHED,Matched via exact.
Kerala.pdf,PMBJK13882,Kerala,Kasaragod,SOUTH_INDIA_IN_SCOPE,558.0,MATCHED,Matched via exact.
Kerala.pdf,PMBJK13883,Kerala,Ernakulam,SOUTH_INDIA_IN_SCOPE,555.0,MATCHED,Matched via exact.
Kerala.pdf,PMBJK13884,Kerala,Palakkad,SOUTH_INDIA_IN_SCOPE,563.0,MATCHED,Matched via exact.
Kerala.pdf,PMBJK13887,Kerala,Kollam,SOUTH_INDIA_IN_SCOPE,559.0,MATCHED,Matched via exact.
Kerala.pdf,PMBJK13888,Kerala,Malappuram,SOUTH_INDIA_IN_SCOPE,562.0,MATCHED,Matched via exact.
Kerala.pdf,PMBJK13905,Kerala,Pathanamthitta,SOUTH_INDIA_IN_SCOPE,564.0,MATCHED,Matched via exact.
Kerala.pdf,PMBJK13968,Kerala,Idukki,SOUTH_INDIA_IN_SCOPE,556.0,MATCHED,Matched via exact.
Kerala.pdf,PMBJK13969,Kerala,Thiruvananthapuram,SOUTH_INDIA_IN_SCOPE,565.0,MATCHED,Matched via exact.
Kerala.pdf,PMBJK13970,Kerala,Kozhikode,SOUTH_INDIA_IN_SCOPE,561.0,MATCHED,Matched via exact.
Kerala.pdf,PMBJK13974,Kerala,Pathanamthitta,SOUTH_INDIA_IN_SCOPE,564.0,MATCHED,Matched via exact.
Kerala.pdf,PMBJK13975,Kerala,Malappuram,SOUTH_INDIA_IN_SCOPE,562.0,MATCHED,Matched via exact.
Kerala.pdf,PMBJK13976,Kerala,Thiruvananthapuram,SOUTH_INDIA_IN_SCOPE,565.0,MATCHED,Matched via exact.
Kerala.pdf,PMBJK13977,Kerala,Kottayam,SOUTH_INDIA_IN_SCOPE,560.0,MATCHED,Matched via exact.
Kerala.pdf,PMBJK13978,Kerala,Thiruvananthapuram,SOUTH_INDIA_IN_SCOPE,565.0,MATCHED,Matched via exact.
Kerala.pdf,PMBJK13979,Kerala,Ernakulam,SOUTH_INDIA_IN_SCOPE,555.0,MATCHED,Matched via exact.
Kerala.pdf,PMBJK13981,Kerala,Thrissur,SOUTH_INDIA_IN_SCOPE,566.0,MATCHED,Matched via exact.
Kerala.pdf,PMBJK13983,Kerala,Thrissur,SOUTH_INDIA_IN_SCOPE,566.0,MATCHED,Matched via exact.
Kerala.pdf,PMBJK13984,Kerala,Alappuzha,SOUTH_INDIA_IN_SCOPE,554.0,MATCHED,Matched via exact.
Kerala.pdf,PMBJK14017,Kerala,Thiruvananthapuram,SOUTH_INDIA_IN_SCOPE,565.0,MATCHED,Matched via exact.
Kerala.pdf,PMBJK14034,Kerala,Alappuzha,SOUTH_INDIA_IN_SCOPE,554.0,MATCHED,Matched via exact.
Kerala.pdf,PMBJK14045,Kerala,Kannur,SOUTH_INDIA_IN_SCOPE,557.0,MATCHED,Matched via exact.
Kerala.pdf,PMBJK14046,Kerala,Ernakulam,SOUTH_INDIA_IN_SCOPE,555.0,MATCHED,Matched via exact.
Kerala.pdf,PMBJK14047,Kerala,Kannur,SOUTH_INDIA_IN_SCOPE,557.0,MATCHED,Matched via exact.
Kerala.pdf,PMBJK14049,Kerala,Kannur,SOUTH_INDIA_IN_SCOPE,557.0,MATCHED,Matched via exact.
Kerala.pdf,PMBJK14061,Kerala,Kozhikode,SOUTH_INDIA_IN_SCOPE,561.0,MATCHED,Matched via exact.
Kerala.pdf,PMBJK14062,Kerala,Wayanad,SOUTH_INDIA_IN_SCOPE,567.0,MATCHED,Matched via exact.
Kerala.pdf,PMBJK14064,Kerala,Ernakulam,SOUTH_INDIA_IN_SCOPE,555.0,MATCHED,Matched via exact.
Kerala.pdf,PMBJK14068,Kerala,Ernakulam,SOUTH_INDIA_IN_SCOPE,555.0,MATCHED,Matched via exact.
Kerala.pdf,PMBJK14069,Kerala,Thiruvananthapuram,SOUTH_INDIA_IN_SCOPE,565.0,MATCHED,Matched via exact.
Kerala.pdf,PMBJK14071,Kerala,Kozhikode,SOUTH_INDIA_IN_SCOPE,561.0,MATCHED,Matched via exact.
Kerala.pdf,PMBJK14082,Kerala,Kannur,SOUTH_INDIA_IN_SCOPE,557.0,MATCHED,Matched via exact.
Kerala.pdf,PMBJK14083,Kerala,Malappuram,SOUTH_INDIA_IN_SCOPE,562.0,MATCHED,Matched via exact.
Kerala.pdf,PMBJK14087,Kerala,Ernakulam,SOUTH_INDIA_IN_SCOPE,555.0,MATCHED,Matched via exact.
Kerala.pdf,PMBJK14099,Kerala,Idukki,SOUTH_INDIA_IN_SCOPE,556.0,MATCHED,Matched via exact.
Kerala.pdf,PMBJK14118,Kerala,Kozhikode,SOUTH_INDIA_IN_SCOPE,561.0,MATCHED,Matched via exact.
Kerala.pdf,PMBJK14121,Kerala,Palakkad,SOUTH_INDIA_IN_SCOPE,563.0,MATCHED,Matched via exact.
Kerala.pdf,PMBJK14122,Kerala,Thiruvananthapuram,SOUTH_INDIA_IN_SCOPE,565.0,MATCHED,Matched via exact.
Kerala.pdf,PMBJK14124,Kerala,Kottayam,SOUTH_INDIA_IN_SCOPE,560.0,MATCHED,Matched via exact.
Kerala.pdf,PMBJK14125,Kerala,Kottayam,SOUTH_INDIA_IN_SCOPE,560.0,MATCHED,Matched via exact.
Kerala.pdf,PMBJK14126,Kerala,Thiruvananthapuram,SOUTH_INDIA_IN_SCOPE,565.0,MATCHED,Matched via exact.
Kerala.pdf,PMBJK14130,Kerala,Kozhikode,SOUTH_INDIA_IN_SCOPE,561.0,MATCHED,Matched via exact.
Kerala.pdf,PMBJK14131,Kerala,Kozhikode,SOUTH_INDIA_IN_SCOPE,561.0,MATCHED,Matched via exact.
Kerala.pdf,PMBJK14133,Kerala,Kottayam,SOUTH_INDIA_IN_SCOPE,560.0,MATCHED,Matched via exact.
Kerala.pdf,PMBJK14134,Kerala,Thiruvananthapuram,SOUTH_INDIA_IN_SCOPE,565.0,MATCHED,Matched via exact.
Kerala.pdf,PMBJK14172,Kerala,Kannur,SOUTH_INDIA_IN_SCOPE,557.0,MATCHED,Matched via exact.
Kerala.pdf,PMBJK14176,Kerala,Kozhikode,SOUTH_INDIA_IN_SCOPE,561.0,MATCHED,Matched via exact.
Kerala.pdf,PMBJK14177,Kerala,Thrissur,SOUTH_INDIA_IN_SCOPE,566.0,MATCHED,Matched via exact.
Kerala.pdf,PMBJK14178,Kerala,Thiruvananthapuram,SOUTH_INDIA_IN_SCOPE,565.0,MATCHED,Matched via exact.
Kerala.pdf,PMBJK14179,Kerala,Kannur,SOUTH_INDIA_IN_SCOPE,557.0,MATCHED,Matched via exact.
Kerala.pdf,PMBJK14180,Kerala,Thrissur,SOUTH_INDIA_IN_SCOPE,566.0,MATCHED,Matched via exact.
Kerala.pdf,PMBJK14192,Kerala,Palakkad,SOUTH_INDIA_IN_SCOPE,563.0,MATCHED,Matched via exact.
Kerala.pdf,PMBJK14195,Kerala,Thiruvananthapuram,SOUTH_INDIA_IN_SCOPE,565.0,MATCHED,Matched via exact.
Kerala.pdf,PMBJK14196,Kerala,Kottayam,SOUTH_INDIA_IN_SCOPE,560.0,MATCHED,Matched via exact.
Kerala.pdf,PMBJK14200,Kerala,Malappuram,SOUTH_INDIA_IN_SCOPE,562.0,MATCHED,Matched via exact.
Kerala.pdf,PMBJK14230,Kerala,Ernakulam,SOUTH_INDIA_IN_SCOPE,555.0,MATCHED,Matched via exact.
Kerala.pdf,PMBJK14231,Kerala,Palakkad,SOUTH_INDIA_IN_SCOPE,563.0,MATCHED,Matched via exact.
Kerala.pdf,PMBJK14232,Kerala,Thiruvananthapuram,SOUTH_INDIA_IN_SCOPE,565.0,MATCHED,Matched via exact.
Kerala.pdf,PMBJK14233,Kerala,Malappuram,SOUTH_INDIA_IN_SCOPE,562.0,MATCHED,Matched via exact.
Kerala.pdf,PMBJK14236,Kerala,Alappuzha,SOUTH_INDIA_IN_SCOPE,554.0,MATCHED,Matched via exact.
Kerala.pdf,PMBJK14238,Kerala,Kannur,SOUTH_INDIA_IN_SCOPE,557.0,MATCHED,Matched via exact.
Kerala.pdf,PMBJK14239,Kerala,Kannur,SOUTH_INDIA_IN_SCOPE,557.0,MATCHED,Matched via exact.
Kerala.pdf,PMBJK14242,Kerala,Ernakulam,SOUTH_INDIA_IN_SCOPE,555.0,MATCHED,Matched via exact.
Kerala.pdf,PMBJK14248,Kerala,Idukki,SOUTH_INDIA_IN_SCOPE,556.0,MATCHED,Matched via exact.
Kerala.pdf,PMBJK14254,Kerala,Alappuzha,SOUTH_INDIA_IN_SCOPE,554.0,MATCHED,Matched via exact.
Kerala.pdf,PMBJK14265,Kerala,Thiruvananthapuram,SOUTH_INDIA_IN_SCOPE,565.0,MATCHED,Matched via exact.
Kerala.pdf,PMBJK14269,Kerala,Palakkad,SOUTH_INDIA_IN_SCOPE,563.0,MATCHED,Matched via exact.
Kerala.pdf,PMBJK14279,Kerala,Alappuzha,SOUTH_INDIA_IN_SCOPE,554.0,MATCHED,Matched via exact.
Kerala.pdf,PMBJK14294,Kerala,Kottayam,SOUTH_INDIA_IN_SCOPE,560.0,MATCHED,Matched via exact.
Kerala.pdf,PMBJK14295,Kerala,Malappuram,SOUTH_INDIA_IN_SCOPE,562.0,MATCHED,Matched via exact.
Kerala.pdf,PMBJK14296,Kerala,Thiruvananthapuram,SOUTH_INDIA_IN_SCOPE,565.0,MATCHED,Matched via exact.
Kerala.pdf,PMBJK14308,Kerala,Kozhikode,SOUTH_INDIA_IN_SCOPE,561.0,MATCHED,Matched via exact.
Kerala.pdf,PMBJK14309,Kerala,Alappuzha,SOUTH_INDIA_IN_SCOPE,554.0,MATCHED,Matched via exact.
Kerala.pdf,PMBJK14310,Kerala,Idukki,SOUTH_INDIA_IN_SCOPE,556.0,MATCHED,Matched via exact.
Kerala.pdf,PMBJK14311,Kerala,Kannur,SOUTH_INDIA_IN_SCOPE,557.0,MATCHED,Matched via exact.
Kerala.pdf,PMBJK14312,Kerala,Ernakulam,SOUTH_INDIA_IN_SCOPE,555.0,MATCHED,Matched via exact.
Kerala.pdf,PMBJK14313,Kerala,Thiruvananthapuram,SOUTH_INDIA_IN_SCOPE,565.0,MATCHED,Matched via exact.
Kerala.pdf,PMBJK14314,Kerala,Kozhikode,SOUTH_INDIA_IN_SCOPE,561.0,MATCHED,Matched via exact.
Kerala.pdf,PMBJK14315,Kerala,Thrissur,SOUTH_INDIA_IN_SCOPE,566.0,MATCHED,Matched via exact.
Kerala.pdf,PMBJK14323,Kerala,Thrissur,SOUTH_INDIA_IN_SCOPE,566.0,MATCHED,Matched via exact.
Kerala.pdf,PMBJK14324,Kerala,Kottayam,SOUTH_INDIA_IN_SCOPE,560.0,MATCHED,Matched via exact.
Kerala.pdf,PMBJK14325,Kerala,Palakkad,SOUTH_INDIA_IN_SCOPE,563.0,MATCHED,Matched via exact.
Kerala.pdf,PMBJK14326,Kerala,Ernakulam,SOUTH_INDIA_IN_SCOPE,555.0,MATCHED,Matched via exact.
Kerala.pdf,PMBJK14345,Kerala,Ernakulam,SOUTH_INDIA_IN_SCOPE,555.0,MATCHED,Matched via exact.
Kerala.pdf,PMBJK14357,Kerala,Kottayam,SOUTH_INDIA_IN_SCOPE,560.0,MATCHED,Matched via exact.
Kerala.pdf,PMBJK14361,Kerala,Thrissur,SOUTH_INDIA_IN_SCOPE,566.0,MATCHED,Matched via exact.
Kerala.pdf,PMBJK14362,Kerala,Palakkad,SOUTH_INDIA_IN_SCOPE,563.0,MATCHED,Matched via exact.
Kerala.pdf,PMBJK14363,Kerala,Thiruvananthapuram,SOUTH_INDIA_IN_SCOPE,565.0,MATCHED,Matched via exact.
Kerala.pdf,PMBJK14364,Kerala,Kannur,SOUTH_INDIA_IN_SCOPE,557.0,MATCHED,Matched via exact.
Kerala.pdf,PMBJK14365,Kerala,Thrissur,SOUTH_INDIA_IN_SCOPE,566.0,MATCHED,Matched via exact.
Kerala.pdf,PMBJK14366,Kerala,Kannur,SOUTH_INDIA_IN_SCOPE,557.0,MATCHED,Matched via exact.
Kerala.pdf,PMBJK14367,Kerala,Wayanad,SOUTH_INDIA_IN_SCOPE,567.0,MATCHED,Matched via exact.
Kerala.pdf,PMBJK14372,Kerala,Kollam,SOUTH_INDIA_IN_SCOPE,559.0,MATCHED,Matched via exact.
Kerala.pdf,PMBJK14392,Kerala,Malappuram,SOUTH_INDIA_IN_SCOPE,562.0,MATCHED,Matched via exact.
Kerala.pdf,PMBJK14396,Kerala,Malappuram,SOUTH_INDIA_IN_SCOPE,562.0,MATCHED,Matched via exact.
Kerala.pdf,PMBJK14397,Kerala,Alappuzha,SOUTH_INDIA_IN_SCOPE,554.0,MATCHED,Matched via exact.
Kerala.pdf,PMBJK14398,Kerala,Kozhikode,SOUTH_INDIA_IN_SCOPE,561.0,MATCHED,Matched via exact.
Kerala.pdf,PMBJK14399,Kerala,Alappuzha,SOUTH_INDIA_IN_SCOPE,554.0,MATCHED,Matched via exact.
Kerala.pdf,PMBJK14410,Kerala,Alappuzha,SOUTH_INDIA_IN_SCOPE,554.0,MATCHED,Matched via exact.
Kerala.pdf,PMBJK14419,Kerala,Thrissur,SOUTH_INDIA_IN_SCOPE,566.0,MATCHED,Matched via exact.
Kerala.pdf,PMBJK14431,Kerala,Malappuram,SOUTH_INDIA_IN_SCOPE,562.0,MATCHED,Matched via exact.
Kerala.pdf,PMBJK14432,Kerala,Idukki,SOUTH_INDIA_IN_SCOPE,556.0,MATCHED,Matched via exact.
Kerala.pdf,PMBJK14433,Kerala,Alappuzha,SOUTH_INDIA_IN_SCOPE,554.0,MATCHED,Matched via exact.
Kerala.pdf,PMBJK14434,Kerala,Palakkad,SOUTH_INDIA_IN_SCOPE,563.0,MATCHED,Matched via exact.
Kerala.pdf,PMBJK14435,Kerala,Idukki,SOUTH_INDIA_IN_SCOPE,556.0,MATCHED,Matched via exact.
Kerala.pdf,PMBJK14468,Kerala,Pathanamthitta,SOUTH_INDIA_IN_SCOPE,564.0,MATCHED,Matched via exact.
Kerala.pdf,PMBJK14469,Kerala,Palakkad,SOUTH_INDIA_IN_SCOPE,563.0,MATCHED,Matched via exact.
Kerala.pdf,PMBJK14479,Kerala,Thiruvananthapuram,SOUTH_INDIA_IN_SCOPE,565.0,MATCHED,Matched via exact.
Kerala.pdf,PMBJK14480,Kerala,Ernakulam,SOUTH_INDIA_IN_SCOPE,555.0,MATCHED,Matched via exact.
Kerala.pdf,PMBJK14481,Kerala,Kozhikode,SOUTH_INDIA_IN_SCOPE,561.0,MATCHED,Matched via exact.
Kerala.pdf,PMBJK14492,Kerala,Kannur,SOUTH_INDIA_IN_SCOPE,557.0,MATCHED,Matched via exact.
Kerala.pdf,PMBJK14493,Kerala,Kottayam,SOUTH_INDIA_IN_SCOPE,560.0,MATCHED,Matched via exact.
Kerala.pdf,PMBJK14494,Kerala,Ernakulam,SOUTH_INDIA_IN_SCOPE,555.0,MATCHED,Matched via exact.
Kerala.pdf,PMBJK14500,Kerala,Alappuzha,SOUTH_INDIA_IN_SCOPE,554.0,MATCHED,Matched via exact.
Kerala.pdf,PMBJK14508,Kerala,Thiruvananthapuram,SOUTH_INDIA_IN_SCOPE,565.0,MATCHED,Matched via exact.
Kerala.pdf,PMBJK14509,Kerala,Palakkad,SOUTH_INDIA_IN_SCOPE,563.0,MATCHED,Matched via exact.
Kerala.pdf,PMBJK14555,Kerala,Kozhikode,SOUTH_INDIA_IN_SCOPE,561.0,MATCHED,Matched via exact.
Kerala.pdf,PMBJK14556,Kerala,Pathanamthitta,SOUTH_INDIA_IN_SCOPE,564.0,MATCHED,Matched via exact.
Kerala.pdf,PMBJK14557,Kerala,Malappuram,SOUTH_INDIA_IN_SCOPE,562.0,MATCHED,Matched via exact.
Kerala.pdf,PMBJK14563,Kerala,Kozhikode,SOUTH_INDIA_IN_SCOPE,561.0,MATCHED,Matched via exact.
Kerala.pdf,PMBJK14565,Kerala,Alappuzha,SOUTH_INDIA_IN_SCOPE,554.0,MATCHED,Matched via exact.
Kerala.pdf,PMBJK14572,Kerala,Kozhikode,SOUTH_INDIA_IN_SCOPE,561.0,MATCHED,Matched via exact.
Kerala.pdf,PMBJK14574,Kerala,Kannur,SOUTH_INDIA_IN_SCOPE,557.0,MATCHED,Matched via exact.
Kerala.pdf,PMBJK14576,Kerala,Kollam,SOUTH_INDIA_IN_SCOPE,559.0,MATCHED,Matched via exact.
Kerala.pdf,PMBJK14577,Kerala,Kollam,SOUTH_INDIA_IN_SCOPE,559.0,MATCHED,Matched via exact.
Kerala.pdf,PMBJK14578,Kerala,Palakkad,SOUTH_INDIA_IN_SCOPE,563.0,MATCHED,Matched via exact.
Kerala.pdf,PMBJK14579,Kerala,Kozhikode,SOUTH_INDIA_IN_SCOPE,561.0,MATCHED,Matched via exact.
Kerala.pdf,PMBJK14580,Kerala,Kollam,SOUTH_INDIA_IN_SCOPE,559.0,MATCHED,Matched via exact.
Kerala.pdf,PMBJK14581,Kerala,Malappuram,SOUTH_INDIA_IN_SCOPE,562.0,MATCHED,Matched via exact.
Kerala.pdf,PMBJK14582,Kerala,Kozhikode,SOUTH_INDIA_IN_SCOPE,561.0,MATCHED,Matched via exact.
Kerala.pdf,PMBJK14583,Kerala,Malappuram,SOUTH_INDIA_IN_SCOPE,562.0,MATCHED,Matched via exact.
Kerala.pdf,PMBJK14584,Kerala,Thiruvananthapuram,SOUTH_INDIA_IN_SCOPE,565.0,MATCHED,Matched via exact.
Kerala.pdf,PMBJK14585,Kerala,Kannur,SOUTH_INDIA_IN_SCOPE,557.0,MATCHED,Matched via exact.
Kerala.pdf,PMBJK14586,Kerala,Malappuram,SOUTH_INDIA_IN_SCOPE,562.0,MATCHED,Matched via exact.
Kerala.pdf,PMBJK14596,Kerala,Palakkad,SOUTH_INDIA_IN_SCOPE,563.0,MATCHED,Matched via exact.
Kerala.pdf,PMBJK14604,Kerala,Malappuram,SOUTH_INDIA_IN_SCOPE,562.0,MATCHED,Matched via exact.
Kerala.pdf,PMBJK14606,Kerala,Ernakulam,SOUTH_INDIA_IN_SCOPE,555.0,MATCHED,Matched via exact.
Kerala.pdf,PMBJK14607,Kerala,Kozhikode,SOUTH_INDIA_IN_SCOPE,561.0,MATCHED,Matched via exact.
Kerala.pdf,PMBJK14608,Kerala,Palakkad,SOUTH_INDIA_IN_SCOPE,563.0,MATCHED,Matched via exact.
Kerala.pdf,PMBJK14611,Kerala,Idukki,SOUTH_INDIA_IN_SCOPE,556.0,MATCHED,Matched via exact.
Kerala.pdf,PMBJK14612,Kerala,Kozhikode,SOUTH_INDIA_IN_SCOPE,561.0,MATCHED,Matched via exact.
Kerala.pdf,PMBJK14615,Kerala,Thiruvananthapuram,SOUTH_INDIA_IN_SCOPE,565.0,MATCHED,Matched via exact.
Kerala.pdf,PMBJK14616,Kerala,Kottayam,SOUTH_INDIA_IN_SCOPE,560.0,MATCHED,Matched via exact.
Kerala.pdf,PMBJK14617,Kerala,Malappuram,SOUTH_INDIA_IN_SCOPE,562.0,MATCHED,Matched via exact.
Kerala.pdf,PMBJK14619,Kerala,Ernakulam,SOUTH_INDIA_IN_SCOPE,555.0,MATCHED,Matched via exact.
Kerala.pdf,PMBJK14620,Kerala,Palakkad,SOUTH_INDIA_IN_SCOPE,563.0,MATCHED,Matched via exact.
Kerala.pdf,PMBJK14629,Kerala,Kollam,SOUTH_INDIA_IN_SCOPE,559.0,MATCHED,Matched via exact.
Kerala.pdf,PMBJK14632,Kerala,Ernakulam,SOUTH_INDIA_IN_SCOPE,555.0,MATCHED,Matched via exact.
Kerala.pdf,PMBJK14634,Kerala,Thiruvananthapuram,SOUTH_INDIA_IN_SCOPE,565.0,MATCHED,Matched via exact.
Kerala.pdf,PMBJK14635,Kerala,Kozhikode,SOUTH_INDIA_IN_SCOPE,561.0,MATCHED,Matched via exact.
Kerala.pdf,PMBJK14656,Kerala,Thiruvananthapuram,SOUTH_INDIA_IN_SCOPE,565.0,MATCHED,Matched via exact.
Kerala.pdf,PMBJK14657,Kerala,Malappuram,SOUTH_INDIA_IN_SCOPE,562.0,MATCHED,Matched via exact.
Kerala.pdf,PMBJK14658,Kerala,Alappuzha,SOUTH_INDIA_IN_SCOPE,554.0,MATCHED,Matched via exact.
Kerala.pdf,PMBJK14669,Kerala,Thiruvananthapuram,SOUTH_INDIA_IN_SCOPE,565.0,MATCHED,Matched via exact.
Kerala.pdf,PMBJK14670,Kerala,Kozhikode,SOUTH_INDIA_IN_SCOPE,561.0,MATCHED,Matched via exact.
Kerala.pdf,PMBJK14675,Kerala,Malappuram,SOUTH_INDIA_IN_SCOPE,562.0,MATCHED,Matched via exact.
Kerala.pdf,PMBJK14676,Kerala,Kollam,SOUTH_INDIA_IN_SCOPE,559.0,MATCHED,Matched via exact.
Kerala.pdf,PMBJK14683,Kerala,Thrissur,SOUTH_INDIA_IN_SCOPE,566.0,MATCHED,Matched via exact.
Kerala.pdf,PMBJK14684,Kerala,Thrissur,SOUTH_INDIA_IN_SCOPE,566.0,MATCHED,Matched via exact.
Kerala.pdf,PMBJK14685,Kerala,Thrissur,SOUTH_INDIA_IN_SCOPE,566.0,MATCHED,Matched via exact.
Kerala.pdf,PMBJK14702,Kerala,Kollam,SOUTH_INDIA_IN_SCOPE,559.0,MATCHED,Matched via exact.
Kerala.pdf,PMBJK14703,Kerala,Pathanamthitta,SOUTH_INDIA_IN_SCOPE,564.0,MATCHED,Matched via exact.
Kerala.pdf,PMBJK14704,Kerala,Idukki,SOUTH_INDIA_IN_SCOPE,556.0,MATCHED,Matched via exact.
Kerala.pdf,PMBJK14705,Kerala,Thiruvananthapuram,SOUTH_INDIA_IN_SCOPE,565.0,MATCHED,Matched via exact.
Kerala.pdf,PMBJK14706,Kerala,Kannur,SOUTH_INDIA_IN_SCOPE,557.0,MATCHED,Matched via exact.
Kerala.pdf,PMBJK14707,Kerala,Malappuram,SOUTH_INDIA_IN_SCOPE,562.0,MATCHED,Matched via exact.
Kerala.pdf,PMBJK14708,Kerala,Kozhikode,SOUTH_INDIA_IN_SCOPE,561.0,MATCHED,Matched via exact.
Kerala.pdf,PMBJK14709,Kerala,Ernakulam,SOUTH_INDIA_IN_SCOPE,555.0,MATCHED,Matched via exact.
Kerala.pdf,PMBJK14710,Kerala,Malappuram,SOUTH_INDIA_IN_SCOPE,562.0,MATCHED,Matched via exact.
Kerala.pdf,PMBJK14711,Kerala,Thrissur,SOUTH_INDIA_IN_SCOPE,566.0,MATCHED,Matched via exact.
Kerala.pdf,PMBJK14712,Kerala,Kottayam,SOUTH_INDIA_IN_SCOPE,560.0,MATCHED,Matched via exact.
Kerala.pdf,PMBJK14731,Kerala,Ernakulam,SOUTH_INDIA_IN_SCOPE,555.0,MATCHED,Matched via exact.
Kerala.pdf,PMBJK14749,Kerala,Palakkad,SOUTH_INDIA_IN_SCOPE,563.0,MATCHED,Matched via exact.
Kerala.pdf,PMBJK14763,Kerala,Thrissur,SOUTH_INDIA_IN_SCOPE,566.0,MATCHED,Matched via exact.
Kerala.pdf,PMBJK14774,Kerala,Ernakulam,SOUTH_INDIA_IN_SCOPE,555.0,MATCHED,Matched via exact.
Kerala.pdf,PMBJK14787,Kerala,Alappuzha,SOUTH_INDIA_IN_SCOPE,554.0,MATCHED,Matched via exact.
Kerala.pdf,PMBJK14791,Kerala,Wayanad,SOUTH_INDIA_IN_SCOPE,567.0,MATCHED,Matched via exact.
Kerala.pdf,PMBJK14793,Kerala,Kollam,SOUTH_INDIA_IN_SCOPE,559.0,MATCHED,Matched via exact.
Kerala.pdf,PMBJK14794,Kerala,Kannur,SOUTH_INDIA_IN_SCOPE,557.0,MATCHED,Matched via exact.
Kerala.pdf,PMBJK14797,Kerala,Kollam,SOUTH_INDIA_IN_SCOPE,559.0,MATCHED,Matched via exact.
Kerala.pdf,PMBJK14802,Kerala,Pathanamthitta,SOUTH_INDIA_IN_SCOPE,564.0,MATCHED,Matched via exact.
Kerala.pdf,PMBJK14946,Kerala,Kannur,SOUTH_INDIA_IN_SCOPE,557.0,MATCHED,Matched via exact.
Kerala.pdf,PMBJK14957,Kerala,Ernakulam,SOUTH_INDIA_IN_SCOPE,555.0,MATCHED,Matched via exact.
Kerala.pdf,PMBJK14958,Kerala,Thrissur,SOUTH_INDIA_IN_SCOPE,566.0,MATCHED,Matched via exact.
Kerala.pdf,PMBJK14960,Kerala,Idukki,SOUTH_INDIA_IN_SCOPE,556.0,MATCHED,Matched via exact.
Kerala.pdf,PMBJK14970,Kerala,Thrissur,SOUTH_INDIA_IN_SCOPE,566.0,MATCHED,Matched via exact.
Kerala.pdf,PMBJK14971,Kerala,Thrissur,SOUTH_INDIA_IN_SCOPE,566.0,MATCHED,Matched via exact.
Kerala.pdf,PMBJK14972,Kerala,Wayanad,SOUTH_INDIA_IN_SCOPE,567.0,MATCHED,Matched via exact.
Kerala.pdf,PMBJK14974,Kerala,Thrissur,SOUTH_INDIA_IN_SCOPE,566.0,MATCHED,Matched via exact.
Kerala.pdf,PMBJK14975,Kerala,Alappuzha,SOUTH_INDIA_IN_SCOPE,554.0,MATCHED,Matched via exact.
Kerala.pdf,PMBJK14980,Kerala,Kollam,SOUTH_INDIA_IN_SCOPE,559.0,MATCHED,Matched via exact.
Kerala.pdf,PMBJK14981,Kerala,Thiruvananthapuram,SOUTH_INDIA_IN_SCOPE,565.0,MATCHED,Matched via exact.
Kerala.pdf,PMBJK14998,Kerala,Alappuzha,SOUTH_INDIA_IN_SCOPE,554.0,MATCHED,Matched via exact.
Kerala.pdf,PMBJK14999,Kerala,Thrissur,SOUTH_INDIA_IN_SCOPE,566.0,MATCHED,Matched via exact.
Kerala.pdf,PMBJK15000,Kerala,Kozhikode,SOUTH_INDIA_IN_SCOPE,561.0,MATCHED,Matched via exact.
Kerala.pdf,PMBJK15001,Kerala,Kannur,SOUTH_INDIA_IN_SCOPE,557.0,MATCHED,Matched via exact.
Kerala.pdf,PMBJK15002,Kerala,Kozhikode,SOUTH_INDIA_IN_SCOPE,561.0,MATCHED,Matched via exact.
Kerala.pdf,PMBJK15003,Kerala,Kannur,SOUTH_INDIA_IN_SCOPE,557.0,MATCHED,Matched via exact.
Kerala.pdf,PMBJK15028,Kerala,Palakkad,SOUTH_INDIA_IN_SCOPE,563.0,MATCHED,Matched via exact.
Kerala.pdf,PMBJK15029,Kerala,Alappuzha,SOUTH_INDIA_IN_SCOPE,554.0,MATCHED,Matched via exact.
Kerala.pdf,PMBJK15041,Kerala,Ernakulam,SOUTH_INDIA_IN_SCOPE,555.0,MATCHED,Matched via exact.
Kerala.pdf,PMBJK15045,Kerala,Malappuram,SOUTH_INDIA_IN_SCOPE,562.0,MATCHED,Matched via exact.
Kerala.pdf,PMBJK15046,Kerala,Palakkad,SOUTH_INDIA_IN_SCOPE,563.0,MATCHED,Matched via exact.
Kerala.pdf,PMBJK15047,Kerala,Thrissur,SOUTH_INDIA_IN_SCOPE,566.0,MATCHED,Matched via exact.
Kerala.pdf,PMBJK15048,Kerala,Kollam,SOUTH_INDIA_IN_SCOPE,559.0,MATCHED,Matched via exact.
Kerala.pdf,PMBJK15097,Kerala,Malappuram,SOUTH_INDIA_IN_SCOPE,562.0,MATCHED,Matched via exact.
Kerala.pdf,PMBJK15098,Kerala,Thrissur,SOUTH_INDIA_IN_SCOPE,566.0,MATCHED,Matched via exact.
Kerala.pdf,PMBJK15099,Kerala,Thrissur,SOUTH_INDIA_IN_SCOPE,566.0,MATCHED,Matched via exact.
Kerala.pdf,PMBJK15100,Kerala,Thrissur,SOUTH_INDIA_IN_SCOPE,566.0,MATCHED,Matched via exact.
Kerala.pdf,PMBJK15101,Kerala,Malappuram,SOUTH_INDIA_IN_SCOPE,562.0,MATCHED,Matched via exact.
Kerala.pdf,PMBJK15106,Kerala,Kozhikode,SOUTH_INDIA_IN_SCOPE,561.0,MATCHED,Matched via exact.
Kerala.pdf,PMBJK15113,Kerala,Kannur,SOUTH_INDIA_IN_SCOPE,557.0,MATCHED,Matched via exact.
Kerala.pdf,PMBJK15114,Kerala,Wayanad,SOUTH_INDIA_IN_SCOPE,567.0,MATCHED,Matched via exact.
Kerala.pdf,PMBJK15115,Kerala,Kozhikode,SOUTH_INDIA_IN_SCOPE,561.0,MATCHED,Matched via exact.
Kerala.pdf,PMBJK15120,Kerala,Alappuzha,SOUTH_INDIA_IN_SCOPE,554.0,MATCHED,Matched via exact.
Kerala.pdf,PMBJK15121,Kerala,Thiruvananthapuram,SOUTH_INDIA_IN_SCOPE,565.0,MATCHED,Matched via exact.
Kerala.pdf,PMBJK15125,Kerala,Ernakulam,SOUTH_INDIA_IN_SCOPE,555.0,MATCHED,Matched via exact.
Kerala.pdf,PMBJK15126,Kerala,Alappuzha,SOUTH_INDIA_IN_SCOPE,554.0,MATCHED,Matched via exact.
Kerala.pdf,PMBJK15127,Kerala,Malappuram,SOUTH_INDIA_IN_SCOPE,562.0,MATCHED,Matched via exact.
Kerala.pdf,PMBJK15128,Kerala,Palakkad,SOUTH_INDIA_IN_SCOPE,563.0,MATCHED,Matched via exact.
Kerala.pdf,PMBJK15129,Kerala,Wayanad,SOUTH_INDIA_IN_SCOPE,567.0,MATCHED,Matched via exact.
Kerala.pdf,PMBJK15130,Kerala,Kozhikode,SOUTH_INDIA_IN_SCOPE,561.0,MATCHED,Matched via exact.
Kerala.pdf,PMBJK15131,Kerala,Palakkad,SOUTH_INDIA_IN_SCOPE,563.0,MATCHED,Matched via exact.
Kerala.pdf,PMBJK15132,Kerala,Kozhikode,SOUTH_INDIA_IN_SCOPE,561.0,MATCHED,Matched via exact.
Kerala.pdf,PMBJK15133,Kerala,Alappuzha,SOUTH_INDIA_IN_SCOPE,554.0,MATCHED,Matched via exact.
Kerala.pdf,PMBJK15134,Kerala,Kannur,SOUTH_INDIA_IN_SCOPE,557.0,MATCHED,Matched via exact.
Kerala.pdf,PMBJK15135,Kerala,Ernakulam,SOUTH_INDIA_IN_SCOPE,555.0,MATCHED,Matched via exact.
Kerala.pdf,PMBJK15136,Kerala,Kottayam,SOUTH_INDIA_IN_SCOPE,560.0,MATCHED,Matched via exact.
Kerala.pdf,PMBJK15137,Kerala,Thrissur,SOUTH_INDIA_IN_SCOPE,566.0,MATCHED,Matched via exact.
Kerala.pdf,PMBJK15138,Kerala,Ernakulam,SOUTH_INDIA_IN_SCOPE,555.0,MATCHED,Matched via exact.
Kerala.pdf,PMBJK15144,Kerala,Palakkad,SOUTH_INDIA_IN_SCOPE,563.0,MATCHED,Matched via exact.
Kerala.pdf,PMBJK15145,Kerala,Idukki,SOUTH_INDIA_IN_SCOPE,556.0,MATCHED,Matched via exact.
Kerala.pdf,PMBJK15146,Kerala,Kasaragod,SOUTH_INDIA_IN_SCOPE,558.0,MATCHED,Matched via exact.
Kerala.pdf,PMBJK15147,Kerala,Thiruvananthapuram,SOUTH_INDIA_IN_SCOPE,565.0,MATCHED,Matched via exact.
Kerala.pdf,PMBJK15232,Kerala,Kozhikode,SOUTH_INDIA_IN_SCOPE,561.0,MATCHED,Matched via exact.
Kerala.pdf,PMBJK15233,Kerala,Ernakulam,SOUTH_INDIA_IN_SCOPE,555.0,MATCHED,Matched via exact.
Kerala.pdf,PMBJK15241,Kerala,Kasaragod,SOUTH_INDIA_IN_SCOPE,558.0,MATCHED,Matched via exact.
Kerala.pdf,PMBJK15247,Kerala,Kozhikode,SOUTH_INDIA_IN_SCOPE,561.0,MATCHED,Matched via exact.
Kerala.pdf,PMBJK15258,Kerala,Kasaragod,SOUTH_INDIA_IN_SCOPE,558.0,MATCHED,Matched via exact.
Kerala.pdf,PMBJK15259,Kerala,Thiruvananthapuram,SOUTH_INDIA_IN_SCOPE,565.0,MATCHED,Matched via exact.
Kerala.pdf,PMBJK15260,Kerala,Kollam,SOUTH_INDIA_IN_SCOPE,559.0,MATCHED,Matched via exact.
Kerala.pdf,PMBJK15265,Kerala,Alappuzha,SOUTH_INDIA_IN_SCOPE,554.0,MATCHED,Matched via exact.
Kerala.pdf,PMBJK15278,Kerala,Palakkad,SOUTH_INDIA_IN_SCOPE,563.0,MATCHED,Matched via exact.
Kerala.pdf,PMBJK15279,Kerala,Palakkad,SOUTH_INDIA_IN_SCOPE,563.0,MATCHED,Matched via exact.
Kerala.pdf,PMBJK15308,Kerala,Kannur,SOUTH_INDIA_IN_SCOPE,557.0,MATCHED,Matched via exact.
Kerala.pdf,PMBJK15313,Kerala,Kozhikode,SOUTH_INDIA_IN_SCOPE,561.0,MATCHED,Matched via exact.
Kerala.pdf,PMBJK15314,Kerala,Kottayam,SOUTH_INDIA_IN_SCOPE,560.0,MATCHED,Matched via exact.
Kerala.pdf,PMBJK15315,Kerala,Kozhikode,SOUTH_INDIA_IN_SCOPE,561.0,MATCHED,Matched via exact.
Kerala.pdf,PMBJK15316,Kerala,Kasaragod,SOUTH_INDIA_IN_SCOPE,558.0,MATCHED,Matched via exact.
Kerala.pdf,PMBJK15317,Kerala,Thiruvananthapuram,SOUTH_INDIA_IN_SCOPE,565.0,MATCHED,Matched via exact.
Kerala.pdf,PMBJK15318,Kerala,Kozhikode,SOUTH_INDIA_IN_SCOPE,561.0,MATCHED,Matched via exact.
Kerala.pdf,PMBJK15320,Kerala,Alappuzha,SOUTH_INDIA_IN_SCOPE,554.0,MATCHED,Matched via exact.
Kerala.pdf,PMBJK15321,Kerala,Thrissur,SOUTH_INDIA_IN_SCOPE,566.0,MATCHED,Matched via exact.
Kerala.pdf,PMBJK15346,Kerala,Ernakulam,SOUTH_INDIA_IN_SCOPE,555.0,MATCHED,Matched via exact.
Kerala.pdf,PMBJK15347,Kerala,Palakkad,SOUTH_INDIA_IN_SCOPE,563.0,MATCHED,Matched via exact.
Kerala.pdf,PMBJK15352,Kerala,Thiruvananthapuram,SOUTH_INDIA_IN_SCOPE,565.0,MATCHED,Matched via exact.
Kerala.pdf,PMBJK15375,Kerala,Kozhikode,SOUTH_INDIA_IN_SCOPE,561.0,MATCHED,Matched via exact.
Kerala.pdf,PMBJK15376,Kerala,Thrissur,SOUTH_INDIA_IN_SCOPE,566.0,MATCHED,Matched via exact.
Kerala.pdf,PMBJK15377,Kerala,Kottayam,SOUTH_INDIA_IN_SCOPE,560.0,MATCHED,Matched via exact.
Kerala.pdf,PMBJK15420,Kerala,Ernakulam,SOUTH_INDIA_IN_SCOPE,555.0,MATCHED,Matched via exact.
Kerala.pdf,PMBJK15421,Kerala,Kozhikode,SOUTH_INDIA_IN_SCOPE,561.0,MATCHED,Matched via exact.
Kerala.pdf,PMBJK15422,Kerala,Kottayam,SOUTH_INDIA_IN_SCOPE,560.0,MATCHED,Matched via exact.
Kerala.pdf,PMBJK15423,Kerala,Kottayam,SOUTH_INDIA_IN_SCOPE,560.0,MATCHED,Matched via exact.
Kerala.pdf,PMBJK15433,Kerala,Ernakulam,SOUTH_INDIA_IN_SCOPE,555.0,MATCHED,Matched via exact.
Kerala.pdf,PMBJK15438,Kerala,Thrissur,SOUTH_INDIA_IN_SCOPE,566.0,MATCHED,Matched via exact.
Kerala.pdf,PMBJK15463,Kerala,Kozhikode,SOUTH_INDIA_IN_SCOPE,561.0,MATCHED,Matched via exact.
Kerala.pdf,PMBJK15464,Kerala,Palakkad,SOUTH_INDIA_IN_SCOPE,563.0,MATCHED,Matched via exact.
Kerala.pdf,PMBJK15465,Kerala,Ernakulam,SOUTH_INDIA_IN_SCOPE,555.0,MATCHED,Matched via exact.
Kerala.pdf,PMBJK15466,Kerala,Wayanad,SOUTH_INDIA_IN_SCOPE,567.0,MATCHED,Matched via exact.
Kerala.pdf,PMBJK15551,Kerala,Palakkad,SOUTH_INDIA_IN_SCOPE,563.0,MATCHED,Matched via exact.
Kerala.pdf,PMBJK15564,Kerala,Thrissur,SOUTH_INDIA_IN_SCOPE,566.0,MATCHED,Matched via exact.
Kerala.pdf,PMBJK15589,Kerala,Palakkad,SOUTH_INDIA_IN_SCOPE,563.0,MATCHED,Matched via exact.
Kerala.pdf,PMBJK15591,Kerala,Kozhikode,SOUTH_INDIA_IN_SCOPE,561.0,MATCHED,Matched via exact.
Kerala.pdf,PMBJK15599,Kerala,Malappuram,SOUTH_INDIA_IN_SCOPE,562.0,MATCHED,Matched via exact.
Kerala.pdf,PMBJK15622,Kerala,Palakkad,SOUTH_INDIA_IN_SCOPE,563.0,MATCHED,Matched via exact.
Kerala.pdf,PMBJK15623,Kerala,Idukki,SOUTH_INDIA_IN_SCOPE,556.0,MATCHED,Matched via exact.
Kerala.pdf,PMBJK15646,Kerala,Ernakulam,SOUTH_INDIA_IN_SCOPE,555.0,MATCHED,Matched via exact.
Kerala.pdf,PMBJK15647,Kerala,Alappuzha,SOUTH_INDIA_IN_SCOPE,554.0,MATCHED,Matched via exact.
Kerala.pdf,PMBJK15651,Kerala,Palakkad,SOUTH_INDIA_IN_SCOPE,563.0,MATCHED,Matched via exact.
Kerala.pdf,PMBJK15656,Kerala,Thrissur,SOUTH_INDIA_IN_SCOPE,566.0,MATCHED,Matched via exact.
Kerala.pdf,PMBJK15657,Kerala,Kozhikode,SOUTH_INDIA_IN_SCOPE,561.0,MATCHED,Matched via exact.
Kerala.pdf,PMBJK15659,Kerala,Thrissur,SOUTH_INDIA_IN_SCOPE,566.0,MATCHED,Matched via exact.
Kerala.pdf,PMBJK15660,Kerala,Thrissur,SOUTH_INDIA_IN_SCOPE,566.0,MATCHED,Matched via exact.
Kerala.pdf,PMBJK15671,Kerala,Malappuram,SOUTH_INDIA_IN_SCOPE,562.0,MATCHED,Matched via exact.
Kerala.pdf,PMBJK15672,Kerala,Thrissur,SOUTH_INDIA_IN_SCOPE,566.0,MATCHED,Matched via exact.
Kerala.pdf,PMBJK15673,Kerala,Kozhikode,SOUTH_INDIA_IN_SCOPE,561.0,MATCHED,Matched via exact.
Kerala.pdf,PMBJK15674,Kerala,Ernakulam,SOUTH_INDIA_IN_SCOPE,555.0,MATCHED,Matched via exact.
Kerala.pdf,PMBJK15675,Kerala,Palakkad,SOUTH_INDIA_IN_SCOPE,563.0,MATCHED,Matched via exact.
Kerala.pdf,PMBJK15676,Kerala,Alappuzha,SOUTH_INDIA_IN_SCOPE,554.0,MATCHED,Matched via exact.
Kerala.pdf,PMBJK15677,Kerala,Kannur,SOUTH_INDIA_IN_SCOPE,557.0,MATCHED,Matched via exact.
Kerala.pdf,PMBJK15681,Kerala,Ernakulam,SOUTH_INDIA_IN_SCOPE,555.0,MATCHED,Matched via exact.
Kerala.pdf,PMBJK15726,Kerala,Thiruvananthapuram,SOUTH_INDIA_IN_SCOPE,565.0,MATCHED,Matched via exact.
Kerala.pdf,PMBJK15727,Kerala,Thrissur,SOUTH_INDIA_IN_SCOPE,566.0,MATCHED,Matched via exact.
Kerala.pdf,PMBJK15735,Kerala,Kollam,SOUTH_INDIA_IN_SCOPE,559.0,MATCHED,Matched via exact.
Kerala.pdf,PMBJK15736,Kerala,Thrissur,SOUTH_INDIA_IN_SCOPE,566.0,MATCHED,Matched via exact.
Kerala.pdf,PMBJK15747,Kerala,Thrissur,SOUTH_INDIA_IN_SCOPE,566.0,MATCHED,Matched via exact.
Kerala.pdf,PMBJK15799,Kerala,Kollam,SOUTH_INDIA_IN_SCOPE,559.0,MATCHED,Matched via exact.
Kerala.pdf,PMBJK15829,Kerala,Palakkad,SOUTH_INDIA_IN_SCOPE,563.0,MATCHED,Matched via exact.
Kerala.pdf,PMBJK15830,Kerala,Palakkad,SOUTH_INDIA_IN_SCOPE,563.0,MATCHED,Matched via exact.
Kerala.pdf,PMBJK15831,Kerala,Thiruvananthapuram,SOUTH_INDIA_IN_SCOPE,565.0,MATCHED,Matched via exact.
Kerala.pdf,PMBJK15832,Kerala,Kottayam,SOUTH_INDIA_IN_SCOPE,560.0,MATCHED,Matched via exact.
Kerala.pdf,PMBJK15833,Kerala,Thrissur,SOUTH_INDIA_IN_SCOPE,566.0,MATCHED,Matched via exact.
Kerala.pdf,PMBJK15839,Kerala,Kollam,SOUTH_INDIA_IN_SCOPE,559.0,MATCHED,Matched via exact.
Kerala.pdf,PMBJK15840,Kerala,Palakkad,SOUTH_INDIA_IN_SCOPE,563.0,MATCHED,Matched via exact.
Kerala.pdf,PMBJK15841,Kerala,Alappuzha,SOUTH_INDIA_IN_SCOPE,554.0,MATCHED,Matched via exact.
Kerala.pdf,PMBJK15842,Kerala,Palakkad,SOUTH_INDIA_IN_SCOPE,563.0,MATCHED,Matched via exact.
Kerala.pdf,PMBJK15843,Kerala,Ernakulam,SOUTH_INDIA_IN_SCOPE,555.0,MATCHED,Matched via exact.
Kerala.pdf,PMBJK15844,Kerala,Ernakulam,SOUTH_INDIA_IN_SCOPE,555.0,MATCHED,Matched via exact.
Kerala.pdf,PMBJK15845,Kerala,Idukki,SOUTH_INDIA_IN_SCOPE,556.0,MATCHED,Matched via exact.
Kerala.pdf,PMBJK15846,Kerala,Kasaragod,SOUTH_INDIA_IN_SCOPE,558.0,MATCHED,Matched via exact.
Kerala.pdf,PMBJK15847,Kerala,Pathanamthitta,SOUTH_INDIA_IN_SCOPE,564.0,MATCHED,Matched via exact.
Kerala.pdf,PMBJK15896,Kerala,Pathanamthitta,SOUTH_INDIA_IN_SCOPE,564.0,MATCHED,Matched via exact.
Kerala.pdf,PMBJK15897,Kerala,Palakkad,SOUTH_INDIA_IN_SCOPE,563.0,MATCHED,Matched via exact.
Kerala.pdf,PMBJK15902,Kerala,Ernakulam,SOUTH_INDIA_IN_SCOPE,555.0,MATCHED,Matched via exact.
Kerala.pdf,PMBJK15903,Kerala,Kannur,SOUTH_INDIA_IN_SCOPE,557.0,MATCHED,Matched via exact.
Kerala.pdf,PMBJK15909,Kerala,Ernakulam,SOUTH_INDIA_IN_SCOPE,555.0,MATCHED,Matched via exact.
Kerala.pdf,PMBJK15911,Kerala,Kannur,SOUTH_INDIA_IN_SCOPE,557.0,MATCHED,Matched via exact.
Kerala.pdf,PMBJK15938,Kerala,Kozhikode,SOUTH_INDIA_IN_SCOPE,561.0,MATCHED,Matched via exact.
Kerala.pdf,PMBJK15942,Kerala,Kollam,SOUTH_INDIA_IN_SCOPE,559.0,MATCHED,Matched via exact.
Kerala.pdf,PMBJK15945,Kerala,Kottayam,SOUTH_INDIA_IN_SCOPE,560.0,MATCHED,Matched via exact.
Kerala.pdf,PMBJK15946,Kerala,Kannur,SOUTH_INDIA_IN_SCOPE,557.0,MATCHED,Matched via exact.
Kerala.pdf,PMBJK15968,Kerala,Thrissur,SOUTH_INDIA_IN_SCOPE,566.0,MATCHED,Matched via exact.
Kerala.pdf,PMBJK15971,Kerala,Kottayam,SOUTH_INDIA_IN_SCOPE,560.0,MATCHED,Matched via exact.
Kerala.pdf,PMBJK15972,Kerala,Ernakulam,SOUTH_INDIA_IN_SCOPE,555.0,MATCHED,Matched via exact.
Kerala.pdf,PMBJK16006,Kerala,Kozhikode,SOUTH_INDIA_IN_SCOPE,561.0,MATCHED,Matched via exact.
Kerala.pdf,PMBJK16011,Kerala,Alappuzha,SOUTH_INDIA_IN_SCOPE,554.0,MATCHED,Matched via exact.
Kerala.pdf,PMBJK16012,Kerala,Thrissur,SOUTH_INDIA_IN_SCOPE,566.0,MATCHED,Matched via exact.
Kerala.pdf,PMBJK16013,Kerala,Thrissur,SOUTH_INDIA_IN_SCOPE,566.0,MATCHED,Matched via exact.
Kerala.pdf,PMBJK16014,Kerala,Malappuram,SOUTH_INDIA_IN_SCOPE,562.0,MATCHED,Matched via exact.
Kerala.pdf,PMBJK16043,Kerala,Palakkad,SOUTH_INDIA_IN_SCOPE,563.0,MATCHED,Matched via exact.
Kerala.pdf,PMBJK16055,Kerala,Thrissur,SOUTH_INDIA_IN_SCOPE,566.0,MATCHED,Matched via exact.
Kerala.pdf,PMBJK16056,Kerala,Ernakulam,SOUTH_INDIA_IN_SCOPE,555.0,MATCHED,Matched via exact.
Kerala.pdf,PMBJK16071,Kerala,Alappuzha,SOUTH_INDIA_IN_SCOPE,554.0,MATCHED,Matched via exact.
Kerala.pdf,PMBJK16072,Kerala,Palakkad,SOUTH_INDIA_IN_SCOPE,563.0,MATCHED,Matched via exact.
Kerala.pdf,PMBJK16104,Kerala,Kasaragod,SOUTH_INDIA_IN_SCOPE,558.0,MATCHED,Matched via exact.
Kerala.pdf,PMBJK16109,Kerala,Ernakulam,SOUTH_INDIA_IN_SCOPE,555.0,MATCHED,Matched via exact.
Kerala.pdf,PMBJK16131,Kerala,Alappuzha,SOUTH_INDIA_IN_SCOPE,554.0,MATCHED,Matched via exact.
Kerala.pdf,PMBJK16181,Kerala,Thrissur,SOUTH_INDIA_IN_SCOPE,566.0,MATCHED,Matched via exact.
Kerala.pdf,PMBJK16182,Kerala,Kannur,SOUTH_INDIA_IN_SCOPE,557.0,MATCHED,Matched via exact.
Kerala.pdf,PMBJK16201,Kerala,Kottayam,SOUTH_INDIA_IN_SCOPE,560.0,MATCHED,Matched via exact.
Kerala.pdf,PMBJK16208,Kerala,Malappuram,SOUTH_INDIA_IN_SCOPE,562.0,MATCHED,Matched via exact.
Kerala.pdf,PMBJK16209,Kerala,Thrissur,SOUTH_INDIA_IN_SCOPE,566.0,MATCHED,Matched via exact.
Kerala.pdf,PMBJK16210,Kerala,Thrissur,SOUTH_INDIA_IN_SCOPE,566.0,MATCHED,Matched via exact.
Kerala.pdf,PMBJK16211,Kerala,Malappuram,SOUTH_INDIA_IN_SCOPE,562.0,MATCHED,Matched via exact.
Kerala.pdf,PMBJK16335,Kerala,Kollam,SOUTH_INDIA_IN_SCOPE,559.0,MATCHED,Matched via exact.
Kerala.pdf,PMBJK16336,Kerala,Ernakulam,SOUTH_INDIA_IN_SCOPE,555.0,MATCHED,Matched via exact.
Kerala.pdf,PMBJK16337,Kerala,Kottayam,SOUTH_INDIA_IN_SCOPE,560.0,MATCHED,Matched via exact.
Kerala.pdf,PMBJK16338,Kerala,Thiruvananthapuram,SOUTH_INDIA_IN_SCOPE,565.0,MATCHED,Matched via exact.
Kerala.pdf,PMBJK16374,Kerala,Thrissur,SOUTH_INDIA_IN_SCOPE,566.0,MATCHED,Matched via exact.
Kerala.pdf,PMBJK16375,Kerala,Palakkad,SOUTH_INDIA_IN_SCOPE,563.0,MATCHED,Matched via exact.
Kerala.pdf,PMBJK16376,Kerala,Ernakulam,SOUTH_INDIA_IN_SCOPE,555.0,MATCHED,Matched via exact.
Kerala.pdf,PMBJK16377,Kerala,Ernakulam,SOUTH_INDIA_IN_SCOPE,555.0,MATCHED,Matched via exact.
Kerala.pdf,PMBJK16412,Kerala,Thrissur,SOUTH_INDIA_IN_SCOPE,566.0,MATCHED,Matched via exact.
Kerala.pdf,PMBJK16486,Kerala,Thrissur,SOUTH_INDIA_IN_SCOPE,566.0,MATCHED,Matched via exact.
Kerala.pdf,PMBJK16487,Kerala,Malappuram,SOUTH_INDIA_IN_SCOPE,562.0,MATCHED,Matched via exact.
Kerala.pdf,PMBJK16488,Kerala,Pathanamthitta,SOUTH_INDIA_IN_SCOPE,564.0,MATCHED,Matched via exact.
Kerala.pdf,PMBJK16489,Kerala,Thiruvananthapuram,SOUTH_INDIA_IN_SCOPE,565.0,MATCHED,Matched via exact.
Kerala.pdf,PMBJK16490,Kerala,Kozhikode,SOUTH_INDIA_IN_SCOPE,561.0,MATCHED,Matched via exact.
Kerala.pdf,PMBJK16536,Kerala,Thiruvananthapuram,SOUTH_INDIA_IN_SCOPE,565.0,MATCHED,Matched via exact.
Kerala.pdf,PMBJK16537,Kerala,Kozhikode,SOUTH_INDIA_IN_SCOPE,561.0,MATCHED,Matched via exact.
Kerala.pdf,PMBJK16538,Kerala,Kozhikode,SOUTH_INDIA_IN_SCOPE,561.0,MATCHED,Matched via exact.
Kerala.pdf,PMBJK16539,Kerala,Kottayam,SOUTH_INDIA_IN_SCOPE,560.0,MATCHED,Matched via exact.
Kerala.pdf,PMBJK16540,Kerala,Kannur,SOUTH_INDIA_IN_SCOPE,557.0,MATCHED,Matched via exact.
Kerala.pdf,PMBJK16541,Kerala,Ernakulam,SOUTH_INDIA_IN_SCOPE,555.0,MATCHED,Matched via exact.
Kerala.pdf,PMBJK16571,Kerala,Thiruvananthapuram,SOUTH_INDIA_IN_SCOPE,565.0,MATCHED,Matched via exact.
Kerala.pdf,PMBJK16572,Kerala,Kannur,SOUTH_INDIA_IN_SCOPE,557.0,MATCHED,Matched via exact.
Kerala.pdf,PMBJK16573,Kerala,Kannur,SOUTH_INDIA_IN_SCOPE,557.0,MATCHED,Matched via exact.
Kerala.pdf,PMBJK16575,Kerala,Palakkad,SOUTH_INDIA_IN_SCOPE,563.0,MATCHED,Matched via exact.
Kerala.pdf,PMBJK16596,Kerala,Thiruvananthapuram,SOUTH_INDIA_IN_SCOPE,565.0,MATCHED,Matched via exact.
Kerala.pdf,PMBJK16597,Kerala,Kollam,SOUTH_INDIA_IN_SCOPE,559.0,MATCHED,Matched via exact.
Kerala.pdf,PMBJK16598,Kerala,Palakkad,SOUTH_INDIA_IN_SCOPE,563.0,MATCHED,Matched via exact.
Kerala.pdf,PMBJK16599,Kerala,Kasaragod,SOUTH_INDIA_IN_SCOPE,558.0,MATCHED,Matched via exact.
Kerala.pdf,PMBJK16602,Kerala,Alappuzha,SOUTH_INDIA_IN_SCOPE,554.0,MATCHED,Matched via exact.
Kerala.pdf,PMBJK16644,Kerala,Kozhikode,SOUTH_INDIA_IN_SCOPE,561.0,MATCHED,Matched via exact.
Kerala.pdf,PMBJK16645,Kerala,Malappuram,SOUTH_INDIA_IN_SCOPE,562.0,MATCHED,Matched via exact.
Kerala.pdf,PMBJK16675,Kerala,Kottayam,SOUTH_INDIA_IN_SCOPE,560.0,MATCHED,Matched via exact.
Kerala.pdf,PMBJK16676,Kerala,Malappuram,SOUTH_INDIA_IN_SCOPE,562.0,MATCHED,Matched via exact.
Kerala.pdf,PMBJK16677,Kerala,Kannur,SOUTH_INDIA_IN_SCOPE,557.0,MATCHED,Matched via exact.
Kerala.pdf,PMBJK16691,Kerala,Ernakulam,SOUTH_INDIA_IN_SCOPE,555.0,MATCHED,Matched via exact.
Kerala.pdf,PMBJK16692,Kerala,Kannur,SOUTH_INDIA_IN_SCOPE,557.0,MATCHED,Matched via exact.
Kerala.pdf,PMBJK16693,Kerala,Kollam,SOUTH_INDIA_IN_SCOPE,559.0,MATCHED,Matched via exact.
Kerala.pdf,PMBJK16714,Kerala,Thrissur,SOUTH_INDIA_IN_SCOPE,566.0,MATCHED,Matched via exact.
Kerala.pdf,PMBJK16715,Kerala,Malappuram,SOUTH_INDIA_IN_SCOPE,562.0,MATCHED,Matched via exact.
Kerala.pdf,PMBJK16716,Kerala,Malappuram,SOUTH_INDIA_IN_SCOPE,562.0,MATCHED,Matched via exact.
Kerala.pdf,PMBJK16725,Kerala,Pathanamthitta,SOUTH_INDIA_IN_SCOPE,564.0,MATCHED,Matched via exact.
Kerala.pdf,PMBJK16726,Kerala,Thrissur,SOUTH_INDIA_IN_SCOPE,566.0,MATCHED,Matched via exact.
Kerala.pdf,PMBJK16727,Kerala,Palakkad,SOUTH_INDIA_IN_SCOPE,563.0,MATCHED,Matched via exact.
Kerala.pdf,PMBJK16795,Kerala,Thrissur,SOUTH_INDIA_IN_SCOPE,566.0,MATCHED,Matched via exact.
Kerala.pdf,PMBJK16796,Kerala,Alappuzha,SOUTH_INDIA_IN_SCOPE,554.0,MATCHED,Matched via exact.
Kerala.pdf,PMBJK16808,Kerala,Malappuram,SOUTH_INDIA_IN_SCOPE,562.0,MATCHED,Matched via exact.
Kerala.pdf,PMBJK16809,Kerala,Kottayam,SOUTH_INDIA_IN_SCOPE,560.0,MATCHED,Matched via exact.
Kerala.pdf,PMBJK16817,Kerala,Kottayam,SOUTH_INDIA_IN_SCOPE,560.0,MATCHED,Matched via exact.
Kerala.pdf,PMBJK16823,Kerala,Ernakulam,SOUTH_INDIA_IN_SCOPE,555.0,MATCHED,Matched via exact.
Kerala.pdf,PMBJK16865,Kerala,Kozhikode,SOUTH_INDIA_IN_SCOPE,561.0,MATCHED,Matched via exact.
Kerala.pdf,PMBJK16866,Kerala,Malappuram,SOUTH_INDIA_IN_SCOPE,562.0,MATCHED,Matched via exact.
Kerala.pdf,PMBJK16867,Kerala,Kollam,SOUTH_INDIA_IN_SCOPE,559.0,MATCHED,Matched via exact.
Kerala.pdf,PMBJK16907,Kerala,Idukki,SOUTH_INDIA_IN_SCOPE,556.0,MATCHED,Matched via exact.
Kerala.pdf,PMBJK16908,Kerala,Thrissur,SOUTH_INDIA_IN_SCOPE,566.0,MATCHED,Matched via exact.
Kerala.pdf,PMBJK16909,Kerala,Ernakulam,SOUTH_INDIA_IN_SCOPE,555.0,MATCHED,Matched via exact.
Kerala.pdf,PMBJK16920,Kerala,Palakkad,SOUTH_INDIA_IN_SCOPE,563.0,MATCHED,Matched via exact.
Kerala.pdf,PMBJK16944,Kerala,Thiruvananthapuram,SOUTH_INDIA_IN_SCOPE,565.0,MATCHED,Matched via exact.
Kerala.pdf,PMBJK16945,Kerala,Kannur,SOUTH_INDIA_IN_SCOPE,557.0,MATCHED,Matched via exact.
Kerala.pdf,PMBJK16946,Kerala,Thiruvananthapuram,SOUTH_INDIA_IN_SCOPE,565.0,MATCHED,Matched via exact.
Kerala.pdf,PMBJK16949,Kerala,Malappuram,SOUTH_INDIA_IN_SCOPE,562.0,MATCHED,Matched via exact.
Kerala.pdf,PMBJK16972,Kerala,Thiruvananthapuram,SOUTH_INDIA_IN_SCOPE,565.0,MATCHED,Matched via exact.
Kerala.pdf,PMBJK16995,Kerala,Pathanamthitta,SOUTH_INDIA_IN_SCOPE,564.0,MATCHED,Matched via exact.
Kerala.pdf,PMBJK16996,Kerala,Malappuram,SOUTH_INDIA_IN_SCOPE,562.0,MATCHED,Matched via exact.
Kerala.pdf,PMBJK16997,Kerala,Idukki,SOUTH_INDIA_IN_SCOPE,556.0,MATCHED,Matched via exact.
Kerala.pdf,PMBJK17007,Kerala,Alappuzha,SOUTH_INDIA_IN_SCOPE,554.0,MATCHED,Matched via exact.
Kerala.pdf,PMBJK17008,Kerala,Thiruvananthapuram,SOUTH_INDIA_IN_SCOPE,565.0,MATCHED,Matched via exact.
Kerala.pdf,PMBJK17032,Kerala,Kozhikode,SOUTH_INDIA_IN_SCOPE,561.0,MATCHED,Matched via exact.
Kerala.pdf,PMBJK17110,Kerala,Thiruvananthapuram,SOUTH_INDIA_IN_SCOPE,565.0,MATCHED,Matched via exact.
Kerala.pdf,PMBJK17111,Kerala,Thiruvananthapuram,SOUTH_INDIA_IN_SCOPE,565.0,MATCHED,Matched via exact.
Kerala.pdf,PMBJK17121,Kerala,Thiruvananthapuram,SOUTH_INDIA_IN_SCOPE,565.0,MATCHED,Matched via exact.
Kerala.pdf,PMBJK17143,Kerala,Kollam,SOUTH_INDIA_IN_SCOPE,559.0,MATCHED,Matched via exact.
Kerala.pdf,PMBJK17144,Kerala,Kannur,SOUTH_INDIA_IN_SCOPE,557.0,MATCHED,Matched via exact.
Kerala.pdf,PMBJK17145,Kerala,Kottayam,SOUTH_INDIA_IN_SCOPE,560.0,MATCHED,Matched via exact.
Kerala.pdf,PMBJK17192,Kerala,Ernakulam,SOUTH_INDIA_IN_SCOPE,555.0,MATCHED,Matched via exact.
Kerala.pdf,PMBJK17193,Kerala,Kollam,SOUTH_INDIA_IN_SCOPE,559.0,MATCHED,Matched via exact.
Kerala.pdf,PMBJK17194,Kerala,Kottayam,SOUTH_INDIA_IN_SCOPE,560.0,MATCHED,Matched via exact.
Kerala.pdf,PMBJK17195,Kerala,Malappuram,SOUTH_INDIA_IN_SCOPE,562.0,MATCHED,Matched via exact.
Kerala.pdf,PMBJK17196,Kerala,Alappuzha,SOUTH_INDIA_IN_SCOPE,554.0,MATCHED,Matched via exact.
Kerala.pdf,PMBJK17197,Kerala,Palakkad,SOUTH_INDIA_IN_SCOPE,563.0,MATCHED,Matched via exact.
Kerala.pdf,PMBJK17198,Kerala,Ernakulam,SOUTH_INDIA_IN_SCOPE,555.0,MATCHED,Matched via exact.
Kerala.pdf,PMBJK17199,Kerala,Alappuzha,SOUTH_INDIA_IN_SCOPE,554.0,MATCHED,Matched via exact.
Kerala.pdf,PMBJK17200,Kerala,Malappuram,SOUTH_INDIA_IN_SCOPE,562.0,MATCHED,Matched via exact.
Kerala.pdf,PMBJK17201,Kerala,Kozhikode,SOUTH_INDIA_IN_SCOPE,561.0,MATCHED,Matched via exact.
Kerala.pdf,PMBJK17202,Kerala,Thrissur,SOUTH_INDIA_IN_SCOPE,566.0,MATCHED,Matched via exact.
Kerala.pdf,PMBJK17237,Kerala,Palakkad,SOUTH_INDIA_IN_SCOPE,563.0,MATCHED,Matched via exact.
Kerala.pdf,PMBJK17238,Kerala,Kollam,SOUTH_INDIA_IN_SCOPE,559.0,MATCHED,Matched via exact.
Kerala.pdf,PMBJK17239,Kerala,Thiruvananthapuram,SOUTH_INDIA_IN_SCOPE,565.0,MATCHED,Matched via exact.
Kerala.pdf,PMBJK17287,Kerala,Ernakulam,SOUTH_INDIA_IN_SCOPE,555.0,MATCHED,Matched via exact.
Kerala.pdf,PMBJK17292,Kerala,Thiruvananthapuram,SOUTH_INDIA_IN_SCOPE,565.0,MATCHED,Matched via exact.
Kerala.pdf,PMBJK17312,Kerala,Idukki,SOUTH_INDIA_IN_SCOPE,556.0,MATCHED,Matched via exact.
Kerala.pdf,PMBJK17313,Kerala,Thiruvananthapuram,SOUTH_INDIA_IN_SCOPE,565.0,MATCHED,Matched via exact.
Kerala.pdf,PMBJK17314,Kerala,Ernakulam,SOUTH_INDIA_IN_SCOPE,555.0,MATCHED,Matched via exact.
Kerala.pdf,PMBJK17325,Kerala,Palakkad,SOUTH_INDIA_IN_SCOPE,563.0,MATCHED,Matched via exact.
Kerala.pdf,PMBJK17353,Kerala,Kollam,SOUTH_INDIA_IN_SCOPE,559.0,MATCHED,Matched via exact.
Kerala.pdf,PMBJK17366,Kerala,Ernakulam,SOUTH_INDIA_IN_SCOPE,555.0,MATCHED,Matched via exact.
Kerala.pdf,PMBJK17367,Kerala,Kollam,SOUTH_INDIA_IN_SCOPE,559.0,MATCHED,Matched via exact.
Kerala.pdf,PMBJK17400,Kerala,Kottayam,SOUTH_INDIA_IN_SCOPE,560.0,MATCHED,Matched via exact.
Kerala.pdf,PMBJK17401,Kerala,Ernakulam,SOUTH_INDIA_IN_SCOPE,555.0,MATCHED,Matched via exact.
Kerala.pdf,PMBJK17402,Kerala,Pathanamthitta,SOUTH_INDIA_IN_SCOPE,564.0,MATCHED,Matched via exact.
Kerala.pdf,PMBJK17467,Kerala,Ernakulam,SOUTH_INDIA_IN_SCOPE,555.0,MATCHED,Matched via exact.
Kerala.pdf,PMBJK17496,Kerala,Idukki,SOUTH_INDIA_IN_SCOPE,556.0,MATCHED,Matched via exact.
Kerala.pdf,PMBJK17497,Kerala,Kasaragod,SOUTH_INDIA_IN_SCOPE,558.0,MATCHED,Matched via exact.
Kerala.pdf,PMBJK17514,Kerala,Thiruvananthapuram,SOUTH_INDIA_IN_SCOPE,565.0,MATCHED,Matched via exact.
Kerala.pdf,PMBJK17572,Kerala,Alappuzha,SOUTH_INDIA_IN_SCOPE,554.0,MATCHED,Matched via exact.
Kerala.pdf,PMBJK17573,Kerala,Idukki,SOUTH_INDIA_IN_SCOPE,556.0,MATCHED,Matched via exact.
Kerala.pdf,PMBJK17574,Kerala,Idukki,SOUTH_INDIA_IN_SCOPE,556.0,MATCHED,Matched via exact.
Kerala.pdf,PMBJK17575,Kerala,Ernakulam,SOUTH_INDIA_IN_SCOPE,555.0,MATCHED,Matched via exact.
Kerala.pdf,PMBJK17576,Kerala,Kollam,SOUTH_INDIA_IN_SCOPE,559.0,MATCHED,Matched via exact.
Kerala.pdf,PMBJK17577,Kerala,Palakkad,SOUTH_INDIA_IN_SCOPE,563.0,MATCHED,Matched via exact.
Kerala.pdf,PMBJK17578,Kerala,Thiruvananthapuram,SOUTH_INDIA_IN_SCOPE,565.0,MATCHED,Matched via exact.
Kerala.pdf,PMBJK17579,Kerala,Alappuzha,SOUTH_INDIA_IN_SCOPE,554.0,MATCHED,Matched via exact.
Kerala.pdf,PMBJK17638,Kerala,Ernakulam,SOUTH_INDIA_IN_SCOPE,555.0,MATCHED,Matched via exact.
Kerala.pdf,PMBJK17639,Kerala,Idukki,SOUTH_INDIA_IN_SCOPE,556.0,MATCHED,Matched via exact.
Kerala.pdf,PMBJK17796,Kerala,Kozhikode,SOUTH_INDIA_IN_SCOPE,561.0,MATCHED,Matched via exact.
Kerala.pdf,PMBJK17797,Kerala,Thrissur,SOUTH_INDIA_IN_SCOPE,566.0,MATCHED,Matched via exact.
Kerala.pdf,PMBJK17878,Kerala,Idukki,SOUTH_INDIA_IN_SCOPE,556.0,MATCHED,Matched via exact.
Kerala.pdf,PMBJK17879,Kerala,Pathanamthitta,SOUTH_INDIA_IN_SCOPE,564.0,MATCHED,Matched via exact.
Kerala.pdf,PMBJK17880,Kerala,Thiruvananthapuram,SOUTH_INDIA_IN_SCOPE,565.0,MATCHED,Matched via exact.
Kerala.pdf,PMBJK17881,Kerala,Wayanad,SOUTH_INDIA_IN_SCOPE,567.0,MATCHED,Matched via exact.
Kerala.pdf,PMBJK17943,Kerala,Kozhikode,SOUTH_INDIA_IN_SCOPE,561.0,MATCHED,Matched via exact.
Kerala.pdf,PMBJK17944,Kerala,Idukki,SOUTH_INDIA_IN_SCOPE,556.0,MATCHED,Matched via exact.
Kerala.pdf,PMBJK17945,Kerala,Palakkad,SOUTH_INDIA_IN_SCOPE,563.0,MATCHED,Matched via exact.
Kerala.pdf,PMBJK17946,Kerala,Kollam,SOUTH_INDIA_IN_SCOPE,559.0,MATCHED,Matched via exact.
Kerala.pdf,PMBJK17947,Kerala,Kannur,SOUTH_INDIA_IN_SCOPE,557.0,MATCHED,Matched via exact.
Kerala.pdf,PMBJK17956,Kerala,Malappuram,SOUTH_INDIA_IN_SCOPE,562.0,MATCHED,Matched via exact.
Kerala.pdf,PMBJK17961,Kerala,Thiruvananthapuram,SOUTH_INDIA_IN_SCOPE,565.0,MATCHED,Matched via exact.
Kerala.pdf,PMBJK18087,Kerala,Kollam,SOUTH_INDIA_IN_SCOPE,559.0,MATCHED,Matched via exact.
Kerala.pdf,PMBJK18090,Kerala,Alappuzha,SOUTH_INDIA_IN_SCOPE,554.0,MATCHED,Matched via exact.
Kerala.pdf,PMBJK18091,Kerala,Malappuram,SOUTH_INDIA_IN_SCOPE,562.0,MATCHED,Matched via exact.
Kerala.pdf,PMBJK18092,Kerala,Ernakulam,SOUTH_INDIA_IN_SCOPE,555.0,MATCHED,Matched via exact.
Kerala.pdf,PMBJK18100,Kerala,Idukki,SOUTH_INDIA_IN_SCOPE,556.0,MATCHED,Matched via exact.
Kerala.pdf,PMBJK18128,Kerala,Kozhikode,SOUTH_INDIA_IN_SCOPE,561.0,MATCHED,Matched via exact.
Kerala.pdf,PMBJK18203,Kerala,Kozhikode,SOUTH_INDIA_IN_SCOPE,561.0,MATCHED,Matched via exact.
Kerala.pdf,PMBJK18326,Kerala,Ernakulam,SOUTH_INDIA_IN_SCOPE,555.0,MATCHED,Matched via exact.
Kerala.pdf,PMBJK18327,Kerala,Malappuram,SOUTH_INDIA_IN_SCOPE,562.0,MATCHED,Matched via exact.
Kerala.pdf,PMBJK18328,Kerala,Malappuram,SOUTH_INDIA_IN_SCOPE,562.0,MATCHED,Matched via exact.
Kerala.pdf,PMBJK18329,Kerala,Kottayam,SOUTH_INDIA_IN_SCOPE,560.0,MATCHED,Matched via exact.
Kerala.pdf,PMBJK18330,Kerala,Kollam,SOUTH_INDIA_IN_SCOPE,559.0,MATCHED,Matched via exact.
Kerala.pdf,PMBJK18352,Kerala,Kozhikode,SOUTH_INDIA_IN_SCOPE,561.0,MATCHED,Matched via exact.
Kerala.pdf,PMBJK18447,Kerala,Kozhikode,SOUTH_INDIA_IN_SCOPE,561.0,MATCHED,Matched via exact.
Kerala.pdf,PMBJK18448,Kerala,Kannur,SOUTH_INDIA_IN_SCOPE,557.0,MATCHED,Matched via exact.
Kerala.pdf,PMBJK18449,Kerala,Thiruvananthapuram,SOUTH_INDIA_IN_SCOPE,565.0,MATCHED,Matched via exact.
Kerala.pdf,PMBJK18450,Kerala,Malappuram,SOUTH_INDIA_IN_SCOPE,562.0,MATCHED,Matched via exact.
Kerala.pdf,PMBJK18451,Kerala,Alappuzha,SOUTH_INDIA_IN_SCOPE,554.0,MATCHED,Matched via exact.
Kerala.pdf,PMBJK18452,Kerala,Ernakulam,SOUTH_INDIA_IN_SCOPE,555.0,MATCHED,Matched via exact.
Kerala.pdf,PMBJK18515,Kerala,Idukki,SOUTH_INDIA_IN_SCOPE,556.0,MATCHED,Matched via exact.
Kerala.pdf,PMBJK18516,Kerala,Malappuram,SOUTH_INDIA_IN_SCOPE,562.0,MATCHED,Matched via exact.
Kerala.pdf,PMBJK18524,Kerala,Idukki,SOUTH_INDIA_IN_SCOPE,556.0,MATCHED,Matched via exact.
Kerala.pdf,PMBJK18525,Kerala,Kollam,SOUTH_INDIA_IN_SCOPE,559.0,MATCHED,Matched via exact.
Kerala.pdf,PMBJK18526,Kerala,Ernakulam,SOUTH_INDIA_IN_SCOPE,555.0,MATCHED,Matched via exact.
Kerala.pdf,PMBJK18580,Kerala,Palakkad,SOUTH_INDIA_IN_SCOPE,563.0,MATCHED,Matched via exact.
Kerala.pdf,PMBJK18581,Kerala,Kannur,SOUTH_INDIA_IN_SCOPE,557.0,MATCHED,Matched via exact.
Kerala.pdf,PMBJK18582,Kerala,Malappuram,SOUTH_INDIA_IN_SCOPE,562.0,MATCHED,Matched via exact.
Kerala.pdf,PMBJK18583,Kerala,Ernakulam,SOUTH_INDIA_IN_SCOPE,555.0,MATCHED,Matched via exact.
Kerala.pdf,PMBJK18667,Kerala,Ernakulam,SOUTH_INDIA_IN_SCOPE,555.0,MATCHED,Matched via exact.
Kerala.pdf,PMBJK18703,Kerala,Pathanamthitta,SOUTH_INDIA_IN_SCOPE,564.0,MATCHED,Matched via exact.
Kerala.pdf,PMBJK18851,Kerala,Thrissur,SOUTH_INDIA_IN_SCOPE,566.0,MATCHED,Matched via exact.
Kerala.pdf,PMBJK18852,Kerala,Kozhikode,SOUTH_INDIA_IN_SCOPE,561.0,MATCHED,Matched via exact.
Kerala.pdf,PMBJK18853,Kerala,Ernakulam,SOUTH_INDIA_IN_SCOPE,555.0,MATCHED,Matched via exact.
Kerala.pdf,PMBJK18912,Kerala,Ernakulam,SOUTH_INDIA_IN_SCOPE,555.0,MATCHED,Matched via exact.
Kerala.pdf,PMBJK18913,Kerala,Palakkad,SOUTH_INDIA_IN_SCOPE,563.0,MATCHED,Matched via exact.
Kerala.pdf,PMBJK18914,Kerala,Palakkad,SOUTH_INDIA_IN_SCOPE,563.0,MATCHED,Matched via exact.
Kerala.pdf,PMBJK18944,Kerala,Kozhikode,SOUTH_INDIA_IN_SCOPE,561.0,MATCHED,Matched via exact.
Kerala.pdf,PMBJK18945,Kerala,Thiruvananthapuram,SOUTH_INDIA_IN_SCOPE,565.0,MATCHED,Matched via exact.
Kerala.pdf,PMBJK18951,Kerala,Idukki,SOUTH_INDIA_IN_SCOPE,556.0,MATCHED,Matched via exact.
Kerala.pdf,PMBJK19013,Kerala,Palakkad,SOUTH_INDIA_IN_SCOPE,563.0,MATCHED,Matched via exact.
Kerala.pdf,PMBJK19079,Kerala,Kozhikode,SOUTH_INDIA_IN_SCOPE,561.0,MATCHED,Matched via exact.
Kerala.pdf,PMBJK19080,Kerala,Kozhikode,SOUTH_INDIA_IN_SCOPE,561.0,MATCHED,Matched via exact.
Kerala.pdf,PMBJK19081,Kerala,Kollam,SOUTH_INDIA_IN_SCOPE,559.0,MATCHED,Matched via exact.
Kerala.pdf,PMBJK19082,Kerala,Alappuzha,SOUTH_INDIA_IN_SCOPE,554.0,MATCHED,Matched via exact.
Kerala.pdf,PMBJK19083,Kerala,Palakkad,SOUTH_INDIA_IN_SCOPE,563.0,MATCHED,Matched via exact.
Kerala.pdf,PMBJK19084,Kerala,Ernakulam,SOUTH_INDIA_IN_SCOPE,555.0,MATCHED,Matched via exact.
Kerala.pdf,PMBJK19189,Kerala,Thiruvananthapuram,SOUTH_INDIA_IN_SCOPE,565.0,MATCHED,Matched via exact.
Kerala.pdf,PMBJK19190,Kerala,Palakkad,SOUTH_INDIA_IN_SCOPE,563.0,MATCHED,Matched via exact.
Kerala.pdf,PMBJK19191,Kerala,Kottayam,SOUTH_INDIA_IN_SCOPE,560.0,MATCHED,Matched via exact.
Kerala.pdf,PMBJK19205,Kerala,Kozhikode,SOUTH_INDIA_IN_SCOPE,561.0,MATCHED,Matched via exact.
Kerala.pdf,PMBJK19206,Kerala,Thiruvananthapuram,SOUTH_INDIA_IN_SCOPE,565.0,MATCHED,Matched via exact.
Kerala.pdf,PMBJK19207,Kerala,Palakkad,SOUTH_INDIA_IN_SCOPE,563.0,MATCHED,Matched via exact.
Kerala.pdf,PMBJK19231,Kerala,Kannur,SOUTH_INDIA_IN_SCOPE,557.0,MATCHED,Matched via exact.
Kerala.pdf,PMBJK19232,Kerala,Alappuzha,SOUTH_INDIA_IN_SCOPE,554.0,MATCHED,Matched via exact.
Kerala.pdf,PMBJK19233,Kerala,Kannur,SOUTH_INDIA_IN_SCOPE,557.0,MATCHED,Matched via exact.
Kerala.pdf,PMBJK19249,Kerala,Palakkad,SOUTH_INDIA_IN_SCOPE,563.0,MATCHED,Matched via exact.
Kerala.pdf,PMBJK19250,Kerala,Pathanamthitta,SOUTH_INDIA_IN_SCOPE,564.0,MATCHED,Matched via exact.
Kerala.pdf,PMBJK19251,Kerala,Ernakulam,SOUTH_INDIA_IN_SCOPE,555.0,MATCHED,Matched via exact.
Kerala.pdf,PMBJK19252,Kerala,Thiruvananthapuram,SOUTH_INDIA_IN_SCOPE,565.0,MATCHED,Matched via exact.
Kerala.pdf,PMBJK19431,Kerala,Thrissur,SOUTH_INDIA_IN_SCOPE,566.0,MATCHED,Matched via exact.
Kerala.pdf,PMBJK19432,Kerala,Palakkad,SOUTH_INDIA_IN_SCOPE,563.0,MATCHED,Matched via exact.
Kerala.pdf,PMBJK19433,Kerala,Palakkad,SOUTH_INDIA_IN_SCOPE,563.0,MATCHED,Matched via exact.
Kerala.pdf,PMBJK19434,Kerala,Thrissur,SOUTH_INDIA_IN_SCOPE,566.0,MATCHED,Matched via exact.
Kerala.pdf,PMBJK19435,Kerala,Ernakulam,SOUTH_INDIA_IN_SCOPE,555.0,MATCHED,Matched via exact.
Kerala.pdf,PMBJK19436,Kerala,Kozhikode,SOUTH_INDIA_IN_SCOPE,561.0,MATCHED,Matched via exact.
Kerala.pdf,PMBJK19475,Kerala,Thiruvananthapuram,SOUTH_INDIA_IN_SCOPE,565.0,MATCHED,Matched via exact.
Kerala.pdf,PMBJK19476,Kerala,Thrissur,SOUTH_INDIA_IN_SCOPE,566.0,MATCHED,Matched via exact.
Kerala.pdf,PMBJK19511,Kerala,Thiruvananthapuram,SOUTH_INDIA_IN_SCOPE,565.0,MATCHED,Matched via exact.
Kerala.pdf,PMBJK19512,Kerala,Thiruvananthapuram,SOUTH_INDIA_IN_SCOPE,565.0,MATCHED,Matched via exact.
Kerala.pdf,PMBJK19513,Kerala,Malappuram,SOUTH_INDIA_IN_SCOPE,562.0,MATCHED,Matched via exact.
Kerala.pdf,PMBJK19589,Kerala,Kollam,SOUTH_INDIA_IN_SCOPE,559.0,MATCHED,Matched via exact.
Kerala.pdf,PMBJK19590,Kerala,Thiruvananthapuram,SOUTH_INDIA_IN_SCOPE,565.0,MATCHED,Matched via exact.
Kerala.pdf,PMBJK19591,Kerala,Palakkad,SOUTH_INDIA_IN_SCOPE,563.0,MATCHED,Matched via exact.
Kerala.pdf,PMBJK19811,Kerala,Kannur,SOUTH_INDIA_IN_SCOPE,557.0,MATCHED,Matched via exact.
Kerala.pdf,PMBJK19812,Kerala,Kozhikode,SOUTH_INDIA_IN_SCOPE,561.0,MATCHED,Matched via exact.
Kerala.pdf,PMBJK19818,Kerala,Kottayam,SOUTH_INDIA_IN_SCOPE,560.0,MATCHED,Matched via exact.
Kerala.pdf,PMBJK19819,Kerala,Kottayam,SOUTH_INDIA_IN_SCOPE,560.0,MATCHED,Matched via exact.
Kerala.pdf,PMBJK19820,Kerala,Thiruvananthapuram,SOUTH_INDIA_IN_SCOPE,565.0,MATCHED,Matched via exact.
Kerala.pdf,PMBJK19821,Kerala,Thiruvananthapuram,SOUTH_INDIA_IN_SCOPE,565.0,MATCHED,Matched via exact.
Kerala.pdf,PMBJK19822,Kerala,Alappuzha,SOUTH_INDIA_IN_SCOPE,554.0,MATCHED,Matched via exact.
Kerala.pdf,PMBJK19823,Kerala,Kozhikode,SOUTH_INDIA_IN_SCOPE,561.0,MATCHED,Matched via exact.
Kerala.pdf,PMBJK19824,Kerala,Idukki,SOUTH_INDIA_IN_SCOPE,556.0,MATCHED,Matched via exact.
Kerala.pdf,PMBJK19832,Kerala,Thiruvananthapuram,SOUTH_INDIA_IN_SCOPE,565.0,MATCHED,Matched via exact.
Kerala.pdf,PMBJK19857,Kerala,Thrissur,SOUTH_INDIA_IN_SCOPE,566.0,MATCHED,Matched via exact.
Kerala.pdf,PMBJK19864,Kerala,Thiruvananthapuram,SOUTH_INDIA_IN_SCOPE,565.0,MATCHED,Matched via exact.
Kerala.pdf,PMBJK19871,Kerala,Idukki,SOUTH_INDIA_IN_SCOPE,556.0,MATCHED,Matched via exact.
Kerala.pdf,PMBJK19896,Kerala,Thrissur,SOUTH_INDIA_IN_SCOPE,566.0,MATCHED,Matched via exact.
Kerala.pdf,PMBJK19897,Kerala,Thiruvananthapuram,SOUTH_INDIA_IN_SCOPE,565.0,MATCHED,Matched via exact.
Kerala.pdf,PMBJK19898,Kerala,Ernakulam,SOUTH_INDIA_IN_SCOPE,555.0,MATCHED,Matched via exact.
Kerala.pdf,PMBJK19899,Kerala,Kozhikode,SOUTH_INDIA_IN_SCOPE,561.0,MATCHED,Matched via exact.
Kerala.pdf,PMBJK19927,Kerala,Thiruvananthapuram,SOUTH_INDIA_IN_SCOPE,565.0,MATCHED,Matched via exact.
Kerala.pdf,PMBJK19949,Kerala,Malappuram,SOUTH_INDIA_IN_SCOPE,562.0,MATCHED,Matched via exact.
Kerala.pdf,PMBJK19953,Kerala,Thiruvananthapuram,SOUTH_INDIA_IN_SCOPE,565.0,MATCHED,Matched via exact.
Kerala.pdf,PMBJK19954,Kerala,Kollam,SOUTH_INDIA_IN_SCOPE,559.0,MATCHED,Matched via exact.
Kerala.pdf,PMBJK19974,Kerala,Ernakulam,SOUTH_INDIA_IN_SCOPE,555.0,MATCHED,Matched via exact.
Kerala.pdf,PMBJK19975,Kerala,Idukki,SOUTH_INDIA_IN_SCOPE,556.0,MATCHED,Matched via exact.
Kerala.pdf,PMBJK20020,Kerala,Thiruvananthapuram,SOUTH_INDIA_IN_SCOPE,565.0,MATCHED,Matched via exact.
Kerala.pdf,PMBJK20027,Kerala,Kozhikode,SOUTH_INDIA_IN_SCOPE,561.0,MATCHED,Matched via exact.
Kerala.pdf,PMBJK20028,Kerala,Kannur,SOUTH_INDIA_IN_SCOPE,557.0,MATCHED,Matched via exact.
Kerala.pdf,PMBJK20029,Kerala,Kottayam,SOUTH_INDIA_IN_SCOPE,560.0,MATCHED,Matched via exact.
Kerala.pdf,PMBJK20079,Kerala,Malappuram,SOUTH_INDIA_IN_SCOPE,562.0,MATCHED,Matched via exact.
Kerala.pdf,PMBJK20081,Kerala,Thrissur,SOUTH_INDIA_IN_SCOPE,566.0,MATCHED,Matched via exact.
Kerala.pdf,PMBJK20106,Kerala,Kasaragod,SOUTH_INDIA_IN_SCOPE,558.0,MATCHED,Matched via exact.
Kerala.pdf,PMBJK20107,Kerala,Alappuzha,SOUTH_INDIA_IN_SCOPE,554.0,MATCHED,Matched via exact.
Kerala.pdf,PMBJK20108,Kerala,Kozhikode,SOUTH_INDIA_IN_SCOPE,561.0,MATCHED,Matched via exact.
Kerala.pdf,PMBJK20109,Kerala,Malappuram,SOUTH_INDIA_IN_SCOPE,562.0,MATCHED,Matched via exact.
Kerala.pdf,PMBJK20110,Kerala,Thiruvananthapuram,SOUTH_INDIA_IN_SCOPE,565.0,MATCHED,Matched via exact.
Kerala.pdf,PMBJK20141,Kerala,Malappuram,SOUTH_INDIA_IN_SCOPE,562.0,MATCHED,Matched via exact.
Kerala.pdf,PMBJK20149,Kerala,Alappuzha,SOUTH_INDIA_IN_SCOPE,554.0,MATCHED,Matched via exact.
Kerala.pdf,PMBJK20150,Kerala,Malappuram,SOUTH_INDIA_IN_SCOPE,562.0,MATCHED,Matched via exact.
Kerala.pdf,PMBJK20254,Kerala,Alappuzha,SOUTH_INDIA_IN_SCOPE,554.0,MATCHED,Matched via exact.
Kerala.pdf,PMBJK20255,Kerala,Idukki,SOUTH_INDIA_IN_SCOPE,556.0,MATCHED,Matched via exact.
Kerala.pdf,PMBJK20256,Kerala,Alappuzha,SOUTH_INDIA_IN_SCOPE,554.0,MATCHED,Matched via exact.
Kerala.pdf,PMBJK20257,Kerala,Ernakulam,SOUTH_INDIA_IN_SCOPE,555.0,MATCHED,Matched via exact.
Kerala.pdf,PMBJK20258,Kerala,Ernakulam,SOUTH_INDIA_IN_SCOPE,555.0,MATCHED,Matched via exact.
Kerala.pdf,PMBJK20259,Kerala,Kozhikode,SOUTH_INDIA_IN_SCOPE,561.0,MATCHED,Matched via exact.
Kerala.pdf,PMBJK20260,Kerala,Ernakulam,SOUTH_INDIA_IN_SCOPE,555.0,MATCHED,Matched via exact.
Kerala.pdf,PMBJK20261,Kerala,Kollam,SOUTH_INDIA_IN_SCOPE,559.0,MATCHED,Matched via exact.
Kerala.pdf,PMBJK20262,Kerala,Thrissur,SOUTH_INDIA_IN_SCOPE,566.0,MATCHED,Matched via exact.
Kerala.pdf,PMBJK20263,Kerala,Kannur,SOUTH_INDIA_IN_SCOPE,557.0,MATCHED,Matched via exact.
Kerala.pdf,PMBJK20271,Kerala,Palakkad,SOUTH_INDIA_IN_SCOPE,563.0,MATCHED,Matched via exact.
Kerala.pdf,PMBJK20309,Kerala,Pathanamthitta,SOUTH_INDIA_IN_SCOPE,564.0,MATCHED,Matched via exact.
Kerala.pdf,PMBJK20339,Kerala,Palakkad,SOUTH_INDIA_IN_SCOPE,563.0,MATCHED,Matched via exact.
Kerala.pdf,PMBJK20346,Kerala,Kottayam,SOUTH_INDIA_IN_SCOPE,560.0,MATCHED,Matched via exact.
Kerala.pdf,PMBJK20354,Kerala,Pathanamthitta,SOUTH_INDIA_IN_SCOPE,564.0,MATCHED,Matched via exact.
Kerala.pdf,PMBJK20384,Kerala,Kannur,SOUTH_INDIA_IN_SCOPE,557.0,MATCHED,Matched via exact.
Kerala.pdf,PMBJK20417,Kerala,Thrissur,SOUTH_INDIA_IN_SCOPE,566.0,MATCHED,Matched via exact.
Kerala.pdf,PMBJK20418,Kerala,Kannur,SOUTH_INDIA_IN_SCOPE,557.0,MATCHED,Matched via exact.
Kerala.pdf,PMBJK20419,Kerala,Palakkad,SOUTH_INDIA_IN_SCOPE,563.0,MATCHED,Matched via exact.
Kerala.pdf,PMBJK20420,Kerala,Malappuram,SOUTH_INDIA_IN_SCOPE,562.0,MATCHED,Matched via exact.
Kerala.pdf,PMBJK20425,Kerala,Ernakulam,SOUTH_INDIA_IN_SCOPE,555.0,MATCHED,Matched via exact.
Kerala.pdf,PMBJK20454,Kerala,Palakkad,SOUTH_INDIA_IN_SCOPE,563.0,MATCHED,Matched via exact.
Kerala.pdf,PMBJK20459,Kerala,Kollam,SOUTH_INDIA_IN_SCOPE,559.0,MATCHED,Matched via exact.
Kerala.pdf,PMBJK20468,Kerala,Alappuzha,SOUTH_INDIA_IN_SCOPE,554.0,MATCHED,Matched via exact.
Kerala.pdf,PMBJK20469,Kerala,Palakkad,SOUTH_INDIA_IN_SCOPE,563.0,MATCHED,Matched via exact.
Kerala.pdf,PMBJK20496,Kerala,Kozhikode,SOUTH_INDIA_IN_SCOPE,561.0,MATCHED,Matched via exact.
Kerala.pdf,PMBJK20497,Kerala,Kollam,SOUTH_INDIA_IN_SCOPE,559.0,MATCHED,Matched via exact.
Kerala.pdf,PMBJK20498,Kerala,Ernakulam,SOUTH_INDIA_IN_SCOPE,555.0,MATCHED,Matched via exact.
Kerala.pdf,PMBJK20517,Kerala,Thiruvananthapuram,SOUTH_INDIA_IN_SCOPE,565.0,MATCHED,Matched via exact.
Kerala.pdf,PMBJK20542,Kerala,Kollam,SOUTH_INDIA_IN_SCOPE,559.0,MATCHED,Matched via exact.
Kerala.pdf,PMBJK20545,Kerala,Palakkad,SOUTH_INDIA_IN_SCOPE,563.0,MATCHED,Matched via exact.
Kerala.pdf,PMBJK20584,Kerala,Palakkad,SOUTH_INDIA_IN_SCOPE,563.0,MATCHED,Matched via exact.
Kerala.pdf,PMBJK20585,Kerala,Idukki,SOUTH_INDIA_IN_SCOPE,556.0,MATCHED,Matched via exact.
Kerala.pdf,PMBJK20586,Kerala,Thrissur,SOUTH_INDIA_IN_SCOPE,566.0,MATCHED,Matched via exact.
Kerala.pdf,PMBJK20587,Kerala,Kottayam,SOUTH_INDIA_IN_SCOPE,560.0,MATCHED,Matched via exact.
Kerala.pdf,PMBJK20588,Kerala,Kollam,SOUTH_INDIA_IN_SCOPE,559.0,MATCHED,Matched via exact.
Kerala.pdf,PMBJK20638,Kerala,Kollam,SOUTH_INDIA_IN_SCOPE,559.0,MATCHED,Matched via exact.
Kerala.pdf,PMBJK20639,Kerala,Ernakulam,SOUTH_INDIA_IN_SCOPE,555.0,MATCHED,Matched via exact.
Kerala.pdf,PMBJK20640,Kerala,Ernakulam,SOUTH_INDIA_IN_SCOPE,555.0,MATCHED,Matched via exact.
Kerala.pdf,PMBJK20651,Kerala,Ernakulam,SOUTH_INDIA_IN_SCOPE,555.0,MATCHED,Matched via exact.
Kerala.pdf,PMBJK20672,Kerala,Palakkad,SOUTH_INDIA_IN_SCOPE,563.0,MATCHED,Matched via exact.
Kerala.pdf,PMBJK20673,Kerala,Palakkad,SOUTH_INDIA_IN_SCOPE,563.0,MATCHED,Matched via exact.
Kerala.pdf,PMBJK20706,Kerala,Palakkad,SOUTH_INDIA_IN_SCOPE,563.0,MATCHED,Matched via exact.
Kerala.pdf,PMBJK20707,Kerala,Malappuram,SOUTH_INDIA_IN_SCOPE,562.0,MATCHED,Matched via exact.
Kerala.pdf,PMBJK20708,Kerala,Kannur,SOUTH_INDIA_IN_SCOPE,557.0,MATCHED,Matched via exact.
Kerala.pdf,PMBJK20745,Kerala,Thrissur,SOUTH_INDIA_IN_SCOPE,566.0,MATCHED,Matched via exact.
Kerala.pdf,PMBJK20759,Kerala,Thrissur,SOUTH_INDIA_IN_SCOPE,566.0,MATCHED,Matched via exact.
Kerala.pdf,PMBJK20816,Kerala,Thiruvananthapuram,SOUTH_INDIA_IN_SCOPE,565.0,MATCHED,Matched via exact.
Kerala.pdf,PMBJK20834,Kerala,Thiruvananthapuram,SOUTH_INDIA_IN_SCOPE,565.0,MATCHED,Matched via exact.
Kerala.pdf,PMBJK20872,Kerala,Ernakulam,SOUTH_INDIA_IN_SCOPE,555.0,MATCHED,Matched via exact.
Kerala.pdf,PMBJK20882,Kerala,Thrissur,SOUTH_INDIA_IN_SCOPE,566.0,MATCHED,Matched via exact.
Kerala.pdf,PMBJK20883,Kerala,Ernakulam,SOUTH_INDIA_IN_SCOPE,555.0,MATCHED,Matched via exact.
Kerala.pdf,PMBJK20884,Kerala,Kannur,SOUTH_INDIA_IN_SCOPE,557.0,MATCHED,Matched via exact.
Kerala.pdf,PMBJK20911,Kerala,Palakkad,SOUTH_INDIA_IN_SCOPE,563.0,MATCHED,Matched via exact.
Kerala.pdf,PMBJK20912,Kerala,Palakkad,SOUTH_INDIA_IN_SCOPE,563.0,MATCHED,Matched via exact.
Kerala.pdf,PMBJK20923,Kerala,Ernakulam,SOUTH_INDIA_IN_SCOPE,555.0,MATCHED,Matched via exact.
Kerala.pdf,PMBJK20930,Kerala,Kottayam,SOUTH_INDIA_IN_SCOPE,560.0,MATCHED,Matched via exact.
Kerala.pdf,PMBJK20963,Kerala,Ernakulam,SOUTH_INDIA_IN_SCOPE,555.0,MATCHED,Matched via exact.
Kerala.pdf,PMBJK20964,Kerala,Ernakulam,SOUTH_INDIA_IN_SCOPE,555.0,MATCHED,Matched via exact.
Kerala.pdf,PMBJK20965,Kerala,Idukki,SOUTH_INDIA_IN_SCOPE,556.0,MATCHED,Matched via exact.
Kerala.pdf,PMBJK20974,Kerala,Thrissur,SOUTH_INDIA_IN_SCOPE,566.0,MATCHED,Matched via exact.
Kerala.pdf,PMBJK21004,Kerala,Malappuram,SOUTH_INDIA_IN_SCOPE,562.0,MATCHED,Matched via exact.
Kerala.pdf,PMBJK21005,Kerala,Kollam,SOUTH_INDIA_IN_SCOPE,559.0,MATCHED,Matched via exact.
Kerala.pdf,PMBJK21023,Kerala,Kozhikode,SOUTH_INDIA_IN_SCOPE,561.0,MATCHED,Matched via exact.
Kerala.pdf,PMBJK21028,Kerala,Kottayam,SOUTH_INDIA_IN_SCOPE,560.0,MATCHED,Matched via exact.
Kerala.pdf,PMBJK21108,Kerala,Palakkad,SOUTH_INDIA_IN_SCOPE,563.0,MATCHED,Matched via exact.
Kerala.pdf,PMBJK21128,Kerala,Malappuram,SOUTH_INDIA_IN_SCOPE,562.0,MATCHED,Matched via exact.
Kerala.pdf,PMBJK21129,Kerala,Malappuram,SOUTH_INDIA_IN_SCOPE,562.0,MATCHED,Matched via exact.
Kerala.pdf,PMBJK21133,Kerala,Ernakulam,SOUTH_INDIA_IN_SCOPE,555.0,MATCHED,Matched via exact.
Kerala.pdf,PMBJK21171,Kerala,Thrissur,SOUTH_INDIA_IN_SCOPE,566.0,MATCHED,Matched via exact.
Kerala.pdf,PMBJK21172,Kerala,Palakkad,SOUTH_INDIA_IN_SCOPE,563.0,MATCHED,Matched via exact.
Kerala.pdf,PMBJK21185,Kerala,Malappuram,SOUTH_INDIA_IN_SCOPE,562.0,MATCHED,Matched via exact.
Kerala.pdf,PMBJK21207,Kerala,Thiruvananthapuram,SOUTH_INDIA_IN_SCOPE,565.0,MATCHED,Matched via exact.
Kerala.pdf,PMBJK21220,Kerala,Malappuram,SOUTH_INDIA_IN_SCOPE,562.0,MATCHED,Matched via exact.
Kerala.pdf,PMBJK21234,Kerala,Kollam,SOUTH_INDIA_IN_SCOPE,559.0,MATCHED,Matched via exact.
Kerala.pdf,PMBJK21235,Kerala,Thiruvananthapuram,SOUTH_INDIA_IN_SCOPE,565.0,MATCHED,Matched via exact.
Kerala.pdf,PMBJK21250,Kerala,Thrissur,SOUTH_INDIA_IN_SCOPE,566.0,MATCHED,Matched via exact.
Kerala.pdf,PMBJK21277,Kerala,Ernakulam,SOUTH_INDIA_IN_SCOPE,555.0,MATCHED,Matched via exact.
Kerala.pdf,PMBJK21279,Kerala,Kollam,SOUTH_INDIA_IN_SCOPE,559.0,MATCHED,Matched via exact.
Kerala.pdf,PMBJK21299,Kerala,Thiruvananthapuram,SOUTH_INDIA_IN_SCOPE,565.0,MATCHED,Matched via exact.
Kerala.pdf,PMBJK21317,Kerala,Thiruvananthapuram,SOUTH_INDIA_IN_SCOPE,565.0,MATCHED,Matched via exact.
Kerala.pdf,PMBJK21318,Kerala,Ernakulam,SOUTH_INDIA_IN_SCOPE,555.0,MATCHED,Matched via exact.
Kerala.pdf,PMBJK21344,Kerala,Kannur,SOUTH_INDIA_IN_SCOPE,557.0,MATCHED,Matched via exact.
Kerala.pdf,PMBJK21345,Kerala,Kollam,SOUTH_INDIA_IN_SCOPE,559.0,MATCHED,Matched via exact.
Kerala.pdf,PMBJK21365,Kerala,Pathanamthitta,SOUTH_INDIA_IN_SCOPE,564.0,MATCHED,Matched via exact.
Kerala.pdf,PMBJK21366,Kerala,Kozhikode,SOUTH_INDIA_IN_SCOPE,561.0,MATCHED,Matched via exact.
Kerala.pdf,PMBJK21377,Kerala,Palakkad,SOUTH_INDIA_IN_SCOPE,563.0,MATCHED,Matched via exact.
Kerala.pdf,PMBJK21401,Kerala,Kozhikode,SOUTH_INDIA_IN_SCOPE,561.0,MATCHED,Matched via exact.
Kerala.pdf,PMBJK21418,Kerala,Thrissur,SOUTH_INDIA_IN_SCOPE,566.0,MATCHED,Matched via exact.
Kerala.pdf,PMBJK21452,Kerala,Kasaragod,SOUTH_INDIA_IN_SCOPE,558.0,MATCHED,Matched via exact.
Kerala.pdf,PMBJK21453,Kerala,Thiruvananthapuram,SOUTH_INDIA_IN_SCOPE,565.0,MATCHED,Matched via exact.
Kerala.pdf,PMBJK21488,Kerala,Kozhikode,SOUTH_INDIA_IN_SCOPE,561.0,MATCHED,Matched via exact.
Kerala.pdf,PMBJK21498,Kerala,Kottayam,SOUTH_INDIA_IN_SCOPE,560.0,MATCHED,Matched via exact.
Kerala.pdf,PMBJK21515,Kerala,Thrissur,SOUTH_INDIA_IN_SCOPE,566.0,MATCHED,Matched via exact.
Kerala.pdf,PMBJK21516,Kerala,Kollam,SOUTH_INDIA_IN_SCOPE,559.0,MATCHED,Matched via exact.
Kerala.pdf,PMBJK21537,Kerala,Ernakulam,SOUTH_INDIA_IN_SCOPE,555.0,MATCHED,Matched via exact.
Kerala.pdf,PMBJK21538,Kerala,Thrissur,SOUTH_INDIA_IN_SCOPE,566.0,MATCHED,Matched via exact.
Kerala.pdf,PMBJK21571,Kerala,Kannur,SOUTH_INDIA_IN_SCOPE,557.0,MATCHED,Matched via exact.
Kerala.pdf,PMBJK21602,Kerala,Ernakulam,SOUTH_INDIA_IN_SCOPE,555.0,MATCHED,Matched via exact.
Kerala.pdf,PMBJK21603,Kerala,Ernakulam,SOUTH_INDIA_IN_SCOPE,555.0,MATCHED,Matched via exact.
Kerala.pdf,PMBJK21604,Kerala,Alappuzha,SOUTH_INDIA_IN_SCOPE,554.0,MATCHED,Matched via exact.
Kerala.pdf,PMBJK21618,Kerala,Palakkad,SOUTH_INDIA_IN_SCOPE,563.0,MATCHED,Matched via exact.
Kerala.pdf,PMBJK21635,Kerala,Palakkad,SOUTH_INDIA_IN_SCOPE,563.0,MATCHED,Matched via exact.
Kerala.pdf,PMBJK21710,Kerala,Malappuram,SOUTH_INDIA_IN_SCOPE,562.0,MATCHED,Matched via exact.
Kerala.pdf,PMBJK21711,Kerala,Thiruvananthapuram,SOUTH_INDIA_IN_SCOPE,565.0,MATCHED,Matched via exact.
Kerala.pdf,PMBJK21712,Kerala,Malappuram,SOUTH_INDIA_IN_SCOPE,562.0,MATCHED,Matched via exact.
Kerala.pdf,PMBJK21713,Kerala,Kollam,SOUTH_INDIA_IN_SCOPE,559.0,MATCHED,Matched via exact.
Kerala.pdf,PMBJK21734,Kerala,Thiruvananthapuram,SOUTH_INDIA_IN_SCOPE,565.0,MATCHED,Matched via exact.
Kerala.pdf,PMBJK21772,Kerala,Kollam,SOUTH_INDIA_IN_SCOPE,559.0,MATCHED,Matched via exact.
Kerala.pdf,PMBJK21774,Kerala,Ernakulam,SOUTH_INDIA_IN_SCOPE,555.0,MATCHED,Matched via exact.
Kerala.pdf,PMBJK21775,Kerala,Palakkad,SOUTH_INDIA_IN_SCOPE,563.0,MATCHED,Matched via exact.
Kerala.pdf,PMBJK21818,Kerala,Thiruvananthapuram,SOUTH_INDIA_IN_SCOPE,565.0,MATCHED,Matched via exact.
Kerala.pdf,PMBJK21819,Kerala,Kollam,SOUTH_INDIA_IN_SCOPE,559.0,MATCHED,Matched via exact.
Kerala.pdf,PMBJK21820,Kerala,Malappuram,SOUTH_INDIA_IN_SCOPE,562.0,MATCHED,Matched via exact.
Kerala.pdf,PMBJK21854,Kerala,Kannur,SOUTH_INDIA_IN_SCOPE,557.0,MATCHED,Matched via exact.
Kerala.pdf,PMBJK21856,Kerala,Thiruvananthapuram,SOUTH_INDIA_IN_SCOPE,565.0,MATCHED,Matched via exact.
Kerala.pdf,PMBJK21869,Kerala,Thiruvananthapuram,SOUTH_INDIA_IN_SCOPE,565.0,MATCHED,Matched via exact.
Kerala.pdf,PMBJK21872,Kerala,Palakkad,SOUTH_INDIA_IN_SCOPE,563.0,MATCHED,Matched via exact.
Kerala.pdf,PMBJK21875,Kerala,Kozhikode,SOUTH_INDIA_IN_SCOPE,561.0,MATCHED,Matched via exact.
Kerala.pdf,PMBJK21876,Kerala,Thrissur,SOUTH_INDIA_IN_SCOPE,566.0,MATCHED,Matched via exact.
Kerala.pdf,PMBJK21916,Kerala,Malappuram,SOUTH_INDIA_IN_SCOPE,562.0,MATCHED,Matched via exact.
Kerala.pdf,PMBJK21926,Kerala,Kannur,SOUTH_INDIA_IN_SCOPE,557.0,MATCHED,Matched via exact.
Kerala.pdf,PMBJK21958,Kerala,Thiruvananthapuram,SOUTH_INDIA_IN_SCOPE,565.0,MATCHED,Matched via exact.
Kerala.pdf,PMBJK21959,Kerala,Kottayam,SOUTH_INDIA_IN_SCOPE,560.0,MATCHED,Matched via exact.
Kerala.pdf,PMBJK21986,Kerala,Thiruvananthapuram,SOUTH_INDIA_IN_SCOPE,565.0,MATCHED,Matched via exact.
Kerala.pdf,PMBJK22016,Kerala,Kannur,SOUTH_INDIA_IN_SCOPE,557.0,MATCHED,Matched via exact.
Kerala.pdf,PMBJK22017,Kerala,Kollam,SOUTH_INDIA_IN_SCOPE,559.0,MATCHED,Matched via exact.
Kerala.pdf,PMBJK22020,Kerala,Idukki,SOUTH_INDIA_IN_SCOPE,556.0,MATCHED,Matched via exact.
Kerala.pdf,PMBJK22038,Kerala,Ernakulam,SOUTH_INDIA_IN_SCOPE,555.0,MATCHED,Matched via exact.
Kerala.pdf,PMBJK22039,Kerala,Thrissur,SOUTH_INDIA_IN_SCOPE,566.0,MATCHED,Matched via exact.
Kerala.pdf,PMBJK22089,Kerala,Thiruvananthapuram,SOUTH_INDIA_IN_SCOPE,565.0,MATCHED,Matched via exact.
Kerala.pdf,PMBJK22090,Kerala,Kozhikode,SOUTH_INDIA_IN_SCOPE,561.0,MATCHED,Matched via exact.
Kerala.pdf,PMBJK22113,Kerala,Thiruvananthapuram,SOUTH_INDIA_IN_SCOPE,565.0,MATCHED,Matched via exact.
Kerala.pdf,PMBJK22114,Kerala,Palakkad,SOUTH_INDIA_IN_SCOPE,563.0,MATCHED,Matched via exact.
Kerala.pdf,PMBJK22218,Kerala,Thrissur,SOUTH_INDIA_IN_SCOPE,566.0,MATCHED,Matched via exact.
Kerala.pdf,PMBJK22219,Kerala,Thiruvananthapuram,SOUTH_INDIA_IN_SCOPE,565.0,MATCHED,Matched via exact.
Kerala.pdf,PMBJK22227,Kerala,Thrissur,SOUTH_INDIA_IN_SCOPE,566.0,MATCHED,Matched via exact.
Kerala.pdf,PMBJK22280,Kerala,Malappuram,SOUTH_INDIA_IN_SCOPE,562.0,MATCHED,Matched via exact.
Kerala.pdf,PMBJK22305,Kerala,Kollam,SOUTH_INDIA_IN_SCOPE,559.0,MATCHED,Matched via exact.
Kerala.pdf,PMBJK22307,Kerala,Alappuzha,SOUTH_INDIA_IN_SCOPE,554.0,MATCHED,Matched via exact.
Kerala.pdf,PMBJK22327,Kerala,Thiruvananthapuram,SOUTH_INDIA_IN_SCOPE,565.0,MATCHED,Matched via exact.
Kerala.pdf,PMBJK22328,Kerala,Ernakulam,SOUTH_INDIA_IN_SCOPE,555.0,MATCHED,Matched via exact.
Kerala.pdf,PMBJK22369,Kerala,Thiruvananthapuram,SOUTH_INDIA_IN_SCOPE,565.0,MATCHED,Matched via exact.
Kerala.pdf,PMBJK22370,Kerala,Kannur,SOUTH_INDIA_IN_SCOPE,557.0,MATCHED,Matched via exact.
Kerala.pdf,PMBJK22371,Kerala,Thiruvananthapuram,SOUTH_INDIA_IN_SCOPE,565.0,MATCHED,Matched via exact.
Kerala.pdf,PMBJK22372,Kerala,Palakkad,SOUTH_INDIA_IN_SCOPE,563.0,MATCHED,Matched via exact.
Kerala.pdf,PMBJK22373,Kerala,Thrissur,SOUTH_INDIA_IN_SCOPE,566.0,MATCHED,Matched via exact.
Kerala.pdf,PMBJK22374,Kerala,Malappuram,SOUTH_INDIA_IN_SCOPE,562.0,MATCHED,Matched via exact.
Kerala.pdf,PMBJK22414,Kerala,Ernakulam,SOUTH_INDIA_IN_SCOPE,555.0,MATCHED,Matched via exact.
Kerala.pdf,PMBJK22415,Kerala,Kollam,SOUTH_INDIA_IN_SCOPE,559.0,MATCHED,Matched via exact.
Kerala.pdf,PMBJK22442,Kerala,Alappuzha,SOUTH_INDIA_IN_SCOPE,554.0,MATCHED,Matched via exact.
Kerala.pdf,PMBJK22473,Kerala,Palakkad,SOUTH_INDIA_IN_SCOPE,563.0,MATCHED,Matched via exact.
Kerala.pdf,PMBJK22488,Kerala,Wayanad,SOUTH_INDIA_IN_SCOPE,567.0,MATCHED,Matched via exact.
Kerala.pdf,PMBJK22503,Kerala,Kottayam,SOUTH_INDIA_IN_SCOPE,560.0,MATCHED,Matched via exact.
Kerala.pdf,PMBJK22504,Kerala,Kollam,SOUTH_INDIA_IN_SCOPE,559.0,MATCHED,Matched via exact.
Kerala.pdf,PMBJK22550,Kerala,Kollam,SOUTH_INDIA_IN_SCOPE,559.0,MATCHED,Matched via exact.
Kerala.pdf,PMBJK22569,Kerala,Idukki,SOUTH_INDIA_IN_SCOPE,556.0,MATCHED,Matched via exact.
Kerala.pdf,PMBJK22570,Kerala,Kasaragod,SOUTH_INDIA_IN_SCOPE,558.0,MATCHED,Matched via exact.
Kerala.pdf,PMBJK22627,Kerala,Thiruvananthapuram,SOUTH_INDIA_IN_SCOPE,565.0,MATCHED,Matched via exact.
Kerala.pdf,PMBJK22628,Kerala,Kozhikode,SOUTH_INDIA_IN_SCOPE,561.0,MATCHED,Matched via exact.
Kerala.pdf,PMBJK22670,Kerala,Kollam,SOUTH_INDIA_IN_SCOPE,559.0,MATCHED,Matched via exact.
Kerala.pdf,PMBJK22671,Kerala,Kollam,SOUTH_INDIA_IN_SCOPE,559.0,MATCHED,Matched via exact.
Kerala.pdf,PMBJK22689,Kerala,Kozhikode,SOUTH_INDIA_IN_SCOPE,561.0,MATCHED,Matched via exact.
Kerala.pdf,PMBJK22694,Kerala,Pathanamthitta,SOUTH_INDIA_IN_SCOPE,564.0,MATCHED,Matched via exact.
Kerala.pdf,PMBJK22695,Kerala,Thrissur,SOUTH_INDIA_IN_SCOPE,566.0,MATCHED,Matched via exact.
Kerala.pdf,PMBJK22729,Kerala,Kozhikode,SOUTH_INDIA_IN_SCOPE,561.0,MATCHED,Matched via exact.
Kerala.pdf,PMBJK22778,Kerala,Thrissur,SOUTH_INDIA_IN_SCOPE,566.0,MATCHED,Matched via exact.
Kerala.pdf,PMBJK22807,Kerala,Thiruvananthapuram,SOUTH_INDIA_IN_SCOPE,565.0,MATCHED,Matched via exact.
Kerala.pdf,PMBJK22846,Kerala,Thrissur,SOUTH_INDIA_IN_SCOPE,566.0,MATCHED,Matched via exact.
Kerala.pdf,PMBJK22892,Kerala,Thiruvananthapuram,SOUTH_INDIA_IN_SCOPE,565.0,MATCHED,Matched via exact.
Kerala.pdf,PMBJK22927,Kerala,Thiruvananthapuram,SOUTH_INDIA_IN_SCOPE,565.0,MATCHED,Matched via exact.
Kerala.pdf,PMBJK22929,Kerala,Ernakulam,SOUTH_INDIA_IN_SCOPE,555.0,MATCHED,Matched via exact.
Kerala.pdf,PMBJK22931,Kerala,Kollam,SOUTH_INDIA_IN_SCOPE,559.0,MATCHED,Matched via exact.
Kerala.pdf,PMBJK22932,Kerala,Malappuram,SOUTH_INDIA_IN_SCOPE,562.0,MATCHED,Matched via exact.
Kerala.pdf,PMBJK22976,Kerala,Idukki,SOUTH_INDIA_IN_SCOPE,556.0,MATCHED,Matched via exact.
Kerala.pdf,PMBJK22977,Kerala,Thrissur,SOUTH_INDIA_IN_SCOPE,566.0,MATCHED,Matched via exact.
Kerala.pdf,PMBJK23023,Kerala,Thiruvananthapuram,SOUTH_INDIA_IN_SCOPE,565.0,MATCHED,Matched via exact.
Kerala.pdf,PMBJK23024,Kerala,Thiruvananthapuram,SOUTH_INDIA_IN_SCOPE,565.0,MATCHED,Matched via exact.
Kerala.pdf,PMBJK23025,Kerala,Kollam,SOUTH_INDIA_IN_SCOPE,559.0,MATCHED,Matched via exact.
Kerala.pdf,PMBJK23026,Kerala,Kozhikode,SOUTH_INDIA_IN_SCOPE,561.0,MATCHED,Matched via exact.
Kerala.pdf,PMBJK23042,Kerala,Idukki,SOUTH_INDIA_IN_SCOPE,556.0,MATCHED,Matched via exact.
Kerala.pdf,PMBJK23114,Kerala,Ernakulam,SOUTH_INDIA_IN_SCOPE,555.0,MATCHED,Matched via exact.
Kerala.pdf,PMBJK23115,Kerala,Thrissur,SOUTH_INDIA_IN_SCOPE,566.0,MATCHED,Matched via exact.
Kerala.pdf,PMBJK23118,Kerala,Kottayam,SOUTH_INDIA_IN_SCOPE,560.0,MATCHED,Matched via exact.
Kerala.pdf,PMBJK23122,Kerala,Malappuram,SOUTH_INDIA_IN_SCOPE,562.0,MATCHED,Matched via exact.
Kerala.pdf,PMBJK23180,Kerala,Malappuram,SOUTH_INDIA_IN_SCOPE,562.0,MATCHED,Matched via exact.
Kerala.pdf,PMBJK23251,Kerala,Kottayam,SOUTH_INDIA_IN_SCOPE,560.0,MATCHED,Matched via exact.
Kerala.pdf,PMBJK23252,Kerala,Kozhikode,SOUTH_INDIA_IN_SCOPE,561.0,MATCHED,Matched via exact.
Kerala.pdf,PMBJK23275,Kerala,Kannur,SOUTH_INDIA_IN_SCOPE,557.0,MATCHED,Matched via exact.
Kerala.pdf,PMBJK23309,Kerala,Kannur,SOUTH_INDIA_IN_SCOPE,557.0,MATCHED,Matched via exact.
Kerala.pdf,PMBJK23335,Kerala,Thrissur,SOUTH_INDIA_IN_SCOPE,566.0,MATCHED,Matched via exact.
Kerala.pdf,PMBJK23336,Kerala,Thiruvananthapuram,SOUTH_INDIA_IN_SCOPE,565.0,MATCHED,Matched via exact.
Kerala.pdf,PMBJK23359,Kerala,Kottayam,SOUTH_INDIA_IN_SCOPE,560.0,MATCHED,Matched via exact.
Kerala.pdf,PMBJK23362,Kerala,Kollam,SOUTH_INDIA_IN_SCOPE,559.0,MATCHED,Matched via exact.
Kerala.pdf,PMBJK23398,Kerala,Thrissur,SOUTH_INDIA_IN_SCOPE,566.0,MATCHED,Matched via exact.
Kerala.pdf,PMBJK23399,Kerala,Ernakulam,SOUTH_INDIA_IN_SCOPE,555.0,MATCHED,Matched via exact.
Kerala.pdf,PMBJK23425,Kerala,Palakkad,SOUTH_INDIA_IN_SCOPE,563.0,MATCHED,Matched via exact.
Kerala.pdf,PMBJK23426,Kerala,Thiruvananthapuram,SOUTH_INDIA_IN_SCOPE,565.0,MATCHED,Matched via exact.
Kerala.pdf,PMBJK23449,Kerala,Thrissur,SOUTH_INDIA_IN_SCOPE,566.0,MATCHED,Matched via exact.
Kerala.pdf,PMBJK23450,Kerala,Ernakulam,SOUTH_INDIA_IN_SCOPE,555.0,MATCHED,Matched via exact.
Kerala.pdf,PMBJK23451,Kerala,Thrissur,SOUTH_INDIA_IN_SCOPE,566.0,MATCHED,Matched via exact.
Kerala.pdf,PMBJK23484,Kerala,Thrissur,SOUTH_INDIA_IN_SCOPE,566.0,MATCHED,Matched via exact.
Kerala.pdf,PMBJK23485,Kerala,Ernakulam,SOUTH_INDIA_IN_SCOPE,555.0,MATCHED,Matched via exact.
Kerala.pdf,PMBJK23505,Kerala,Ernakulam,SOUTH_INDIA_IN_SCOPE,555.0,MATCHED,Matched via exact.
Kerala.pdf,PMBJK23506,Kerala,Malappuram,SOUTH_INDIA_IN_SCOPE,562.0,MATCHED,Matched via exact.
Kerala.pdf,PMBJK23525,Kerala,Kozhikode,SOUTH_INDIA_IN_SCOPE,561.0,MATCHED,Matched via exact.
Kerala.pdf,PMBJK23526,Kerala,Wayanad,SOUTH_INDIA_IN_SCOPE,567.0,MATCHED,Matched via exact.
Kerala.pdf,PMBJK23556,Kerala,Kozhikode,SOUTH_INDIA_IN_SCOPE,561.0,MATCHED,Matched via exact.
Kerala.pdf,PMBJK23580,Kerala,Thiruvananthapuram,SOUTH_INDIA_IN_SCOPE,565.0,MATCHED,Matched via exact.
Kerala.pdf,PMBJK23581,Kerala,Pathanamthitta,SOUTH_INDIA_IN_SCOPE,564.0,MATCHED,Matched via exact.
Kerala.pdf,PMBJK23620,Kerala,Malappuram,SOUTH_INDIA_IN_SCOPE,562.0,MATCHED,Matched via exact.
Kerala.pdf,PMBJK23621,Kerala,Kannur,SOUTH_INDIA_IN_SCOPE,557.0,MATCHED,Matched via exact.
Kerala.pdf,PMBJK23637,Kerala,Ernakulam,SOUTH_INDIA_IN_SCOPE,555.0,MATCHED,Matched via exact.
Kerala.pdf,PMBJK23638,Kerala,Thrissur,SOUTH_INDIA_IN_SCOPE,566.0,MATCHED,Matched via exact.
Kerala.pdf,PMBJK23665,Kerala,Kannur,SOUTH_INDIA_IN_SCOPE,557.0,MATCHED,Matched via exact.
Kerala.pdf,PMBJK23713,Kerala,Kannur,SOUTH_INDIA_IN_SCOPE,557.0,MATCHED,Matched via exact.
Kerala.pdf,PMBJK23714,Kerala,Thrissur,SOUTH_INDIA_IN_SCOPE,566.0,MATCHED,Matched via exact.
Kerala.pdf,PMBJK23734,Kerala,Ernakulam,SOUTH_INDIA_IN_SCOPE,555.0,MATCHED,Matched via exact.
Kerala.pdf,PMBJK23735,Kerala,Kottayam,SOUTH_INDIA_IN_SCOPE,560.0,MATCHED,Matched via exact.
Kerala.pdf,PMBJK23755,Kerala,Kollam,SOUTH_INDIA_IN_SCOPE,559.0,MATCHED,Matched via exact.
Kerala.pdf,PMBJK23756,Kerala,Palakkad,SOUTH_INDIA_IN_SCOPE,563.0,MATCHED,Matched via exact.
Kerala.pdf,PMBJK23812,Kerala,Thiruvananthapuram,SOUTH_INDIA_IN_SCOPE,565.0,MATCHED,Matched via exact.
Kerala.pdf,PMBJK23829,Kerala,Thrissur,SOUTH_INDIA_IN_SCOPE,566.0,MATCHED,Matched via exact.
Kerala.pdf,PMBJK23872,Kerala,Kottayam,SOUTH_INDIA_IN_SCOPE,560.0,MATCHED,Matched via exact.
Kerala.pdf,PMBJK23873,Kerala,Alappuzha,SOUTH_INDIA_IN_SCOPE,554.0,MATCHED,Matched via exact.
Kerala.pdf,PMBJK23890,Kerala,Pathanamthitta,SOUTH_INDIA_IN_SCOPE,564.0,MATCHED,Matched via exact.
Kerala.pdf,PMBJK23891,Kerala,Ernakulam,SOUTH_INDIA_IN_SCOPE,555.0,MATCHED,Matched via exact.
Kerala.pdf,PMBJK23892,Kerala,Thiruvananthapuram,SOUTH_INDIA_IN_SCOPE,565.0,MATCHED,Matched via exact.
Kerala.pdf,PMBJK23900,Kerala,Malappuram,SOUTH_INDIA_IN_SCOPE,562.0,MATCHED,Matched via exact.
Kerala.pdf,PMBJK23943,Kerala,Thiruvananthapuram,SOUTH_INDIA_IN_SCOPE,565.0,MATCHED,Matched via exact.
Kerala.pdf,PMBJK23944,Kerala,Pathanamthitta,SOUTH_INDIA_IN_SCOPE,564.0,MATCHED,Matched via exact.
MadhyaPradesh.pdf,PMBJK01384,Madhya Pradesh,Balaghat,OUTSIDE_SOUTH_INDIA,,EXCLUDED_OUT_OF_SCOPE,State 'Madhya Pradesh' is outside the 7 South Indian target States/UTs.
MadhyaPradesh.pdf,PMBJK01387,Madhya Pradesh,Ashoknagar,OUTSIDE_SOUTH_INDIA,,EXCLUDED_OUT_OF_SCOPE,State 'Madhya Pradesh' is outside the 7 South Indian target States/UTs.
MadhyaPradesh.pdf,PMBJK01388,Madhya Pradesh,Ashoknagar,OUTSIDE_SOUTH_INDIA,,EXCLUDED_OUT_OF_SCOPE,State 'Madhya Pradesh' is outside the 7 South Indian target States/UTs.
MadhyaPradesh.pdf,PMBJK01392,Madhya Pradesh,Bhopal,OUTSIDE_SOUTH_INDIA,,EXCLUDED_OUT_OF_SCOPE,State 'Madhya Pradesh' is outside the 7 South Indian target States/UTs.
MadhyaPradesh.pdf,PMBJK01402,Madhya Pradesh,Damoh,OUTSIDE_SOUTH_INDIA,,EXCLUDED_OUT_OF_SCOPE,State 'Madhya Pradesh' is outside the 7 South Indian target States/UTs.
MadhyaPradesh.pdf,PMBJK01403,Madhya Pradesh,Damoh,OUTSIDE_SOUTH_INDIA,,EXCLUDED_OUT_OF_SCOPE,State 'Madhya Pradesh' is outside the 7 South Indian target States/UTs.
MadhyaPradesh.pdf,PMBJK01406,Madhya Pradesh,Datia,OUTSIDE_SOUTH_INDIA,,EXCLUDED_OUT_OF_SCOPE,State 'Madhya Pradesh' is outside the 7 South Indian target States/UTs.
MadhyaPradesh.pdf,PMBJK01409,Madhya Pradesh,Guna,OUTSIDE_SOUTH_INDIA,,EXCLUDED_OUT_OF_SCOPE,State 'Madhya Pradesh' is outside the 7 South Indian target States/UTs.
MadhyaPradesh.pdf,PMBJK01413,Madhya Pradesh,Gwalior,OUTSIDE_SOUTH_INDIA,,EXCLUDED_OUT_OF_SCOPE,State 'Madhya Pradesh' is outside the 7 South Indian target States/UTs.
MadhyaPradesh.pdf,PMBJK01415,Madhya Pradesh,Gwalior,OUTSIDE_SOUTH_INDIA,,EXCLUDED_OUT_OF_SCOPE,State 'Madhya Pradesh' is outside the 7 South Indian target States/UTs.
MadhyaPradesh.pdf,PMBJK01418,Madhya Pradesh,Indore,OUTSIDE_SOUTH_INDIA,,EXCLUDED_OUT_OF_SCOPE,State 'Madhya Pradesh' is outside the 7 South Indian target States/UTs.
MadhyaPradesh.pdf,PMBJK01419,Madhya Pradesh,Indore,OUTSIDE_SOUTH_INDIA,,EXCLUDED_OUT_OF_SCOPE,State 'Madhya Pradesh' is outside the 7 South Indian target States/UTs.
MadhyaPradesh.pdf,PMBJK01420,Madhya Pradesh,Indore,OUTSIDE_SOUTH_INDIA,,EXCLUDED_OUT_OF_SCOPE,State 'Madhya Pradesh' is outside the 7 South Indian target States/UTs.
MadhyaPradesh.pdf,PMBJK01424,Madhya Pradesh,Jabalpur,OUTSIDE_SOUTH_INDIA,,EXCLUDED_OUT_OF_SCOPE,State 'Madhya Pradesh' is outside the 7 South Indian target States/UTs.
MadhyaPradesh.pdf,PMBJK01428,Madhya Pradesh,Khandwa (East Nimar),OUTSIDE_SOUTH_INDIA,,EXCLUDED_OUT_OF_SCOPE,State 'Madhya Pradesh' is outside the 7 South Indian target States/UTs.
MadhyaPradesh.pdf,PMBJK01429,Madhya Pradesh,Khargone (West Nimar),OUTSIDE_SOUTH_INDIA,,EXCLUDED_OUT_OF_SCOPE,State 'Madhya Pradesh' is outside the 7 South Indian target States/UTs.
MadhyaPradesh.pdf,PMBJK01431,Madhya Pradesh,Neemuch,OUTSIDE_SOUTH_INDIA,,EXCLUDED_OUT_OF_SCOPE,State 'Madhya Pradesh' is outside the 7 South Indian target States/UTs.
MadhyaPradesh.pdf,PMBJK01432,Madhya Pradesh,Panna,OUTSIDE_SOUTH_INDIA,,EXCLUDED_OUT_OF_SCOPE,State 'Madhya Pradesh' is outside the 7 South Indian target States/UTs.
MadhyaPradesh.pdf,PMBJK01433,Madhya Pradesh,Raisen,OUTSIDE_SOUTH_INDIA,,EXCLUDED_OUT_OF_SCOPE,State 'Madhya Pradesh' is outside the 7 South Indian target States/UTs.
MadhyaPradesh.pdf,PMBJK01435,Madhya Pradesh,Rajgarh,OUTSIDE_SOUTH_INDIA,,EXCLUDED_OUT_OF_SCOPE,State 'Madhya Pradesh' is outside the 7 South Indian target States/UTs.
MadhyaPradesh.pdf,PMBJK01436,Madhya Pradesh,Rajgarh,OUTSIDE_SOUTH_INDIA,,EXCLUDED_OUT_OF_SCOPE,State 'Madhya Pradesh' is outside the 7 South Indian target States/UTs.
MadhyaPradesh.pdf,PMBJK01437,Madhya Pradesh,Ratlam,OUTSIDE_SOUTH_INDIA,,EXCLUDED_OUT_OF_SCOPE,State 'Madhya Pradesh' is outside the 7 South Indian target States/UTs.
MadhyaPradesh.pdf,PMBJK01438,Madhya Pradesh,Ratlam,OUTSIDE_SOUTH_INDIA,,EXCLUDED_OUT_OF_SCOPE,State 'Madhya Pradesh' is outside the 7 South Indian target States/UTs.
MadhyaPradesh.pdf,PMBJK01443,Madhya Pradesh,Sagar,OUTSIDE_SOUTH_INDIA,,EXCLUDED_OUT_OF_SCOPE,State 'Madhya Pradesh' is outside the 7 South Indian target States/UTs.
MadhyaPradesh.pdf,PMBJK01444,Madhya Pradesh,Satna,OUTSIDE_SOUTH_INDIA,,EXCLUDED_OUT_OF_SCOPE,State 'Madhya Pradesh' is outside the 7 South Indian target States/UTs.
MadhyaPradesh.pdf,PMBJK01447,Madhya Pradesh,Seoni,OUTSIDE_SOUTH_INDIA,,EXCLUDED_OUT_OF_SCOPE,State 'Madhya Pradesh' is outside the 7 South Indian target States/UTs.
MadhyaPradesh.pdf,PMBJK01448,Madhya Pradesh,Seoni,OUTSIDE_SOUTH_INDIA,,EXCLUDED_OUT_OF_SCOPE,State 'Madhya Pradesh' is outside the 7 South Indian target States/UTs.
MadhyaPradesh.pdf,PMBJK01450,Madhya Pradesh,Shajapur,OUTSIDE_SOUTH_INDIA,,EXCLUDED_OUT_OF_SCOPE,State 'Madhya Pradesh' is outside the 7 South Indian target States/UTs.
MadhyaPradesh.pdf,PMBJK01451,Madhya Pradesh,Agar-Malwa,OUTSIDE_SOUTH_INDIA,,EXCLUDED_OUT_OF_SCOPE,State 'Madhya Pradesh' is outside the 7 South Indian target States/UTs.
MadhyaPradesh.pdf,PMBJK01452,Madhya Pradesh,Sidhi,OUTSIDE_SOUTH_INDIA,,EXCLUDED_OUT_OF_SCOPE,State 'Madhya Pradesh' is outside the 7 South Indian target States/UTs.
MadhyaPradesh.pdf,PMBJK01454,Madhya Pradesh,Singrauli,OUTSIDE_SOUTH_INDIA,,EXCLUDED_OUT_OF_SCOPE,State 'Madhya Pradesh' is outside the 7 South Indian target States/UTs.
MadhyaPradesh.pdf,PMBJK01455,Madhya Pradesh,Tikamgarh,OUTSIDE_SOUTH_INDIA,,EXCLUDED_OUT_OF_SCOPE,State 'Madhya Pradesh' is outside the 7 South Indian target States/UTs.
MadhyaPradesh.pdf,PMBJK01897,Madhya Pradesh,Jabalpur,OUTSIDE_SOUTH_INDIA,,EXCLUDED_OUT_OF_SCOPE,State 'Madhya Pradesh' is outside the 7 South Indian target States/UTs.
MadhyaPradesh.pdf,PMBJK02889,Madhya Pradesh,Alirajpur,OUTSIDE_SOUTH_INDIA,,EXCLUDED_OUT_OF_SCOPE,State 'Madhya Pradesh' is outside the 7 South Indian target States/UTs.
MadhyaPradesh.pdf,PMBJK02917,Madhya Pradesh,Singrauli,OUTSIDE_SOUTH_INDIA,,EXCLUDED_OUT_OF_SCOPE,State 'Madhya Pradesh' is outside the 7 South Indian target States/UTs.
MadhyaPradesh.pdf,PMBJK02968,Madhya Pradesh,Ujjain,OUTSIDE_SOUTH_INDIA,,EXCLUDED_OUT_OF_SCOPE,State 'Madhya Pradesh' is outside the 7 South Indian target States/UTs.
MadhyaPradesh.pdf,PMBJK03355,Madhya Pradesh,Damoh,OUTSIDE_SOUTH_INDIA,,EXCLUDED_OUT_OF_SCOPE,State 'Madhya Pradesh' is outside the 7 South Indian target States/UTs.
MadhyaPradesh.pdf,PMBJK03472,Madhya Pradesh,Sheopur,OUTSIDE_SOUTH_INDIA,,EXCLUDED_OUT_OF_SCOPE,State 'Madhya Pradesh' is outside the 7 South Indian target States/UTs.
MadhyaPradesh.pdf,PMBJK03487,Madhya Pradesh,Indore,OUTSIDE_SOUTH_INDIA,,EXCLUDED_OUT_OF_SCOPE,State 'Madhya Pradesh' is outside the 7 South Indian target States/UTs.
MadhyaPradesh.pdf,PMBJK03488,Madhya Pradesh,Gwalior,OUTSIDE_SOUTH_INDIA,,EXCLUDED_OUT_OF_SCOPE,State 'Madhya Pradesh' is outside the 7 South Indian target States/UTs.
MadhyaPradesh.pdf,PMBJK03511,Madhya Pradesh,Damoh,OUTSIDE_SOUTH_INDIA,,EXCLUDED_OUT_OF_SCOPE,State 'Madhya Pradesh' is outside the 7 South Indian target States/UTs.
MadhyaPradesh.pdf,PMBJK03559,Madhya Pradesh,Vidisha,OUTSIDE_SOUTH_INDIA,,EXCLUDED_OUT_OF_SCOPE,State 'Madhya Pradesh' is outside the 7 South Indian target States/UTs.
MadhyaPradesh.pdf,PMBJK03560,Madhya Pradesh,Mandsaur,OUTSIDE_SOUTH_INDIA,,EXCLUDED_OUT_OF_SCOPE,State 'Madhya Pradesh' is outside the 7 South Indian target States/UTs.
MadhyaPradesh.pdf,PMBJK03588,Madhya Pradesh,Bhopal,OUTSIDE_SOUTH_INDIA,,EXCLUDED_OUT_OF_SCOPE,State 'Madhya Pradesh' is outside the 7 South Indian target States/UTs.
MadhyaPradesh.pdf,PMBJK03599,Madhya Pradesh,Bhopal,OUTSIDE_SOUTH_INDIA,,EXCLUDED_OUT_OF_SCOPE,State 'Madhya Pradesh' is outside the 7 South Indian target States/UTs.
MadhyaPradesh.pdf,PMBJK03624,Madhya Pradesh,Shahdol,OUTSIDE_SOUTH_INDIA,,EXCLUDED_OUT_OF_SCOPE,State 'Madhya Pradesh' is outside the 7 South Indian target States/UTs.
MadhyaPradesh.pdf,PMBJK03693,Madhya Pradesh,Mandsaur,OUTSIDE_SOUTH_INDIA,,EXCLUDED_OUT_OF_SCOPE,State 'Madhya Pradesh' is outside the 7 South Indian target States/UTs.
MadhyaPradesh.pdf,PMBJK03713,Madhya Pradesh,Jhabua,OUTSIDE_SOUTH_INDIA,,EXCLUDED_OUT_OF_SCOPE,State 'Madhya Pradesh' is outside the 7 South Indian target States/UTs.
MadhyaPradesh.pdf,PMBJK03727,Madhya Pradesh,Dindori,OUTSIDE_SOUTH_INDIA,,EXCLUDED_OUT_OF_SCOPE,State 'Madhya Pradesh' is outside the 7 South Indian target States/UTs.
MadhyaPradesh.pdf,PMBJK03730,Madhya Pradesh,Mandsaur,OUTSIDE_SOUTH_INDIA,,EXCLUDED_OUT_OF_SCOPE,State 'Madhya Pradesh' is outside the 7 South Indian target States/UTs.
MadhyaPradesh.pdf,PMBJK03800,Madhya Pradesh,Sehore,OUTSIDE_SOUTH_INDIA,,EXCLUDED_OUT_OF_SCOPE,State 'Madhya Pradesh' is outside the 7 South Indian target States/UTs.
MadhyaPradesh.pdf,PMBJK03812,Madhya Pradesh,Mandsaur,OUTSIDE_SOUTH_INDIA,,EXCLUDED_OUT_OF_SCOPE,State 'Madhya Pradesh' is outside the 7 South Indian target States/UTs.
MadhyaPradesh.pdf,PMBJK04065,Madhya Pradesh,Narsimhapur,OUTSIDE_SOUTH_INDIA,,EXCLUDED_OUT_OF_SCOPE,State 'Madhya Pradesh' is outside the 7 South Indian target States/UTs.
MadhyaPradesh.pdf,PMBJK04066,Madhya Pradesh,Indore,OUTSIDE_SOUTH_INDIA,,EXCLUDED_OUT_OF_SCOPE,State 'Madhya Pradesh' is outside the 7 South Indian target States/UTs.
MadhyaPradesh.pdf,PMBJK04092,Madhya Pradesh,Indore,OUTSIDE_SOUTH_INDIA,,EXCLUDED_OUT_OF_SCOPE,State 'Madhya Pradesh' is outside the 7 South Indian target States/UTs.
MadhyaPradesh.pdf,PMBJK04131,Madhya Pradesh,Sehore,OUTSIDE_SOUTH_INDIA,,EXCLUDED_OUT_OF_SCOPE,State 'Madhya Pradesh' is outside the 7 South Indian target States/UTs.
MadhyaPradesh.pdf,PMBJK04211,Madhya Pradesh,Morena,OUTSIDE_SOUTH_INDIA,,EXCLUDED_OUT_OF_SCOPE,State 'Madhya Pradesh' is outside the 7 South Indian target States/UTs.
MadhyaPradesh.pdf,PMBJK04218,Madhya Pradesh,Shahdol,OUTSIDE_SOUTH_INDIA,,EXCLUDED_OUT_OF_SCOPE,State 'Madhya Pradesh' is outside the 7 South Indian target States/UTs.
MadhyaPradesh.pdf,PMBJK04219,Madhya Pradesh,Indore,OUTSIDE_SOUTH_INDIA,,EXCLUDED_OUT_OF_SCOPE,State 'Madhya Pradesh' is outside the 7 South Indian target States/UTs.
MadhyaPradesh.pdf,PMBJK04326,Madhya Pradesh,Bhind,OUTSIDE_SOUTH_INDIA,,EXCLUDED_OUT_OF_SCOPE,State 'Madhya Pradesh' is outside the 7 South Indian target States/UTs.
MadhyaPradesh.pdf,PMBJK04346,Madhya Pradesh,Mandla,OUTSIDE_SOUTH_INDIA,,EXCLUDED_OUT_OF_SCOPE,State 'Madhya Pradesh' is outside the 7 South Indian target States/UTs.
MadhyaPradesh.pdf,PMBJK04379,Madhya Pradesh,Indore,OUTSIDE_SOUTH_INDIA,,EXCLUDED_OUT_OF_SCOPE,State 'Madhya Pradesh' is outside the 7 South Indian target States/UTs.
MadhyaPradesh.pdf,PMBJK04405,Madhya Pradesh,Khandwa (East Nimar),OUTSIDE_SOUTH_INDIA,,EXCLUDED_OUT_OF_SCOPE,State 'Madhya Pradesh' is outside the 7 South Indian target States/UTs.
MadhyaPradesh.pdf,PMBJK04429,Madhya Pradesh,Indore,OUTSIDE_SOUTH_INDIA,,EXCLUDED_OUT_OF_SCOPE,State 'Madhya Pradesh' is outside the 7 South Indian target States/UTs.
MadhyaPradesh.pdf,PMBJK04446,Madhya Pradesh,Mandsaur,OUTSIDE_SOUTH_INDIA,,EXCLUDED_OUT_OF_SCOPE,State 'Madhya Pradesh' is outside the 7 South Indian target States/UTs.
MadhyaPradesh.pdf,PMBJK04447,Madhya Pradesh,Burhanpur,OUTSIDE_SOUTH_INDIA,,EXCLUDED_OUT_OF_SCOPE,State 'Madhya Pradesh' is outside the 7 South Indian target States/UTs.
MadhyaPradesh.pdf,PMBJK04464,Madhya Pradesh,Indore,OUTSIDE_SOUTH_INDIA,,EXCLUDED_OUT_OF_SCOPE,State 'Madhya Pradesh' is outside the 7 South Indian target States/UTs.
MadhyaPradesh.pdf,PMBJK04522,Madhya Pradesh,Agar-Malwa,OUTSIDE_SOUTH_INDIA,,EXCLUDED_OUT_OF_SCOPE,State 'Madhya Pradesh' is outside the 7 South Indian target States/UTs.
MadhyaPradesh.pdf,PMBJK04523,Madhya Pradesh,Ujjain,OUTSIDE_SOUTH_INDIA,,EXCLUDED_OUT_OF_SCOPE,State 'Madhya Pradesh' is outside the 7 South Indian target States/UTs.
MadhyaPradesh.pdf,PMBJK04655,Madhya Pradesh,Jabalpur,OUTSIDE_SOUTH_INDIA,,EXCLUDED_OUT_OF_SCOPE,State 'Madhya Pradesh' is outside the 7 South Indian target States/UTs.
MadhyaPradesh.pdf,PMBJK04740,Madhya Pradesh,Indore,OUTSIDE_SOUTH_INDIA,,EXCLUDED_OUT_OF_SCOPE,State 'Madhya Pradesh' is outside the 7 South Indian target States/UTs.
MadhyaPradesh.pdf,PMBJK04791,Madhya Pradesh,Indore,OUTSIDE_SOUTH_INDIA,,EXCLUDED_OUT_OF_SCOPE,State 'Madhya Pradesh' is outside the 7 South Indian target States/UTs.
MadhyaPradesh.pdf,PMBJK04840,Madhya Pradesh,Jabalpur,OUTSIDE_SOUTH_INDIA,,EXCLUDED_OUT_OF_SCOPE,State 'Madhya Pradesh' is outside the 7 South Indian target States/UTs.
MadhyaPradesh.pdf,PMBJK05038,Madhya Pradesh,Katni,OUTSIDE_SOUTH_INDIA,,EXCLUDED_OUT_OF_SCOPE,State 'Madhya Pradesh' is outside the 7 South Indian target States/UTs.
MadhyaPradesh.pdf,PMBJK05039,Madhya Pradesh,Indore,OUTSIDE_SOUTH_INDIA,,EXCLUDED_OUT_OF_SCOPE,State 'Madhya Pradesh' is outside the 7 South Indian target States/UTs.
MadhyaPradesh.pdf,PMBJK05209,Madhya Pradesh,Anuppur,OUTSIDE_SOUTH_INDIA,,EXCLUDED_OUT_OF_SCOPE,State 'Madhya Pradesh' is outside the 7 South Indian target States/UTs.
MadhyaPradesh.pdf,PMBJK05251,Madhya Pradesh,Bhopal,OUTSIDE_SOUTH_INDIA,,EXCLUDED_OUT_OF_SCOPE,State 'Madhya Pradesh' is outside the 7 South Indian target States/UTs.
MadhyaPradesh.pdf,PMBJK05257,Madhya Pradesh,Harda,OUTSIDE_SOUTH_INDIA,,EXCLUDED_OUT_OF_SCOPE,State 'Madhya Pradesh' is outside the 7 South Indian target States/UTs.
MadhyaPradesh.pdf,PMBJK05412,Madhya Pradesh,Umaria,OUTSIDE_SOUTH_INDIA,,EXCLUDED_OUT_OF_SCOPE,State 'Madhya Pradesh' is outside the 7 South Indian target States/UTs.
MadhyaPradesh.pdf,PMBJK05440,Madhya Pradesh,Barwani,OUTSIDE_SOUTH_INDIA,,EXCLUDED_OUT_OF_SCOPE,State 'Madhya Pradesh' is outside the 7 South Indian target States/UTs.
MadhyaPradesh.pdf,PMBJK05499,Madhya Pradesh,Indore,OUTSIDE_SOUTH_INDIA,,EXCLUDED_OUT_OF_SCOPE,State 'Madhya Pradesh' is outside the 7 South Indian target States/UTs.
MadhyaPradesh.pdf,PMBJK05570,Madhya Pradesh,Indore,OUTSIDE_SOUTH_INDIA,,EXCLUDED_OUT_OF_SCOPE,State 'Madhya Pradesh' is outside the 7 South Indian target States/UTs.
MadhyaPradesh.pdf,PMBJK05571,Madhya Pradesh,Indore,OUTSIDE_SOUTH_INDIA,,EXCLUDED_OUT_OF_SCOPE,State 'Madhya Pradesh' is outside the 7 South Indian target States/UTs.
MadhyaPradesh.pdf,PMBJK05572,Madhya Pradesh,Indore,OUTSIDE_SOUTH_INDIA,,EXCLUDED_OUT_OF_SCOPE,State 'Madhya Pradesh' is outside the 7 South Indian target States/UTs.
MadhyaPradesh.pdf,PMBJK05585,Madhya Pradesh,Indore,OUTSIDE_SOUTH_INDIA,,EXCLUDED_OUT_OF_SCOPE,State 'Madhya Pradesh' is outside the 7 South Indian target States/UTs.
MadhyaPradesh.pdf,PMBJK05586,Madhya Pradesh,Vidisha,OUTSIDE_SOUTH_INDIA,,EXCLUDED_OUT_OF_SCOPE,State 'Madhya Pradesh' is outside the 7 South Indian target States/UTs.
MadhyaPradesh.pdf,PMBJK05753,Madhya Pradesh,Indore,OUTSIDE_SOUTH_INDIA,,EXCLUDED_OUT_OF_SCOPE,State 'Madhya Pradesh' is outside the 7 South Indian target States/UTs.
MadhyaPradesh.pdf,PMBJK05754,Madhya Pradesh,Sehore,OUTSIDE_SOUTH_INDIA,,EXCLUDED_OUT_OF_SCOPE,State 'Madhya Pradesh' is outside the 7 South Indian target States/UTs.
MadhyaPradesh.pdf,PMBJK05798,Madhya Pradesh,Ujjain,OUTSIDE_SOUTH_INDIA,,EXCLUDED_OUT_OF_SCOPE,State 'Madhya Pradesh' is outside the 7 South Indian target States/UTs.
MadhyaPradesh.pdf,PMBJK05842,Madhya Pradesh,Indore,OUTSIDE_SOUTH_INDIA,,EXCLUDED_OUT_OF_SCOPE,State 'Madhya Pradesh' is outside the 7 South Indian target States/UTs.
MadhyaPradesh.pdf,PMBJK05847,Madhya Pradesh,Dewas,OUTSIDE_SOUTH_INDIA,,EXCLUDED_OUT_OF_SCOPE,State 'Madhya Pradesh' is outside the 7 South Indian target States/UTs.
MadhyaPradesh.pdf,PMBJK05871,Madhya Pradesh,Chhatarpur,OUTSIDE_SOUTH_INDIA,,EXCLUDED_OUT_OF_SCOPE,State 'Madhya Pradesh' is outside the 7 South Indian target States/UTs.
MadhyaPradesh.pdf,PMBJK05879,Madhya Pradesh,Gwalior,OUTSIDE_SOUTH_INDIA,,EXCLUDED_OUT_OF_SCOPE,State 'Madhya Pradesh' is outside the 7 South Indian target States/UTs.
MadhyaPradesh.pdf,PMBJK05884,Madhya Pradesh,Dhar,OUTSIDE_SOUTH_INDIA,,EXCLUDED_OUT_OF_SCOPE,State 'Madhya Pradesh' is outside the 7 South Indian target States/UTs.
MadhyaPradesh.pdf,PMBJK05929,Madhya Pradesh,Indore,OUTSIDE_SOUTH_INDIA,,EXCLUDED_OUT_OF_SCOPE,State 'Madhya Pradesh' is outside the 7 South Indian target States/UTs.
MadhyaPradesh.pdf,PMBJK05941,Madhya Pradesh,Indore,OUTSIDE_SOUTH_INDIA,,EXCLUDED_OUT_OF_SCOPE,State 'Madhya Pradesh' is outside the 7 South Indian target States/UTs.
MadhyaPradesh.pdf,PMBJK05960,Madhya Pradesh,Chhatarpur,OUTSIDE_SOUTH_INDIA,,EXCLUDED_OUT_OF_SCOPE,State 'Madhya Pradesh' is outside the 7 South Indian target States/UTs.
MadhyaPradesh.pdf,PMBJK05999,Madhya Pradesh,Indore,OUTSIDE_SOUTH_INDIA,,EXCLUDED_OUT_OF_SCOPE,State 'Madhya Pradesh' is outside the 7 South Indian target States/UTs.
MadhyaPradesh.pdf,PMBJK06004,Madhya Pradesh,Indore,OUTSIDE_SOUTH_INDIA,,EXCLUDED_OUT_OF_SCOPE,State 'Madhya Pradesh' is outside the 7 South Indian target States/UTs.
MadhyaPradesh.pdf,PMBJK06005,Madhya Pradesh,Indore,OUTSIDE_SOUTH_INDIA,,EXCLUDED_OUT_OF_SCOPE,State 'Madhya Pradesh' is outside the 7 South Indian target States/UTs.
MadhyaPradesh.pdf,PMBJK06025,Madhya Pradesh,Panna,OUTSIDE_SOUTH_INDIA,,EXCLUDED_OUT_OF_SCOPE,State 'Madhya Pradesh' is outside the 7 South Indian target States/UTs.
MadhyaPradesh.pdf,PMBJK06074,Madhya Pradesh,Ujjain,OUTSIDE_SOUTH_INDIA,,EXCLUDED_OUT_OF_SCOPE,State 'Madhya Pradesh' is outside the 7 South Indian target States/UTs.
MadhyaPradesh.pdf,PMBJK06080,Madhya Pradesh,Indore,OUTSIDE_SOUTH_INDIA,,EXCLUDED_OUT_OF_SCOPE,State 'Madhya Pradesh' is outside the 7 South Indian target States/UTs.
MadhyaPradesh.pdf,PMBJK06115,Madhya Pradesh,Indore,OUTSIDE_SOUTH_INDIA,,EXCLUDED_OUT_OF_SCOPE,State 'Madhya Pradesh' is outside the 7 South Indian target States/UTs.
MadhyaPradesh.pdf,PMBJK06118,Madhya Pradesh,Indore,OUTSIDE_SOUTH_INDIA,,EXCLUDED_OUT_OF_SCOPE,State 'Madhya Pradesh' is outside the 7 South Indian target States/UTs.
MadhyaPradesh.pdf,PMBJK06185,Madhya Pradesh,Jabalpur,OUTSIDE_SOUTH_INDIA,,EXCLUDED_OUT_OF_SCOPE,State 'Madhya Pradesh' is outside the 7 South Indian target States/UTs.
MadhyaPradesh.pdf,PMBJK06186,Madhya Pradesh,Indore,OUTSIDE_SOUTH_INDIA,,EXCLUDED_OUT_OF_SCOPE,State 'Madhya Pradesh' is outside the 7 South Indian target States/UTs.
MadhyaPradesh.pdf,PMBJK06187,Madhya Pradesh,Narmadapuram,OUTSIDE_SOUTH_INDIA,,EXCLUDED_OUT_OF_SCOPE,State 'Madhya Pradesh' is outside the 7 South Indian target States/UTs.
MadhyaPradesh.pdf,PMBJK06212,Madhya Pradesh,Khargone (West Nimar),OUTSIDE_SOUTH_INDIA,,EXCLUDED_OUT_OF_SCOPE,State 'Madhya Pradesh' is outside the 7 South Indian target States/UTs.
MadhyaPradesh.pdf,PMBJK06240,Madhya Pradesh,Indore,OUTSIDE_SOUTH_INDIA,,EXCLUDED_OUT_OF_SCOPE,State 'Madhya Pradesh' is outside the 7 South Indian target States/UTs.
MadhyaPradesh.pdf,PMBJK06282,Madhya Pradesh,Ujjain,OUTSIDE_SOUTH_INDIA,,EXCLUDED_OUT_OF_SCOPE,State 'Madhya Pradesh' is outside the 7 South Indian target States/UTs.
MadhyaPradesh.pdf,PMBJK06339,Madhya Pradesh,Chhatarpur,OUTSIDE_SOUTH_INDIA,,EXCLUDED_OUT_OF_SCOPE,State 'Madhya Pradesh' is outside the 7 South Indian target States/UTs.
MadhyaPradesh.pdf,PMBJK06349,Madhya Pradesh,Indore,OUTSIDE_SOUTH_INDIA,,EXCLUDED_OUT_OF_SCOPE,State 'Madhya Pradesh' is outside the 7 South Indian target States/UTs.
MadhyaPradesh.pdf,PMBJK06354,Madhya Pradesh,Indore,OUTSIDE_SOUTH_INDIA,,EXCLUDED_OUT_OF_SCOPE,State 'Madhya Pradesh' is outside the 7 South Indian target States/UTs.
MadhyaPradesh.pdf,PMBJK06355,Madhya Pradesh,Dewas,OUTSIDE_SOUTH_INDIA,,EXCLUDED_OUT_OF_SCOPE,State 'Madhya Pradesh' is outside the 7 South Indian target States/UTs.
MadhyaPradesh.pdf,PMBJK06362,Madhya Pradesh,Indore,OUTSIDE_SOUTH_INDIA,,EXCLUDED_OUT_OF_SCOPE,State 'Madhya Pradesh' is outside the 7 South Indian target States/UTs.
MadhyaPradesh.pdf,PMBJK06367,Madhya Pradesh,Indore,OUTSIDE_SOUTH_INDIA,,EXCLUDED_OUT_OF_SCOPE,State 'Madhya Pradesh' is outside the 7 South Indian target States/UTs.
MadhyaPradesh.pdf,PMBJK06392,Madhya Pradesh,Indore,OUTSIDE_SOUTH_INDIA,,EXCLUDED_OUT_OF_SCOPE,State 'Madhya Pradesh' is outside the 7 South Indian target States/UTs.
MadhyaPradesh.pdf,PMBJK06393,Madhya Pradesh,Indore,OUTSIDE_SOUTH_INDIA,,EXCLUDED_OUT_OF_SCOPE,State 'Madhya Pradesh' is outside the 7 South Indian target States/UTs.
MadhyaPradesh.pdf,PMBJK06399,Madhya Pradesh,Indore,OUTSIDE_SOUTH_INDIA,,EXCLUDED_OUT_OF_SCOPE,State 'Madhya Pradesh' is outside the 7 South Indian target States/UTs.
MadhyaPradesh.pdf,PMBJK06438,Madhya Pradesh,Narsimhapur,OUTSIDE_SOUTH_INDIA,,EXCLUDED_OUT_OF_SCOPE,State 'Madhya Pradesh' is outside the 7 South Indian target States/UTs.
MadhyaPradesh.pdf,PMBJK06474,Madhya Pradesh,Indore,OUTSIDE_SOUTH_INDIA,,EXCLUDED_OUT_OF_SCOPE,State 'Madhya Pradesh' is outside the 7 South Indian target States/UTs.
MadhyaPradesh.pdf,PMBJK06537,Madhya Pradesh,Indore,OUTSIDE_SOUTH_INDIA,,EXCLUDED_OUT_OF_SCOPE,State 'Madhya Pradesh' is outside the 7 South Indian target States/UTs.
MadhyaPradesh.pdf,PMBJK06584,Madhya Pradesh,Niwari,OUTSIDE_SOUTH_INDIA,,EXCLUDED_OUT_OF_SCOPE,State 'Madhya Pradesh' is outside the 7 South Indian target States/UTs.
MadhyaPradesh.pdf,PMBJK06764,Madhya Pradesh,Indore,OUTSIDE_SOUTH_INDIA,,EXCLUDED_OUT_OF_SCOPE,State 'Madhya Pradesh' is outside the 7 South Indian target States/UTs.
MadhyaPradesh.pdf,PMBJK06793,Madhya Pradesh,Shivpuri,OUTSIDE_SOUTH_INDIA,,EXCLUDED_OUT_OF_SCOPE,State 'Madhya Pradesh' is outside the 7 South Indian target States/UTs.
MadhyaPradesh.pdf,PMBJK06799,Madhya Pradesh,Indore,OUTSIDE_SOUTH_INDIA,,EXCLUDED_OUT_OF_SCOPE,State 'Madhya Pradesh' is outside the 7 South Indian target States/UTs.
MadhyaPradesh.pdf,PMBJK06834,Madhya Pradesh,Chhindwara,OUTSIDE_SOUTH_INDIA,,EXCLUDED_OUT_OF_SCOPE,State 'Madhya Pradesh' is outside the 7 South Indian target States/UTs.
MadhyaPradesh.pdf,PMBJK06900,Madhya Pradesh,Dhar,OUTSIDE_SOUTH_INDIA,,EXCLUDED_OUT_OF_SCOPE,State 'Madhya Pradesh' is outside the 7 South Indian target States/UTs.
MadhyaPradesh.pdf,PMBJK06909,Madhya Pradesh,Dhar,OUTSIDE_SOUTH_INDIA,,EXCLUDED_OUT_OF_SCOPE,State 'Madhya Pradesh' is outside the 7 South Indian target States/UTs.
MadhyaPradesh.pdf,PMBJK07017,Madhya Pradesh,Sidhi,OUTSIDE_SOUTH_INDIA,,EXCLUDED_OUT_OF_SCOPE,State 'Madhya Pradesh' is outside the 7 South Indian target States/UTs.
MadhyaPradesh.pdf,PMBJK07034,Madhya Pradesh,Indore,OUTSIDE_SOUTH_INDIA,,EXCLUDED_OUT_OF_SCOPE,State 'Madhya Pradesh' is outside the 7 South Indian target States/UTs.
MadhyaPradesh.pdf,PMBJK07036,Madhya Pradesh,Bhopal,OUTSIDE_SOUTH_INDIA,,EXCLUDED_OUT_OF_SCOPE,State 'Madhya Pradesh' is outside the 7 South Indian target States/UTs.
MadhyaPradesh.pdf,PMBJK07085,Madhya Pradesh,Dhar,OUTSIDE_SOUTH_INDIA,,EXCLUDED_OUT_OF_SCOPE,State 'Madhya Pradesh' is outside the 7 South Indian target States/UTs.
MadhyaPradesh.pdf,PMBJK07091,Madhya Pradesh,Katni,OUTSIDE_SOUTH_INDIA,,EXCLUDED_OUT_OF_SCOPE,State 'Madhya Pradesh' is outside the 7 South Indian target States/UTs.
MadhyaPradesh.pdf,PMBJK07121,Madhya Pradesh,Raisen,OUTSIDE_SOUTH_INDIA,,EXCLUDED_OUT_OF_SCOPE,State 'Madhya Pradesh' is outside the 7 South Indian target States/UTs.
MadhyaPradesh.pdf,PMBJK07194,Madhya Pradesh,Sehore,OUTSIDE_SOUTH_INDIA,,EXCLUDED_OUT_OF_SCOPE,State 'Madhya Pradesh' is outside the 7 South Indian target States/UTs.
MadhyaPradesh.pdf,PMBJK07271,Madhya Pradesh,Jabalpur,OUTSIDE_SOUTH_INDIA,,EXCLUDED_OUT_OF_SCOPE,State 'Madhya Pradesh' is outside the 7 South Indian target States/UTs.
MadhyaPradesh.pdf,PMBJK07272,Madhya Pradesh,Datia,OUTSIDE_SOUTH_INDIA,,EXCLUDED_OUT_OF_SCOPE,State 'Madhya Pradesh' is outside the 7 South Indian target States/UTs.
MadhyaPradesh.pdf,PMBJK07273,Madhya Pradesh,Dhar,OUTSIDE_SOUTH_INDIA,,EXCLUDED_OUT_OF_SCOPE,State 'Madhya Pradesh' is outside the 7 South Indian target States/UTs.
MadhyaPradesh.pdf,PMBJK07315,Madhya Pradesh,Indore,OUTSIDE_SOUTH_INDIA,,EXCLUDED_OUT_OF_SCOPE,State 'Madhya Pradesh' is outside the 7 South Indian target States/UTs.
MadhyaPradesh.pdf,PMBJK07363,Madhya Pradesh,Dewas,OUTSIDE_SOUTH_INDIA,,EXCLUDED_OUT_OF_SCOPE,State 'Madhya Pradesh' is outside the 7 South Indian target States/UTs.
MadhyaPradesh.pdf,PMBJK07364,Madhya Pradesh,Indore,OUTSIDE_SOUTH_INDIA,,EXCLUDED_OUT_OF_SCOPE,State 'Madhya Pradesh' is outside the 7 South Indian target States/UTs.
MadhyaPradesh.pdf,PMBJK07384,Madhya Pradesh,Chhatarpur,OUTSIDE_SOUTH_INDIA,,EXCLUDED_OUT_OF_SCOPE,State 'Madhya Pradesh' is outside the 7 South Indian target States/UTs.
MadhyaPradesh.pdf,PMBJK07389,Madhya Pradesh,Chhatarpur,OUTSIDE_SOUTH_INDIA,,EXCLUDED_OUT_OF_SCOPE,State 'Madhya Pradesh' is outside the 7 South Indian target States/UTs.
MadhyaPradesh.pdf,PMBJK07470,Madhya Pradesh,Rewa,OUTSIDE_SOUTH_INDIA,,EXCLUDED_OUT_OF_SCOPE,State 'Madhya Pradesh' is outside the 7 South Indian target States/UTs.
MadhyaPradesh.pdf,PMBJK07488,Madhya Pradesh,Indore,OUTSIDE_SOUTH_INDIA,,EXCLUDED_OUT_OF_SCOPE,State 'Madhya Pradesh' is outside the 7 South Indian target States/UTs.
MadhyaPradesh.pdf,PMBJK07544,Madhya Pradesh,Bhopal,OUTSIDE_SOUTH_INDIA,,EXCLUDED_OUT_OF_SCOPE,State 'Madhya Pradesh' is outside the 7 South Indian target States/UTs.
MadhyaPradesh.pdf,PMBJK07658,Madhya Pradesh,Singrauli,OUTSIDE_SOUTH_INDIA,,EXCLUDED_OUT_OF_SCOPE,State 'Madhya Pradesh' is outside the 7 South Indian target States/UTs.
MadhyaPradesh.pdf,PMBJK07688,Madhya Pradesh,Sagar,OUTSIDE_SOUTH_INDIA,,EXCLUDED_OUT_OF_SCOPE,State 'Madhya Pradesh' is outside the 7 South Indian target States/UTs.
MadhyaPradesh.pdf,PMBJK07874,Madhya Pradesh,Indore,OUTSIDE_SOUTH_INDIA,,EXCLUDED_OUT_OF_SCOPE,State 'Madhya Pradesh' is outside the 7 South Indian target States/UTs.
MadhyaPradesh.pdf,PMBJK07904,Madhya Pradesh,Indore,OUTSIDE_SOUTH_INDIA,,EXCLUDED_OUT_OF_SCOPE,State 'Madhya Pradesh' is outside the 7 South Indian target States/UTs.
MadhyaPradesh.pdf,PMBJK07944,Madhya Pradesh,Balaghat,OUTSIDE_SOUTH_INDIA,,EXCLUDED_OUT_OF_SCOPE,State 'Madhya Pradesh' is outside the 7 South Indian target States/UTs.
MadhyaPradesh.pdf,PMBJK08012,Madhya Pradesh,Dhar,OUTSIDE_SOUTH_INDIA,,EXCLUDED_OUT_OF_SCOPE,State 'Madhya Pradesh' is outside the 7 South Indian target States/UTs.
MadhyaPradesh.pdf,PMBJK08186,Madhya Pradesh,Bhopal,OUTSIDE_SOUTH_INDIA,,EXCLUDED_OUT_OF_SCOPE,State 'Madhya Pradesh' is outside the 7 South Indian target States/UTs.
MadhyaPradesh.pdf,PMBJK08202,Madhya Pradesh,Bhopal,OUTSIDE_SOUTH_INDIA,,EXCLUDED_OUT_OF_SCOPE,State 'Madhya Pradesh' is outside the 7 South Indian target States/UTs.
MadhyaPradesh.pdf,PMBJK08203,Madhya Pradesh,Chhatarpur,OUTSIDE_SOUTH_INDIA,,EXCLUDED_OUT_OF_SCOPE,State 'Madhya Pradesh' is outside the 7 South Indian target States/UTs.
MadhyaPradesh.pdf,PMBJK08227,Madhya Pradesh,Indore,OUTSIDE_SOUTH_INDIA,,EXCLUDED_OUT_OF_SCOPE,State 'Madhya Pradesh' is outside the 7 South Indian target States/UTs.
MadhyaPradesh.pdf,PMBJK08277,Madhya Pradesh,Shahdol,OUTSIDE_SOUTH_INDIA,,EXCLUDED_OUT_OF_SCOPE,State 'Madhya Pradesh' is outside the 7 South Indian target States/UTs.
MadhyaPradesh.pdf,PMBJK08318,Madhya Pradesh,Anuppur,OUTSIDE_SOUTH_INDIA,,EXCLUDED_OUT_OF_SCOPE,State 'Madhya Pradesh' is outside the 7 South Indian target States/UTs.
MadhyaPradesh.pdf,PMBJK08331,Madhya Pradesh,Indore,OUTSIDE_SOUTH_INDIA,,EXCLUDED_OUT_OF_SCOPE,State 'Madhya Pradesh' is outside the 7 South Indian target States/UTs.
MadhyaPradesh.pdf,PMBJK08674,Madhya Pradesh,Chhatarpur,OUTSIDE_SOUTH_INDIA,,EXCLUDED_OUT_OF_SCOPE,State 'Madhya Pradesh' is outside the 7 South Indian target States/UTs.
MadhyaPradesh.pdf,PMBJK08675,Madhya Pradesh,Dewas,OUTSIDE_SOUTH_INDIA,,EXCLUDED_OUT_OF_SCOPE,State 'Madhya Pradesh' is outside the 7 South Indian target States/UTs.
MadhyaPradesh.pdf,PMBJK08784,Madhya Pradesh,Chhatarpur,OUTSIDE_SOUTH_INDIA,,EXCLUDED_OUT_OF_SCOPE,State 'Madhya Pradesh' is outside the 7 South Indian target States/UTs.
MadhyaPradesh.pdf,PMBJK08790,Madhya Pradesh,Shajapur,OUTSIDE_SOUTH_INDIA,,EXCLUDED_OUT_OF_SCOPE,State 'Madhya Pradesh' is outside the 7 South Indian target States/UTs.
MadhyaPradesh.pdf,PMBJK08799,Madhya Pradesh,Narsimhapur,OUTSIDE_SOUTH_INDIA,,EXCLUDED_OUT_OF_SCOPE,State 'Madhya Pradesh' is outside the 7 South Indian target States/UTs.
MadhyaPradesh.pdf,PMBJK08924,Madhya Pradesh,Dewas,OUTSIDE_SOUTH_INDIA,,EXCLUDED_OUT_OF_SCOPE,State 'Madhya Pradesh' is outside the 7 South Indian target States/UTs.
MadhyaPradesh.pdf,PMBJK08954,Madhya Pradesh,Sagar,OUTSIDE_SOUTH_INDIA,,EXCLUDED_OUT_OF_SCOPE,State 'Madhya Pradesh' is outside the 7 South Indian target States/UTs.
MadhyaPradesh.pdf,PMBJK08993,Madhya Pradesh,Dewas,OUTSIDE_SOUTH_INDIA,,EXCLUDED_OUT_OF_SCOPE,State 'Madhya Pradesh' is outside the 7 South Indian target States/UTs.
MadhyaPradesh.pdf,PMBJK09037,Madhya Pradesh,Jabalpur,OUTSIDE_SOUTH_INDIA,,EXCLUDED_OUT_OF_SCOPE,State 'Madhya Pradesh' is outside the 7 South Indian target States/UTs.
MadhyaPradesh.pdf,PMBJK09038,Madhya Pradesh,Chhindwara,OUTSIDE_SOUTH_INDIA,,EXCLUDED_OUT_OF_SCOPE,State 'Madhya Pradesh' is outside the 7 South Indian target States/UTs.
MadhyaPradesh.pdf,PMBJK09070,Madhya Pradesh,Indore,OUTSIDE_SOUTH_INDIA,,EXCLUDED_OUT_OF_SCOPE,State 'Madhya Pradesh' is outside the 7 South Indian target States/UTs.
MadhyaPradesh.pdf,PMBJK09128,Madhya Pradesh,Indore,OUTSIDE_SOUTH_INDIA,,EXCLUDED_OUT_OF_SCOPE,State 'Madhya Pradesh' is outside the 7 South Indian target States/UTs.
MadhyaPradesh.pdf,PMBJK09139,Madhya Pradesh,Satna,OUTSIDE_SOUTH_INDIA,,EXCLUDED_OUT_OF_SCOPE,State 'Madhya Pradesh' is outside the 7 South Indian target States/UTs.
MadhyaPradesh.pdf,PMBJK09199,Madhya Pradesh,Shivpuri,OUTSIDE_SOUTH_INDIA,,EXCLUDED_OUT_OF_SCOPE,State 'Madhya Pradesh' is outside the 7 South Indian target States/UTs.
MadhyaPradesh.pdf,PMBJK09200,Madhya Pradesh,Indore,OUTSIDE_SOUTH_INDIA,,EXCLUDED_OUT_OF_SCOPE,State 'Madhya Pradesh' is outside the 7 South Indian target States/UTs.
MadhyaPradesh.pdf,PMBJK09221,Madhya Pradesh,Ratlam,OUTSIDE_SOUTH_INDIA,,EXCLUDED_OUT_OF_SCOPE,State 'Madhya Pradesh' is outside the 7 South Indian target States/UTs.
MadhyaPradesh.pdf,PMBJK09311,Madhya Pradesh,Ujjain,OUTSIDE_SOUTH_INDIA,,EXCLUDED_OUT_OF_SCOPE,State 'Madhya Pradesh' is outside the 7 South Indian target States/UTs.
MadhyaPradesh.pdf,PMBJK09444,Madhya Pradesh,Mandla,OUTSIDE_SOUTH_INDIA,,EXCLUDED_OUT_OF_SCOPE,State 'Madhya Pradesh' is outside the 7 South Indian target States/UTs.
MadhyaPradesh.pdf,PMBJK09485,Madhya Pradesh,Indore,OUTSIDE_SOUTH_INDIA,,EXCLUDED_OUT_OF_SCOPE,State 'Madhya Pradesh' is outside the 7 South Indian target States/UTs.
MadhyaPradesh.pdf,PMBJK09497,Madhya Pradesh,Indore,OUTSIDE_SOUTH_INDIA,,EXCLUDED_OUT_OF_SCOPE,State 'Madhya Pradesh' is outside the 7 South Indian target States/UTs.
MadhyaPradesh.pdf,PMBJK09513,Madhya Pradesh,Barwani,OUTSIDE_SOUTH_INDIA,,EXCLUDED_OUT_OF_SCOPE,State 'Madhya Pradesh' is outside the 7 South Indian target States/UTs.
MadhyaPradesh.pdf,PMBJK09576,Madhya Pradesh,Betul,OUTSIDE_SOUTH_INDIA,,EXCLUDED_OUT_OF_SCOPE,State 'Madhya Pradesh' is outside the 7 South Indian target States/UTs.
MadhyaPradesh.pdf,PMBJK09578,Madhya Pradesh,Morena,OUTSIDE_SOUTH_INDIA,,EXCLUDED_OUT_OF_SCOPE,State 'Madhya Pradesh' is outside the 7 South Indian target States/UTs.
MadhyaPradesh.pdf,PMBJK09689,Madhya Pradesh,Anuppur,OUTSIDE_SOUTH_INDIA,,EXCLUDED_OUT_OF_SCOPE,State 'Madhya Pradesh' is outside the 7 South Indian target States/UTs.
MadhyaPradesh.pdf,PMBJK09699,Madhya Pradesh,Ujjain,OUTSIDE_SOUTH_INDIA,,EXCLUDED_OUT_OF_SCOPE,State 'Madhya Pradesh' is outside the 7 South Indian target States/UTs.
MadhyaPradesh.pdf,PMBJK09703,Madhya Pradesh,Tikamgarh,OUTSIDE_SOUTH_INDIA,,EXCLUDED_OUT_OF_SCOPE,State 'Madhya Pradesh' is outside the 7 South Indian target States/UTs.
MadhyaPradesh.pdf,PMBJK09704,Madhya Pradesh,Narmadapuram,OUTSIDE_SOUTH_INDIA,,EXCLUDED_OUT_OF_SCOPE,State 'Madhya Pradesh' is outside the 7 South Indian target States/UTs.
MadhyaPradesh.pdf,PMBJK09724,Madhya Pradesh,Shajapur,OUTSIDE_SOUTH_INDIA,,EXCLUDED_OUT_OF_SCOPE,State 'Madhya Pradesh' is outside the 7 South Indian target States/UTs.
MadhyaPradesh.pdf,PMBJK09738,Madhya Pradesh,Dewas,OUTSIDE_SOUTH_INDIA,,EXCLUDED_OUT_OF_SCOPE,State 'Madhya Pradesh' is outside the 7 South Indian target States/UTs.
MadhyaPradesh.pdf,PMBJK09741,Madhya Pradesh,Ujjain,OUTSIDE_SOUTH_INDIA,,EXCLUDED_OUT_OF_SCOPE,State 'Madhya Pradesh' is outside the 7 South Indian target States/UTs.
MadhyaPradesh.pdf,PMBJK09756,Madhya Pradesh,Shajapur,OUTSIDE_SOUTH_INDIA,,EXCLUDED_OUT_OF_SCOPE,State 'Madhya Pradesh' is outside the 7 South Indian target States/UTs.
MadhyaPradesh.pdf,PMBJK09785,Madhya Pradesh,Neemuch,OUTSIDE_SOUTH_INDIA,,EXCLUDED_OUT_OF_SCOPE,State 'Madhya Pradesh' is outside the 7 South Indian target States/UTs.
MadhyaPradesh.pdf,PMBJK09786,Madhya Pradesh,Rajgarh,OUTSIDE_SOUTH_INDIA,,EXCLUDED_OUT_OF_SCOPE,State 'Madhya Pradesh' is outside the 7 South Indian target States/UTs.
MadhyaPradesh.pdf,PMBJK09811,Madhya Pradesh,Neemuch,OUTSIDE_SOUTH_INDIA,,EXCLUDED_OUT_OF_SCOPE,State 'Madhya Pradesh' is outside the 7 South Indian target States/UTs.
MadhyaPradesh.pdf,PMBJK09818,Madhya Pradesh,Jabalpur,OUTSIDE_SOUTH_INDIA,,EXCLUDED_OUT_OF_SCOPE,State 'Madhya Pradesh' is outside the 7 South Indian target States/UTs.
MadhyaPradesh.pdf,PMBJK09840,Madhya Pradesh,Betul,OUTSIDE_SOUTH_INDIA,,EXCLUDED_OUT_OF_SCOPE,State 'Madhya Pradesh' is outside the 7 South Indian target States/UTs.
MadhyaPradesh.pdf,PMBJK09888,Madhya Pradesh,Gwalior,OUTSIDE_SOUTH_INDIA,,EXCLUDED_OUT_OF_SCOPE,State 'Madhya Pradesh' is outside the 7 South Indian target States/UTs.
MadhyaPradesh.pdf,PMBJK09889,Madhya Pradesh,Dewas,OUTSIDE_SOUTH_INDIA,,EXCLUDED_OUT_OF_SCOPE,State 'Madhya Pradesh' is outside the 7 South Indian target States/UTs.
MadhyaPradesh.pdf,PMBJK09890,Madhya Pradesh,Gwalior,OUTSIDE_SOUTH_INDIA,,EXCLUDED_OUT_OF_SCOPE,State 'Madhya Pradesh' is outside the 7 South Indian target States/UTs.
MadhyaPradesh.pdf,PMBJK09948,Madhya Pradesh,Sehore,OUTSIDE_SOUTH_INDIA,,EXCLUDED_OUT_OF_SCOPE,State 'Madhya Pradesh' is outside the 7 South Indian target States/UTs.
MadhyaPradesh.pdf,PMBJK09973,Madhya Pradesh,Chhindwara,OUTSIDE_SOUTH_INDIA,,EXCLUDED_OUT_OF_SCOPE,State 'Madhya Pradesh' is outside the 7 South Indian target States/UTs.
MadhyaPradesh.pdf,PMBJK10004,Madhya Pradesh,Rewa,OUTSIDE_SOUTH_INDIA,,EXCLUDED_OUT_OF_SCOPE,State 'Madhya Pradesh' is outside the 7 South Indian target States/UTs.
MadhyaPradesh.pdf,PMBJK10009,Madhya Pradesh,Indore,OUTSIDE_SOUTH_INDIA,,EXCLUDED_OUT_OF_SCOPE,State 'Madhya Pradesh' is outside the 7 South Indian target States/UTs.
MadhyaPradesh.pdf,PMBJK10046,Madhya Pradesh,Jabalpur,OUTSIDE_SOUTH_INDIA,,EXCLUDED_OUT_OF_SCOPE,State 'Madhya Pradesh' is outside the 7 South Indian target States/UTs.
MadhyaPradesh.pdf,PMBJK10047,Madhya Pradesh,Satna,OUTSIDE_SOUTH_INDIA,,EXCLUDED_OUT_OF_SCOPE,State 'Madhya Pradesh' is outside the 7 South Indian target States/UTs.
MadhyaPradesh.pdf,PMBJK10063,Madhya Pradesh,Barwani,OUTSIDE_SOUTH_INDIA,,EXCLUDED_OUT_OF_SCOPE,State 'Madhya Pradesh' is outside the 7 South Indian target States/UTs.
MadhyaPradesh.pdf,PMBJK10064,Madhya Pradesh,Bhopal,OUTSIDE_SOUTH_INDIA,,EXCLUDED_OUT_OF_SCOPE,State 'Madhya Pradesh' is outside the 7 South Indian target States/UTs.
MadhyaPradesh.pdf,PMBJK10080,Madhya Pradesh,Chhatarpur,OUTSIDE_SOUTH_INDIA,,EXCLUDED_OUT_OF_SCOPE,State 'Madhya Pradesh' is outside the 7 South Indian target States/UTs.
MadhyaPradesh.pdf,PMBJK10081,Madhya Pradesh,Bhopal,OUTSIDE_SOUTH_INDIA,,EXCLUDED_OUT_OF_SCOPE,State 'Madhya Pradesh' is outside the 7 South Indian target States/UTs.
MadhyaPradesh.pdf,PMBJK10203,Madhya Pradesh,Ratlam,OUTSIDE_SOUTH_INDIA,,EXCLUDED_OUT_OF_SCOPE,State 'Madhya Pradesh' is outside the 7 South Indian target States/UTs.
MadhyaPradesh.pdf,PMBJK10278,Madhya Pradesh,Ratlam,OUTSIDE_SOUTH_INDIA,,EXCLUDED_OUT_OF_SCOPE,State 'Madhya Pradesh' is outside the 7 South Indian target States/UTs.
MadhyaPradesh.pdf,PMBJK10281,Madhya Pradesh,Narmadapuram,OUTSIDE_SOUTH_INDIA,,EXCLUDED_OUT_OF_SCOPE,State 'Madhya Pradesh' is outside the 7 South Indian target States/UTs.
MadhyaPradesh.pdf,PMBJK10395,Madhya Pradesh,Jabalpur,OUTSIDE_SOUTH_INDIA,,EXCLUDED_OUT_OF_SCOPE,State 'Madhya Pradesh' is outside the 7 South Indian target States/UTs.
MadhyaPradesh.pdf,PMBJK10427,Madhya Pradesh,Gwalior,OUTSIDE_SOUTH_INDIA,,EXCLUDED_OUT_OF_SCOPE,State 'Madhya Pradesh' is outside the 7 South Indian target States/UTs.
MadhyaPradesh.pdf,PMBJK10463,Madhya Pradesh,Indore,OUTSIDE_SOUTH_INDIA,,EXCLUDED_OUT_OF_SCOPE,State 'Madhya Pradesh' is outside the 7 South Indian target States/UTs.
MadhyaPradesh.pdf,PMBJK10468,Madhya Pradesh,Katni,OUTSIDE_SOUTH_INDIA,,EXCLUDED_OUT_OF_SCOPE,State 'Madhya Pradesh' is outside the 7 South Indian target States/UTs.
MadhyaPradesh.pdf,PMBJK10482,Madhya Pradesh,Gwalior,OUTSIDE_SOUTH_INDIA,,EXCLUDED_OUT_OF_SCOPE,State 'Madhya Pradesh' is outside the 7 South Indian target States/UTs.
MadhyaPradesh.pdf,PMBJK10609,Madhya Pradesh,Chhatarpur,OUTSIDE_SOUTH_INDIA,,EXCLUDED_OUT_OF_SCOPE,State 'Madhya Pradesh' is outside the 7 South Indian target States/UTs.
MadhyaPradesh.pdf,PMBJK10680,Madhya Pradesh,Burhanpur,OUTSIDE_SOUTH_INDIA,,EXCLUDED_OUT_OF_SCOPE,State 'Madhya Pradesh' is outside the 7 South Indian target States/UTs.
MadhyaPradesh.pdf,PMBJK10703,Madhya Pradesh,Ratlam,OUTSIDE_SOUTH_INDIA,,EXCLUDED_OUT_OF_SCOPE,State 'Madhya Pradesh' is outside the 7 South Indian target States/UTs.
MadhyaPradesh.pdf,PMBJK10712,Madhya Pradesh,Sheopur,OUTSIDE_SOUTH_INDIA,,EXCLUDED_OUT_OF_SCOPE,State 'Madhya Pradesh' is outside the 7 South Indian target States/UTs.
MadhyaPradesh.pdf,PMBJK10751,Madhya Pradesh,Gwalior,OUTSIDE_SOUTH_INDIA,,EXCLUDED_OUT_OF_SCOPE,State 'Madhya Pradesh' is outside the 7 South Indian target States/UTs.
MadhyaPradesh.pdf,PMBJK10778,Madhya Pradesh,Gwalior,OUTSIDE_SOUTH_INDIA,,EXCLUDED_OUT_OF_SCOPE,State 'Madhya Pradesh' is outside the 7 South Indian target States/UTs.
MadhyaPradesh.pdf,PMBJK10815,Madhya Pradesh,Gwalior,OUTSIDE_SOUTH_INDIA,,EXCLUDED_OUT_OF_SCOPE,State 'Madhya Pradesh' is outside the 7 South Indian target States/UTs.
MadhyaPradesh.pdf,PMBJK10869,Madhya Pradesh,Ratlam,OUTSIDE_SOUTH_INDIA,,EXCLUDED_OUT_OF_SCOPE,State 'Madhya Pradesh' is outside the 7 South Indian target States/UTs.
MadhyaPradesh.pdf,PMBJK10870,Madhya Pradesh,Khargone (West Nimar),OUTSIDE_SOUTH_INDIA,,EXCLUDED_OUT_OF_SCOPE,State 'Madhya Pradesh' is outside the 7 South Indian target States/UTs.
MadhyaPradesh.pdf,PMBJK10871,Madhya Pradesh,Tikamgarh,OUTSIDE_SOUTH_INDIA,,EXCLUDED_OUT_OF_SCOPE,State 'Madhya Pradesh' is outside the 7 South Indian target States/UTs.
MadhyaPradesh.pdf,PMBJK10933,Madhya Pradesh,Bhopal,OUTSIDE_SOUTH_INDIA,,EXCLUDED_OUT_OF_SCOPE,State 'Madhya Pradesh' is outside the 7 South Indian target States/UTs.
MadhyaPradesh.pdf,PMBJK10957,Madhya Pradesh,Raisen,OUTSIDE_SOUTH_INDIA,,EXCLUDED_OUT_OF_SCOPE,State 'Madhya Pradesh' is outside the 7 South Indian target States/UTs.
MadhyaPradesh.pdf,PMBJK11004,Madhya Pradesh,Ratlam,OUTSIDE_SOUTH_INDIA,,EXCLUDED_OUT_OF_SCOPE,State 'Madhya Pradesh' is outside the 7 South Indian target States/UTs.
MadhyaPradesh.pdf,PMBJK11005,Madhya Pradesh,Chhatarpur,OUTSIDE_SOUTH_INDIA,,EXCLUDED_OUT_OF_SCOPE,State 'Madhya Pradesh' is outside the 7 South Indian target States/UTs.
MadhyaPradesh.pdf,PMBJK11062,Madhya Pradesh,Gwalior,OUTSIDE_SOUTH_INDIA,,EXCLUDED_OUT_OF_SCOPE,State 'Madhya Pradesh' is outside the 7 South Indian target States/UTs.
MadhyaPradesh.pdf,PMBJK11090,Madhya Pradesh,Chhindwara,OUTSIDE_SOUTH_INDIA,,EXCLUDED_OUT_OF_SCOPE,State 'Madhya Pradesh' is outside the 7 South Indian target States/UTs.
MadhyaPradesh.pdf,PMBJK11091,Madhya Pradesh,Bhopal,OUTSIDE_SOUTH_INDIA,,EXCLUDED_OUT_OF_SCOPE,State 'Madhya Pradesh' is outside the 7 South Indian target States/UTs.
MadhyaPradesh.pdf,PMBJK11120,Madhya Pradesh,Ratlam,OUTSIDE_SOUTH_INDIA,,EXCLUDED_OUT_OF_SCOPE,State 'Madhya Pradesh' is outside the 7 South Indian target States/UTs.
MadhyaPradesh.pdf,PMBJK11145,Madhya Pradesh,Khargone (West Nimar),OUTSIDE_SOUTH_INDIA,,EXCLUDED_OUT_OF_SCOPE,State 'Madhya Pradesh' is outside the 7 South Indian target States/UTs.
MadhyaPradesh.pdf,PMBJK11183,Madhya Pradesh,Chhatarpur,OUTSIDE_SOUTH_INDIA,,EXCLUDED_OUT_OF_SCOPE,State 'Madhya Pradesh' is outside the 7 South Indian target States/UTs.
MadhyaPradesh.pdf,PMBJK11217,Madhya Pradesh,Ratlam,OUTSIDE_SOUTH_INDIA,,EXCLUDED_OUT_OF_SCOPE,State 'Madhya Pradesh' is outside the 7 South Indian target States/UTs.
MadhyaPradesh.pdf,PMBJK11237,Madhya Pradesh,Dewas,OUTSIDE_SOUTH_INDIA,,EXCLUDED_OUT_OF_SCOPE,State 'Madhya Pradesh' is outside the 7 South Indian target States/UTs.
MadhyaPradesh.pdf,PMBJK11256,Madhya Pradesh,Dhar,OUTSIDE_SOUTH_INDIA,,EXCLUDED_OUT_OF_SCOPE,State 'Madhya Pradesh' is outside the 7 South Indian target States/UTs.
MadhyaPradesh.pdf,PMBJK11382,Madhya Pradesh,Ratlam,OUTSIDE_SOUTH_INDIA,,EXCLUDED_OUT_OF_SCOPE,State 'Madhya Pradesh' is outside the 7 South Indian target States/UTs.
MadhyaPradesh.pdf,PMBJK11435,Madhya Pradesh,Ratlam,OUTSIDE_SOUTH_INDIA,,EXCLUDED_OUT_OF_SCOPE,State 'Madhya Pradesh' is outside the 7 South Indian target States/UTs.
MadhyaPradesh.pdf,PMBJK11455,Madhya Pradesh,Anuppur,OUTSIDE_SOUTH_INDIA,,EXCLUDED_OUT_OF_SCOPE,State 'Madhya Pradesh' is outside the 7 South Indian target States/UTs.
MadhyaPradesh.pdf,PMBJK11456,Madhya Pradesh,Sagar,OUTSIDE_SOUTH_INDIA,,EXCLUDED_OUT_OF_SCOPE,State 'Madhya Pradesh' is outside the 7 South Indian target States/UTs.
MadhyaPradesh.pdf,PMBJK11489,Madhya Pradesh,Gwalior,OUTSIDE_SOUTH_INDIA,,EXCLUDED_OUT_OF_SCOPE,State 'Madhya Pradesh' is outside the 7 South Indian target States/UTs.
MadhyaPradesh.pdf,PMBJK11568,Madhya Pradesh,Ujjain,OUTSIDE_SOUTH_INDIA,,EXCLUDED_OUT_OF_SCOPE,State 'Madhya Pradesh' is outside the 7 South Indian target States/UTs.
MadhyaPradesh.pdf,PMBJK11601,Madhya Pradesh,Datia,OUTSIDE_SOUTH_INDIA,,EXCLUDED_OUT_OF_SCOPE,State 'Madhya Pradesh' is outside the 7 South Indian target States/UTs.
MadhyaPradesh.pdf,PMBJK11602,Madhya Pradesh,Ujjain,OUTSIDE_SOUTH_INDIA,,EXCLUDED_OUT_OF_SCOPE,State 'Madhya Pradesh' is outside the 7 South Indian target States/UTs.
MadhyaPradesh.pdf,PMBJK11611,Madhya Pradesh,Sagar,OUTSIDE_SOUTH_INDIA,,EXCLUDED_OUT_OF_SCOPE,State 'Madhya Pradesh' is outside the 7 South Indian target States/UTs.
MadhyaPradesh.pdf,PMBJK11612,Madhya Pradesh,Jabalpur,OUTSIDE_SOUTH_INDIA,,EXCLUDED_OUT_OF_SCOPE,State 'Madhya Pradesh' is outside the 7 South Indian target States/UTs.
MadhyaPradesh.pdf,PMBJK11613,Madhya Pradesh,Damoh,OUTSIDE_SOUTH_INDIA,,EXCLUDED_OUT_OF_SCOPE,State 'Madhya Pradesh' is outside the 7 South Indian target States/UTs.
MadhyaPradesh.pdf,PMBJK11622,Madhya Pradesh,Sagar,OUTSIDE_SOUTH_INDIA,,EXCLUDED_OUT_OF_SCOPE,State 'Madhya Pradesh' is outside the 7 South Indian target States/UTs.
MadhyaPradesh.pdf,PMBJK11624,Madhya Pradesh,Sagar,OUTSIDE_SOUTH_INDIA,,EXCLUDED_OUT_OF_SCOPE,State 'Madhya Pradesh' is outside the 7 South Indian target States/UTs.
MadhyaPradesh.pdf,PMBJK11691,Madhya Pradesh,Betul,OUTSIDE_SOUTH_INDIA,,EXCLUDED_OUT_OF_SCOPE,State 'Madhya Pradesh' is outside the 7 South Indian target States/UTs.
MadhyaPradesh.pdf,PMBJK11705,Madhya Pradesh,Dewas,OUTSIDE_SOUTH_INDIA,,EXCLUDED_OUT_OF_SCOPE,State 'Madhya Pradesh' is outside the 7 South Indian target States/UTs.
MadhyaPradesh.pdf,PMBJK11725,Madhya Pradesh,Bhopal,OUTSIDE_SOUTH_INDIA,,EXCLUDED_OUT_OF_SCOPE,State 'Madhya Pradesh' is outside the 7 South Indian target States/UTs.
MadhyaPradesh.pdf,PMBJK11771,Madhya Pradesh,Bhopal,OUTSIDE_SOUTH_INDIA,,EXCLUDED_OUT_OF_SCOPE,State 'Madhya Pradesh' is outside the 7 South Indian target States/UTs.
MadhyaPradesh.pdf,PMBJK11774,Madhya Pradesh,Chhatarpur,OUTSIDE_SOUTH_INDIA,,EXCLUDED_OUT_OF_SCOPE,State 'Madhya Pradesh' is outside the 7 South Indian target States/UTs.
MadhyaPradesh.pdf,PMBJK11791,Madhya Pradesh,Burhanpur,OUTSIDE_SOUTH_INDIA,,EXCLUDED_OUT_OF_SCOPE,State 'Madhya Pradesh' is outside the 7 South Indian target States/UTs.
MadhyaPradesh.pdf,PMBJK11802,Madhya Pradesh,Bhopal,OUTSIDE_SOUTH_INDIA,,EXCLUDED_OUT_OF_SCOPE,State 'Madhya Pradesh' is outside the 7 South Indian target States/UTs.
MadhyaPradesh.pdf,PMBJK11822,Madhya Pradesh,Mandla,OUTSIDE_SOUTH_INDIA,,EXCLUDED_OUT_OF_SCOPE,State 'Madhya Pradesh' is outside the 7 South Indian target States/UTs.
MadhyaPradesh.pdf,PMBJK11849,Madhya Pradesh,Ratlam,OUTSIDE_SOUTH_INDIA,,EXCLUDED_OUT_OF_SCOPE,State 'Madhya Pradesh' is outside the 7 South Indian target States/UTs.
MadhyaPradesh.pdf,PMBJK11866,Madhya Pradesh,Ujjain,OUTSIDE_SOUTH_INDIA,,EXCLUDED_OUT_OF_SCOPE,State 'Madhya Pradesh' is outside the 7 South Indian target States/UTs.
MadhyaPradesh.pdf,PMBJK11873,Madhya Pradesh,Jabalpur,OUTSIDE_SOUTH_INDIA,,EXCLUDED_OUT_OF_SCOPE,State 'Madhya Pradesh' is outside the 7 South Indian target States/UTs.
MadhyaPradesh.pdf,PMBJK11888,Madhya Pradesh,Ujjain,OUTSIDE_SOUTH_INDIA,,EXCLUDED_OUT_OF_SCOPE,State 'Madhya Pradesh' is outside the 7 South Indian target States/UTs.
MadhyaPradesh.pdf,PMBJK11904,Madhya Pradesh,Mandla,OUTSIDE_SOUTH_INDIA,,EXCLUDED_OUT_OF_SCOPE,State 'Madhya Pradesh' is outside the 7 South Indian target States/UTs.
MadhyaPradesh.pdf,PMBJK11933,Madhya Pradesh,Gwalior,OUTSIDE_SOUTH_INDIA,,EXCLUDED_OUT_OF_SCOPE,State 'Madhya Pradesh' is outside the 7 South Indian target States/UTs.
MadhyaPradesh.pdf,PMBJK11969,Madhya Pradesh,Indore,OUTSIDE_SOUTH_INDIA,,EXCLUDED_OUT_OF_SCOPE,State 'Madhya Pradesh' is outside the 7 South Indian target States/UTs.
MadhyaPradesh.pdf,PMBJK11982,Madhya Pradesh,Mandla,OUTSIDE_SOUTH_INDIA,,EXCLUDED_OUT_OF_SCOPE,State 'Madhya Pradesh' is outside the 7 South Indian target States/UTs.
MadhyaPradesh.pdf,PMBJK11985,Madhya Pradesh,Mandsaur,OUTSIDE_SOUTH_INDIA,,EXCLUDED_OUT_OF_SCOPE,State 'Madhya Pradesh' is outside the 7 South Indian target States/UTs.
MadhyaPradesh.pdf,PMBJK12028,Madhya Pradesh,Guna,OUTSIDE_SOUTH_INDIA,,EXCLUDED_OUT_OF_SCOPE,State 'Madhya Pradesh' is outside the 7 South Indian target States/UTs.
MadhyaPradesh.pdf,PMBJK12050,Madhya Pradesh,Ujjain,OUTSIDE_SOUTH_INDIA,,EXCLUDED_OUT_OF_SCOPE,State 'Madhya Pradesh' is outside the 7 South Indian target States/UTs.
MadhyaPradesh.pdf,PMBJK12094,Madhya Pradesh,Khargone (West Nimar),OUTSIDE_SOUTH_INDIA,,EXCLUDED_OUT_OF_SCOPE,State 'Madhya Pradesh' is outside the 7 South Indian target States/UTs.
MadhyaPradesh.pdf,PMBJK12101,Madhya Pradesh,Khargone (West Nimar),OUTSIDE_SOUTH_INDIA,,EXCLUDED_OUT_OF_SCOPE,State 'Madhya Pradesh' is outside the 7 South Indian target States/UTs.
MadhyaPradesh.pdf,PMBJK12107,Madhya Pradesh,Sehore,OUTSIDE_SOUTH_INDIA,,EXCLUDED_OUT_OF_SCOPE,State 'Madhya Pradesh' is outside the 7 South Indian target States/UTs.
MadhyaPradesh.pdf,PMBJK12109,Madhya Pradesh,Sehore,OUTSIDE_SOUTH_INDIA,,EXCLUDED_OUT_OF_SCOPE,State 'Madhya Pradesh' is outside the 7 South Indian target States/UTs.
MadhyaPradesh.pdf,PMBJK12130,Madhya Pradesh,Betul,OUTSIDE_SOUTH_INDIA,,EXCLUDED_OUT_OF_SCOPE,State 'Madhya Pradesh' is outside the 7 South Indian target States/UTs.
MadhyaPradesh.pdf,PMBJK12131,Madhya Pradesh,Betul,OUTSIDE_SOUTH_INDIA,,EXCLUDED_OUT_OF_SCOPE,State 'Madhya Pradesh' is outside the 7 South Indian target States/UTs.
MadhyaPradesh.pdf,PMBJK12137,Madhya Pradesh,Shajapur,OUTSIDE_SOUTH_INDIA,,EXCLUDED_OUT_OF_SCOPE,State 'Madhya Pradesh' is outside the 7 South Indian target States/UTs.
MadhyaPradesh.pdf,PMBJK12166,Madhya Pradesh,Barwani,OUTSIDE_SOUTH_INDIA,,EXCLUDED_OUT_OF_SCOPE,State 'Madhya Pradesh' is outside the 7 South Indian target States/UTs.
MadhyaPradesh.pdf,PMBJK12174,Madhya Pradesh,Barwani,OUTSIDE_SOUTH_INDIA,,EXCLUDED_OUT_OF_SCOPE,State 'Madhya Pradesh' is outside the 7 South Indian target States/UTs.
MadhyaPradesh.pdf,PMBJK12178,Madhya Pradesh,Barwani,OUTSIDE_SOUTH_INDIA,,EXCLUDED_OUT_OF_SCOPE,State 'Madhya Pradesh' is outside the 7 South Indian target States/UTs.
MadhyaPradesh.pdf,PMBJK12185,Madhya Pradesh,Mandsaur,OUTSIDE_SOUTH_INDIA,,EXCLUDED_OUT_OF_SCOPE,State 'Madhya Pradesh' is outside the 7 South Indian target States/UTs.
MadhyaPradesh.pdf,PMBJK12204,Madhya Pradesh,Khargone (West Nimar),OUTSIDE_SOUTH_INDIA,,EXCLUDED_OUT_OF_SCOPE,State 'Madhya Pradesh' is outside the 7 South Indian target States/UTs.
MadhyaPradesh.pdf,PMBJK12213,Madhya Pradesh,Bhopal,OUTSIDE_SOUTH_INDIA,,EXCLUDED_OUT_OF_SCOPE,State 'Madhya Pradesh' is outside the 7 South Indian target States/UTs.
MadhyaPradesh.pdf,PMBJK12218,Madhya Pradesh,Singrauli,OUTSIDE_SOUTH_INDIA,,EXCLUDED_OUT_OF_SCOPE,State 'Madhya Pradesh' is outside the 7 South Indian target States/UTs.
MadhyaPradesh.pdf,PMBJK12226,Madhya Pradesh,Shajapur,OUTSIDE_SOUTH_INDIA,,EXCLUDED_OUT_OF_SCOPE,State 'Madhya Pradesh' is outside the 7 South Indian target States/UTs.
MadhyaPradesh.pdf,PMBJK12241,Madhya Pradesh,Jabalpur,OUTSIDE_SOUTH_INDIA,,EXCLUDED_OUT_OF_SCOPE,State 'Madhya Pradesh' is outside the 7 South Indian target States/UTs.
MadhyaPradesh.pdf,PMBJK12291,Madhya Pradesh,Narsimhapur,OUTSIDE_SOUTH_INDIA,,EXCLUDED_OUT_OF_SCOPE,State 'Madhya Pradesh' is outside the 7 South Indian target States/UTs.
MadhyaPradesh.pdf,PMBJK12307,Madhya Pradesh,Dhar,OUTSIDE_SOUTH_INDIA,,EXCLUDED_OUT_OF_SCOPE,State 'Madhya Pradesh' is outside the 7 South Indian target States/UTs.
MadhyaPradesh.pdf,PMBJK12341,Madhya Pradesh,Sagar,OUTSIDE_SOUTH_INDIA,,EXCLUDED_OUT_OF_SCOPE,State 'Madhya Pradesh' is outside the 7 South Indian target States/UTs.
MadhyaPradesh.pdf,PMBJK12364,Madhya Pradesh,Narmadapuram,OUTSIDE_SOUTH_INDIA,,EXCLUDED_OUT_OF_SCOPE,State 'Madhya Pradesh' is outside the 7 South Indian target States/UTs.
MadhyaPradesh.pdf,PMBJK12393,Madhya Pradesh,Vidisha,OUTSIDE_SOUTH_INDIA,,EXCLUDED_OUT_OF_SCOPE,State 'Madhya Pradesh' is outside the 7 South Indian target States/UTs.
MadhyaPradesh.pdf,PMBJK12434,Madhya Pradesh,Neemuch,OUTSIDE_SOUTH_INDIA,,EXCLUDED_OUT_OF_SCOPE,State 'Madhya Pradesh' is outside the 7 South Indian target States/UTs.
MadhyaPradesh.pdf,PMBJK12456,Madhya Pradesh,Barwani,OUTSIDE_SOUTH_INDIA,,EXCLUDED_OUT_OF_SCOPE,State 'Madhya Pradesh' is outside the 7 South Indian target States/UTs.
MadhyaPradesh.pdf,PMBJK12496,Madhya Pradesh,Jhabua,OUTSIDE_SOUTH_INDIA,,EXCLUDED_OUT_OF_SCOPE,State 'Madhya Pradesh' is outside the 7 South Indian target States/UTs.
MadhyaPradesh.pdf,PMBJK12502,Madhya Pradesh,Jabalpur,OUTSIDE_SOUTH_INDIA,,EXCLUDED_OUT_OF_SCOPE,State 'Madhya Pradesh' is outside the 7 South Indian target States/UTs.
MadhyaPradesh.pdf,PMBJK12508,Madhya Pradesh,Rewa,OUTSIDE_SOUTH_INDIA,,EXCLUDED_OUT_OF_SCOPE,State 'Madhya Pradesh' is outside the 7 South Indian target States/UTs.
MadhyaPradesh.pdf,PMBJK12510,Madhya Pradesh,Indore,OUTSIDE_SOUTH_INDIA,,EXCLUDED_OUT_OF_SCOPE,State 'Madhya Pradesh' is outside the 7 South Indian target States/UTs.
MadhyaPradesh.pdf,PMBJK12517,Madhya Pradesh,Ratlam,OUTSIDE_SOUTH_INDIA,,EXCLUDED_OUT_OF_SCOPE,State 'Madhya Pradesh' is outside the 7 South Indian target States/UTs.
MadhyaPradesh.pdf,PMBJK12533,Madhya Pradesh,Khargone (West Nimar),OUTSIDE_SOUTH_INDIA,,EXCLUDED_OUT_OF_SCOPE,State 'Madhya Pradesh' is outside the 7 South Indian target States/UTs.
MadhyaPradesh.pdf,PMBJK12539,Madhya Pradesh,Sagar,OUTSIDE_SOUTH_INDIA,,EXCLUDED_OUT_OF_SCOPE,State 'Madhya Pradesh' is outside the 7 South Indian target States/UTs.
MadhyaPradesh.pdf,PMBJK12565,Madhya Pradesh,Sehore,OUTSIDE_SOUTH_INDIA,,EXCLUDED_OUT_OF_SCOPE,State 'Madhya Pradesh' is outside the 7 South Indian target States/UTs.
MadhyaPradesh.pdf,PMBJK12593,Madhya Pradesh,Mandla,OUTSIDE_SOUTH_INDIA,,EXCLUDED_OUT_OF_SCOPE,State 'Madhya Pradesh' is outside the 7 South Indian target States/UTs.
MadhyaPradesh.pdf,PMBJK12605,Madhya Pradesh,Dewas,OUTSIDE_SOUTH_INDIA,,EXCLUDED_OUT_OF_SCOPE,State 'Madhya Pradesh' is outside the 7 South Indian target States/UTs.
MadhyaPradesh.pdf,PMBJK12612,Madhya Pradesh,Indore,OUTSIDE_SOUTH_INDIA,,EXCLUDED_OUT_OF_SCOPE,State 'Madhya Pradesh' is outside the 7 South Indian target States/UTs.
MadhyaPradesh.pdf,PMBJK12624,Madhya Pradesh,Ujjain,OUTSIDE_SOUTH_INDIA,,EXCLUDED_OUT_OF_SCOPE,State 'Madhya Pradesh' is outside the 7 South Indian target States/UTs.
MadhyaPradesh.pdf,PMBJK12626,Madhya Pradesh,Gwalior,OUTSIDE_SOUTH_INDIA,,EXCLUDED_OUT_OF_SCOPE,State 'Madhya Pradesh' is outside the 7 South Indian target States/UTs.
MadhyaPradesh.pdf,PMBJK12627,Madhya Pradesh,Indore,OUTSIDE_SOUTH_INDIA,,EXCLUDED_OUT_OF_SCOPE,State 'Madhya Pradesh' is outside the 7 South Indian target States/UTs.
MadhyaPradesh.pdf,PMBJK12664,Madhya Pradesh,Ratlam,OUTSIDE_SOUTH_INDIA,,EXCLUDED_OUT_OF_SCOPE,State 'Madhya Pradesh' is outside the 7 South Indian target States/UTs.
MadhyaPradesh.pdf,PMBJK12665,Madhya Pradesh,Mandsaur,OUTSIDE_SOUTH_INDIA,,EXCLUDED_OUT_OF_SCOPE,State 'Madhya Pradesh' is outside the 7 South Indian target States/UTs.
MadhyaPradesh.pdf,PMBJK12666,Madhya Pradesh,Neemuch,OUTSIDE_SOUTH_INDIA,,EXCLUDED_OUT_OF_SCOPE,State 'Madhya Pradesh' is outside the 7 South Indian target States/UTs.
MadhyaPradesh.pdf,PMBJK12691,Madhya Pradesh,Dhar,OUTSIDE_SOUTH_INDIA,,EXCLUDED_OUT_OF_SCOPE,State 'Madhya Pradesh' is outside the 7 South Indian target States/UTs.
MadhyaPradesh.pdf,PMBJK12692,Madhya Pradesh,Narsimhapur,OUTSIDE_SOUTH_INDIA,,EXCLUDED_OUT_OF_SCOPE,State 'Madhya Pradesh' is outside the 7 South Indian target States/UTs.
MadhyaPradesh.pdf,PMBJK12772,Madhya Pradesh,Jabalpur,OUTSIDE_SOUTH_INDIA,,EXCLUDED_OUT_OF_SCOPE,State 'Madhya Pradesh' is outside the 7 South Indian target States/UTs.
MadhyaPradesh.pdf,PMBJK12784,Madhya Pradesh,Dhar,OUTSIDE_SOUTH_INDIA,,EXCLUDED_OUT_OF_SCOPE,State 'Madhya Pradesh' is outside the 7 South Indian target States/UTs.
MadhyaPradesh.pdf,PMBJK12788,Madhya Pradesh,Ratlam,OUTSIDE_SOUTH_INDIA,,EXCLUDED_OUT_OF_SCOPE,State 'Madhya Pradesh' is outside the 7 South Indian target States/UTs.
MadhyaPradesh.pdf,PMBJK12837,Madhya Pradesh,Dhar,OUTSIDE_SOUTH_INDIA,,EXCLUDED_OUT_OF_SCOPE,State 'Madhya Pradesh' is outside the 7 South Indian target States/UTs.
MadhyaPradesh.pdf,PMBJK12871,Madhya Pradesh,Bhopal,OUTSIDE_SOUTH_INDIA,,EXCLUDED_OUT_OF_SCOPE,State 'Madhya Pradesh' is outside the 7 South Indian target States/UTs.
MadhyaPradesh.pdf,PMBJK12967,Madhya Pradesh,Mandsaur,OUTSIDE_SOUTH_INDIA,,EXCLUDED_OUT_OF_SCOPE,State 'Madhya Pradesh' is outside the 7 South Indian target States/UTs.
MadhyaPradesh.pdf,PMBJK13077,Madhya Pradesh,Sehore,OUTSIDE_SOUTH_INDIA,,EXCLUDED_OUT_OF_SCOPE,State 'Madhya Pradesh' is outside the 7 South Indian target States/UTs.
MadhyaPradesh.pdf,PMBJK13082,Madhya Pradesh,Indore,OUTSIDE_SOUTH_INDIA,,EXCLUDED_OUT_OF_SCOPE,State 'Madhya Pradesh' is outside the 7 South Indian target States/UTs.
MadhyaPradesh.pdf,PMBJK13089,Madhya Pradesh,Chhatarpur,OUTSIDE_SOUTH_INDIA,,EXCLUDED_OUT_OF_SCOPE,State 'Madhya Pradesh' is outside the 7 South Indian target States/UTs.
MadhyaPradesh.pdf,PMBJK13092,Madhya Pradesh,Gwalior,OUTSIDE_SOUTH_INDIA,,EXCLUDED_OUT_OF_SCOPE,State 'Madhya Pradesh' is outside the 7 South Indian target States/UTs.
MadhyaPradesh.pdf,PMBJK13119,Madhya Pradesh,Chhatarpur,OUTSIDE_SOUTH_INDIA,,EXCLUDED_OUT_OF_SCOPE,State 'Madhya Pradesh' is outside the 7 South Indian target States/UTs.
MadhyaPradesh.pdf,PMBJK13165,Madhya Pradesh,Ratlam,OUTSIDE_SOUTH_INDIA,,EXCLUDED_OUT_OF_SCOPE,State 'Madhya Pradesh' is outside the 7 South Indian target States/UTs.
MadhyaPradesh.pdf,PMBJK13195,Madhya Pradesh,Balaghat,OUTSIDE_SOUTH_INDIA,,EXCLUDED_OUT_OF_SCOPE,State 'Madhya Pradesh' is outside the 7 South Indian target States/UTs.
MadhyaPradesh.pdf,PMBJK13218,Madhya Pradesh,Shajapur,OUTSIDE_SOUTH_INDIA,,EXCLUDED_OUT_OF_SCOPE,State 'Madhya Pradesh' is outside the 7 South Indian target States/UTs.
MadhyaPradesh.pdf,PMBJK13222,Madhya Pradesh,Seoni,OUTSIDE_SOUTH_INDIA,,EXCLUDED_OUT_OF_SCOPE,State 'Madhya Pradesh' is outside the 7 South Indian target States/UTs.
MadhyaPradesh.pdf,PMBJK13223,Madhya Pradesh,Jabalpur,OUTSIDE_SOUTH_INDIA,,EXCLUDED_OUT_OF_SCOPE,State 'Madhya Pradesh' is outside the 7 South Indian target States/UTs.
MadhyaPradesh.pdf,PMBJK13246,Madhya Pradesh,Rewa,OUTSIDE_SOUTH_INDIA,,EXCLUDED_OUT_OF_SCOPE,State 'Madhya Pradesh' is outside the 7 South Indian target States/UTs.
MadhyaPradesh.pdf,PMBJK13324,Madhya Pradesh,Neemuch,OUTSIDE_SOUTH_INDIA,,EXCLUDED_OUT_OF_SCOPE,State 'Madhya Pradesh' is outside the 7 South Indian target States/UTs.
MadhyaPradesh.pdf,PMBJK13372,Madhya Pradesh,Sagar,OUTSIDE_SOUTH_INDIA,,EXCLUDED_OUT_OF_SCOPE,State 'Madhya Pradesh' is outside the 7 South Indian target States/UTs.
MadhyaPradesh.pdf,PMBJK13573,Madhya Pradesh,Neemuch,OUTSIDE_SOUTH_INDIA,,EXCLUDED_OUT_OF_SCOPE,State 'Madhya Pradesh' is outside the 7 South Indian target States/UTs.
MadhyaPradesh.pdf,PMBJK13621,Madhya Pradesh,Indore,OUTSIDE_SOUTH_INDIA,,EXCLUDED_OUT_OF_SCOPE,State 'Madhya Pradesh' is outside the 7 South Indian target States/UTs.
MadhyaPradesh.pdf,PMBJK13633,Madhya Pradesh,Shivpuri,OUTSIDE_SOUTH_INDIA,,EXCLUDED_OUT_OF_SCOPE,State 'Madhya Pradesh' is outside the 7 South Indian target States/UTs.
MadhyaPradesh.pdf,PMBJK13760,Madhya Pradesh,Agar-Malwa,OUTSIDE_SOUTH_INDIA,,EXCLUDED_OUT_OF_SCOPE,State 'Madhya Pradesh' is outside the 7 South Indian target States/UTs.
MadhyaPradesh.pdf,PMBJK13770,Madhya Pradesh,Mandsaur,OUTSIDE_SOUTH_INDIA,,EXCLUDED_OUT_OF_SCOPE,State 'Madhya Pradesh' is outside the 7 South Indian target States/UTs.
MadhyaPradesh.pdf,PMBJK13778,Madhya Pradesh,Panna,OUTSIDE_SOUTH_INDIA,,EXCLUDED_OUT_OF_SCOPE,State 'Madhya Pradesh' is outside the 7 South Indian target States/UTs.
MadhyaPradesh.pdf,PMBJK13818,Madhya Pradesh,Betul,OUTSIDE_SOUTH_INDIA,,EXCLUDED_OUT_OF_SCOPE,State 'Madhya Pradesh' is outside the 7 South Indian target States/UTs.
MadhyaPradesh.pdf,PMBJK13850,Madhya Pradesh,Ujjain,OUTSIDE_SOUTH_INDIA,,EXCLUDED_OUT_OF_SCOPE,State 'Madhya Pradesh' is outside the 7 South Indian target States/UTs.
MadhyaPradesh.pdf,PMBJK13867,Madhya Pradesh,Jabalpur,OUTSIDE_SOUTH_INDIA,,EXCLUDED_OUT_OF_SCOPE,State 'Madhya Pradesh' is outside the 7 South Indian target States/UTs.
MadhyaPradesh.pdf,PMBJK13951,Madhya Pradesh,Mandla,OUTSIDE_SOUTH_INDIA,,EXCLUDED_OUT_OF_SCOPE,State 'Madhya Pradesh' is outside the 7 South Indian target States/UTs.
MadhyaPradesh.pdf,PMBJK13967,Madhya Pradesh,Maihar,OUTSIDE_SOUTH_INDIA,,EXCLUDED_OUT_OF_SCOPE,State 'Madhya Pradesh' is outside the 7 South Indian target States/UTs.
MadhyaPradesh.pdf,PMBJK14074,Madhya Pradesh,Indore,OUTSIDE_SOUTH_INDIA,,EXCLUDED_OUT_OF_SCOPE,State 'Madhya Pradesh' is outside the 7 South Indian target States/UTs.
MadhyaPradesh.pdf,PMBJK14108,Madhya Pradesh,Jabalpur,OUTSIDE_SOUTH_INDIA,,EXCLUDED_OUT_OF_SCOPE,State 'Madhya Pradesh' is outside the 7 South Indian target States/UTs.
MadhyaPradesh.pdf,PMBJK14166,Madhya Pradesh,Rewa,OUTSIDE_SOUTH_INDIA,,EXCLUDED_OUT_OF_SCOPE,State 'Madhya Pradesh' is outside the 7 South Indian target States/UTs.
MadhyaPradesh.pdf,PMBJK14183,Madhya Pradesh,Ujjain,OUTSIDE_SOUTH_INDIA,,EXCLUDED_OUT_OF_SCOPE,State 'Madhya Pradesh' is outside the 7 South Indian target States/UTs.
MadhyaPradesh.pdf,PMBJK14332,Madhya Pradesh,Bhopal,OUTSIDE_SOUTH_INDIA,,EXCLUDED_OUT_OF_SCOPE,State 'Madhya Pradesh' is outside the 7 South Indian target States/UTs.
MadhyaPradesh.pdf,PMBJK14334,Madhya Pradesh,Indore,OUTSIDE_SOUTH_INDIA,,EXCLUDED_OUT_OF_SCOPE,State 'Madhya Pradesh' is outside the 7 South Indian target States/UTs.
MadhyaPradesh.pdf,PMBJK14400,Madhya Pradesh,Balaghat,OUTSIDE_SOUTH_INDIA,,EXCLUDED_OUT_OF_SCOPE,State 'Madhya Pradesh' is outside the 7 South Indian target States/UTs.
MadhyaPradesh.pdf,PMBJK14405,Madhya Pradesh,Sidhi,OUTSIDE_SOUTH_INDIA,,EXCLUDED_OUT_OF_SCOPE,State 'Madhya Pradesh' is outside the 7 South Indian target States/UTs.
MadhyaPradesh.pdf,PMBJK14458,Madhya Pradesh,Niwari,OUTSIDE_SOUTH_INDIA,,EXCLUDED_OUT_OF_SCOPE,State 'Madhya Pradesh' is outside the 7 South Indian target States/UTs.
MadhyaPradesh.pdf,PMBJK14484,Madhya Pradesh,Indore,OUTSIDE_SOUTH_INDIA,,EXCLUDED_OUT_OF_SCOPE,State 'Madhya Pradesh' is outside the 7 South Indian target States/UTs.
MadhyaPradesh.pdf,PMBJK14486,Madhya Pradesh,Mandsaur,OUTSIDE_SOUTH_INDIA,,EXCLUDED_OUT_OF_SCOPE,State 'Madhya Pradesh' is outside the 7 South Indian target States/UTs.
MadhyaPradesh.pdf,PMBJK14487,Madhya Pradesh,Pandhurna,OUTSIDE_SOUTH_INDIA,,EXCLUDED_OUT_OF_SCOPE,State 'Madhya Pradesh' is outside the 7 South Indian target States/UTs.
MadhyaPradesh.pdf,PMBJK14536,Madhya Pradesh,Chhatarpur,OUTSIDE_SOUTH_INDIA,,EXCLUDED_OUT_OF_SCOPE,State 'Madhya Pradesh' is outside the 7 South Indian target States/UTs.
MadhyaPradesh.pdf,PMBJK14544,Madhya Pradesh,Ujjain,OUTSIDE_SOUTH_INDIA,,EXCLUDED_OUT_OF_SCOPE,State 'Madhya Pradesh' is outside the 7 South Indian target States/UTs.
MadhyaPradesh.pdf,PMBJK14553,Madhya Pradesh,Jhabua,OUTSIDE_SOUTH_INDIA,,EXCLUDED_OUT_OF_SCOPE,State 'Madhya Pradesh' is outside the 7 South Indian target States/UTs.
MadhyaPradesh.pdf,PMBJK14672,Madhya Pradesh,Rewa,OUTSIDE_SOUTH_INDIA,,EXCLUDED_OUT_OF_SCOPE,State 'Madhya Pradesh' is outside the 7 South Indian target States/UTs.
MadhyaPradesh.pdf,PMBJK14678,Madhya Pradesh,Rewa,OUTSIDE_SOUTH_INDIA,,EXCLUDED_OUT_OF_SCOPE,State 'Madhya Pradesh' is outside the 7 South Indian target States/UTs.
MadhyaPradesh.pdf,PMBJK14679,Madhya Pradesh,Sehore,OUTSIDE_SOUTH_INDIA,,EXCLUDED_OUT_OF_SCOPE,State 'Madhya Pradesh' is outside the 7 South Indian target States/UTs.
MadhyaPradesh.pdf,PMBJK14729,Madhya Pradesh,Chhindwara,OUTSIDE_SOUTH_INDIA,,EXCLUDED_OUT_OF_SCOPE,State 'Madhya Pradesh' is outside the 7 South Indian target States/UTs.
MadhyaPradesh.pdf,PMBJK14756,Madhya Pradesh,Barwani,OUTSIDE_SOUTH_INDIA,,EXCLUDED_OUT_OF_SCOPE,State 'Madhya Pradesh' is outside the 7 South Indian target States/UTs.
MadhyaPradesh.pdf,PMBJK14777,Madhya Pradesh,Tikamgarh,OUTSIDE_SOUTH_INDIA,,EXCLUDED_OUT_OF_SCOPE,State 'Madhya Pradesh' is outside the 7 South Indian target States/UTs.
MadhyaPradesh.pdf,PMBJK14786,Madhya Pradesh,Gwalior,OUTSIDE_SOUTH_INDIA,,EXCLUDED_OUT_OF_SCOPE,State 'Madhya Pradesh' is outside the 7 South Indian target States/UTs.
MadhyaPradesh.pdf,PMBJK14799,Madhya Pradesh,Sagar,OUTSIDE_SOUTH_INDIA,,EXCLUDED_OUT_OF_SCOPE,State 'Madhya Pradesh' is outside the 7 South Indian target States/UTs.
MadhyaPradesh.pdf,PMBJK14822,Madhya Pradesh,Dhar,OUTSIDE_SOUTH_INDIA,,EXCLUDED_OUT_OF_SCOPE,State 'Madhya Pradesh' is outside the 7 South Indian target States/UTs.
MadhyaPradesh.pdf,PMBJK14823,Madhya Pradesh,Indore,OUTSIDE_SOUTH_INDIA,,EXCLUDED_OUT_OF_SCOPE,State 'Madhya Pradesh' is outside the 7 South Indian target States/UTs.
MadhyaPradesh.pdf,PMBJK14826,Madhya Pradesh,Jabalpur,OUTSIDE_SOUTH_INDIA,,EXCLUDED_OUT_OF_SCOPE,State 'Madhya Pradesh' is outside the 7 South Indian target States/UTs.
MadhyaPradesh.pdf,PMBJK14861,Madhya Pradesh,Gwalior,OUTSIDE_SOUTH_INDIA,,EXCLUDED_OUT_OF_SCOPE,State 'Madhya Pradesh' is outside the 7 South Indian target States/UTs.
MadhyaPradesh.pdf,PMBJK14907,Madhya Pradesh,Shahdol,OUTSIDE_SOUTH_INDIA,,EXCLUDED_OUT_OF_SCOPE,State 'Madhya Pradesh' is outside the 7 South Indian target States/UTs.
MadhyaPradesh.pdf,PMBJK14985,Madhya Pradesh,Balaghat,OUTSIDE_SOUTH_INDIA,,EXCLUDED_OUT_OF_SCOPE,State 'Madhya Pradesh' is outside the 7 South Indian target States/UTs.
MadhyaPradesh.pdf,PMBJK14987,Madhya Pradesh,Rajgarh,OUTSIDE_SOUTH_INDIA,,EXCLUDED_OUT_OF_SCOPE,State 'Madhya Pradesh' is outside the 7 South Indian target States/UTs.
MadhyaPradesh.pdf,PMBJK15123,Madhya Pradesh,Ratlam,OUTSIDE_SOUTH_INDIA,,EXCLUDED_OUT_OF_SCOPE,State 'Madhya Pradesh' is outside the 7 South Indian target States/UTs.
MadhyaPradesh.pdf,PMBJK15124,Madhya Pradesh,Vidisha,OUTSIDE_SOUTH_INDIA,,EXCLUDED_OUT_OF_SCOPE,State 'Madhya Pradesh' is outside the 7 South Indian target States/UTs.
MadhyaPradesh.pdf,PMBJK15166,Madhya Pradesh,Dewas,OUTSIDE_SOUTH_INDIA,,EXCLUDED_OUT_OF_SCOPE,State 'Madhya Pradesh' is outside the 7 South Indian target States/UTs.
MadhyaPradesh.pdf,PMBJK15202,Madhya Pradesh,Damoh,OUTSIDE_SOUTH_INDIA,,EXCLUDED_OUT_OF_SCOPE,State 'Madhya Pradesh' is outside the 7 South Indian target States/UTs.
MadhyaPradesh.pdf,PMBJK15205,Madhya Pradesh,Katni,OUTSIDE_SOUTH_INDIA,,EXCLUDED_OUT_OF_SCOPE,State 'Madhya Pradesh' is outside the 7 South Indian target States/UTs.
MadhyaPradesh.pdf,PMBJK15286,Madhya Pradesh,Gwalior,OUTSIDE_SOUTH_INDIA,,EXCLUDED_OUT_OF_SCOPE,State 'Madhya Pradesh' is outside the 7 South Indian target States/UTs.
MadhyaPradesh.pdf,PMBJK15295,Madhya Pradesh,Dhar,OUTSIDE_SOUTH_INDIA,,EXCLUDED_OUT_OF_SCOPE,State 'Madhya Pradesh' is outside the 7 South Indian target States/UTs.
MadhyaPradesh.pdf,PMBJK15339,Madhya Pradesh,Sagar,OUTSIDE_SOUTH_INDIA,,EXCLUDED_OUT_OF_SCOPE,State 'Madhya Pradesh' is outside the 7 South Indian target States/UTs.
MadhyaPradesh.pdf,PMBJK15359,Madhya Pradesh,Indore,OUTSIDE_SOUTH_INDIA,,EXCLUDED_OUT_OF_SCOPE,State 'Madhya Pradesh' is outside the 7 South Indian target States/UTs.
MadhyaPradesh.pdf,PMBJK15413,Madhya Pradesh,Bhopal,OUTSIDE_SOUTH_INDIA,,EXCLUDED_OUT_OF_SCOPE,State 'Madhya Pradesh' is outside the 7 South Indian target States/UTs.
MadhyaPradesh.pdf,PMBJK15477,Madhya Pradesh,Agar-Malwa,OUTSIDE_SOUTH_INDIA,,EXCLUDED_OUT_OF_SCOPE,State 'Madhya Pradesh' is outside the 7 South Indian target States/UTs.
MadhyaPradesh.pdf,PMBJK15478,Madhya Pradesh,Ashoknagar,OUTSIDE_SOUTH_INDIA,,EXCLUDED_OUT_OF_SCOPE,State 'Madhya Pradesh' is outside the 7 South Indian target States/UTs.
MadhyaPradesh.pdf,PMBJK15479,Madhya Pradesh,Barwani,OUTSIDE_SOUTH_INDIA,,EXCLUDED_OUT_OF_SCOPE,State 'Madhya Pradesh' is outside the 7 South Indian target States/UTs.
MadhyaPradesh.pdf,PMBJK15480,Madhya Pradesh,Betul,OUTSIDE_SOUTH_INDIA,,EXCLUDED_OUT_OF_SCOPE,State 'Madhya Pradesh' is outside the 7 South Indian target States/UTs.
MadhyaPradesh.pdf,PMBJK15481,Madhya Pradesh,Bhopal,OUTSIDE_SOUTH_INDIA,,EXCLUDED_OUT_OF_SCOPE,State 'Madhya Pradesh' is outside the 7 South Indian target States/UTs.
MadhyaPradesh.pdf,PMBJK15482,Madhya Pradesh,Burhanpur,OUTSIDE_SOUTH_INDIA,,EXCLUDED_OUT_OF_SCOPE,State 'Madhya Pradesh' is outside the 7 South Indian target States/UTs.
MadhyaPradesh.pdf,PMBJK15483,Madhya Pradesh,Chhindwara,OUTSIDE_SOUTH_INDIA,,EXCLUDED_OUT_OF_SCOPE,State 'Madhya Pradesh' is outside the 7 South Indian target States/UTs.
MadhyaPradesh.pdf,PMBJK15484,Madhya Pradesh,Dewas,OUTSIDE_SOUTH_INDIA,,EXCLUDED_OUT_OF_SCOPE,State 'Madhya Pradesh' is outside the 7 South Indian target States/UTs.
MadhyaPradesh.pdf,PMBJK15485,Madhya Pradesh,Dhar,OUTSIDE_SOUTH_INDIA,,EXCLUDED_OUT_OF_SCOPE,State 'Madhya Pradesh' is outside the 7 South Indian target States/UTs.
MadhyaPradesh.pdf,PMBJK15486,Madhya Pradesh,Dindori,OUTSIDE_SOUTH_INDIA,,EXCLUDED_OUT_OF_SCOPE,State 'Madhya Pradesh' is outside the 7 South Indian target States/UTs.
MadhyaPradesh.pdf,PMBJK15487,Madhya Pradesh,Khandwa (East Nimar),OUTSIDE_SOUTH_INDIA,,EXCLUDED_OUT_OF_SCOPE,State 'Madhya Pradesh' is outside the 7 South Indian target States/UTs.
MadhyaPradesh.pdf,PMBJK15488,Madhya Pradesh,Guna,OUTSIDE_SOUTH_INDIA,,EXCLUDED_OUT_OF_SCOPE,State 'Madhya Pradesh' is outside the 7 South Indian target States/UTs.
MadhyaPradesh.pdf,PMBJK15489,Madhya Pradesh,Gwalior,OUTSIDE_SOUTH_INDIA,,EXCLUDED_OUT_OF_SCOPE,State 'Madhya Pradesh' is outside the 7 South Indian target States/UTs.
MadhyaPradesh.pdf,PMBJK15490,Madhya Pradesh,Harda,OUTSIDE_SOUTH_INDIA,,EXCLUDED_OUT_OF_SCOPE,State 'Madhya Pradesh' is outside the 7 South Indian target States/UTs.
MadhyaPradesh.pdf,PMBJK15491,Madhya Pradesh,Jhabua,OUTSIDE_SOUTH_INDIA,,EXCLUDED_OUT_OF_SCOPE,State 'Madhya Pradesh' is outside the 7 South Indian target States/UTs.
MadhyaPradesh.pdf,PMBJK15492,Madhya Pradesh,Katni,OUTSIDE_SOUTH_INDIA,,EXCLUDED_OUT_OF_SCOPE,State 'Madhya Pradesh' is outside the 7 South Indian target States/UTs.
MadhyaPradesh.pdf,PMBJK15493,Madhya Pradesh,Khargone,OUTSIDE_SOUTH_INDIA,,EXCLUDED_OUT_OF_SCOPE,State 'Madhya Pradesh' is outside the 7 South Indian target States/UTs.
MadhyaPradesh.pdf,,MadhyaPradesh,(West Nimar),OUTSIDE_SOUTH_INDIA,,EXCLUDED_OUT_OF_SCOPE,State 'MadhyaPradesh' is outside the 7 South Indian target States/UTs.
MadhyaPradesh.pdf,PMBJK15494,Madhya Pradesh,Mandla,OUTSIDE_SOUTH_INDIA,,EXCLUDED_OUT_OF_SCOPE,State 'Madhya Pradesh' is outside the 7 South Indian target States/UTs.
MadhyaPradesh.pdf,PMBJK15495,Madhya Pradesh,Morena,OUTSIDE_SOUTH_INDIA,,EXCLUDED_OUT_OF_SCOPE,State 'Madhya Pradesh' is outside the 7 South Indian target States/UTs.
MadhyaPradesh.pdf,PMBJK15496,Madhya Pradesh,Narmadapuram,OUTSIDE_SOUTH_INDIA,,EXCLUDED_OUT_OF_SCOPE,State 'Madhya Pradesh' is outside the 7 South Indian target States/UTs.
MadhyaPradesh.pdf,PMBJK15497,Madhya Pradesh,Neemuch,OUTSIDE_SOUTH_INDIA,,EXCLUDED_OUT_OF_SCOPE,State 'Madhya Pradesh' is outside the 7 South Indian target States/UTs.
MadhyaPradesh.pdf,PMBJK15498,Madhya Pradesh,Panna,OUTSIDE_SOUTH_INDIA,,EXCLUDED_OUT_OF_SCOPE,State 'Madhya Pradesh' is outside the 7 South Indian target States/UTs.
MadhyaPradesh.pdf,PMBJK15499,Madhya Pradesh,Raisen,OUTSIDE_SOUTH_INDIA,,EXCLUDED_OUT_OF_SCOPE,State 'Madhya Pradesh' is outside the 7 South Indian target States/UTs.
MadhyaPradesh.pdf,PMBJK15500,Madhya Pradesh,Rajgarh,OUTSIDE_SOUTH_INDIA,,EXCLUDED_OUT_OF_SCOPE,State 'Madhya Pradesh' is outside the 7 South Indian target States/UTs.
MadhyaPradesh.pdf,PMBJK15501,Madhya Pradesh,Ratlam,OUTSIDE_SOUTH_INDIA,,EXCLUDED_OUT_OF_SCOPE,State 'Madhya Pradesh' is outside the 7 South Indian target States/UTs.
MadhyaPradesh.pdf,PMBJK15502,Madhya Pradesh,Sehore,OUTSIDE_SOUTH_INDIA,,EXCLUDED_OUT_OF_SCOPE,State 'Madhya Pradesh' is outside the 7 South Indian target States/UTs.
MadhyaPradesh.pdf,PMBJK15503,Madhya Pradesh,Seoni,OUTSIDE_SOUTH_INDIA,,EXCLUDED_OUT_OF_SCOPE,State 'Madhya Pradesh' is outside the 7 South Indian target States/UTs.
MadhyaPradesh.pdf,PMBJK15504,Madhya Pradesh,Shahdol,OUTSIDE_SOUTH_INDIA,,EXCLUDED_OUT_OF_SCOPE,State 'Madhya Pradesh' is outside the 7 South Indian target States/UTs.
MadhyaPradesh.pdf,PMBJK15505,Madhya Pradesh,Sheopur,OUTSIDE_SOUTH_INDIA,,EXCLUDED_OUT_OF_SCOPE,State 'Madhya Pradesh' is outside the 7 South Indian target States/UTs.
MadhyaPradesh.pdf,PMBJK15506,Madhya Pradesh,Shivpuri,OUTSIDE_SOUTH_INDIA,,EXCLUDED_OUT_OF_SCOPE,State 'Madhya Pradesh' is outside the 7 South Indian target States/UTs.
MadhyaPradesh.pdf,PMBJK15507,Madhya Pradesh,Tikamgarh,OUTSIDE_SOUTH_INDIA,,EXCLUDED_OUT_OF_SCOPE,State 'Madhya Pradesh' is outside the 7 South Indian target States/UTs.
MadhyaPradesh.pdf,PMBJK15508,Madhya Pradesh,Ujjain,OUTSIDE_SOUTH_INDIA,,EXCLUDED_OUT_OF_SCOPE,State 'Madhya Pradesh' is outside the 7 South Indian target States/UTs.
MadhyaPradesh.pdf,PMBJK15509,Madhya Pradesh,Alirajpur,OUTSIDE_SOUTH_INDIA,,EXCLUDED_OUT_OF_SCOPE,State 'Madhya Pradesh' is outside the 7 South Indian target States/UTs.
MadhyaPradesh.pdf,PMBJK15510,Madhya Pradesh,Anuppur,OUTSIDE_SOUTH_INDIA,,EXCLUDED_OUT_OF_SCOPE,State 'Madhya Pradesh' is outside the 7 South Indian target States/UTs.
MadhyaPradesh.pdf,PMBJK15511,Madhya Pradesh,Balaghat,OUTSIDE_SOUTH_INDIA,,EXCLUDED_OUT_OF_SCOPE,State 'Madhya Pradesh' is outside the 7 South Indian target States/UTs.
MadhyaPradesh.pdf,PMBJK15512,Madhya Pradesh,Vidisha,OUTSIDE_SOUTH_INDIA,,EXCLUDED_OUT_OF_SCOPE,State 'Madhya Pradesh' is outside the 7 South Indian target States/UTs.
MadhyaPradesh.pdf,PMBJK15513,Madhya Pradesh,Chhatarpur,OUTSIDE_SOUTH_INDIA,,EXCLUDED_OUT_OF_SCOPE,State 'Madhya Pradesh' is outside the 7 South Indian target States/UTs.
MadhyaPradesh.pdf,PMBJK15514,Madhya Pradesh,Indore,OUTSIDE_SOUTH_INDIA,,EXCLUDED_OUT_OF_SCOPE,State 'Madhya Pradesh' is outside the 7 South Indian target States/UTs.
MadhyaPradesh.pdf,PMBJK15515,Madhya Pradesh,Jabalpur,OUTSIDE_SOUTH_INDIA,,EXCLUDED_OUT_OF_SCOPE,State 'Madhya Pradesh' is outside the 7 South Indian target States/UTs.
MadhyaPradesh.pdf,PMBJK15516,Madhya Pradesh,Narsimhapur,OUTSIDE_SOUTH_INDIA,,EXCLUDED_OUT_OF_SCOPE,State 'Madhya Pradesh' is outside the 7 South Indian target States/UTs.
MadhyaPradesh.pdf,PMBJK15517,Madhya Pradesh,Rewa,OUTSIDE_SOUTH_INDIA,,EXCLUDED_OUT_OF_SCOPE,State 'Madhya Pradesh' is outside the 7 South Indian target States/UTs.
MadhyaPradesh.pdf,PMBJK15518,Madhya Pradesh,Sagar,OUTSIDE_SOUTH_INDIA,,EXCLUDED_OUT_OF_SCOPE,State 'Madhya Pradesh' is outside the 7 South Indian target States/UTs.
MadhyaPradesh.pdf,PMBJK15519,Madhya Pradesh,Satna,OUTSIDE_SOUTH_INDIA,,EXCLUDED_OUT_OF_SCOPE,State 'Madhya Pradesh' is outside the 7 South Indian target States/UTs.
MadhyaPradesh.pdf,PMBJK15520,Madhya Pradesh,Sidhi,OUTSIDE_SOUTH_INDIA,,EXCLUDED_OUT_OF_SCOPE,State 'Madhya Pradesh' is outside the 7 South Indian target States/UTs.
MadhyaPradesh.pdf,PMBJK15521,Madhya Pradesh,Singrauli,OUTSIDE_SOUTH_INDIA,,EXCLUDED_OUT_OF_SCOPE,State 'Madhya Pradesh' is outside the 7 South Indian target States/UTs.
MadhyaPradesh.pdf,PMBJK15522,Madhya Pradesh,Umaria,OUTSIDE_SOUTH_INDIA,,EXCLUDED_OUT_OF_SCOPE,State 'Madhya Pradesh' is outside the 7 South Indian target States/UTs.
MadhyaPradesh.pdf,PMBJK15524,Madhya Pradesh,Mandsaur,OUTSIDE_SOUTH_INDIA,,EXCLUDED_OUT_OF_SCOPE,State 'Madhya Pradesh' is outside the 7 South Indian target States/UTs.
MadhyaPradesh.pdf,PMBJK15525,Madhya Pradesh,Shajapur,OUTSIDE_SOUTH_INDIA,,EXCLUDED_OUT_OF_SCOPE,State 'Madhya Pradesh' is outside the 7 South Indian target States/UTs.
MadhyaPradesh.pdf,PMBJK15552,Madhya Pradesh,Rewa,OUTSIDE_SOUTH_INDIA,,EXCLUDED_OUT_OF_SCOPE,State 'Madhya Pradesh' is outside the 7 South Indian target States/UTs.
MadhyaPradesh.pdf,PMBJK15554,Madhya Pradesh,Gwalior,OUTSIDE_SOUTH_INDIA,,EXCLUDED_OUT_OF_SCOPE,State 'Madhya Pradesh' is outside the 7 South Indian target States/UTs.
MadhyaPradesh.pdf,PMBJK15555,Madhya Pradesh,MAUGANJ,OUTSIDE_SOUTH_INDIA,,EXCLUDED_OUT_OF_SCOPE,State 'Madhya Pradesh' is outside the 7 South Indian target States/UTs.
MadhyaPradesh.pdf,PMBJK15585,Madhya Pradesh,Harda,OUTSIDE_SOUTH_INDIA,,EXCLUDED_OUT_OF_SCOPE,State 'Madhya Pradesh' is outside the 7 South Indian target States/UTs.
MadhyaPradesh.pdf,PMBJK15624,Madhya Pradesh,Jabalpur,OUTSIDE_SOUTH_INDIA,,EXCLUDED_OUT_OF_SCOPE,State 'Madhya Pradesh' is outside the 7 South Indian target States/UTs.
MadhyaPradesh.pdf,PMBJK15625,Madhya Pradesh,Dhar,OUTSIDE_SOUTH_INDIA,,EXCLUDED_OUT_OF_SCOPE,State 'Madhya Pradesh' is outside the 7 South Indian target States/UTs.
MadhyaPradesh.pdf,PMBJK15626,Madhya Pradesh,Bhopal,OUTSIDE_SOUTH_INDIA,,EXCLUDED_OUT_OF_SCOPE,State 'Madhya Pradesh' is outside the 7 South Indian target States/UTs.
MadhyaPradesh.pdf,PMBJK15627,Madhya Pradesh,Indore,OUTSIDE_SOUTH_INDIA,,EXCLUDED_OUT_OF_SCOPE,State 'Madhya Pradesh' is outside the 7 South Indian target States/UTs.
MadhyaPradesh.pdf,PMBJK15634,Madhya Pradesh,Neemuch,OUTSIDE_SOUTH_INDIA,,EXCLUDED_OUT_OF_SCOPE,State 'Madhya Pradesh' is outside the 7 South Indian target States/UTs.
MadhyaPradesh.pdf,PMBJK15635,Madhya Pradesh,Sagar,OUTSIDE_SOUTH_INDIA,,EXCLUDED_OUT_OF_SCOPE,State 'Madhya Pradesh' is outside the 7 South Indian target States/UTs.
MadhyaPradesh.pdf,PMBJK15669,Madhya Pradesh,Bhopal,OUTSIDE_SOUTH_INDIA,,EXCLUDED_OUT_OF_SCOPE,State 'Madhya Pradesh' is outside the 7 South Indian target States/UTs.
MadhyaPradesh.pdf,PMBJK15708,Madhya Pradesh,Jabalpur,OUTSIDE_SOUTH_INDIA,,EXCLUDED_OUT_OF_SCOPE,State 'Madhya Pradesh' is outside the 7 South Indian target States/UTs.
MadhyaPradesh.pdf,PMBJK15765,Madhya Pradesh,Ratlam,OUTSIDE_SOUTH_INDIA,,EXCLUDED_OUT_OF_SCOPE,State 'Madhya Pradesh' is outside the 7 South Indian target States/UTs.
MadhyaPradesh.pdf,PMBJK15828,Madhya Pradesh,Khandwa (East Nimar),OUTSIDE_SOUTH_INDIA,,EXCLUDED_OUT_OF_SCOPE,State 'Madhya Pradesh' is outside the 7 South Indian target States/UTs.
MadhyaPradesh.pdf,PMBJK15857,Madhya Pradesh,Narsimhapur,OUTSIDE_SOUTH_INDIA,,EXCLUDED_OUT_OF_SCOPE,State 'Madhya Pradesh' is outside the 7 South Indian target States/UTs.
MadhyaPradesh.pdf,PMBJK15869,Madhya Pradesh,Chhatarpur,OUTSIDE_SOUTH_INDIA,,EXCLUDED_OUT_OF_SCOPE,State 'Madhya Pradesh' is outside the 7 South Indian target States/UTs.
MadhyaPradesh.pdf,PMBJK15899,Madhya Pradesh,Bhopal,OUTSIDE_SOUTH_INDIA,,EXCLUDED_OUT_OF_SCOPE,State 'Madhya Pradesh' is outside the 7 South Indian target States/UTs.
MadhyaPradesh.pdf,PMBJK15932,Madhya Pradesh,Mandla,OUTSIDE_SOUTH_INDIA,,EXCLUDED_OUT_OF_SCOPE,State 'Madhya Pradesh' is outside the 7 South Indian target States/UTs.
MadhyaPradesh.pdf,PMBJK15933,Madhya Pradesh,Gwalior,OUTSIDE_SOUTH_INDIA,,EXCLUDED_OUT_OF_SCOPE,State 'Madhya Pradesh' is outside the 7 South Indian target States/UTs.
MadhyaPradesh.pdf,PMBJK15959,Madhya Pradesh,Damoh,OUTSIDE_SOUTH_INDIA,,EXCLUDED_OUT_OF_SCOPE,State 'Madhya Pradesh' is outside the 7 South Indian target States/UTs.
MadhyaPradesh.pdf,PMBJK15966,Madhya Pradesh,Gwalior,OUTSIDE_SOUTH_INDIA,,EXCLUDED_OUT_OF_SCOPE,State 'Madhya Pradesh' is outside the 7 South Indian target States/UTs.
MadhyaPradesh.pdf,PMBJK15967,Madhya Pradesh,Khandwa (East Nimar),OUTSIDE_SOUTH_INDIA,,EXCLUDED_OUT_OF_SCOPE,State 'Madhya Pradesh' is outside the 7 South Indian target States/UTs.
MadhyaPradesh.pdf,PMBJK15970,Madhya Pradesh,Bhopal,OUTSIDE_SOUTH_INDIA,,EXCLUDED_OUT_OF_SCOPE,State 'Madhya Pradesh' is outside the 7 South Indian target States/UTs.
MadhyaPradesh.pdf,PMBJK16010,Madhya Pradesh,Seoni,OUTSIDE_SOUTH_INDIA,,EXCLUDED_OUT_OF_SCOPE,State 'Madhya Pradesh' is outside the 7 South Indian target States/UTs.
MadhyaPradesh.pdf,PMBJK16027,Madhya Pradesh,Gwalior,OUTSIDE_SOUTH_INDIA,,EXCLUDED_OUT_OF_SCOPE,State 'Madhya Pradesh' is outside the 7 South Indian target States/UTs.
MadhyaPradesh.pdf,PMBJK16062,Madhya Pradesh,Chhatarpur,OUTSIDE_SOUTH_INDIA,,EXCLUDED_OUT_OF_SCOPE,State 'Madhya Pradesh' is outside the 7 South Indian target States/UTs.
MadhyaPradesh.pdf,PMBJK16121,Madhya Pradesh,Jabalpur,OUTSIDE_SOUTH_INDIA,,EXCLUDED_OUT_OF_SCOPE,State 'Madhya Pradesh' is outside the 7 South Indian target States/UTs.
MadhyaPradesh.pdf,PMBJK16122,Madhya Pradesh,Bhind,OUTSIDE_SOUTH_INDIA,,EXCLUDED_OUT_OF_SCOPE,State 'Madhya Pradesh' is outside the 7 South Indian target States/UTs.
MadhyaPradesh.pdf,PMBJK16134,Madhya Pradesh,Damoh,OUTSIDE_SOUTH_INDIA,,EXCLUDED_OUT_OF_SCOPE,State 'Madhya Pradesh' is outside the 7 South Indian target States/UTs.
MadhyaPradesh.pdf,PMBJK16135,Madhya Pradesh,Dewas,OUTSIDE_SOUTH_INDIA,,EXCLUDED_OUT_OF_SCOPE,State 'Madhya Pradesh' is outside the 7 South Indian target States/UTs.
MadhyaPradesh.pdf,PMBJK16190,Madhya Pradesh,Rajgarh,OUTSIDE_SOUTH_INDIA,,EXCLUDED_OUT_OF_SCOPE,State 'Madhya Pradesh' is outside the 7 South Indian target States/UTs.
MadhyaPradesh.pdf,PMBJK16237,Madhya Pradesh,Singrauli,OUTSIDE_SOUTH_INDIA,,EXCLUDED_OUT_OF_SCOPE,State 'Madhya Pradesh' is outside the 7 South Indian target States/UTs.
MadhyaPradesh.pdf,PMBJK16246,Madhya Pradesh,Jabalpur,OUTSIDE_SOUTH_INDIA,,EXCLUDED_OUT_OF_SCOPE,State 'Madhya Pradesh' is outside the 7 South Indian target States/UTs.
MadhyaPradesh.pdf,PMBJK16284,Madhya Pradesh,Indore,OUTSIDE_SOUTH_INDIA,,EXCLUDED_OUT_OF_SCOPE,State 'Madhya Pradesh' is outside the 7 South Indian target States/UTs.
MadhyaPradesh.pdf,PMBJK16285,Madhya Pradesh,Rewa,OUTSIDE_SOUTH_INDIA,,EXCLUDED_OUT_OF_SCOPE,State 'Madhya Pradesh' is outside the 7 South Indian target States/UTs.
MadhyaPradesh.pdf,PMBJK16344,Madhya Pradesh,Balaghat,OUTSIDE_SOUTH_INDIA,,EXCLUDED_OUT_OF_SCOPE,State 'Madhya Pradesh' is outside the 7 South Indian target States/UTs.
MadhyaPradesh.pdf,PMBJK16367,Madhya Pradesh,Rewa,OUTSIDE_SOUTH_INDIA,,EXCLUDED_OUT_OF_SCOPE,State 'Madhya Pradesh' is outside the 7 South Indian target States/UTs.
MadhyaPradesh.pdf,PMBJK16369,Madhya Pradesh,Indore,OUTSIDE_SOUTH_INDIA,,EXCLUDED_OUT_OF_SCOPE,State 'Madhya Pradesh' is outside the 7 South Indian target States/UTs.
MadhyaPradesh.pdf,PMBJK16373,Madhya Pradesh,Bhopal,OUTSIDE_SOUTH_INDIA,,EXCLUDED_OUT_OF_SCOPE,State 'Madhya Pradesh' is outside the 7 South Indian target States/UTs.
MadhyaPradesh.pdf,PMBJK16382,Madhya Pradesh,Narmadapuram,OUTSIDE_SOUTH_INDIA,,EXCLUDED_OUT_OF_SCOPE,State 'Madhya Pradesh' is outside the 7 South Indian target States/UTs.
MadhyaPradesh.pdf,PMBJK16394,Madhya Pradesh,Indore,OUTSIDE_SOUTH_INDIA,,EXCLUDED_OUT_OF_SCOPE,State 'Madhya Pradesh' is outside the 7 South Indian target States/UTs.
MadhyaPradesh.pdf,PMBJK16414,Madhya Pradesh,Bhopal,OUTSIDE_SOUTH_INDIA,,EXCLUDED_OUT_OF_SCOPE,State 'Madhya Pradesh' is outside the 7 South Indian target States/UTs.
MadhyaPradesh.pdf,PMBJK16448,Madhya Pradesh,Indore,OUTSIDE_SOUTH_INDIA,,EXCLUDED_OUT_OF_SCOPE,State 'Madhya Pradesh' is outside the 7 South Indian target States/UTs.
MadhyaPradesh.pdf,PMBJK16511,Madhya Pradesh,Umaria,OUTSIDE_SOUTH_INDIA,,EXCLUDED_OUT_OF_SCOPE,State 'Madhya Pradesh' is outside the 7 South Indian target States/UTs.
MadhyaPradesh.pdf,PMBJK16515,Madhya Pradesh,Indore,OUTSIDE_SOUTH_INDIA,,EXCLUDED_OUT_OF_SCOPE,State 'Madhya Pradesh' is outside the 7 South Indian target States/UTs.
MadhyaPradesh.pdf,PMBJK16631,Madhya Pradesh,Indore,OUTSIDE_SOUTH_INDIA,,EXCLUDED_OUT_OF_SCOPE,State 'Madhya Pradesh' is outside the 7 South Indian target States/UTs.
MadhyaPradesh.pdf,PMBJK16633,Madhya Pradesh,Anuppur,OUTSIDE_SOUTH_INDIA,,EXCLUDED_OUT_OF_SCOPE,State 'Madhya Pradesh' is outside the 7 South Indian target States/UTs.
MadhyaPradesh.pdf,PMBJK16684,Madhya Pradesh,Shahdol,OUTSIDE_SOUTH_INDIA,,EXCLUDED_OUT_OF_SCOPE,State 'Madhya Pradesh' is outside the 7 South Indian target States/UTs.
MadhyaPradesh.pdf,PMBJK16729,Madhya Pradesh,Morena,OUTSIDE_SOUTH_INDIA,,EXCLUDED_OUT_OF_SCOPE,State 'Madhya Pradesh' is outside the 7 South Indian target States/UTs.
MadhyaPradesh.pdf,PMBJK16732,Madhya Pradesh,Satna,OUTSIDE_SOUTH_INDIA,,EXCLUDED_OUT_OF_SCOPE,State 'Madhya Pradesh' is outside the 7 South Indian target States/UTs.
MadhyaPradesh.pdf,PMBJK16733,Madhya Pradesh,Satna,OUTSIDE_SOUTH_INDIA,,EXCLUDED_OUT_OF_SCOPE,State 'Madhya Pradesh' is outside the 7 South Indian target States/UTs.
MadhyaPradesh.pdf,PMBJK16769,Madhya Pradesh,Bhind,OUTSIDE_SOUTH_INDIA,,EXCLUDED_OUT_OF_SCOPE,State 'Madhya Pradesh' is outside the 7 South Indian target States/UTs.
MadhyaPradesh.pdf,PMBJK16794,Madhya Pradesh,Burhanpur,OUTSIDE_SOUTH_INDIA,,EXCLUDED_OUT_OF_SCOPE,State 'Madhya Pradesh' is outside the 7 South Indian target States/UTs.
MadhyaPradesh.pdf,PMBJK16814,Madhya Pradesh,Dewas,OUTSIDE_SOUTH_INDIA,,EXCLUDED_OUT_OF_SCOPE,State 'Madhya Pradesh' is outside the 7 South Indian target States/UTs.
MadhyaPradesh.pdf,PMBJK16858,Madhya Pradesh,Balaghat,OUTSIDE_SOUTH_INDIA,,EXCLUDED_OUT_OF_SCOPE,State 'Madhya Pradesh' is outside the 7 South Indian target States/UTs.
MadhyaPradesh.pdf,PMBJK16871,Madhya Pradesh,Indore,OUTSIDE_SOUTH_INDIA,,EXCLUDED_OUT_OF_SCOPE,State 'Madhya Pradesh' is outside the 7 South Indian target States/UTs.
MadhyaPradesh.pdf,PMBJK16886,Madhya Pradesh,Indore,OUTSIDE_SOUTH_INDIA,,EXCLUDED_OUT_OF_SCOPE,State 'Madhya Pradesh' is outside the 7 South Indian target States/UTs.
MadhyaPradesh.pdf,PMBJK16894,Madhya Pradesh,Narsimhapur,OUTSIDE_SOUTH_INDIA,,EXCLUDED_OUT_OF_SCOPE,State 'Madhya Pradesh' is outside the 7 South Indian target States/UTs.
MadhyaPradesh.pdf,PMBJK16895,Madhya Pradesh,MAUGANJ,OUTSIDE_SOUTH_INDIA,,EXCLUDED_OUT_OF_SCOPE,State 'Madhya Pradesh' is outside the 7 South Indian target States/UTs.
MadhyaPradesh.pdf,PMBJK16923,Madhya Pradesh,Gwalior,OUTSIDE_SOUTH_INDIA,,EXCLUDED_OUT_OF_SCOPE,State 'Madhya Pradesh' is outside the 7 South Indian target States/UTs.
MadhyaPradesh.pdf,PMBJK16964,Madhya Pradesh,Chhindwara,OUTSIDE_SOUTH_INDIA,,EXCLUDED_OUT_OF_SCOPE,State 'Madhya Pradesh' is outside the 7 South Indian target States/UTs.
MadhyaPradesh.pdf,PMBJK16987,Madhya Pradesh,Gwalior,OUTSIDE_SOUTH_INDIA,,EXCLUDED_OUT_OF_SCOPE,State 'Madhya Pradesh' is outside the 7 South Indian target States/UTs.
MadhyaPradesh.pdf,PMBJK17062,Madhya Pradesh,Morena,OUTSIDE_SOUTH_INDIA,,EXCLUDED_OUT_OF_SCOPE,State 'Madhya Pradesh' is outside the 7 South Indian target States/UTs.
MadhyaPradesh.pdf,PMBJK17096,Madhya Pradesh,Seoni,OUTSIDE_SOUTH_INDIA,,EXCLUDED_OUT_OF_SCOPE,State 'Madhya Pradesh' is outside the 7 South Indian target States/UTs.
MadhyaPradesh.pdf,PMBJK17112,Madhya Pradesh,Morena,OUTSIDE_SOUTH_INDIA,,EXCLUDED_OUT_OF_SCOPE,State 'Madhya Pradesh' is outside the 7 South Indian target States/UTs.
MadhyaPradesh.pdf,PMBJK17174,Madhya Pradesh,Bhopal,OUTSIDE_SOUTH_INDIA,,EXCLUDED_OUT_OF_SCOPE,State 'Madhya Pradesh' is outside the 7 South Indian target States/UTs.
MadhyaPradesh.pdf,PMBJK17177,Madhya Pradesh,Chhatarpur,OUTSIDE_SOUTH_INDIA,,EXCLUDED_OUT_OF_SCOPE,State 'Madhya Pradesh' is outside the 7 South Indian target States/UTs.
MadhyaPradesh.pdf,PMBJK17178,Madhya Pradesh,Balaghat,OUTSIDE_SOUTH_INDIA,,EXCLUDED_OUT_OF_SCOPE,State 'Madhya Pradesh' is outside the 7 South Indian target States/UTs.
MadhyaPradesh.pdf,PMBJK17209,Madhya Pradesh,Raisen,OUTSIDE_SOUTH_INDIA,,EXCLUDED_OUT_OF_SCOPE,State 'Madhya Pradesh' is outside the 7 South Indian target States/UTs.
MadhyaPradesh.pdf,PMBJK17213,Madhya Pradesh,Narmadapuram,OUTSIDE_SOUTH_INDIA,,EXCLUDED_OUT_OF_SCOPE,State 'Madhya Pradesh' is outside the 7 South Indian target States/UTs.
MadhyaPradesh.pdf,PMBJK17233,Madhya Pradesh,Vidisha,OUTSIDE_SOUTH_INDIA,,EXCLUDED_OUT_OF_SCOPE,State 'Madhya Pradesh' is outside the 7 South Indian target States/UTs.
MadhyaPradesh.pdf,PMBJK17235,Madhya Pradesh,Anuppur,OUTSIDE_SOUTH_INDIA,,EXCLUDED_OUT_OF_SCOPE,State 'Madhya Pradesh' is outside the 7 South Indian target States/UTs.
MadhyaPradesh.pdf,PMBJK17269,Madhya Pradesh,Katni,OUTSIDE_SOUTH_INDIA,,EXCLUDED_OUT_OF_SCOPE,State 'Madhya Pradesh' is outside the 7 South Indian target States/UTs.
MadhyaPradesh.pdf,PMBJK17273,Madhya Pradesh,Bhopal,OUTSIDE_SOUTH_INDIA,,EXCLUDED_OUT_OF_SCOPE,State 'Madhya Pradesh' is outside the 7 South Indian target States/UTs.
MadhyaPradesh.pdf,PMBJK17317,Madhya Pradesh,Dewas,OUTSIDE_SOUTH_INDIA,,EXCLUDED_OUT_OF_SCOPE,State 'Madhya Pradesh' is outside the 7 South Indian target States/UTs.
MadhyaPradesh.pdf,PMBJK17320,Madhya Pradesh,Katni,OUTSIDE_SOUTH_INDIA,,EXCLUDED_OUT_OF_SCOPE,State 'Madhya Pradesh' is outside the 7 South Indian target States/UTs.
MadhyaPradesh.pdf,PMBJK17321,Madhya Pradesh,Vidisha,OUTSIDE_SOUTH_INDIA,,EXCLUDED_OUT_OF_SCOPE,State 'Madhya Pradesh' is outside the 7 South Indian target States/UTs.
MadhyaPradesh.pdf,PMBJK17452,Madhya Pradesh,Neemuch,OUTSIDE_SOUTH_INDIA,,EXCLUDED_OUT_OF_SCOPE,State 'Madhya Pradesh' is outside the 7 South Indian target States/UTs.
MadhyaPradesh.pdf,PMBJK17462,Madhya Pradesh,Bhopal,OUTSIDE_SOUTH_INDIA,,EXCLUDED_OUT_OF_SCOPE,State 'Madhya Pradesh' is outside the 7 South Indian target States/UTs.
MadhyaPradesh.pdf,PMBJK17476,Madhya Pradesh,Gwalior,OUTSIDE_SOUTH_INDIA,,EXCLUDED_OUT_OF_SCOPE,State 'Madhya Pradesh' is outside the 7 South Indian target States/UTs.
MadhyaPradesh.pdf,PMBJK17505,Madhya Pradesh,Ujjain,OUTSIDE_SOUTH_INDIA,,EXCLUDED_OUT_OF_SCOPE,State 'Madhya Pradesh' is outside the 7 South Indian target States/UTs.
MadhyaPradesh.pdf,PMBJK17590,Madhya Pradesh,Chhatarpur,OUTSIDE_SOUTH_INDIA,,EXCLUDED_OUT_OF_SCOPE,State 'Madhya Pradesh' is outside the 7 South Indian target States/UTs.
MadhyaPradesh.pdf,PMBJK17676,Madhya Pradesh,Gwalior,OUTSIDE_SOUTH_INDIA,,EXCLUDED_OUT_OF_SCOPE,State 'Madhya Pradesh' is outside the 7 South Indian target States/UTs.
MadhyaPradesh.pdf,PMBJK17799,Madhya Pradesh,Jabalpur,OUTSIDE_SOUTH_INDIA,,EXCLUDED_OUT_OF_SCOPE,State 'Madhya Pradesh' is outside the 7 South Indian target States/UTs.
MadhyaPradesh.pdf,PMBJK17916,Madhya Pradesh,Dewas,OUTSIDE_SOUTH_INDIA,,EXCLUDED_OUT_OF_SCOPE,State 'Madhya Pradesh' is outside the 7 South Indian target States/UTs.
MadhyaPradesh.pdf,PMBJK17917,Madhya Pradesh,Rewa,OUTSIDE_SOUTH_INDIA,,EXCLUDED_OUT_OF_SCOPE,State 'Madhya Pradesh' is outside the 7 South Indian target States/UTs.
MadhyaPradesh.pdf,PMBJK17918,Madhya Pradesh,Shajapur,OUTSIDE_SOUTH_INDIA,,EXCLUDED_OUT_OF_SCOPE,State 'Madhya Pradesh' is outside the 7 South Indian target States/UTs.
MadhyaPradesh.pdf,PMBJK17920,Madhya Pradesh,Indore,OUTSIDE_SOUTH_INDIA,,EXCLUDED_OUT_OF_SCOPE,State 'Madhya Pradesh' is outside the 7 South Indian target States/UTs.
MadhyaPradesh.pdf,PMBJK17921,Madhya Pradesh,Chhatarpur,OUTSIDE_SOUTH_INDIA,,EXCLUDED_OUT_OF_SCOPE,State 'Madhya Pradesh' is outside the 7 South Indian target States/UTs.
MadhyaPradesh.pdf,PMBJK18044,Madhya Pradesh,Ujjain,OUTSIDE_SOUTH_INDIA,,EXCLUDED_OUT_OF_SCOPE,State 'Madhya Pradesh' is outside the 7 South Indian target States/UTs.
MadhyaPradesh.pdf,PMBJK18078,Madhya Pradesh,Dewas,OUTSIDE_SOUTH_INDIA,,EXCLUDED_OUT_OF_SCOPE,State 'Madhya Pradesh' is outside the 7 South Indian target States/UTs.
MadhyaPradesh.pdf,PMBJK18079,Madhya Pradesh,Indore,OUTSIDE_SOUTH_INDIA,,EXCLUDED_OUT_OF_SCOPE,State 'Madhya Pradesh' is outside the 7 South Indian target States/UTs.
MadhyaPradesh.pdf,PMBJK18080,Madhya Pradesh,Indore,OUTSIDE_SOUTH_INDIA,,EXCLUDED_OUT_OF_SCOPE,State 'Madhya Pradesh' is outside the 7 South Indian target States/UTs.
MadhyaPradesh.pdf,PMBJK18351,Madhya Pradesh,Indore,OUTSIDE_SOUTH_INDIA,,EXCLUDED_OUT_OF_SCOPE,State 'Madhya Pradesh' is outside the 7 South Indian target States/UTs.
MadhyaPradesh.pdf,PMBJK18454,Madhya Pradesh,Neemuch,OUTSIDE_SOUTH_INDIA,,EXCLUDED_OUT_OF_SCOPE,State 'Madhya Pradesh' is outside the 7 South Indian target States/UTs.
MadhyaPradesh.pdf,PMBJK18470,Madhya Pradesh,Dewas,OUTSIDE_SOUTH_INDIA,,EXCLUDED_OUT_OF_SCOPE,State 'Madhya Pradesh' is outside the 7 South Indian target States/UTs.
MadhyaPradesh.pdf,PMBJK18532,Madhya Pradesh,Bhopal,OUTSIDE_SOUTH_INDIA,,EXCLUDED_OUT_OF_SCOPE,State 'Madhya Pradesh' is outside the 7 South Indian target States/UTs.
MadhyaPradesh.pdf,PMBJK18587,Madhya Pradesh,Dhar,OUTSIDE_SOUTH_INDIA,,EXCLUDED_OUT_OF_SCOPE,State 'Madhya Pradesh' is outside the 7 South Indian target States/UTs.
MadhyaPradesh.pdf,PMBJK18670,Madhya Pradesh,Ratlam,OUTSIDE_SOUTH_INDIA,,EXCLUDED_OUT_OF_SCOPE,State 'Madhya Pradesh' is outside the 7 South Indian target States/UTs.
MadhyaPradesh.pdf,PMBJK18700,Madhya Pradesh,Chhatarpur,OUTSIDE_SOUTH_INDIA,,EXCLUDED_OUT_OF_SCOPE,State 'Madhya Pradesh' is outside the 7 South Indian target States/UTs.
MadhyaPradesh.pdf,PMBJK18702,Madhya Pradesh,Indore,OUTSIDE_SOUTH_INDIA,,EXCLUDED_OUT_OF_SCOPE,State 'Madhya Pradesh' is outside the 7 South Indian target States/UTs.
MadhyaPradesh.pdf,PMBJK18766,Madhya Pradesh,Chhatarpur,OUTSIDE_SOUTH_INDIA,,EXCLUDED_OUT_OF_SCOPE,State 'Madhya Pradesh' is outside the 7 South Indian target States/UTs.
MadhyaPradesh.pdf,PMBJK18873,Madhya Pradesh,Gwalior,OUTSIDE_SOUTH_INDIA,,EXCLUDED_OUT_OF_SCOPE,State 'Madhya Pradesh' is outside the 7 South Indian target States/UTs.
MadhyaPradesh.pdf,PMBJK18874,Madhya Pradesh,Indore,OUTSIDE_SOUTH_INDIA,,EXCLUDED_OUT_OF_SCOPE,State 'Madhya Pradesh' is outside the 7 South Indian target States/UTs.
MadhyaPradesh.pdf,PMBJK18875,Madhya Pradesh,Jabalpur,OUTSIDE_SOUTH_INDIA,,EXCLUDED_OUT_OF_SCOPE,State 'Madhya Pradesh' is outside the 7 South Indian target States/UTs.
MadhyaPradesh.pdf,PMBJK18922,Madhya Pradesh,Anuppur,OUTSIDE_SOUTH_INDIA,,EXCLUDED_OUT_OF_SCOPE,State 'Madhya Pradesh' is outside the 7 South Indian target States/UTs.
MadhyaPradesh.pdf,PMBJK18952,Madhya Pradesh,Khargone (West Nimar),OUTSIDE_SOUTH_INDIA,,EXCLUDED_OUT_OF_SCOPE,State 'Madhya Pradesh' is outside the 7 South Indian target States/UTs.
MadhyaPradesh.pdf,PMBJK18997,Madhya Pradesh,Jabalpur,OUTSIDE_SOUTH_INDIA,,EXCLUDED_OUT_OF_SCOPE,State 'Madhya Pradesh' is outside the 7 South Indian target States/UTs.
MadhyaPradesh.pdf,PMBJK18998,Madhya Pradesh,Indore,OUTSIDE_SOUTH_INDIA,,EXCLUDED_OUT_OF_SCOPE,State 'Madhya Pradesh' is outside the 7 South Indian target States/UTs.
MadhyaPradesh.pdf,PMBJK19031,Madhya Pradesh,Dewas,OUTSIDE_SOUTH_INDIA,,EXCLUDED_OUT_OF_SCOPE,State 'Madhya Pradesh' is outside the 7 South Indian target States/UTs.
MadhyaPradesh.pdf,PMBJK19040,Madhya Pradesh,Rewa,OUTSIDE_SOUTH_INDIA,,EXCLUDED_OUT_OF_SCOPE,State 'Madhya Pradesh' is outside the 7 South Indian target States/UTs.
MadhyaPradesh.pdf,PMBJK19058,Madhya Pradesh,Dewas,OUTSIDE_SOUTH_INDIA,,EXCLUDED_OUT_OF_SCOPE,State 'Madhya Pradesh' is outside the 7 South Indian target States/UTs.
MadhyaPradesh.pdf,PMBJK19197,Madhya Pradesh,Betul,OUTSIDE_SOUTH_INDIA,,EXCLUDED_OUT_OF_SCOPE,State 'Madhya Pradesh' is outside the 7 South Indian target States/UTs.
MadhyaPradesh.pdf,PMBJK19204,Madhya Pradesh,Gwalior,OUTSIDE_SOUTH_INDIA,,EXCLUDED_OUT_OF_SCOPE,State 'Madhya Pradesh' is outside the 7 South Indian target States/UTs.
MadhyaPradesh.pdf,PMBJK19253,Madhya Pradesh,Khargone (West Nimar),OUTSIDE_SOUTH_INDIA,,EXCLUDED_OUT_OF_SCOPE,State 'Madhya Pradesh' is outside the 7 South Indian target States/UTs.
MadhyaPradesh.pdf,PMBJK19255,Madhya Pradesh,Indore,OUTSIDE_SOUTH_INDIA,,EXCLUDED_OUT_OF_SCOPE,State 'Madhya Pradesh' is outside the 7 South Indian target States/UTs.
MadhyaPradesh.pdf,PMBJK19259,Madhya Pradesh,Raisen,OUTSIDE_SOUTH_INDIA,,EXCLUDED_OUT_OF_SCOPE,State 'Madhya Pradesh' is outside the 7 South Indian target States/UTs.
MadhyaPradesh.pdf,PMBJK19268,Madhya Pradesh,Sagar,OUTSIDE_SOUTH_INDIA,,EXCLUDED_OUT_OF_SCOPE,State 'Madhya Pradesh' is outside the 7 South Indian target States/UTs.
MadhyaPradesh.pdf,PMBJK19273,Madhya Pradesh,Indore,OUTSIDE_SOUTH_INDIA,,EXCLUDED_OUT_OF_SCOPE,State 'Madhya Pradesh' is outside the 7 South Indian target States/UTs.
MadhyaPradesh.pdf,PMBJK19318,Madhya Pradesh,Indore,OUTSIDE_SOUTH_INDIA,,EXCLUDED_OUT_OF_SCOPE,State 'Madhya Pradesh' is outside the 7 South Indian target States/UTs.
MadhyaPradesh.pdf,PMBJK19319,Madhya Pradesh,Indore,OUTSIDE_SOUTH_INDIA,,EXCLUDED_OUT_OF_SCOPE,State 'Madhya Pradesh' is outside the 7 South Indian target States/UTs.
MadhyaPradesh.pdf,PMBJK19362,Madhya Pradesh,Indore,OUTSIDE_SOUTH_INDIA,,EXCLUDED_OUT_OF_SCOPE,State 'Madhya Pradesh' is outside the 7 South Indian target States/UTs.
MadhyaPradesh.pdf,PMBJK19363,Madhya Pradesh,Ujjain,OUTSIDE_SOUTH_INDIA,,EXCLUDED_OUT_OF_SCOPE,State 'Madhya Pradesh' is outside the 7 South Indian target States/UTs.
MadhyaPradesh.pdf,PMBJK19374,Madhya Pradesh,Jabalpur,OUTSIDE_SOUTH_INDIA,,EXCLUDED_OUT_OF_SCOPE,State 'Madhya Pradesh' is outside the 7 South Indian target States/UTs.
MadhyaPradesh.pdf,PMBJK19375,Madhya Pradesh,Ujjain,OUTSIDE_SOUTH_INDIA,,EXCLUDED_OUT_OF_SCOPE,State 'Madhya Pradesh' is outside the 7 South Indian target States/UTs.
MadhyaPradesh.pdf,PMBJK19451,Madhya Pradesh,Bhopal,OUTSIDE_SOUTH_INDIA,,EXCLUDED_OUT_OF_SCOPE,State 'Madhya Pradesh' is outside the 7 South Indian target States/UTs.
MadhyaPradesh.pdf,PMBJK19452,Madhya Pradesh,Katni,OUTSIDE_SOUTH_INDIA,,EXCLUDED_OUT_OF_SCOPE,State 'Madhya Pradesh' is outside the 7 South Indian target States/UTs.
MadhyaPradesh.pdf,PMBJK19514,Madhya Pradesh,Bhopal,OUTSIDE_SOUTH_INDIA,,EXCLUDED_OUT_OF_SCOPE,State 'Madhya Pradesh' is outside the 7 South Indian target States/UTs.
MadhyaPradesh.pdf,PMBJK19537,Madhya Pradesh,Ujjain,OUTSIDE_SOUTH_INDIA,,EXCLUDED_OUT_OF_SCOPE,State 'Madhya Pradesh' is outside the 7 South Indian target States/UTs.
MadhyaPradesh.pdf,PMBJK19552,Madhya Pradesh,Jabalpur,OUTSIDE_SOUTH_INDIA,,EXCLUDED_OUT_OF_SCOPE,State 'Madhya Pradesh' is outside the 7 South Indian target States/UTs.
MadhyaPradesh.pdf,PMBJK19597,Madhya Pradesh,Dewas,OUTSIDE_SOUTH_INDIA,,EXCLUDED_OUT_OF_SCOPE,State 'Madhya Pradesh' is outside the 7 South Indian target States/UTs.
MadhyaPradesh.pdf,PMBJK19598,Madhya Pradesh,Katni,OUTSIDE_SOUTH_INDIA,,EXCLUDED_OUT_OF_SCOPE,State 'Madhya Pradesh' is outside the 7 South Indian target States/UTs.
MadhyaPradesh.pdf,PMBJK19679,Madhya Pradesh,Jabalpur,OUTSIDE_SOUTH_INDIA,,EXCLUDED_OUT_OF_SCOPE,State 'Madhya Pradesh' is outside the 7 South Indian target States/UTs.
MadhyaPradesh.pdf,PMBJK19682,Madhya Pradesh,Jabalpur,OUTSIDE_SOUTH_INDIA,,EXCLUDED_OUT_OF_SCOPE,State 'Madhya Pradesh' is outside the 7 South Indian target States/UTs.
MadhyaPradesh.pdf,PMBJK19686,Madhya Pradesh,Bhopal,OUTSIDE_SOUTH_INDIA,,EXCLUDED_OUT_OF_SCOPE,State 'Madhya Pradesh' is outside the 7 South Indian target States/UTs.
MadhyaPradesh.pdf,PMBJK19704,Madhya Pradesh,Betul,OUTSIDE_SOUTH_INDIA,,EXCLUDED_OUT_OF_SCOPE,State 'Madhya Pradesh' is outside the 7 South Indian target States/UTs.
MadhyaPradesh.pdf,PMBJK19707,Madhya Pradesh,Dewas,OUTSIDE_SOUTH_INDIA,,EXCLUDED_OUT_OF_SCOPE,State 'Madhya Pradesh' is outside the 7 South Indian target States/UTs.
MadhyaPradesh.pdf,PMBJK19725,Madhya Pradesh,Indore,OUTSIDE_SOUTH_INDIA,,EXCLUDED_OUT_OF_SCOPE,State 'Madhya Pradesh' is outside the 7 South Indian target States/UTs.
MadhyaPradesh.pdf,PMBJK19775,Madhya Pradesh,Dewas,OUTSIDE_SOUTH_INDIA,,EXCLUDED_OUT_OF_SCOPE,State 'Madhya Pradesh' is outside the 7 South Indian target States/UTs.
MadhyaPradesh.pdf,PMBJK19776,Madhya Pradesh,Shivpuri,OUTSIDE_SOUTH_INDIA,,EXCLUDED_OUT_OF_SCOPE,State 'Madhya Pradesh' is outside the 7 South Indian target States/UTs.
MadhyaPradesh.pdf,PMBJK19778,Madhya Pradesh,Chhindwara,OUTSIDE_SOUTH_INDIA,,EXCLUDED_OUT_OF_SCOPE,State 'Madhya Pradesh' is outside the 7 South Indian target States/UTs.
MadhyaPradesh.pdf,PMBJK19782,Madhya Pradesh,Indore,OUTSIDE_SOUTH_INDIA,,EXCLUDED_OUT_OF_SCOPE,State 'Madhya Pradesh' is outside the 7 South Indian target States/UTs.
MadhyaPradesh.pdf,PMBJK19841,Madhya Pradesh,Satna,OUTSIDE_SOUTH_INDIA,,EXCLUDED_OUT_OF_SCOPE,State 'Madhya Pradesh' is outside the 7 South Indian target States/UTs.
MadhyaPradesh.pdf,PMBJK19842,Madhya Pradesh,Indore,OUTSIDE_SOUTH_INDIA,,EXCLUDED_OUT_OF_SCOPE,State 'Madhya Pradesh' is outside the 7 South Indian target States/UTs.
MadhyaPradesh.pdf,PMBJK19848,Madhya Pradesh,Narsimhapur,OUTSIDE_SOUTH_INDIA,,EXCLUDED_OUT_OF_SCOPE,State 'Madhya Pradesh' is outside the 7 South Indian target States/UTs.
MadhyaPradesh.pdf,PMBJK19862,Madhya Pradesh,Ratlam,OUTSIDE_SOUTH_INDIA,,EXCLUDED_OUT_OF_SCOPE,State 'Madhya Pradesh' is outside the 7 South Indian target States/UTs.
MadhyaPradesh.pdf,PMBJK19969,Madhya Pradesh,Bhopal,OUTSIDE_SOUTH_INDIA,,EXCLUDED_OUT_OF_SCOPE,State 'Madhya Pradesh' is outside the 7 South Indian target States/UTs.
MadhyaPradesh.pdf,PMBJK20128,Madhya Pradesh,Shivpuri,OUTSIDE_SOUTH_INDIA,,EXCLUDED_OUT_OF_SCOPE,State 'Madhya Pradesh' is outside the 7 South Indian target States/UTs.
MadhyaPradesh.pdf,PMBJK20198,Madhya Pradesh,Khargone (West Nimar),OUTSIDE_SOUTH_INDIA,,EXCLUDED_OUT_OF_SCOPE,State 'Madhya Pradesh' is outside the 7 South Indian target States/UTs.
MadhyaPradesh.pdf,PMBJK20200,Madhya Pradesh,Jabalpur,OUTSIDE_SOUTH_INDIA,,EXCLUDED_OUT_OF_SCOPE,State 'Madhya Pradesh' is outside the 7 South Indian target States/UTs.
MadhyaPradesh.pdf,PMBJK20239,Madhya Pradesh,Khargone (West Nimar),OUTSIDE_SOUTH_INDIA,,EXCLUDED_OUT_OF_SCOPE,State 'Madhya Pradesh' is outside the 7 South Indian target States/UTs.
MadhyaPradesh.pdf,PMBJK20242,Madhya Pradesh,Khandwa (East Nimar),OUTSIDE_SOUTH_INDIA,,EXCLUDED_OUT_OF_SCOPE,State 'Madhya Pradesh' is outside the 7 South Indian target States/UTs.
MadhyaPradesh.pdf,PMBJK20243,Madhya Pradesh,Gwalior,OUTSIDE_SOUTH_INDIA,,EXCLUDED_OUT_OF_SCOPE,State 'Madhya Pradesh' is outside the 7 South Indian target States/UTs.
MadhyaPradesh.pdf,PMBJK20292,Madhya Pradesh,Gwalior,OUTSIDE_SOUTH_INDIA,,EXCLUDED_OUT_OF_SCOPE,State 'Madhya Pradesh' is outside the 7 South Indian target States/UTs.
MadhyaPradesh.pdf,PMBJK20342,Madhya Pradesh,Rewa,OUTSIDE_SOUTH_INDIA,,EXCLUDED_OUT_OF_SCOPE,State 'Madhya Pradesh' is outside the 7 South Indian target States/UTs.
MadhyaPradesh.pdf,PMBJK20379,Madhya Pradesh,Indore,OUTSIDE_SOUTH_INDIA,,EXCLUDED_OUT_OF_SCOPE,State 'Madhya Pradesh' is outside the 7 South Indian target States/UTs.
MadhyaPradesh.pdf,PMBJK20423,Madhya Pradesh,Chhatarpur,OUTSIDE_SOUTH_INDIA,,EXCLUDED_OUT_OF_SCOPE,State 'Madhya Pradesh' is outside the 7 South Indian target States/UTs.
MadhyaPradesh.pdf,PMBJK20444,Madhya Pradesh,Rewa,OUTSIDE_SOUTH_INDIA,,EXCLUDED_OUT_OF_SCOPE,State 'Madhya Pradesh' is outside the 7 South Indian target States/UTs.
MadhyaPradesh.pdf,PMBJK20450,Madhya Pradesh,Indore,OUTSIDE_SOUTH_INDIA,,EXCLUDED_OUT_OF_SCOPE,State 'Madhya Pradesh' is outside the 7 South Indian target States/UTs.
MadhyaPradesh.pdf,PMBJK20522,Madhya Pradesh,Anuppur,OUTSIDE_SOUTH_INDIA,,EXCLUDED_OUT_OF_SCOPE,State 'Madhya Pradesh' is outside the 7 South Indian target States/UTs.
MadhyaPradesh.pdf,PMBJK20629,Madhya Pradesh,Indore,OUTSIDE_SOUTH_INDIA,,EXCLUDED_OUT_OF_SCOPE,State 'Madhya Pradesh' is outside the 7 South Indian target States/UTs.
MadhyaPradesh.pdf,PMBJK20636,Madhya Pradesh,Narsimhapur,OUTSIDE_SOUTH_INDIA,,EXCLUDED_OUT_OF_SCOPE,State 'Madhya Pradesh' is outside the 7 South Indian target States/UTs.
MadhyaPradesh.pdf,PMBJK20650,Madhya Pradesh,Bhopal,OUTSIDE_SOUTH_INDIA,,EXCLUDED_OUT_OF_SCOPE,State 'Madhya Pradesh' is outside the 7 South Indian target States/UTs.
MadhyaPradesh.pdf,PMBJK20669,Madhya Pradesh,Narmadapuram,OUTSIDE_SOUTH_INDIA,,EXCLUDED_OUT_OF_SCOPE,State 'Madhya Pradesh' is outside the 7 South Indian target States/UTs.
MadhyaPradesh.pdf,PMBJK20695,Madhya Pradesh,Indore,OUTSIDE_SOUTH_INDIA,,EXCLUDED_OUT_OF_SCOPE,State 'Madhya Pradesh' is outside the 7 South Indian target States/UTs.
MadhyaPradesh.pdf,PMBJK20734,Madhya Pradesh,Maihar,OUTSIDE_SOUTH_INDIA,,EXCLUDED_OUT_OF_SCOPE,State 'Madhya Pradesh' is outside the 7 South Indian target States/UTs.
MadhyaPradesh.pdf,PMBJK20736,Madhya Pradesh,Indore,OUTSIDE_SOUTH_INDIA,,EXCLUDED_OUT_OF_SCOPE,State 'Madhya Pradesh' is outside the 7 South Indian target States/UTs.
MadhyaPradesh.pdf,PMBJK20786,Madhya Pradesh,Tikamgarh,OUTSIDE_SOUTH_INDIA,,EXCLUDED_OUT_OF_SCOPE,State 'Madhya Pradesh' is outside the 7 South Indian target States/UTs.
MadhyaPradesh.pdf,PMBJK20907,Madhya Pradesh,Indore,OUTSIDE_SOUTH_INDIA,,EXCLUDED_OUT_OF_SCOPE,State 'Madhya Pradesh' is outside the 7 South Indian target States/UTs.
MadhyaPradesh.pdf,PMBJK20953,Madhya Pradesh,Bhopal,OUTSIDE_SOUTH_INDIA,,EXCLUDED_OUT_OF_SCOPE,State 'Madhya Pradesh' is outside the 7 South Indian target States/UTs.
MadhyaPradesh.pdf,PMBJK21006,Madhya Pradesh,Betul,OUTSIDE_SOUTH_INDIA,,EXCLUDED_OUT_OF_SCOPE,State 'Madhya Pradesh' is outside the 7 South Indian target States/UTs.
MadhyaPradesh.pdf,PMBJK21007,Madhya Pradesh,Bhopal,OUTSIDE_SOUTH_INDIA,,EXCLUDED_OUT_OF_SCOPE,State 'Madhya Pradesh' is outside the 7 South Indian target States/UTs.
MadhyaPradesh.pdf,PMBJK21008,Madhya Pradesh,Bhopal,OUTSIDE_SOUTH_INDIA,,EXCLUDED_OUT_OF_SCOPE,State 'Madhya Pradesh' is outside the 7 South Indian target States/UTs.
MadhyaPradesh.pdf,PMBJK21018,Madhya Pradesh,Bhopal,OUTSIDE_SOUTH_INDIA,,EXCLUDED_OUT_OF_SCOPE,State 'Madhya Pradesh' is outside the 7 South Indian target States/UTs.
MadhyaPradesh.pdf,PMBJK21115,Madhya Pradesh,Indore,OUTSIDE_SOUTH_INDIA,,EXCLUDED_OUT_OF_SCOPE,State 'Madhya Pradesh' is outside the 7 South Indian target States/UTs.
MadhyaPradesh.pdf,PMBJK21116,Madhya Pradesh,Indore,OUTSIDE_SOUTH_INDIA,,EXCLUDED_OUT_OF_SCOPE,State 'Madhya Pradesh' is outside the 7 South Indian target States/UTs.
MadhyaPradesh.pdf,PMBJK21117,Madhya Pradesh,Narsimhapur,OUTSIDE_SOUTH_INDIA,,EXCLUDED_OUT_OF_SCOPE,State 'Madhya Pradesh' is outside the 7 South Indian target States/UTs.
MadhyaPradesh.pdf,PMBJK21252,Madhya Pradesh,Indore,OUTSIDE_SOUTH_INDIA,,EXCLUDED_OUT_OF_SCOPE,State 'Madhya Pradesh' is outside the 7 South Indian target States/UTs.
MadhyaPradesh.pdf,PMBJK21253,Madhya Pradesh,Khandwa (East Nimar),OUTSIDE_SOUTH_INDIA,,EXCLUDED_OUT_OF_SCOPE,State 'Madhya Pradesh' is outside the 7 South Indian target States/UTs.
MadhyaPradesh.pdf,PMBJK21274,Madhya Pradesh,Dhar,OUTSIDE_SOUTH_INDIA,,EXCLUDED_OUT_OF_SCOPE,State 'Madhya Pradesh' is outside the 7 South Indian target States/UTs.
MadhyaPradesh.pdf,PMBJK21275,Madhya Pradesh,Seoni,OUTSIDE_SOUTH_INDIA,,EXCLUDED_OUT_OF_SCOPE,State 'Madhya Pradesh' is outside the 7 South Indian target States/UTs.
MadhyaPradesh.pdf,PMBJK21290,Madhya Pradesh,Damoh,OUTSIDE_SOUTH_INDIA,,EXCLUDED_OUT_OF_SCOPE,State 'Madhya Pradesh' is outside the 7 South Indian target States/UTs.
MadhyaPradesh.pdf,PMBJK21292,Madhya Pradesh,Bhopal,OUTSIDE_SOUTH_INDIA,,EXCLUDED_OUT_OF_SCOPE,State 'Madhya Pradesh' is outside the 7 South Indian target States/UTs.
MadhyaPradesh.pdf,PMBJK21298,Madhya Pradesh,Indore,OUTSIDE_SOUTH_INDIA,,EXCLUDED_OUT_OF_SCOPE,State 'Madhya Pradesh' is outside the 7 South Indian target States/UTs.
MadhyaPradesh.pdf,PMBJK21323,Madhya Pradesh,Tikamgarh,OUTSIDE_SOUTH_INDIA,,EXCLUDED_OUT_OF_SCOPE,State 'Madhya Pradesh' is outside the 7 South Indian target States/UTs.
MadhyaPradesh.pdf,PMBJK21413,Madhya Pradesh,Bhopal,OUTSIDE_SOUTH_INDIA,,EXCLUDED_OUT_OF_SCOPE,State 'Madhya Pradesh' is outside the 7 South Indian target States/UTs.
MadhyaPradesh.pdf,PMBJK21461,Madhya Pradesh,Shivpuri,OUTSIDE_SOUTH_INDIA,,EXCLUDED_OUT_OF_SCOPE,State 'Madhya Pradesh' is outside the 7 South Indian target States/UTs.
MadhyaPradesh.pdf,PMBJK21480,Madhya Pradesh,Bhopal,OUTSIDE_SOUTH_INDIA,,EXCLUDED_OUT_OF_SCOPE,State 'Madhya Pradesh' is outside the 7 South Indian target States/UTs.
MadhyaPradesh.pdf,PMBJK21524,Madhya Pradesh,Shivpuri,OUTSIDE_SOUTH_INDIA,,EXCLUDED_OUT_OF_SCOPE,State 'Madhya Pradesh' is outside the 7 South Indian target States/UTs.
MadhyaPradesh.pdf,PMBJK21579,Madhya Pradesh,Singrauli,OUTSIDE_SOUTH_INDIA,,EXCLUDED_OUT_OF_SCOPE,State 'Madhya Pradesh' is outside the 7 South Indian target States/UTs.
MadhyaPradesh.pdf,PMBJK21648,Madhya Pradesh,Gwalior,OUTSIDE_SOUTH_INDIA,,EXCLUDED_OUT_OF_SCOPE,State 'Madhya Pradesh' is outside the 7 South Indian target States/UTs.
MadhyaPradesh.pdf,PMBJK21651,Madhya Pradesh,Indore,OUTSIDE_SOUTH_INDIA,,EXCLUDED_OUT_OF_SCOPE,State 'Madhya Pradesh' is outside the 7 South Indian target States/UTs.
MadhyaPradesh.pdf,PMBJK21659,Madhya Pradesh,Shivpuri,OUTSIDE_SOUTH_INDIA,,EXCLUDED_OUT_OF_SCOPE,State 'Madhya Pradesh' is outside the 7 South Indian target States/UTs.
MadhyaPradesh.pdf,PMBJK21672,Madhya Pradesh,Bhopal,OUTSIDE_SOUTH_INDIA,,EXCLUDED_OUT_OF_SCOPE,State 'Madhya Pradesh' is outside the 7 South Indian target States/UTs.
MadhyaPradesh.pdf,PMBJK21675,Madhya Pradesh,Gwalior,OUTSIDE_SOUTH_INDIA,,EXCLUDED_OUT_OF_SCOPE,State 'Madhya Pradesh' is outside the 7 South Indian target States/UTs.
MadhyaPradesh.pdf,PMBJK21689,Madhya Pradesh,Tikamgarh,OUTSIDE_SOUTH_INDIA,,EXCLUDED_OUT_OF_SCOPE,State 'Madhya Pradesh' is outside the 7 South Indian target States/UTs.
MadhyaPradesh.pdf,PMBJK21720,Madhya Pradesh,Ujjain,OUTSIDE_SOUTH_INDIA,,EXCLUDED_OUT_OF_SCOPE,State 'Madhya Pradesh' is outside the 7 South Indian target States/UTs.
MadhyaPradesh.pdf,PMBJK21736,Madhya Pradesh,Bhopal,OUTSIDE_SOUTH_INDIA,,EXCLUDED_OUT_OF_SCOPE,State 'Madhya Pradesh' is outside the 7 South Indian target States/UTs.
MadhyaPradesh.pdf,PMBJK21739,Madhya Pradesh,Harda,OUTSIDE_SOUTH_INDIA,,EXCLUDED_OUT_OF_SCOPE,State 'Madhya Pradesh' is outside the 7 South Indian target States/UTs.
MadhyaPradesh.pdf,PMBJK21783,Madhya Pradesh,Shahdol,OUTSIDE_SOUTH_INDIA,,EXCLUDED_OUT_OF_SCOPE,State 'Madhya Pradesh' is outside the 7 South Indian target States/UTs.
MadhyaPradesh.pdf,PMBJK21830,Madhya Pradesh,Jabalpur,OUTSIDE_SOUTH_INDIA,,EXCLUDED_OUT_OF_SCOPE,State 'Madhya Pradesh' is outside the 7 South Indian target States/UTs.
MadhyaPradesh.pdf,PMBJK21834,Madhya Pradesh,Seoni,OUTSIDE_SOUTH_INDIA,,EXCLUDED_OUT_OF_SCOPE,State 'Madhya Pradesh' is outside the 7 South Indian target States/UTs.
MadhyaPradesh.pdf,PMBJK21835,Madhya Pradesh,Seoni,OUTSIDE_SOUTH_INDIA,,EXCLUDED_OUT_OF_SCOPE,State 'Madhya Pradesh' is outside the 7 South Indian target States/UTs.
MadhyaPradesh.pdf,PMBJK21848,Madhya Pradesh,Ujjain,OUTSIDE_SOUTH_INDIA,,EXCLUDED_OUT_OF_SCOPE,State 'Madhya Pradesh' is outside the 7 South Indian target States/UTs.
MadhyaPradesh.pdf,PMBJK21851,Madhya Pradesh,Betul,OUTSIDE_SOUTH_INDIA,,EXCLUDED_OUT_OF_SCOPE,State 'Madhya Pradesh' is outside the 7 South Indian target States/UTs.
MadhyaPradesh.pdf,PMBJK21866,Madhya Pradesh,Guna,OUTSIDE_SOUTH_INDIA,,EXCLUDED_OUT_OF_SCOPE,State 'Madhya Pradesh' is outside the 7 South Indian target States/UTs.
MadhyaPradesh.pdf,PMBJK21886,Madhya Pradesh,Sehore,OUTSIDE_SOUTH_INDIA,,EXCLUDED_OUT_OF_SCOPE,State 'Madhya Pradesh' is outside the 7 South Indian target States/UTs.
MadhyaPradesh.pdf,PMBJK21897,Madhya Pradesh,Bhind,OUTSIDE_SOUTH_INDIA,,EXCLUDED_OUT_OF_SCOPE,State 'Madhya Pradesh' is outside the 7 South Indian target States/UTs.
MadhyaPradesh.pdf,PMBJK21978,Madhya Pradesh,Indore,OUTSIDE_SOUTH_INDIA,,EXCLUDED_OUT_OF_SCOPE,State 'Madhya Pradesh' is outside the 7 South Indian target States/UTs.
MadhyaPradesh.pdf,PMBJK22023,Madhya Pradesh,Morena,OUTSIDE_SOUTH_INDIA,,EXCLUDED_OUT_OF_SCOPE,State 'Madhya Pradesh' is outside the 7 South Indian target States/UTs.
MadhyaPradesh.pdf,PMBJK22032,Madhya Pradesh,Indore,OUTSIDE_SOUTH_INDIA,,EXCLUDED_OUT_OF_SCOPE,State 'Madhya Pradesh' is outside the 7 South Indian target States/UTs.
MadhyaPradesh.pdf,PMBJK22044,Madhya Pradesh,Indore,OUTSIDE_SOUTH_INDIA,,EXCLUDED_OUT_OF_SCOPE,State 'Madhya Pradesh' is outside the 7 South Indian target States/UTs.
MadhyaPradesh.pdf,PMBJK22074,Madhya Pradesh,Dewas,OUTSIDE_SOUTH_INDIA,,EXCLUDED_OUT_OF_SCOPE,State 'Madhya Pradesh' is outside the 7 South Indian target States/UTs.
MadhyaPradesh.pdf,PMBJK22107,Madhya Pradesh,Harda,OUTSIDE_SOUTH_INDIA,,EXCLUDED_OUT_OF_SCOPE,State 'Madhya Pradesh' is outside the 7 South Indian target States/UTs.
MadhyaPradesh.pdf,PMBJK22109,Madhya Pradesh,Bhopal,OUTSIDE_SOUTH_INDIA,,EXCLUDED_OUT_OF_SCOPE,State 'Madhya Pradesh' is outside the 7 South Indian target States/UTs.
MadhyaPradesh.pdf,PMBJK22115,Madhya Pradesh,Bhopal,OUTSIDE_SOUTH_INDIA,,EXCLUDED_OUT_OF_SCOPE,State 'Madhya Pradesh' is outside the 7 South Indian target States/UTs.
MadhyaPradesh.pdf,PMBJK22185,Madhya Pradesh,Seoni,OUTSIDE_SOUTH_INDIA,,EXCLUDED_OUT_OF_SCOPE,State 'Madhya Pradesh' is outside the 7 South Indian target States/UTs.
MadhyaPradesh.pdf,PMBJK22274,Madhya Pradesh,Bhopal,OUTSIDE_SOUTH_INDIA,,EXCLUDED_OUT_OF_SCOPE,State 'Madhya Pradesh' is outside the 7 South Indian target States/UTs.
MadhyaPradesh.pdf,PMBJK22314,Madhya Pradesh,Sheopur,OUTSIDE_SOUTH_INDIA,,EXCLUDED_OUT_OF_SCOPE,State 'Madhya Pradesh' is outside the 7 South Indian target States/UTs.
MadhyaPradesh.pdf,PMBJK22395,Madhya Pradesh,Bhopal,OUTSIDE_SOUTH_INDIA,,EXCLUDED_OUT_OF_SCOPE,State 'Madhya Pradesh' is outside the 7 South Indian target States/UTs.
MadhyaPradesh.pdf,PMBJK22403,Madhya Pradesh,Shahdol,OUTSIDE_SOUTH_INDIA,,EXCLUDED_OUT_OF_SCOPE,State 'Madhya Pradesh' is outside the 7 South Indian target States/UTs.
MadhyaPradesh.pdf,PMBJK22418,Madhya Pradesh,Jabalpur,OUTSIDE_SOUTH_INDIA,,EXCLUDED_OUT_OF_SCOPE,State 'Madhya Pradesh' is outside the 7 South Indian target States/UTs.
MadhyaPradesh.pdf,PMBJK22447,Madhya Pradesh,Datia,OUTSIDE_SOUTH_INDIA,,EXCLUDED_OUT_OF_SCOPE,State 'Madhya Pradesh' is outside the 7 South Indian target States/UTs.
MadhyaPradesh.pdf,PMBJK22523,Madhya Pradesh,Chhatarpur,OUTSIDE_SOUTH_INDIA,,EXCLUDED_OUT_OF_SCOPE,State 'Madhya Pradesh' is outside the 7 South Indian target States/UTs.
MadhyaPradesh.pdf,PMBJK22534,Madhya Pradesh,Ujjain,OUTSIDE_SOUTH_INDIA,,EXCLUDED_OUT_OF_SCOPE,State 'Madhya Pradesh' is outside the 7 South Indian target States/UTs.
MadhyaPradesh.pdf,PMBJK22539,Madhya Pradesh,Tikamgarh,OUTSIDE_SOUTH_INDIA,,EXCLUDED_OUT_OF_SCOPE,State 'Madhya Pradesh' is outside the 7 South Indian target States/UTs.
MadhyaPradesh.pdf,PMBJK22545,Madhya Pradesh,Bhopal,OUTSIDE_SOUTH_INDIA,,EXCLUDED_OUT_OF_SCOPE,State 'Madhya Pradesh' is outside the 7 South Indian target States/UTs.
MadhyaPradesh.pdf,PMBJK22556,Madhya Pradesh,Neemuch,OUTSIDE_SOUTH_INDIA,,EXCLUDED_OUT_OF_SCOPE,State 'Madhya Pradesh' is outside the 7 South Indian target States/UTs.
MadhyaPradesh.pdf,PMBJK22567,Madhya Pradesh,Datia,OUTSIDE_SOUTH_INDIA,,EXCLUDED_OUT_OF_SCOPE,State 'Madhya Pradesh' is outside the 7 South Indian target States/UTs.
MadhyaPradesh.pdf,PMBJK22583,Madhya Pradesh,Jabalpur,OUTSIDE_SOUTH_INDIA,,EXCLUDED_OUT_OF_SCOPE,State 'Madhya Pradesh' is outside the 7 South Indian target States/UTs.
MadhyaPradesh.pdf,PMBJK22625,Madhya Pradesh,Bhopal,OUTSIDE_SOUTH_INDIA,,EXCLUDED_OUT_OF_SCOPE,State 'Madhya Pradesh' is outside the 7 South Indian target States/UTs.
MadhyaPradesh.pdf,PMBJK22787,Madhya Pradesh,Chhindwara,OUTSIDE_SOUTH_INDIA,,EXCLUDED_OUT_OF_SCOPE,State 'Madhya Pradesh' is outside the 7 South Indian target States/UTs.
MadhyaPradesh.pdf,PMBJK22804,Madhya Pradesh,Barwani,OUTSIDE_SOUTH_INDIA,,EXCLUDED_OUT_OF_SCOPE,State 'Madhya Pradesh' is outside the 7 South Indian target States/UTs.
MadhyaPradesh.pdf,PMBJK22834,Madhya Pradesh,Narsimhapur,OUTSIDE_SOUTH_INDIA,,EXCLUDED_OUT_OF_SCOPE,State 'Madhya Pradesh' is outside the 7 South Indian target States/UTs.
MadhyaPradesh.pdf,PMBJK22844,Madhya Pradesh,Chhatarpur,OUTSIDE_SOUTH_INDIA,,EXCLUDED_OUT_OF_SCOPE,State 'Madhya Pradesh' is outside the 7 South Indian target States/UTs.
MadhyaPradesh.pdf,PMBJK22863,Madhya Pradesh,Ratlam,OUTSIDE_SOUTH_INDIA,,EXCLUDED_OUT_OF_SCOPE,State 'Madhya Pradesh' is outside the 7 South Indian target States/UTs.
MadhyaPradesh.pdf,PMBJK22866,Madhya Pradesh,Indore,OUTSIDE_SOUTH_INDIA,,EXCLUDED_OUT_OF_SCOPE,State 'Madhya Pradesh' is outside the 7 South Indian target States/UTs.
MadhyaPradesh.pdf,PMBJK22955,Madhya Pradesh,Bhopal,OUTSIDE_SOUTH_INDIA,,EXCLUDED_OUT_OF_SCOPE,State 'Madhya Pradesh' is outside the 7 South Indian target States/UTs.
MadhyaPradesh.pdf,PMBJK22956,Madhya Pradesh,Sagar,OUTSIDE_SOUTH_INDIA,,EXCLUDED_OUT_OF_SCOPE,State 'Madhya Pradesh' is outside the 7 South Indian target States/UTs.
MadhyaPradesh.pdf,PMBJK22986,Madhya Pradesh,Damoh,OUTSIDE_SOUTH_INDIA,,EXCLUDED_OUT_OF_SCOPE,State 'Madhya Pradesh' is outside the 7 South Indian target States/UTs.
MadhyaPradesh.pdf,PMBJK23047,Madhya Pradesh,Shahdol,OUTSIDE_SOUTH_INDIA,,EXCLUDED_OUT_OF_SCOPE,State 'Madhya Pradesh' is outside the 7 South Indian target States/UTs.
MadhyaPradesh.pdf,PMBJK23071,Madhya Pradesh,Betul,OUTSIDE_SOUTH_INDIA,,EXCLUDED_OUT_OF_SCOPE,State 'Madhya Pradesh' is outside the 7 South Indian target States/UTs.
MadhyaPradesh.pdf,PMBJK23076,Madhya Pradesh,Dewas,OUTSIDE_SOUTH_INDIA,,EXCLUDED_OUT_OF_SCOPE,State 'Madhya Pradesh' is outside the 7 South Indian target States/UTs.
MadhyaPradesh.pdf,PMBJK23089,Madhya Pradesh,Betul,OUTSIDE_SOUTH_INDIA,,EXCLUDED_OUT_OF_SCOPE,State 'Madhya Pradesh' is outside the 7 South Indian target States/UTs.
MadhyaPradesh.pdf,PMBJK23109,Madhya Pradesh,Indore,OUTSIDE_SOUTH_INDIA,,EXCLUDED_OUT_OF_SCOPE,State 'Madhya Pradesh' is outside the 7 South Indian target States/UTs.
MadhyaPradesh.pdf,PMBJK23128,Madhya Pradesh,Bhopal,OUTSIDE_SOUTH_INDIA,,EXCLUDED_OUT_OF_SCOPE,State 'Madhya Pradesh' is outside the 7 South Indian target States/UTs.
MadhyaPradesh.pdf,PMBJK23144,Madhya Pradesh,Indore,OUTSIDE_SOUTH_INDIA,,EXCLUDED_OUT_OF_SCOPE,State 'Madhya Pradesh' is outside the 7 South Indian target States/UTs.
MadhyaPradesh.pdf,PMBJK23153,Madhya Pradesh,Bhopal,OUTSIDE_SOUTH_INDIA,,EXCLUDED_OUT_OF_SCOPE,State 'Madhya Pradesh' is outside the 7 South Indian target States/UTs.
MadhyaPradesh.pdf,PMBJK23178,Madhya Pradesh,Ujjain,OUTSIDE_SOUTH_INDIA,,EXCLUDED_OUT_OF_SCOPE,State 'Madhya Pradesh' is outside the 7 South Indian target States/UTs.
MadhyaPradesh.pdf,PMBJK23220,Madhya Pradesh,Katni,OUTSIDE_SOUTH_INDIA,,EXCLUDED_OUT_OF_SCOPE,State 'Madhya Pradesh' is outside the 7 South Indian target States/UTs.
MadhyaPradesh.pdf,PMBJK23222,Madhya Pradesh,Narsimhapur,OUTSIDE_SOUTH_INDIA,,EXCLUDED_OUT_OF_SCOPE,State 'Madhya Pradesh' is outside the 7 South Indian target States/UTs.
MadhyaPradesh.pdf,PMBJK23244,Madhya Pradesh,Agar-Malwa,OUTSIDE_SOUTH_INDIA,,EXCLUDED_OUT_OF_SCOPE,State 'Madhya Pradesh' is outside the 7 South Indian target States/UTs.
MadhyaPradesh.pdf,PMBJK23260,Madhya Pradesh,Bhopal,OUTSIDE_SOUTH_INDIA,,EXCLUDED_OUT_OF_SCOPE,State 'Madhya Pradesh' is outside the 7 South Indian target States/UTs.
MadhyaPradesh.pdf,PMBJK23292,Madhya Pradesh,Bhopal,OUTSIDE_SOUTH_INDIA,,EXCLUDED_OUT_OF_SCOPE,State 'Madhya Pradesh' is outside the 7 South Indian target States/UTs.
MadhyaPradesh.pdf,PMBJK23314,Madhya Pradesh,Rajgarh,OUTSIDE_SOUTH_INDIA,,EXCLUDED_OUT_OF_SCOPE,State 'Madhya Pradesh' is outside the 7 South Indian target States/UTs.
MadhyaPradesh.pdf,PMBJK23315,Madhya Pradesh,Ratlam,OUTSIDE_SOUTH_INDIA,,EXCLUDED_OUT_OF_SCOPE,State 'Madhya Pradesh' is outside the 7 South Indian target States/UTs.
MadhyaPradesh.pdf,PMBJK23316,Madhya Pradesh,Rewa,OUTSIDE_SOUTH_INDIA,,EXCLUDED_OUT_OF_SCOPE,State 'Madhya Pradesh' is outside the 7 South Indian target States/UTs.
MadhyaPradesh.pdf,PMBJK23448,Madhya Pradesh,Rajgarh,OUTSIDE_SOUTH_INDIA,,EXCLUDED_OUT_OF_SCOPE,State 'Madhya Pradesh' is outside the 7 South Indian target States/UTs.
MadhyaPradesh.pdf,PMBJK23561,Madhya Pradesh,Dewas,OUTSIDE_SOUTH_INDIA,,EXCLUDED_OUT_OF_SCOPE,State 'Madhya Pradesh' is outside the 7 South Indian target States/UTs.
MadhyaPradesh.pdf,PMBJK23570,Madhya Pradesh,Bhopal,OUTSIDE_SOUTH_INDIA,,EXCLUDED_OUT_OF_SCOPE,State 'Madhya Pradesh' is outside the 7 South Indian target States/UTs.
MadhyaPradesh.pdf,PMBJK23584,Madhya Pradesh,Bhopal,OUTSIDE_SOUTH_INDIA,,EXCLUDED_OUT_OF_SCOPE,State 'Madhya Pradesh' is outside the 7 South Indian target States/UTs.
MadhyaPradesh.pdf,PMBJK23654,Madhya Pradesh,Bhopal,OUTSIDE_SOUTH_INDIA,,EXCLUDED_OUT_OF_SCOPE,State 'Madhya Pradesh' is outside the 7 South Indian target States/UTs.
MadhyaPradesh.pdf,PMBJK23704,Madhya Pradesh,Indore,OUTSIDE_SOUTH_INDIA,,EXCLUDED_OUT_OF_SCOPE,State 'Madhya Pradesh' is outside the 7 South Indian target States/UTs.
MadhyaPradesh.pdf,PMBJK23723,Madhya Pradesh,Indore,OUTSIDE_SOUTH_INDIA,,EXCLUDED_OUT_OF_SCOPE,State 'Madhya Pradesh' is outside the 7 South Indian target States/UTs.
MadhyaPradesh.pdf,PMBJK23783,Madhya Pradesh,Narmadapuram,OUTSIDE_SOUTH_INDIA,,EXCLUDED_OUT_OF_SCOPE,State 'Madhya Pradesh' is outside the 7 South Indian target States/UTs.
MadhyaPradesh.pdf,PMBJK23784,Madhya Pradesh,Sagar,OUTSIDE_SOUTH_INDIA,,EXCLUDED_OUT_OF_SCOPE,State 'Madhya Pradesh' is outside the 7 South Indian target States/UTs.
MadhyaPradesh.pdf,PMBJK23797,Madhya Pradesh,Shivpuri,OUTSIDE_SOUTH_INDIA,,EXCLUDED_OUT_OF_SCOPE,State 'Madhya Pradesh' is outside the 7 South Indian target States/UTs.
MadhyaPradesh.pdf,PMBJK23847,Madhya Pradesh,Indore,OUTSIDE_SOUTH_INDIA,,EXCLUDED_OUT_OF_SCOPE,State 'Madhya Pradesh' is outside the 7 South Indian target States/UTs.
MadhyaPradesh.pdf,PMBJK23899,Madhya Pradesh,Narmadapuram,OUTSIDE_SOUTH_INDIA,,EXCLUDED_OUT_OF_SCOPE,State 'Madhya Pradesh' is outside the 7 South Indian target States/UTs.
MadhyaPradesh.pdf,PMBJK23934,Madhya Pradesh,Indore,OUTSIDE_SOUTH_INDIA,,EXCLUDED_OUT_OF_SCOPE,State 'Madhya Pradesh' is outside the 7 South Indian target States/UTs.
Maharashtra.pdf,PMBJK01460,Maharashtra,Ahmednagar,OUTSIDE_SOUTH_INDIA,,EXCLUDED_OUT_OF_SCOPE,State 'Maharashtra' is outside the 7 South Indian target States/UTs.
Maharashtra.pdf,PMBJK01472,Maharashtra,Akola,OUTSIDE_SOUTH_INDIA,,EXCLUDED_OUT_OF_SCOPE,State 'Maharashtra' is outside the 7 South Indian target States/UTs.
Maharashtra.pdf,PMBJK01473,Maharashtra,Akola,OUTSIDE_SOUTH_INDIA,,EXCLUDED_OUT_OF_SCOPE,State 'Maharashtra' is outside the 7 South Indian target States/UTs.
Maharashtra.pdf,PMBJK01474,Maharashtra,Amravati,OUTSIDE_SOUTH_INDIA,,EXCLUDED_OUT_OF_SCOPE,State 'Maharashtra' is outside the 7 South Indian target States/UTs.
Maharashtra.pdf,PMBJK01475,Maharashtra,Satara,OUTSIDE_SOUTH_INDIA,,EXCLUDED_OUT_OF_SCOPE,State 'Maharashtra' is outside the 7 South Indian target States/UTs.
Maharashtra.pdf,PMBJK01477,Maharashtra,Amravati,OUTSIDE_SOUTH_INDIA,,EXCLUDED_OUT_OF_SCOPE,State 'Maharashtra' is outside the 7 South Indian target States/UTs.
Maharashtra.pdf,PMBJK01480,Maharashtra,Beed,OUTSIDE_SOUTH_INDIA,,EXCLUDED_OUT_OF_SCOPE,State 'Maharashtra' is outside the 7 South Indian target States/UTs.
Maharashtra.pdf,PMBJK01481,Maharashtra,Solapur,OUTSIDE_SOUTH_INDIA,,EXCLUDED_OUT_OF_SCOPE,State 'Maharashtra' is outside the 7 South Indian target States/UTs.
Maharashtra.pdf,PMBJK01486,Maharashtra,Beed,OUTSIDE_SOUTH_INDIA,,EXCLUDED_OUT_OF_SCOPE,State 'Maharashtra' is outside the 7 South Indian target States/UTs.
Maharashtra.pdf,PMBJK01489,Maharashtra,Beed,OUTSIDE_SOUTH_INDIA,,EXCLUDED_OUT_OF_SCOPE,State 'Maharashtra' is outside the 7 South Indian target States/UTs.
Maharashtra.pdf,PMBJK01497,Maharashtra,Bhandara,OUTSIDE_SOUTH_INDIA,,EXCLUDED_OUT_OF_SCOPE,State 'Maharashtra' is outside the 7 South Indian target States/UTs.
Maharashtra.pdf,PMBJK01498,Maharashtra,Buldhana,OUTSIDE_SOUTH_INDIA,,EXCLUDED_OUT_OF_SCOPE,State 'Maharashtra' is outside the 7 South Indian target States/UTs.
Maharashtra.pdf,PMBJK01499,Maharashtra,Buldhana,OUTSIDE_SOUTH_INDIA,,EXCLUDED_OUT_OF_SCOPE,State 'Maharashtra' is outside the 7 South Indian target States/UTs.
Maharashtra.pdf,PMBJK01500,Maharashtra,Buldhana,OUTSIDE_SOUTH_INDIA,,EXCLUDED_OUT_OF_SCOPE,State 'Maharashtra' is outside the 7 South Indian target States/UTs.
Maharashtra.pdf,PMBJK01501,Maharashtra,Buldhana,OUTSIDE_SOUTH_INDIA,,EXCLUDED_OUT_OF_SCOPE,State 'Maharashtra' is outside the 7 South Indian target States/UTs.
Maharashtra.pdf,PMBJK01504,Maharashtra,Chandrapur,OUTSIDE_SOUTH_INDIA,,EXCLUDED_OUT_OF_SCOPE,State 'Maharashtra' is outside the 7 South Indian target States/UTs.
Maharashtra.pdf,PMBJK01506,Maharashtra,Chandrapur,OUTSIDE_SOUTH_INDIA,,EXCLUDED_OUT_OF_SCOPE,State 'Maharashtra' is outside the 7 South Indian target States/UTs.
Maharashtra.pdf,PMBJK01508,Maharashtra,Dhule,OUTSIDE_SOUTH_INDIA,,EXCLUDED_OUT_OF_SCOPE,State 'Maharashtra' is outside the 7 South Indian target States/UTs.
Maharashtra.pdf,PMBJK01515,Maharashtra,Gondia,OUTSIDE_SOUTH_INDIA,,EXCLUDED_OUT_OF_SCOPE,State 'Maharashtra' is outside the 7 South Indian target States/UTs.
Maharashtra.pdf,PMBJK01517,Maharashtra,Jalgaon,OUTSIDE_SOUTH_INDIA,,EXCLUDED_OUT_OF_SCOPE,State 'Maharashtra' is outside the 7 South Indian target States/UTs.
Maharashtra.pdf,PMBJK01519,Maharashtra,Jalgaon,OUTSIDE_SOUTH_INDIA,,EXCLUDED_OUT_OF_SCOPE,State 'Maharashtra' is outside the 7 South Indian target States/UTs.
Maharashtra.pdf,PMBJK01523,Maharashtra,Jalna,OUTSIDE_SOUTH_INDIA,,EXCLUDED_OUT_OF_SCOPE,State 'Maharashtra' is outside the 7 South Indian target States/UTs.
Maharashtra.pdf,PMBJK01524,Maharashtra,Jalna,OUTSIDE_SOUTH_INDIA,,EXCLUDED_OUT_OF_SCOPE,State 'Maharashtra' is outside the 7 South Indian target States/UTs.
Maharashtra.pdf,PMBJK01525,Maharashtra,Jalna,OUTSIDE_SOUTH_INDIA,,EXCLUDED_OUT_OF_SCOPE,State 'Maharashtra' is outside the 7 South Indian target States/UTs.
Maharashtra.pdf,PMBJK01527,Maharashtra,Jalna,OUTSIDE_SOUTH_INDIA,,EXCLUDED_OUT_OF_SCOPE,State 'Maharashtra' is outside the 7 South Indian target States/UTs.
Maharashtra.pdf,PMBJK01528,Maharashtra,Jalna,OUTSIDE_SOUTH_INDIA,,EXCLUDED_OUT_OF_SCOPE,State 'Maharashtra' is outside the 7 South Indian target States/UTs.
Maharashtra.pdf,PMBJK01529,Maharashtra,Jalna,OUTSIDE_SOUTH_INDIA,,EXCLUDED_OUT_OF_SCOPE,State 'Maharashtra' is outside the 7 South Indian target States/UTs.
Maharashtra.pdf,PMBJK01530,Maharashtra,Jalna,OUTSIDE_SOUTH_INDIA,,EXCLUDED_OUT_OF_SCOPE,State 'Maharashtra' is outside the 7 South Indian target States/UTs.
Maharashtra.pdf,PMBJK01532,Maharashtra,Jalna,OUTSIDE_SOUTH_INDIA,,EXCLUDED_OUT_OF_SCOPE,State 'Maharashtra' is outside the 7 South Indian target States/UTs.
Maharashtra.pdf,PMBJK01536,Maharashtra,Kolhapur,OUTSIDE_SOUTH_INDIA,,EXCLUDED_OUT_OF_SCOPE,State 'Maharashtra' is outside the 7 South Indian target States/UTs.
Maharashtra.pdf,PMBJK01539,Maharashtra,Kolhapur,OUTSIDE_SOUTH_INDIA,,EXCLUDED_OUT_OF_SCOPE,State 'Maharashtra' is outside the 7 South Indian target States/UTs.
Maharashtra.pdf,PMBJK01541,Maharashtra,Hingoli,OUTSIDE_SOUTH_INDIA,,EXCLUDED_OUT_OF_SCOPE,State 'Maharashtra' is outside the 7 South Indian target States/UTs.
Maharashtra.pdf,PMBJK01542,Maharashtra,Latur,OUTSIDE_SOUTH_INDIA,,EXCLUDED_OUT_OF_SCOPE,State 'Maharashtra' is outside the 7 South Indian target States/UTs.
Maharashtra.pdf,PMBJK01543,Maharashtra,Latur,OUTSIDE_SOUTH_INDIA,,EXCLUDED_OUT_OF_SCOPE,State 'Maharashtra' is outside the 7 South Indian target States/UTs.
Maharashtra.pdf,PMBJK01544,Maharashtra,Latur,OUTSIDE_SOUTH_INDIA,,EXCLUDED_OUT_OF_SCOPE,State 'Maharashtra' is outside the 7 South Indian target States/UTs.
Maharashtra.pdf,PMBJK01545,Maharashtra,Latur,OUTSIDE_SOUTH_INDIA,,EXCLUDED_OUT_OF_SCOPE,State 'Maharashtra' is outside the 7 South Indian target States/UTs.
Maharashtra.pdf,PMBJK01548,Maharashtra,Latur,OUTSIDE_SOUTH_INDIA,,EXCLUDED_OUT_OF_SCOPE,State 'Maharashtra' is outside the 7 South Indian target States/UTs.
Maharashtra.pdf,PMBJK01549,Maharashtra,Latur,OUTSIDE_SOUTH_INDIA,,EXCLUDED_OUT_OF_SCOPE,State 'Maharashtra' is outside the 7 South Indian target States/UTs.
Maharashtra.pdf,PMBJK01550,Maharashtra,Latur,OUTSIDE_SOUTH_INDIA,,EXCLUDED_OUT_OF_SCOPE,State 'Maharashtra' is outside the 7 South Indian target States/UTs.
Maharashtra.pdf,PMBJK01551,Maharashtra,Latur,OUTSIDE_SOUTH_INDIA,,EXCLUDED_OUT_OF_SCOPE,State 'Maharashtra' is outside the 7 South Indian target States/UTs.
Maharashtra.pdf,PMBJK01553,Maharashtra,Latur,OUTSIDE_SOUTH_INDIA,,EXCLUDED_OUT_OF_SCOPE,State 'Maharashtra' is outside the 7 South Indian target States/UTs.
Maharashtra.pdf,PMBJK01554,Maharashtra,Latur,OUTSIDE_SOUTH_INDIA,,EXCLUDED_OUT_OF_SCOPE,State 'Maharashtra' is outside the 7 South Indian target States/UTs.
Maharashtra.pdf,PMBJK01555,Maharashtra,Latur,OUTSIDE_SOUTH_INDIA,,EXCLUDED_OUT_OF_SCOPE,State 'Maharashtra' is outside the 7 South Indian target States/UTs.
Maharashtra.pdf,PMBJK01556,Maharashtra,Latur,OUTSIDE_SOUTH_INDIA,,EXCLUDED_OUT_OF_SCOPE,State 'Maharashtra' is outside the 7 South Indian target States/UTs.
Maharashtra.pdf,PMBJK01558,Maharashtra,Latur,OUTSIDE_SOUTH_INDIA,,EXCLUDED_OUT_OF_SCOPE,State 'Maharashtra' is outside the 7 South Indian target States/UTs.
Maharashtra.pdf,PMBJK01559,Maharashtra,Latur,OUTSIDE_SOUTH_INDIA,,EXCLUDED_OUT_OF_SCOPE,State 'Maharashtra' is outside the 7 South Indian target States/UTs.
Maharashtra.pdf,PMBJK01560,Maharashtra,Latur,OUTSIDE_SOUTH_INDIA,,EXCLUDED_OUT_OF_SCOPE,State 'Maharashtra' is outside the 7 South Indian target States/UTs.
Maharashtra.pdf,PMBJK01561,Maharashtra,Mumbai,OUTSIDE_SOUTH_INDIA,,EXCLUDED_OUT_OF_SCOPE,State 'Maharashtra' is outside the 7 South Indian target States/UTs.
Maharashtra.pdf,PMBJK01562,Maharashtra,Mumbai,OUTSIDE_SOUTH_INDIA,,EXCLUDED_OUT_OF_SCOPE,State 'Maharashtra' is outside the 7 South Indian target States/UTs.
Maharashtra.pdf,PMBJK01564,Maharashtra,Mumbai,OUTSIDE_SOUTH_INDIA,,EXCLUDED_OUT_OF_SCOPE,State 'Maharashtra' is outside the 7 South Indian target States/UTs.
Maharashtra.pdf,PMBJK01565,Maharashtra,Mumbai,OUTSIDE_SOUTH_INDIA,,EXCLUDED_OUT_OF_SCOPE,State 'Maharashtra' is outside the 7 South Indian target States/UTs.
Maharashtra.pdf,PMBJK01568,Maharashtra,Mumbai Suburban,OUTSIDE_SOUTH_INDIA,,EXCLUDED_OUT_OF_SCOPE,State 'Maharashtra' is outside the 7 South Indian target States/UTs.
Maharashtra.pdf,PMBJK01570,Maharashtra,Nagpur,OUTSIDE_SOUTH_INDIA,,EXCLUDED_OUT_OF_SCOPE,State 'Maharashtra' is outside the 7 South Indian target States/UTs.
Maharashtra.pdf,PMBJK01572,Maharashtra,Nanded,OUTSIDE_SOUTH_INDIA,,EXCLUDED_OUT_OF_SCOPE,State 'Maharashtra' is outside the 7 South Indian target States/UTs.
Maharashtra.pdf,PMBJK01575,Maharashtra,Nanded,OUTSIDE_SOUTH_INDIA,,EXCLUDED_OUT_OF_SCOPE,State 'Maharashtra' is outside the 7 South Indian target States/UTs.
Maharashtra.pdf,PMBJK01576,Maharashtra,Nanded,OUTSIDE_SOUTH_INDIA,,EXCLUDED_OUT_OF_SCOPE,State 'Maharashtra' is outside the 7 South Indian target States/UTs.
Maharashtra.pdf,PMBJK01583,Maharashtra,Nashik,OUTSIDE_SOUTH_INDIA,,EXCLUDED_OUT_OF_SCOPE,State 'Maharashtra' is outside the 7 South Indian target States/UTs.
Maharashtra.pdf,PMBJK01585,Maharashtra,Nashik,OUTSIDE_SOUTH_INDIA,,EXCLUDED_OUT_OF_SCOPE,State 'Maharashtra' is outside the 7 South Indian target States/UTs.
Maharashtra.pdf,PMBJK01588,Maharashtra,Nashik,OUTSIDE_SOUTH_INDIA,,EXCLUDED_OUT_OF_SCOPE,State 'Maharashtra' is outside the 7 South Indian target States/UTs.
Maharashtra.pdf,PMBJK01589,Maharashtra,Dharashiv,OUTSIDE_SOUTH_INDIA,,EXCLUDED_OUT_OF_SCOPE,State 'Maharashtra' is outside the 7 South Indian target States/UTs.
Maharashtra.pdf,PMBJK01590,Maharashtra,Dharashiv,OUTSIDE_SOUTH_INDIA,,EXCLUDED_OUT_OF_SCOPE,State 'Maharashtra' is outside the 7 South Indian target States/UTs.
Maharashtra.pdf,PMBJK01593,Maharashtra,Parbhani,OUTSIDE_SOUTH_INDIA,,EXCLUDED_OUT_OF_SCOPE,State 'Maharashtra' is outside the 7 South Indian target States/UTs.
Maharashtra.pdf,PMBJK01594,Maharashtra,Parbhani,OUTSIDE_SOUTH_INDIA,,EXCLUDED_OUT_OF_SCOPE,State 'Maharashtra' is outside the 7 South Indian target States/UTs.
Maharashtra.pdf,PMBJK01595,Maharashtra,Parbhani,OUTSIDE_SOUTH_INDIA,,EXCLUDED_OUT_OF_SCOPE,State 'Maharashtra' is outside the 7 South Indian target States/UTs.
Maharashtra.pdf,PMBJK01597,Maharashtra,Parbhani,OUTSIDE_SOUTH_INDIA,,EXCLUDED_OUT_OF_SCOPE,State 'Maharashtra' is outside the 7 South Indian target States/UTs.
Maharashtra.pdf,PMBJK01598,Maharashtra,Parbhani,OUTSIDE_SOUTH_INDIA,,EXCLUDED_OUT_OF_SCOPE,State 'Maharashtra' is outside the 7 South Indian target States/UTs.
Maharashtra.pdf,PMBJK01599,Maharashtra,Dharashiv,OUTSIDE_SOUTH_INDIA,,EXCLUDED_OUT_OF_SCOPE,State 'Maharashtra' is outside the 7 South Indian target States/UTs.
Maharashtra.pdf,PMBJK01600,Maharashtra,Pune,OUTSIDE_SOUTH_INDIA,,EXCLUDED_OUT_OF_SCOPE,State 'Maharashtra' is outside the 7 South Indian target States/UTs.
Maharashtra.pdf,PMBJK01603,Maharashtra,Pune,OUTSIDE_SOUTH_INDIA,,EXCLUDED_OUT_OF_SCOPE,State 'Maharashtra' is outside the 7 South Indian target States/UTs.
Maharashtra.pdf,PMBJK01604,Maharashtra,Pune,OUTSIDE_SOUTH_INDIA,,EXCLUDED_OUT_OF_SCOPE,State 'Maharashtra' is outside the 7 South Indian target States/UTs.
Maharashtra.pdf,PMBJK01605,Maharashtra,Pune,OUTSIDE_SOUTH_INDIA,,EXCLUDED_OUT_OF_SCOPE,State 'Maharashtra' is outside the 7 South Indian target States/UTs.
Maharashtra.pdf,PMBJK01606,Maharashtra,Pune,OUTSIDE_SOUTH_INDIA,,EXCLUDED_OUT_OF_SCOPE,State 'Maharashtra' is outside the 7 South Indian target States/UTs.
Maharashtra.pdf,PMBJK01608,Maharashtra,Pune,OUTSIDE_SOUTH_INDIA,,EXCLUDED_OUT_OF_SCOPE,State 'Maharashtra' is outside the 7 South Indian target States/UTs.
Maharashtra.pdf,PMBJK01610,Maharashtra,Pune,OUTSIDE_SOUTH_INDIA,,EXCLUDED_OUT_OF_SCOPE,State 'Maharashtra' is outside the 7 South Indian target States/UTs.
Maharashtra.pdf,PMBJK01611,Maharashtra,Pune,OUTSIDE_SOUTH_INDIA,,EXCLUDED_OUT_OF_SCOPE,State 'Maharashtra' is outside the 7 South Indian target States/UTs.
Maharashtra.pdf,PMBJK01612,Maharashtra,Pune,OUTSIDE_SOUTH_INDIA,,EXCLUDED_OUT_OF_SCOPE,State 'Maharashtra' is outside the 7 South Indian target States/UTs.
Maharashtra.pdf,PMBJK01616,Maharashtra,Sangli,OUTSIDE_SOUTH_INDIA,,EXCLUDED_OUT_OF_SCOPE,State 'Maharashtra' is outside the 7 South Indian target States/UTs.
Maharashtra.pdf,PMBJK01618,Maharashtra,Sangli,OUTSIDE_SOUTH_INDIA,,EXCLUDED_OUT_OF_SCOPE,State 'Maharashtra' is outside the 7 South Indian target States/UTs.
Maharashtra.pdf,PMBJK01619,Maharashtra,Sangli,OUTSIDE_SOUTH_INDIA,,EXCLUDED_OUT_OF_SCOPE,State 'Maharashtra' is outside the 7 South Indian target States/UTs.
Maharashtra.pdf,PMBJK01620,Maharashtra,Satara,OUTSIDE_SOUTH_INDIA,,EXCLUDED_OUT_OF_SCOPE,State 'Maharashtra' is outside the 7 South Indian target States/UTs.
Maharashtra.pdf,PMBJK01624,Maharashtra,Satara,OUTSIDE_SOUTH_INDIA,,EXCLUDED_OUT_OF_SCOPE,State 'Maharashtra' is outside the 7 South Indian target States/UTs.
Maharashtra.pdf,PMBJK01625,Maharashtra,Satara,OUTSIDE_SOUTH_INDIA,,EXCLUDED_OUT_OF_SCOPE,State 'Maharashtra' is outside the 7 South Indian target States/UTs.
Maharashtra.pdf,PMBJK01627,Maharashtra,Solapur,OUTSIDE_SOUTH_INDIA,,EXCLUDED_OUT_OF_SCOPE,State 'Maharashtra' is outside the 7 South Indian target States/UTs.
Maharashtra.pdf,PMBJK01628,Maharashtra,Solapur,OUTSIDE_SOUTH_INDIA,,EXCLUDED_OUT_OF_SCOPE,State 'Maharashtra' is outside the 7 South Indian target States/UTs.
Maharashtra.pdf,PMBJK01630,Maharashtra,Solapur,OUTSIDE_SOUTH_INDIA,,EXCLUDED_OUT_OF_SCOPE,State 'Maharashtra' is outside the 7 South Indian target States/UTs.
Maharashtra.pdf,PMBJK01631,Maharashtra,Thane,OUTSIDE_SOUTH_INDIA,,EXCLUDED_OUT_OF_SCOPE,State 'Maharashtra' is outside the 7 South Indian target States/UTs.
Maharashtra.pdf,PMBJK01632,Maharashtra,Thane,OUTSIDE_SOUTH_INDIA,,EXCLUDED_OUT_OF_SCOPE,State 'Maharashtra' is outside the 7 South Indian target States/UTs.
Maharashtra.pdf,PMBJK01635,Maharashtra,Thane,OUTSIDE_SOUTH_INDIA,,EXCLUDED_OUT_OF_SCOPE,State 'Maharashtra' is outside the 7 South Indian target States/UTs.
Maharashtra.pdf,PMBJK01636,Maharashtra,Thane,OUTSIDE_SOUTH_INDIA,,EXCLUDED_OUT_OF_SCOPE,State 'Maharashtra' is outside the 7 South Indian target States/UTs.
Maharashtra.pdf,PMBJK01639,Maharashtra,Thane,OUTSIDE_SOUTH_INDIA,,EXCLUDED_OUT_OF_SCOPE,State 'Maharashtra' is outside the 7 South Indian target States/UTs.
Maharashtra.pdf,PMBJK01641,Maharashtra,Wardha,OUTSIDE_SOUTH_INDIA,,EXCLUDED_OUT_OF_SCOPE,State 'Maharashtra' is outside the 7 South Indian target States/UTs.
Maharashtra.pdf,PMBJK01643,Maharashtra,Yavatmal,OUTSIDE_SOUTH_INDIA,,EXCLUDED_OUT_OF_SCOPE,State 'Maharashtra' is outside the 7 South Indian target States/UTs.
Maharashtra.pdf,PMBJK01644,Maharashtra,Yavatmal,OUTSIDE_SOUTH_INDIA,,EXCLUDED_OUT_OF_SCOPE,State 'Maharashtra' is outside the 7 South Indian target States/UTs.
Maharashtra.pdf,PMBJK01646,Maharashtra,Parbhani,OUTSIDE_SOUTH_INDIA,,EXCLUDED_OUT_OF_SCOPE,State 'Maharashtra' is outside the 7 South Indian target States/UTs.
Maharashtra.pdf,PMBJK01647,Maharashtra,Yavatmal,OUTSIDE_SOUTH_INDIA,,EXCLUDED_OUT_OF_SCOPE,State 'Maharashtra' is outside the 7 South Indian target States/UTs.
Maharashtra.pdf,PMBJK02804,Maharashtra,Parbhani,OUTSIDE_SOUTH_INDIA,,EXCLUDED_OUT_OF_SCOPE,State 'Maharashtra' is outside the 7 South Indian target States/UTs.
Maharashtra.pdf,PMBJK02894,Maharashtra,Latur,OUTSIDE_SOUTH_INDIA,,EXCLUDED_OUT_OF_SCOPE,State 'Maharashtra' is outside the 7 South Indian target States/UTs.
Maharashtra.pdf,PMBJK02895,Maharashtra,Latur,OUTSIDE_SOUTH_INDIA,,EXCLUDED_OUT_OF_SCOPE,State 'Maharashtra' is outside the 7 South Indian target States/UTs.
Maharashtra.pdf,PMBJK02896,Maharashtra,Latur,OUTSIDE_SOUTH_INDIA,,EXCLUDED_OUT_OF_SCOPE,State 'Maharashtra' is outside the 7 South Indian target States/UTs.
Maharashtra.pdf,PMBJK02912,Maharashtra,Akola,OUTSIDE_SOUTH_INDIA,,EXCLUDED_OUT_OF_SCOPE,State 'Maharashtra' is outside the 7 South Indian target States/UTs.
Maharashtra.pdf,PMBJK02929,Maharashtra,Akola,OUTSIDE_SOUTH_INDIA,,EXCLUDED_OUT_OF_SCOPE,State 'Maharashtra' is outside the 7 South Indian target States/UTs.
Maharashtra.pdf,PMBJK02962,Maharashtra,Wardha,OUTSIDE_SOUTH_INDIA,,EXCLUDED_OUT_OF_SCOPE,State 'Maharashtra' is outside the 7 South Indian target States/UTs.
Maharashtra.pdf,PMBJK03018,Maharashtra,Parbhani,OUTSIDE_SOUTH_INDIA,,EXCLUDED_OUT_OF_SCOPE,State 'Maharashtra' is outside the 7 South Indian target States/UTs.
Maharashtra.pdf,PMBJK03019,Maharashtra,Kolhapur,OUTSIDE_SOUTH_INDIA,,EXCLUDED_OUT_OF_SCOPE,State 'Maharashtra' is outside the 7 South Indian target States/UTs.
Maharashtra.pdf,PMBJK03057,Maharashtra,Mumbai,OUTSIDE_SOUTH_INDIA,,EXCLUDED_OUT_OF_SCOPE,State 'Maharashtra' is outside the 7 South Indian target States/UTs.
Maharashtra.pdf,PMBJK03058,Maharashtra,Parbhani,OUTSIDE_SOUTH_INDIA,,EXCLUDED_OUT_OF_SCOPE,State 'Maharashtra' is outside the 7 South Indian target States/UTs.
Maharashtra.pdf,PMBJK03076,Maharashtra,Mumbai,OUTSIDE_SOUTH_INDIA,,EXCLUDED_OUT_OF_SCOPE,State 'Maharashtra' is outside the 7 South Indian target States/UTs.
Maharashtra.pdf,PMBJK03110,Maharashtra,Chandrapur,OUTSIDE_SOUTH_INDIA,,EXCLUDED_OUT_OF_SCOPE,State 'Maharashtra' is outside the 7 South Indian target States/UTs.
Maharashtra.pdf,PMBJK03123,Maharashtra,Buldhana,OUTSIDE_SOUTH_INDIA,,EXCLUDED_OUT_OF_SCOPE,State 'Maharashtra' is outside the 7 South Indian target States/UTs.
Maharashtra.pdf,PMBJK03124,Maharashtra,Beed,OUTSIDE_SOUTH_INDIA,,EXCLUDED_OUT_OF_SCOPE,State 'Maharashtra' is outside the 7 South Indian target States/UTs.
Maharashtra.pdf,PMBJK03125,Maharashtra,Chhatrapati Sambhajinagar,OUTSIDE_SOUTH_INDIA,,EXCLUDED_OUT_OF_SCOPE,State 'Maharashtra' is outside the 7 South Indian target States/UTs.
Maharashtra.pdf,PMBJK03176,Maharashtra,Mumbai,OUTSIDE_SOUTH_INDIA,,EXCLUDED_OUT_OF_SCOPE,State 'Maharashtra' is outside the 7 South Indian target States/UTs.
Maharashtra.pdf,PMBJK03200,Maharashtra,Latur,OUTSIDE_SOUTH_INDIA,,EXCLUDED_OUT_OF_SCOPE,State 'Maharashtra' is outside the 7 South Indian target States/UTs.
Maharashtra.pdf,PMBJK03202,Maharashtra,Sangli,OUTSIDE_SOUTH_INDIA,,EXCLUDED_OUT_OF_SCOPE,State 'Maharashtra' is outside the 7 South Indian target States/UTs.
Maharashtra.pdf,PMBJK03203,Maharashtra,Beed,OUTSIDE_SOUTH_INDIA,,EXCLUDED_OUT_OF_SCOPE,State 'Maharashtra' is outside the 7 South Indian target States/UTs.
Maharashtra.pdf,PMBJK03204,Maharashtra,Dharashiv,OUTSIDE_SOUTH_INDIA,,EXCLUDED_OUT_OF_SCOPE,State 'Maharashtra' is outside the 7 South Indian target States/UTs.
Maharashtra.pdf,PMBJK03214,Maharashtra,Mumbai,OUTSIDE_SOUTH_INDIA,,EXCLUDED_OUT_OF_SCOPE,State 'Maharashtra' is outside the 7 South Indian target States/UTs.
Maharashtra.pdf,PMBJK03257,Maharashtra,Thane,OUTSIDE_SOUTH_INDIA,,EXCLUDED_OUT_OF_SCOPE,State 'Maharashtra' is outside the 7 South Indian target States/UTs.
Maharashtra.pdf,PMBJK03278,Maharashtra,Satara,OUTSIDE_SOUTH_INDIA,,EXCLUDED_OUT_OF_SCOPE,State 'Maharashtra' is outside the 7 South Indian target States/UTs.
Maharashtra.pdf,PMBJK03432,Maharashtra,Mumbai,OUTSIDE_SOUTH_INDIA,,EXCLUDED_OUT_OF_SCOPE,State 'Maharashtra' is outside the 7 South Indian target States/UTs.
Maharashtra.pdf,PMBJK03466,Maharashtra,Jalgaon,OUTSIDE_SOUTH_INDIA,,EXCLUDED_OUT_OF_SCOPE,State 'Maharashtra' is outside the 7 South Indian target States/UTs.
Maharashtra.pdf,PMBJK03544,Maharashtra,Beed,OUTSIDE_SOUTH_INDIA,,EXCLUDED_OUT_OF_SCOPE,State 'Maharashtra' is outside the 7 South Indian target States/UTs.
Maharashtra.pdf,PMBJK03569,Maharashtra,Beed,OUTSIDE_SOUTH_INDIA,,EXCLUDED_OUT_OF_SCOPE,State 'Maharashtra' is outside the 7 South Indian target States/UTs.
Maharashtra.pdf,PMBJK03570,Maharashtra,Kolhapur,OUTSIDE_SOUTH_INDIA,,EXCLUDED_OUT_OF_SCOPE,State 'Maharashtra' is outside the 7 South Indian target States/UTs.
Maharashtra.pdf,PMBJK03632,Maharashtra,Buldhana,OUTSIDE_SOUTH_INDIA,,EXCLUDED_OUT_OF_SCOPE,State 'Maharashtra' is outside the 7 South Indian target States/UTs.
Maharashtra.pdf,PMBJK03660,Maharashtra,Thane,OUTSIDE_SOUTH_INDIA,,EXCLUDED_OUT_OF_SCOPE,State 'Maharashtra' is outside the 7 South Indian target States/UTs.
Maharashtra.pdf,PMBJK03664,Maharashtra,Amravati,OUTSIDE_SOUTH_INDIA,,EXCLUDED_OUT_OF_SCOPE,State 'Maharashtra' is outside the 7 South Indian target States/UTs.
Maharashtra.pdf,PMBJK03682,Maharashtra,Jalna,OUTSIDE_SOUTH_INDIA,,EXCLUDED_OUT_OF_SCOPE,State 'Maharashtra' is outside the 7 South Indian target States/UTs.
Maharashtra.pdf,PMBJK03683,Maharashtra,Sangli,OUTSIDE_SOUTH_INDIA,,EXCLUDED_OUT_OF_SCOPE,State 'Maharashtra' is outside the 7 South Indian target States/UTs.
Maharashtra.pdf,PMBJK03684,Maharashtra,Jalgaon,OUTSIDE_SOUTH_INDIA,,EXCLUDED_OUT_OF_SCOPE,State 'Maharashtra' is outside the 7 South Indian target States/UTs.
Maharashtra.pdf,PMBJK03686,Maharashtra,Jalgaon,OUTSIDE_SOUTH_INDIA,,EXCLUDED_OUT_OF_SCOPE,State 'Maharashtra' is outside the 7 South Indian target States/UTs.
Maharashtra.pdf,PMBJK03702,Maharashtra,Jalna,OUTSIDE_SOUTH_INDIA,,EXCLUDED_OUT_OF_SCOPE,State 'Maharashtra' is outside the 7 South Indian target States/UTs.
Maharashtra.pdf,PMBJK03797,Maharashtra,Latur,OUTSIDE_SOUTH_INDIA,,EXCLUDED_OUT_OF_SCOPE,State 'Maharashtra' is outside the 7 South Indian target States/UTs.
Maharashtra.pdf,PMBJK03798,Maharashtra,Nagpur,OUTSIDE_SOUTH_INDIA,,EXCLUDED_OUT_OF_SCOPE,State 'Maharashtra' is outside the 7 South Indian target States/UTs.
Maharashtra.pdf,PMBJK03820,Maharashtra,Amravati,OUTSIDE_SOUTH_INDIA,,EXCLUDED_OUT_OF_SCOPE,State 'Maharashtra' is outside the 7 South Indian target States/UTs.
Maharashtra.pdf,PMBJK03821,Maharashtra,Mumbai,OUTSIDE_SOUTH_INDIA,,EXCLUDED_OUT_OF_SCOPE,State 'Maharashtra' is outside the 7 South Indian target States/UTs.
Maharashtra.pdf,PMBJK03871,Maharashtra,Chhatrapati Sambhajinagar,OUTSIDE_SOUTH_INDIA,,EXCLUDED_OUT_OF_SCOPE,State 'Maharashtra' is outside the 7 South Indian target States/UTs.
Maharashtra.pdf,PMBJK03872,Maharashtra,Akola,OUTSIDE_SOUTH_INDIA,,EXCLUDED_OUT_OF_SCOPE,State 'Maharashtra' is outside the 7 South Indian target States/UTs.
Maharashtra.pdf,PMBJK03897,Maharashtra,Parbhani,OUTSIDE_SOUTH_INDIA,,EXCLUDED_OUT_OF_SCOPE,State 'Maharashtra' is outside the 7 South Indian target States/UTs.
Maharashtra.pdf,PMBJK03902,Maharashtra,Nashik,OUTSIDE_SOUTH_INDIA,,EXCLUDED_OUT_OF_SCOPE,State 'Maharashtra' is outside the 7 South Indian target States/UTs.
Maharashtra.pdf,PMBJK04022,Maharashtra,Parbhani,OUTSIDE_SOUTH_INDIA,,EXCLUDED_OUT_OF_SCOPE,State 'Maharashtra' is outside the 7 South Indian target States/UTs.
Maharashtra.pdf,PMBJK04026,Maharashtra,Jalna,OUTSIDE_SOUTH_INDIA,,EXCLUDED_OUT_OF_SCOPE,State 'Maharashtra' is outside the 7 South Indian target States/UTs.
Maharashtra.pdf,PMBJK04057,Maharashtra,Thane,OUTSIDE_SOUTH_INDIA,,EXCLUDED_OUT_OF_SCOPE,State 'Maharashtra' is outside the 7 South Indian target States/UTs.
Maharashtra.pdf,PMBJK04058,Maharashtra,Pune,OUTSIDE_SOUTH_INDIA,,EXCLUDED_OUT_OF_SCOPE,State 'Maharashtra' is outside the 7 South Indian target States/UTs.
Maharashtra.pdf,PMBJK04088,Maharashtra,Nanded,OUTSIDE_SOUTH_INDIA,,EXCLUDED_OUT_OF_SCOPE,State 'Maharashtra' is outside the 7 South Indian target States/UTs.
Maharashtra.pdf,PMBJK04089,Maharashtra,Thane,OUTSIDE_SOUTH_INDIA,,EXCLUDED_OUT_OF_SCOPE,State 'Maharashtra' is outside the 7 South Indian target States/UTs.
Maharashtra.pdf,PMBJK04090,Maharashtra,Beed,OUTSIDE_SOUTH_INDIA,,EXCLUDED_OUT_OF_SCOPE,State 'Maharashtra' is outside the 7 South Indian target States/UTs.
Maharashtra.pdf,PMBJK04094,Maharashtra,Buldhana,OUTSIDE_SOUTH_INDIA,,EXCLUDED_OUT_OF_SCOPE,State 'Maharashtra' is outside the 7 South Indian target States/UTs.
Maharashtra.pdf,PMBJK04109,Maharashtra,Jalna,OUTSIDE_SOUTH_INDIA,,EXCLUDED_OUT_OF_SCOPE,State 'Maharashtra' is outside the 7 South Indian target States/UTs.
Maharashtra.pdf,PMBJK04168,Maharashtra,Palghar,OUTSIDE_SOUTH_INDIA,,EXCLUDED_OUT_OF_SCOPE,State 'Maharashtra' is outside the 7 South Indian target States/UTs.
Maharashtra.pdf,PMBJK04169,Maharashtra,Thane,OUTSIDE_SOUTH_INDIA,,EXCLUDED_OUT_OF_SCOPE,State 'Maharashtra' is outside the 7 South Indian target States/UTs.
Maharashtra.pdf,PMBJK04265,Maharashtra,Jalna,OUTSIDE_SOUTH_INDIA,,EXCLUDED_OUT_OF_SCOPE,State 'Maharashtra' is outside the 7 South Indian target States/UTs.
Maharashtra.pdf,PMBJK04301,Maharashtra,Jalna,OUTSIDE_SOUTH_INDIA,,EXCLUDED_OUT_OF_SCOPE,State 'Maharashtra' is outside the 7 South Indian target States/UTs.
Maharashtra.pdf,PMBJK04302,Maharashtra,Palghar,OUTSIDE_SOUTH_INDIA,,EXCLUDED_OUT_OF_SCOPE,State 'Maharashtra' is outside the 7 South Indian target States/UTs.
Maharashtra.pdf,PMBJK04303,Maharashtra,Mumbai,OUTSIDE_SOUTH_INDIA,,EXCLUDED_OUT_OF_SCOPE,State 'Maharashtra' is outside the 7 South Indian target States/UTs.
Maharashtra.pdf,PMBJK04308,Maharashtra,Solapur,OUTSIDE_SOUTH_INDIA,,EXCLUDED_OUT_OF_SCOPE,State 'Maharashtra' is outside the 7 South Indian target States/UTs.
Maharashtra.pdf,PMBJK04310,Maharashtra,Latur,OUTSIDE_SOUTH_INDIA,,EXCLUDED_OUT_OF_SCOPE,State 'Maharashtra' is outside the 7 South Indian target States/UTs.
Maharashtra.pdf,PMBJK04359,Maharashtra,Pune,OUTSIDE_SOUTH_INDIA,,EXCLUDED_OUT_OF_SCOPE,State 'Maharashtra' is outside the 7 South Indian target States/UTs.
Maharashtra.pdf,PMBJK04377,Maharashtra,Thane,OUTSIDE_SOUTH_INDIA,,EXCLUDED_OUT_OF_SCOPE,State 'Maharashtra' is outside the 7 South Indian target States/UTs.
Maharashtra.pdf,PMBJK04390,Maharashtra,Chhatrapati Sambhajinagar,OUTSIDE_SOUTH_INDIA,,EXCLUDED_OUT_OF_SCOPE,State 'Maharashtra' is outside the 7 South Indian target States/UTs.
Maharashtra.pdf,PMBJK04391,Maharashtra,Nandurbar,OUTSIDE_SOUTH_INDIA,,EXCLUDED_OUT_OF_SCOPE,State 'Maharashtra' is outside the 7 South Indian target States/UTs.
Maharashtra.pdf,PMBJK04453,Maharashtra,Dhule,OUTSIDE_SOUTH_INDIA,,EXCLUDED_OUT_OF_SCOPE,State 'Maharashtra' is outside the 7 South Indian target States/UTs.
Maharashtra.pdf,PMBJK04622,Maharashtra,Sangli,OUTSIDE_SOUTH_INDIA,,EXCLUDED_OUT_OF_SCOPE,State 'Maharashtra' is outside the 7 South Indian target States/UTs.
Maharashtra.pdf,PMBJK04623,Maharashtra,Jalna,OUTSIDE_SOUTH_INDIA,,EXCLUDED_OUT_OF_SCOPE,State 'Maharashtra' is outside the 7 South Indian target States/UTs.
Maharashtra.pdf,PMBJK04624,Maharashtra,Raigad,OUTSIDE_SOUTH_INDIA,,EXCLUDED_OUT_OF_SCOPE,State 'Maharashtra' is outside the 7 South Indian target States/UTs.
Maharashtra.pdf,PMBJK04626,Maharashtra,Jalna,OUTSIDE_SOUTH_INDIA,,EXCLUDED_OUT_OF_SCOPE,State 'Maharashtra' is outside the 7 South Indian target States/UTs.
Maharashtra.pdf,PMBJK04628,Maharashtra,Solapur,OUTSIDE_SOUTH_INDIA,,EXCLUDED_OUT_OF_SCOPE,State 'Maharashtra' is outside the 7 South Indian target States/UTs.
Maharashtra.pdf,PMBJK04635,Maharashtra,Jalna,OUTSIDE_SOUTH_INDIA,,EXCLUDED_OUT_OF_SCOPE,State 'Maharashtra' is outside the 7 South Indian target States/UTs.
Maharashtra.pdf,PMBJK04639,Maharashtra,Hingoli,OUTSIDE_SOUTH_INDIA,,EXCLUDED_OUT_OF_SCOPE,State 'Maharashtra' is outside the 7 South Indian target States/UTs.
Maharashtra.pdf,PMBJK04676,Maharashtra,Satara,OUTSIDE_SOUTH_INDIA,,EXCLUDED_OUT_OF_SCOPE,State 'Maharashtra' is outside the 7 South Indian target States/UTs.
Maharashtra.pdf,PMBJK04721,Maharashtra,Thane,OUTSIDE_SOUTH_INDIA,,EXCLUDED_OUT_OF_SCOPE,State 'Maharashtra' is outside the 7 South Indian target States/UTs.
Maharashtra.pdf,PMBJK04748,Maharashtra,Latur,OUTSIDE_SOUTH_INDIA,,EXCLUDED_OUT_OF_SCOPE,State 'Maharashtra' is outside the 7 South Indian target States/UTs.
Maharashtra.pdf,PMBJK04749,Maharashtra,Latur,OUTSIDE_SOUTH_INDIA,,EXCLUDED_OUT_OF_SCOPE,State 'Maharashtra' is outside the 7 South Indian target States/UTs.
Maharashtra.pdf,PMBJK04770,Maharashtra,Sangli,OUTSIDE_SOUTH_INDIA,,EXCLUDED_OUT_OF_SCOPE,State 'Maharashtra' is outside the 7 South Indian target States/UTs.
Maharashtra.pdf,PMBJK04772,Maharashtra,Raigad,OUTSIDE_SOUTH_INDIA,,EXCLUDED_OUT_OF_SCOPE,State 'Maharashtra' is outside the 7 South Indian target States/UTs.
Maharashtra.pdf,PMBJK04773,Maharashtra,Beed,OUTSIDE_SOUTH_INDIA,,EXCLUDED_OUT_OF_SCOPE,State 'Maharashtra' is outside the 7 South Indian target States/UTs.
Maharashtra.pdf,PMBJK04783,Maharashtra,Palghar,OUTSIDE_SOUTH_INDIA,,EXCLUDED_OUT_OF_SCOPE,State 'Maharashtra' is outside the 7 South Indian target States/UTs.
Maharashtra.pdf,PMBJK04786,Maharashtra,Raigad,OUTSIDE_SOUTH_INDIA,,EXCLUDED_OUT_OF_SCOPE,State 'Maharashtra' is outside the 7 South Indian target States/UTs.
Maharashtra.pdf,PMBJK04794,Maharashtra,Nanded,OUTSIDE_SOUTH_INDIA,,EXCLUDED_OUT_OF_SCOPE,State 'Maharashtra' is outside the 7 South Indian target States/UTs.
Maharashtra.pdf,PMBJK04834,Maharashtra,Dharashiv,OUTSIDE_SOUTH_INDIA,,EXCLUDED_OUT_OF_SCOPE,State 'Maharashtra' is outside the 7 South Indian target States/UTs.
Maharashtra.pdf,PMBJK04885,Maharashtra,Amravati,OUTSIDE_SOUTH_INDIA,,EXCLUDED_OUT_OF_SCOPE,State 'Maharashtra' is outside the 7 South Indian target States/UTs.
Maharashtra.pdf,PMBJK05034,Maharashtra,Nagpur,OUTSIDE_SOUTH_INDIA,,EXCLUDED_OUT_OF_SCOPE,State 'Maharashtra' is outside the 7 South Indian target States/UTs.
Maharashtra.pdf,PMBJK05051,Maharashtra,Thane,OUTSIDE_SOUTH_INDIA,,EXCLUDED_OUT_OF_SCOPE,State 'Maharashtra' is outside the 7 South Indian target States/UTs.
Maharashtra.pdf,PMBJK05062,Maharashtra,Palghar,OUTSIDE_SOUTH_INDIA,,EXCLUDED_OUT_OF_SCOPE,State 'Maharashtra' is outside the 7 South Indian target States/UTs.
Maharashtra.pdf,PMBJK05063,Maharashtra,Sangli,OUTSIDE_SOUTH_INDIA,,EXCLUDED_OUT_OF_SCOPE,State 'Maharashtra' is outside the 7 South Indian target States/UTs.
Maharashtra.pdf,PMBJK05094,Maharashtra,Chhatrapati Sambhajinagar,OUTSIDE_SOUTH_INDIA,,EXCLUDED_OUT_OF_SCOPE,State 'Maharashtra' is outside the 7 South Indian target States/UTs.
Maharashtra.pdf,PMBJK05095,Maharashtra,Thane,OUTSIDE_SOUTH_INDIA,,EXCLUDED_OUT_OF_SCOPE,State 'Maharashtra' is outside the 7 South Indian target States/UTs.
Maharashtra.pdf,PMBJK05108,Maharashtra,Thane,OUTSIDE_SOUTH_INDIA,,EXCLUDED_OUT_OF_SCOPE,State 'Maharashtra' is outside the 7 South Indian target States/UTs.
Maharashtra.pdf,PMBJK05109,Maharashtra,Thane,OUTSIDE_SOUTH_INDIA,,EXCLUDED_OUT_OF_SCOPE,State 'Maharashtra' is outside the 7 South Indian target States/UTs.
Maharashtra.pdf,PMBJK05110,Maharashtra,Parbhani,OUTSIDE_SOUTH_INDIA,,EXCLUDED_OUT_OF_SCOPE,State 'Maharashtra' is outside the 7 South Indian target States/UTs.
Maharashtra.pdf,PMBJK05143,Maharashtra,Jalna,OUTSIDE_SOUTH_INDIA,,EXCLUDED_OUT_OF_SCOPE,State 'Maharashtra' is outside the 7 South Indian target States/UTs.
Maharashtra.pdf,PMBJK05144,Maharashtra,Nanded,OUTSIDE_SOUTH_INDIA,,EXCLUDED_OUT_OF_SCOPE,State 'Maharashtra' is outside the 7 South Indian target States/UTs.
Maharashtra.pdf,PMBJK05145,Maharashtra,Jalna,OUTSIDE_SOUTH_INDIA,,EXCLUDED_OUT_OF_SCOPE,State 'Maharashtra' is outside the 7 South Indian target States/UTs.
Maharashtra.pdf,PMBJK05147,Maharashtra,Latur,OUTSIDE_SOUTH_INDIA,,EXCLUDED_OUT_OF_SCOPE,State 'Maharashtra' is outside the 7 South Indian target States/UTs.
Maharashtra.pdf,PMBJK05180,Maharashtra,Buldhana,OUTSIDE_SOUTH_INDIA,,EXCLUDED_OUT_OF_SCOPE,State 'Maharashtra' is outside the 7 South Indian target States/UTs.
Maharashtra.pdf,PMBJK05181,Maharashtra,Nanded,OUTSIDE_SOUTH_INDIA,,EXCLUDED_OUT_OF_SCOPE,State 'Maharashtra' is outside the 7 South Indian target States/UTs.
Maharashtra.pdf,PMBJK05190,Maharashtra,Mumbai,OUTSIDE_SOUTH_INDIA,,EXCLUDED_OUT_OF_SCOPE,State 'Maharashtra' is outside the 7 South Indian target States/UTs.
Maharashtra.pdf,PMBJK05202,Maharashtra,Solapur,OUTSIDE_SOUTH_INDIA,,EXCLUDED_OUT_OF_SCOPE,State 'Maharashtra' is outside the 7 South Indian target States/UTs.
Maharashtra.pdf,PMBJK05242,Maharashtra,Buldhana,OUTSIDE_SOUTH_INDIA,,EXCLUDED_OUT_OF_SCOPE,State 'Maharashtra' is outside the 7 South Indian target States/UTs.
Maharashtra.pdf,PMBJK05268,Maharashtra,Mumbai,OUTSIDE_SOUTH_INDIA,,EXCLUDED_OUT_OF_SCOPE,State 'Maharashtra' is outside the 7 South Indian target States/UTs.
Maharashtra.pdf,PMBJK05277,Maharashtra,Washim,OUTSIDE_SOUTH_INDIA,,EXCLUDED_OUT_OF_SCOPE,State 'Maharashtra' is outside the 7 South Indian target States/UTs.
Maharashtra.pdf,PMBJK05297,Maharashtra,Nagpur,OUTSIDE_SOUTH_INDIA,,EXCLUDED_OUT_OF_SCOPE,State 'Maharashtra' is outside the 7 South Indian target States/UTs.
Maharashtra.pdf,PMBJK05298,Maharashtra,Kolhapur,OUTSIDE_SOUTH_INDIA,,EXCLUDED_OUT_OF_SCOPE,State 'Maharashtra' is outside the 7 South Indian target States/UTs.
Maharashtra.pdf,PMBJK05305,Maharashtra,Nagpur,OUTSIDE_SOUTH_INDIA,,EXCLUDED_OUT_OF_SCOPE,State 'Maharashtra' is outside the 7 South Indian target States/UTs.
Maharashtra.pdf,PMBJK05306,Maharashtra,Buldhana,OUTSIDE_SOUTH_INDIA,,EXCLUDED_OUT_OF_SCOPE,State 'Maharashtra' is outside the 7 South Indian target States/UTs.
Maharashtra.pdf,PMBJK05307,Maharashtra,Mumbai,OUTSIDE_SOUTH_INDIA,,EXCLUDED_OUT_OF_SCOPE,State 'Maharashtra' is outside the 7 South Indian target States/UTs.
Maharashtra.pdf,PMBJK05381,Maharashtra,Dharashiv,OUTSIDE_SOUTH_INDIA,,EXCLUDED_OUT_OF_SCOPE,State 'Maharashtra' is outside the 7 South Indian target States/UTs.
Maharashtra.pdf,PMBJK05411,Maharashtra,Latur,OUTSIDE_SOUTH_INDIA,,EXCLUDED_OUT_OF_SCOPE,State 'Maharashtra' is outside the 7 South Indian target States/UTs.
Maharashtra.pdf,PMBJK05428,Maharashtra,Jalna,OUTSIDE_SOUTH_INDIA,,EXCLUDED_OUT_OF_SCOPE,State 'Maharashtra' is outside the 7 South Indian target States/UTs.
Maharashtra.pdf,PMBJK05431,Maharashtra,Thane,OUTSIDE_SOUTH_INDIA,,EXCLUDED_OUT_OF_SCOPE,State 'Maharashtra' is outside the 7 South Indian target States/UTs.
Maharashtra.pdf,PMBJK05493,Maharashtra,Jalna,OUTSIDE_SOUTH_INDIA,,EXCLUDED_OUT_OF_SCOPE,State 'Maharashtra' is outside the 7 South Indian target States/UTs.
Maharashtra.pdf,PMBJK05494,Maharashtra,Dharashiv,OUTSIDE_SOUTH_INDIA,,EXCLUDED_OUT_OF_SCOPE,State 'Maharashtra' is outside the 7 South Indian target States/UTs.
Maharashtra.pdf,PMBJK05495,Maharashtra,Pune,OUTSIDE_SOUTH_INDIA,,EXCLUDED_OUT_OF_SCOPE,State 'Maharashtra' is outside the 7 South Indian target States/UTs.
Maharashtra.pdf,PMBJK05505,Maharashtra,Palghar,OUTSIDE_SOUTH_INDIA,,EXCLUDED_OUT_OF_SCOPE,State 'Maharashtra' is outside the 7 South Indian target States/UTs.
Maharashtra.pdf,PMBJK05507,Maharashtra,Latur,OUTSIDE_SOUTH_INDIA,,EXCLUDED_OUT_OF_SCOPE,State 'Maharashtra' is outside the 7 South Indian target States/UTs.
Maharashtra.pdf,PMBJK05545,Maharashtra,Nanded,OUTSIDE_SOUTH_INDIA,,EXCLUDED_OUT_OF_SCOPE,State 'Maharashtra' is outside the 7 South Indian target States/UTs.
Maharashtra.pdf,PMBJK05578,Maharashtra,Latur,OUTSIDE_SOUTH_INDIA,,EXCLUDED_OUT_OF_SCOPE,State 'Maharashtra' is outside the 7 South Indian target States/UTs.
Maharashtra.pdf,PMBJK05636,Maharashtra,Pune,OUTSIDE_SOUTH_INDIA,,EXCLUDED_OUT_OF_SCOPE,State 'Maharashtra' is outside the 7 South Indian target States/UTs.
Maharashtra.pdf,PMBJK05648,Maharashtra,Thane,OUTSIDE_SOUTH_INDIA,,EXCLUDED_OUT_OF_SCOPE,State 'Maharashtra' is outside the 7 South Indian target States/UTs.
Maharashtra.pdf,PMBJK05649,Maharashtra,Palghar,OUTSIDE_SOUTH_INDIA,,EXCLUDED_OUT_OF_SCOPE,State 'Maharashtra' is outside the 7 South Indian target States/UTs.
Maharashtra.pdf,PMBJK05686,Maharashtra,Raigad,OUTSIDE_SOUTH_INDIA,,EXCLUDED_OUT_OF_SCOPE,State 'Maharashtra' is outside the 7 South Indian target States/UTs.
Maharashtra.pdf,PMBJK05694,Maharashtra,Jalna,OUTSIDE_SOUTH_INDIA,,EXCLUDED_OUT_OF_SCOPE,State 'Maharashtra' is outside the 7 South Indian target States/UTs.
Maharashtra.pdf,PMBJK05701,Maharashtra,Dharashiv,OUTSIDE_SOUTH_INDIA,,EXCLUDED_OUT_OF_SCOPE,State 'Maharashtra' is outside the 7 South Indian target States/UTs.
Maharashtra.pdf,PMBJK05711,Maharashtra,Dharashiv,OUTSIDE_SOUTH_INDIA,,EXCLUDED_OUT_OF_SCOPE,State 'Maharashtra' is outside the 7 South Indian target States/UTs.
Maharashtra.pdf,PMBJK05735,Maharashtra,Solapur,OUTSIDE_SOUTH_INDIA,,EXCLUDED_OUT_OF_SCOPE,State 'Maharashtra' is outside the 7 South Indian target States/UTs.
Maharashtra.pdf,PMBJK05736,Maharashtra,Dharashiv,OUTSIDE_SOUTH_INDIA,,EXCLUDED_OUT_OF_SCOPE,State 'Maharashtra' is outside the 7 South Indian target States/UTs.
Maharashtra.pdf,PMBJK05740,Maharashtra,Solapur,OUTSIDE_SOUTH_INDIA,,EXCLUDED_OUT_OF_SCOPE,State 'Maharashtra' is outside the 7 South Indian target States/UTs.
Maharashtra.pdf,PMBJK05807,Maharashtra,Thane,OUTSIDE_SOUTH_INDIA,,EXCLUDED_OUT_OF_SCOPE,State 'Maharashtra' is outside the 7 South Indian target States/UTs.
Maharashtra.pdf,PMBJK05811,Maharashtra,Mumbai,OUTSIDE_SOUTH_INDIA,,EXCLUDED_OUT_OF_SCOPE,State 'Maharashtra' is outside the 7 South Indian target States/UTs.
Maharashtra.pdf,PMBJK05816,Maharashtra,Washim,OUTSIDE_SOUTH_INDIA,,EXCLUDED_OUT_OF_SCOPE,State 'Maharashtra' is outside the 7 South Indian target States/UTs.
Maharashtra.pdf,PMBJK05825,Maharashtra,Raigad,OUTSIDE_SOUTH_INDIA,,EXCLUDED_OUT_OF_SCOPE,State 'Maharashtra' is outside the 7 South Indian target States/UTs.
Maharashtra.pdf,PMBJK05848,Maharashtra,Nanded,OUTSIDE_SOUTH_INDIA,,EXCLUDED_OUT_OF_SCOPE,State 'Maharashtra' is outside the 7 South Indian target States/UTs.
Maharashtra.pdf,PMBJK05849,Maharashtra,Kolhapur,OUTSIDE_SOUTH_INDIA,,EXCLUDED_OUT_OF_SCOPE,State 'Maharashtra' is outside the 7 South Indian target States/UTs.
Maharashtra.pdf,PMBJK05873,Maharashtra,Nashik,OUTSIDE_SOUTH_INDIA,,EXCLUDED_OUT_OF_SCOPE,State 'Maharashtra' is outside the 7 South Indian target States/UTs.
Maharashtra.pdf,PMBJK05900,Maharashtra,Palghar,OUTSIDE_SOUTH_INDIA,,EXCLUDED_OUT_OF_SCOPE,State 'Maharashtra' is outside the 7 South Indian target States/UTs.
Maharashtra.pdf,PMBJK05902,Maharashtra,Thane,OUTSIDE_SOUTH_INDIA,,EXCLUDED_OUT_OF_SCOPE,State 'Maharashtra' is outside the 7 South Indian target States/UTs.
Maharashtra.pdf,PMBJK05903,Maharashtra,Palghar,OUTSIDE_SOUTH_INDIA,,EXCLUDED_OUT_OF_SCOPE,State 'Maharashtra' is outside the 7 South Indian target States/UTs.
Maharashtra.pdf,PMBJK05904,Maharashtra,Satara,OUTSIDE_SOUTH_INDIA,,EXCLUDED_OUT_OF_SCOPE,State 'Maharashtra' is outside the 7 South Indian target States/UTs.
Maharashtra.pdf,PMBJK05917,Maharashtra,Mumbai,OUTSIDE_SOUTH_INDIA,,EXCLUDED_OUT_OF_SCOPE,State 'Maharashtra' is outside the 7 South Indian target States/UTs.
Maharashtra.pdf,PMBJK05918,Maharashtra,Mumbai,OUTSIDE_SOUTH_INDIA,,EXCLUDED_OUT_OF_SCOPE,State 'Maharashtra' is outside the 7 South Indian target States/UTs.
Maharashtra.pdf,PMBJK05919,Maharashtra,Mumbai,OUTSIDE_SOUTH_INDIA,,EXCLUDED_OUT_OF_SCOPE,State 'Maharashtra' is outside the 7 South Indian target States/UTs.
Maharashtra.pdf,PMBJK05932,Maharashtra,Mumbai,OUTSIDE_SOUTH_INDIA,,EXCLUDED_OUT_OF_SCOPE,State 'Maharashtra' is outside the 7 South Indian target States/UTs.
Maharashtra.pdf,PMBJK05940,Maharashtra,Mumbai,OUTSIDE_SOUTH_INDIA,,EXCLUDED_OUT_OF_SCOPE,State 'Maharashtra' is outside the 7 South Indian target States/UTs.
Maharashtra.pdf,PMBJK05987,Maharashtra,Thane,OUTSIDE_SOUTH_INDIA,,EXCLUDED_OUT_OF_SCOPE,State 'Maharashtra' is outside the 7 South Indian target States/UTs.
Maharashtra.pdf,PMBJK06015,Maharashtra,Washim,OUTSIDE_SOUTH_INDIA,,EXCLUDED_OUT_OF_SCOPE,State 'Maharashtra' is outside the 7 South Indian target States/UTs.
Maharashtra.pdf,PMBJK06016,Maharashtra,Palghar,OUTSIDE_SOUTH_INDIA,,EXCLUDED_OUT_OF_SCOPE,State 'Maharashtra' is outside the 7 South Indian target States/UTs.
Maharashtra.pdf,PMBJK06017,Maharashtra,Nashik,OUTSIDE_SOUTH_INDIA,,EXCLUDED_OUT_OF_SCOPE,State 'Maharashtra' is outside the 7 South Indian target States/UTs.
Maharashtra.pdf,PMBJK06018,Maharashtra,Nanded,OUTSIDE_SOUTH_INDIA,,EXCLUDED_OUT_OF_SCOPE,State 'Maharashtra' is outside the 7 South Indian target States/UTs.
Maharashtra.pdf,PMBJK06019,Maharashtra,Thane,OUTSIDE_SOUTH_INDIA,,EXCLUDED_OUT_OF_SCOPE,State 'Maharashtra' is outside the 7 South Indian target States/UTs.
Maharashtra.pdf,PMBJK06093,Maharashtra,Beed,OUTSIDE_SOUTH_INDIA,,EXCLUDED_OUT_OF_SCOPE,State 'Maharashtra' is outside the 7 South Indian target States/UTs.
Maharashtra.pdf,PMBJK06094,Maharashtra,Solapur,OUTSIDE_SOUTH_INDIA,,EXCLUDED_OUT_OF_SCOPE,State 'Maharashtra' is outside the 7 South Indian target States/UTs.
Maharashtra.pdf,PMBJK06095,Maharashtra,Mumbai,OUTSIDE_SOUTH_INDIA,,EXCLUDED_OUT_OF_SCOPE,State 'Maharashtra' is outside the 7 South Indian target States/UTs.
Maharashtra.pdf,PMBJK06096,Maharashtra,Buldhana,OUTSIDE_SOUTH_INDIA,,EXCLUDED_OUT_OF_SCOPE,State 'Maharashtra' is outside the 7 South Indian target States/UTs.
Maharashtra.pdf,PMBJK06097,Maharashtra,Thane,OUTSIDE_SOUTH_INDIA,,EXCLUDED_OUT_OF_SCOPE,State 'Maharashtra' is outside the 7 South Indian target States/UTs.
Maharashtra.pdf,PMBJK06126,Maharashtra,Nanded,OUTSIDE_SOUTH_INDIA,,EXCLUDED_OUT_OF_SCOPE,State 'Maharashtra' is outside the 7 South Indian target States/UTs.
Maharashtra.pdf,PMBJK06183,Maharashtra,Thane,OUTSIDE_SOUTH_INDIA,,EXCLUDED_OUT_OF_SCOPE,State 'Maharashtra' is outside the 7 South Indian target States/UTs.
Maharashtra.pdf,PMBJK06194,Maharashtra,Gadchiroli,OUTSIDE_SOUTH_INDIA,,EXCLUDED_OUT_OF_SCOPE,State 'Maharashtra' is outside the 7 South Indian target States/UTs.
Maharashtra.pdf,PMBJK06215,Maharashtra,Amravati,OUTSIDE_SOUTH_INDIA,,EXCLUDED_OUT_OF_SCOPE,State 'Maharashtra' is outside the 7 South Indian target States/UTs.
Maharashtra.pdf,PMBJK06228,Maharashtra,Nashik,OUTSIDE_SOUTH_INDIA,,EXCLUDED_OUT_OF_SCOPE,State 'Maharashtra' is outside the 7 South Indian target States/UTs.
Maharashtra.pdf,PMBJK06237,Maharashtra,Yavatmal,OUTSIDE_SOUTH_INDIA,,EXCLUDED_OUT_OF_SCOPE,State 'Maharashtra' is outside the 7 South Indian target States/UTs.
Maharashtra.pdf,PMBJK06283,Maharashtra,Nagpur,OUTSIDE_SOUTH_INDIA,,EXCLUDED_OUT_OF_SCOPE,State 'Maharashtra' is outside the 7 South Indian target States/UTs.
Maharashtra.pdf,PMBJK06344,Maharashtra,Mumbai,OUTSIDE_SOUTH_INDIA,,EXCLUDED_OUT_OF_SCOPE,State 'Maharashtra' is outside the 7 South Indian target States/UTs.
Maharashtra.pdf,PMBJK06357,Maharashtra,Chhatrapati Sambhajinagar,OUTSIDE_SOUTH_INDIA,,EXCLUDED_OUT_OF_SCOPE,State 'Maharashtra' is outside the 7 South Indian target States/UTs.
Maharashtra.pdf,PMBJK06379,Maharashtra,Thane,OUTSIDE_SOUTH_INDIA,,EXCLUDED_OUT_OF_SCOPE,State 'Maharashtra' is outside the 7 South Indian target States/UTs.
Maharashtra.pdf,PMBJK06404,Maharashtra,Thane,OUTSIDE_SOUTH_INDIA,,EXCLUDED_OUT_OF_SCOPE,State 'Maharashtra' is outside the 7 South Indian target States/UTs.
Maharashtra.pdf,PMBJK06407,Maharashtra,Satara,OUTSIDE_SOUTH_INDIA,,EXCLUDED_OUT_OF_SCOPE,State 'Maharashtra' is outside the 7 South Indian target States/UTs.
Maharashtra.pdf,PMBJK06409,Maharashtra,Parbhani,OUTSIDE_SOUTH_INDIA,,EXCLUDED_OUT_OF_SCOPE,State 'Maharashtra' is outside the 7 South Indian target States/UTs.
Maharashtra.pdf,PMBJK06415,Maharashtra,Thane,OUTSIDE_SOUTH_INDIA,,EXCLUDED_OUT_OF_SCOPE,State 'Maharashtra' is outside the 7 South Indian target States/UTs.
Maharashtra.pdf,PMBJK06417,Maharashtra,Buldhana,OUTSIDE_SOUTH_INDIA,,EXCLUDED_OUT_OF_SCOPE,State 'Maharashtra' is outside the 7 South Indian target States/UTs.
Maharashtra.pdf,PMBJK06418,Maharashtra,Thane,OUTSIDE_SOUTH_INDIA,,EXCLUDED_OUT_OF_SCOPE,State 'Maharashtra' is outside the 7 South Indian target States/UTs.
Maharashtra.pdf,PMBJK06419,Maharashtra,Solapur,OUTSIDE_SOUTH_INDIA,,EXCLUDED_OUT_OF_SCOPE,State 'Maharashtra' is outside the 7 South Indian target States/UTs.
Maharashtra.pdf,PMBJK06427,Maharashtra,Palghar,OUTSIDE_SOUTH_INDIA,,EXCLUDED_OUT_OF_SCOPE,State 'Maharashtra' is outside the 7 South Indian target States/UTs.
Maharashtra.pdf,PMBJK06429,Maharashtra,Mumbai,OUTSIDE_SOUTH_INDIA,,EXCLUDED_OUT_OF_SCOPE,State 'Maharashtra' is outside the 7 South Indian target States/UTs.
Maharashtra.pdf,PMBJK06433,Maharashtra,Mumbai,OUTSIDE_SOUTH_INDIA,,EXCLUDED_OUT_OF_SCOPE,State 'Maharashtra' is outside the 7 South Indian target States/UTs.
Maharashtra.pdf,PMBJK06435,Maharashtra,Pune,OUTSIDE_SOUTH_INDIA,,EXCLUDED_OUT_OF_SCOPE,State 'Maharashtra' is outside the 7 South Indian target States/UTs.
Maharashtra.pdf,PMBJK06456,Maharashtra,Thane,OUTSIDE_SOUTH_INDIA,,EXCLUDED_OUT_OF_SCOPE,State 'Maharashtra' is outside the 7 South Indian target States/UTs.
Maharashtra.pdf,PMBJK06458,Maharashtra,Raigad,OUTSIDE_SOUTH_INDIA,,EXCLUDED_OUT_OF_SCOPE,State 'Maharashtra' is outside the 7 South Indian target States/UTs.
Maharashtra.pdf,PMBJK06486,Maharashtra,Solapur,OUTSIDE_SOUTH_INDIA,,EXCLUDED_OUT_OF_SCOPE,State 'Maharashtra' is outside the 7 South Indian target States/UTs.
Maharashtra.pdf,PMBJK06487,Maharashtra,Sangli,OUTSIDE_SOUTH_INDIA,,EXCLUDED_OUT_OF_SCOPE,State 'Maharashtra' is outside the 7 South Indian target States/UTs.
Maharashtra.pdf,PMBJK06519,Maharashtra,Nashik,OUTSIDE_SOUTH_INDIA,,EXCLUDED_OUT_OF_SCOPE,State 'Maharashtra' is outside the 7 South Indian target States/UTs.
Maharashtra.pdf,PMBJK06520,Maharashtra,Latur,OUTSIDE_SOUTH_INDIA,,EXCLUDED_OUT_OF_SCOPE,State 'Maharashtra' is outside the 7 South Indian target States/UTs.
Maharashtra.pdf,PMBJK06521,Maharashtra,Pune,OUTSIDE_SOUTH_INDIA,,EXCLUDED_OUT_OF_SCOPE,State 'Maharashtra' is outside the 7 South Indian target States/UTs.
Maharashtra.pdf,PMBJK06522,Maharashtra,Nagpur,OUTSIDE_SOUTH_INDIA,,EXCLUDED_OUT_OF_SCOPE,State 'Maharashtra' is outside the 7 South Indian target States/UTs.
Maharashtra.pdf,PMBJK06530,Maharashtra,Beed,OUTSIDE_SOUTH_INDIA,,EXCLUDED_OUT_OF_SCOPE,State 'Maharashtra' is outside the 7 South Indian target States/UTs.
Maharashtra.pdf,PMBJK06531,Maharashtra,Beed,OUTSIDE_SOUTH_INDIA,,EXCLUDED_OUT_OF_SCOPE,State 'Maharashtra' is outside the 7 South Indian target States/UTs.
Maharashtra.pdf,PMBJK06532,Maharashtra,Latur,OUTSIDE_SOUTH_INDIA,,EXCLUDED_OUT_OF_SCOPE,State 'Maharashtra' is outside the 7 South Indian target States/UTs.
Maharashtra.pdf,PMBJK06559,Maharashtra,Latur,OUTSIDE_SOUTH_INDIA,,EXCLUDED_OUT_OF_SCOPE,State 'Maharashtra' is outside the 7 South Indian target States/UTs.
Maharashtra.pdf,PMBJK06568,Maharashtra,Latur,OUTSIDE_SOUTH_INDIA,,EXCLUDED_OUT_OF_SCOPE,State 'Maharashtra' is outside the 7 South Indian target States/UTs.
Maharashtra.pdf,PMBJK06569,Maharashtra,Jalgaon,OUTSIDE_SOUTH_INDIA,,EXCLUDED_OUT_OF_SCOPE,State 'Maharashtra' is outside the 7 South Indian target States/UTs.
Maharashtra.pdf,PMBJK06570,Maharashtra,Nanded,OUTSIDE_SOUTH_INDIA,,EXCLUDED_OUT_OF_SCOPE,State 'Maharashtra' is outside the 7 South Indian target States/UTs.
Maharashtra.pdf,PMBJK06577,Maharashtra,Ratnagiri,OUTSIDE_SOUTH_INDIA,,EXCLUDED_OUT_OF_SCOPE,State 'Maharashtra' is outside the 7 South Indian target States/UTs.
Maharashtra.pdf,PMBJK06599,Maharashtra,Latur,OUTSIDE_SOUTH_INDIA,,EXCLUDED_OUT_OF_SCOPE,State 'Maharashtra' is outside the 7 South Indian target States/UTs.
Maharashtra.pdf,PMBJK06601,Maharashtra,Chhatrapati Sambhajinagar,OUTSIDE_SOUTH_INDIA,,EXCLUDED_OUT_OF_SCOPE,State 'Maharashtra' is outside the 7 South Indian target States/UTs.
Maharashtra.pdf,PMBJK06619,Maharashtra,Buldhana,OUTSIDE_SOUTH_INDIA,,EXCLUDED_OUT_OF_SCOPE,State 'Maharashtra' is outside the 7 South Indian target States/UTs.
Maharashtra.pdf,PMBJK06625,Maharashtra,Buldhana,OUTSIDE_SOUTH_INDIA,,EXCLUDED_OUT_OF_SCOPE,State 'Maharashtra' is outside the 7 South Indian target States/UTs.
Maharashtra.pdf,PMBJK06635,Maharashtra,Mumbai,OUTSIDE_SOUTH_INDIA,,EXCLUDED_OUT_OF_SCOPE,State 'Maharashtra' is outside the 7 South Indian target States/UTs.
Maharashtra.pdf,PMBJK06636,Maharashtra,Thane,OUTSIDE_SOUTH_INDIA,,EXCLUDED_OUT_OF_SCOPE,State 'Maharashtra' is outside the 7 South Indian target States/UTs.
Maharashtra.pdf,PMBJK06643,Maharashtra,Thane,OUTSIDE_SOUTH_INDIA,,EXCLUDED_OUT_OF_SCOPE,State 'Maharashtra' is outside the 7 South Indian target States/UTs.
Maharashtra.pdf,PMBJK06664,Maharashtra,Wardha,OUTSIDE_SOUTH_INDIA,,EXCLUDED_OUT_OF_SCOPE,State 'Maharashtra' is outside the 7 South Indian target States/UTs.
Maharashtra.pdf,PMBJK06667,Maharashtra,Latur,OUTSIDE_SOUTH_INDIA,,EXCLUDED_OUT_OF_SCOPE,State 'Maharashtra' is outside the 7 South Indian target States/UTs.
Maharashtra.pdf,PMBJK06668,Maharashtra,Jalgaon,OUTSIDE_SOUTH_INDIA,,EXCLUDED_OUT_OF_SCOPE,State 'Maharashtra' is outside the 7 South Indian target States/UTs.
Maharashtra.pdf,PMBJK06669,Maharashtra,Beed,OUTSIDE_SOUTH_INDIA,,EXCLUDED_OUT_OF_SCOPE,State 'Maharashtra' is outside the 7 South Indian target States/UTs.
Maharashtra.pdf,PMBJK06673,Maharashtra,Chhatrapati Sambhajinagar,OUTSIDE_SOUTH_INDIA,,EXCLUDED_OUT_OF_SCOPE,State 'Maharashtra' is outside the 7 South Indian target States/UTs.
Maharashtra.pdf,PMBJK06701,Maharashtra,Nashik,OUTSIDE_SOUTH_INDIA,,EXCLUDED_OUT_OF_SCOPE,State 'Maharashtra' is outside the 7 South Indian target States/UTs.
Maharashtra.pdf,PMBJK06724,Maharashtra,Buldhana,OUTSIDE_SOUTH_INDIA,,EXCLUDED_OUT_OF_SCOPE,State 'Maharashtra' is outside the 7 South Indian target States/UTs.
Maharashtra.pdf,PMBJK06729,Maharashtra,Latur,OUTSIDE_SOUTH_INDIA,,EXCLUDED_OUT_OF_SCOPE,State 'Maharashtra' is outside the 7 South Indian target States/UTs.
Maharashtra.pdf,PMBJK06734,Maharashtra,Mumbai,OUTSIDE_SOUTH_INDIA,,EXCLUDED_OUT_OF_SCOPE,State 'Maharashtra' is outside the 7 South Indian target States/UTs.
Maharashtra.pdf,PMBJK06752,Maharashtra,Beed,OUTSIDE_SOUTH_INDIA,,EXCLUDED_OUT_OF_SCOPE,State 'Maharashtra' is outside the 7 South Indian target States/UTs.
Maharashtra.pdf,PMBJK06805,Maharashtra,Washim,OUTSIDE_SOUTH_INDIA,,EXCLUDED_OUT_OF_SCOPE,State 'Maharashtra' is outside the 7 South Indian target States/UTs.
Maharashtra.pdf,PMBJK06863,Maharashtra,Pune,OUTSIDE_SOUTH_INDIA,,EXCLUDED_OUT_OF_SCOPE,State 'Maharashtra' is outside the 7 South Indian target States/UTs.
Maharashtra.pdf,PMBJK06956,Maharashtra,Sangli,OUTSIDE_SOUTH_INDIA,,EXCLUDED_OUT_OF_SCOPE,State 'Maharashtra' is outside the 7 South Indian target States/UTs.
Maharashtra.pdf,PMBJK06957,Maharashtra,Solapur,OUTSIDE_SOUTH_INDIA,,EXCLUDED_OUT_OF_SCOPE,State 'Maharashtra' is outside the 7 South Indian target States/UTs.
Maharashtra.pdf,PMBJK06958,Maharashtra,Washim,OUTSIDE_SOUTH_INDIA,,EXCLUDED_OUT_OF_SCOPE,State 'Maharashtra' is outside the 7 South Indian target States/UTs.
Maharashtra.pdf,PMBJK06959,Maharashtra,Buldhana,OUTSIDE_SOUTH_INDIA,,EXCLUDED_OUT_OF_SCOPE,State 'Maharashtra' is outside the 7 South Indian target States/UTs.
Maharashtra.pdf,PMBJK07022,Maharashtra,Jalna,OUTSIDE_SOUTH_INDIA,,EXCLUDED_OUT_OF_SCOPE,State 'Maharashtra' is outside the 7 South Indian target States/UTs.
Maharashtra.pdf,PMBJK07023,Maharashtra,Beed,OUTSIDE_SOUTH_INDIA,,EXCLUDED_OUT_OF_SCOPE,State 'Maharashtra' is outside the 7 South Indian target States/UTs.
Maharashtra.pdf,PMBJK07030,Maharashtra,Thane,OUTSIDE_SOUTH_INDIA,,EXCLUDED_OUT_OF_SCOPE,State 'Maharashtra' is outside the 7 South Indian target States/UTs.
Maharashtra.pdf,PMBJK07031,Maharashtra,Sangli,OUTSIDE_SOUTH_INDIA,,EXCLUDED_OUT_OF_SCOPE,State 'Maharashtra' is outside the 7 South Indian target States/UTs.
Maharashtra.pdf,PMBJK07088,Maharashtra,Thane,OUTSIDE_SOUTH_INDIA,,EXCLUDED_OUT_OF_SCOPE,State 'Maharashtra' is outside the 7 South Indian target States/UTs.
Maharashtra.pdf,PMBJK07097,Maharashtra,Beed,OUTSIDE_SOUTH_INDIA,,EXCLUDED_OUT_OF_SCOPE,State 'Maharashtra' is outside the 7 South Indian target States/UTs.
Maharashtra.pdf,PMBJK07102,Maharashtra,Beed,OUTSIDE_SOUTH_INDIA,,EXCLUDED_OUT_OF_SCOPE,State 'Maharashtra' is outside the 7 South Indian target States/UTs.
Maharashtra.pdf,PMBJK07136,Maharashtra,Buldhana,OUTSIDE_SOUTH_INDIA,,EXCLUDED_OUT_OF_SCOPE,State 'Maharashtra' is outside the 7 South Indian target States/UTs.
Maharashtra.pdf,PMBJK07165,Maharashtra,Hingoli,OUTSIDE_SOUTH_INDIA,,EXCLUDED_OUT_OF_SCOPE,State 'Maharashtra' is outside the 7 South Indian target States/UTs.
Maharashtra.pdf,PMBJK07181,Maharashtra,Nagpur,OUTSIDE_SOUTH_INDIA,,EXCLUDED_OUT_OF_SCOPE,State 'Maharashtra' is outside the 7 South Indian target States/UTs.
Maharashtra.pdf,PMBJK07196,Maharashtra,Buldhana,OUTSIDE_SOUTH_INDIA,,EXCLUDED_OUT_OF_SCOPE,State 'Maharashtra' is outside the 7 South Indian target States/UTs.
Maharashtra.pdf,PMBJK07219,Maharashtra,Latur,OUTSIDE_SOUTH_INDIA,,EXCLUDED_OUT_OF_SCOPE,State 'Maharashtra' is outside the 7 South Indian target States/UTs.
Maharashtra.pdf,PMBJK07220,Maharashtra,Sangli,OUTSIDE_SOUTH_INDIA,,EXCLUDED_OUT_OF_SCOPE,State 'Maharashtra' is outside the 7 South Indian target States/UTs.
Maharashtra.pdf,PMBJK07295,Maharashtra,Nashik,OUTSIDE_SOUTH_INDIA,,EXCLUDED_OUT_OF_SCOPE,State 'Maharashtra' is outside the 7 South Indian target States/UTs.
Maharashtra.pdf,PMBJK07296,Maharashtra,Mumbai,OUTSIDE_SOUTH_INDIA,,EXCLUDED_OUT_OF_SCOPE,State 'Maharashtra' is outside the 7 South Indian target States/UTs.
Maharashtra.pdf,PMBJK07319,Maharashtra,Solapur,OUTSIDE_SOUTH_INDIA,,EXCLUDED_OUT_OF_SCOPE,State 'Maharashtra' is outside the 7 South Indian target States/UTs.
Maharashtra.pdf,PMBJK07323,Maharashtra,Mumbai,OUTSIDE_SOUTH_INDIA,,EXCLUDED_OUT_OF_SCOPE,State 'Maharashtra' is outside the 7 South Indian target States/UTs.
Maharashtra.pdf,PMBJK07379,Maharashtra,Sangli,OUTSIDE_SOUTH_INDIA,,EXCLUDED_OUT_OF_SCOPE,State 'Maharashtra' is outside the 7 South Indian target States/UTs.
Maharashtra.pdf,PMBJK07386,Maharashtra,Mumbai,OUTSIDE_SOUTH_INDIA,,EXCLUDED_OUT_OF_SCOPE,State 'Maharashtra' is outside the 7 South Indian target States/UTs.
Maharashtra.pdf,PMBJK07400,Maharashtra,Sangli,OUTSIDE_SOUTH_INDIA,,EXCLUDED_OUT_OF_SCOPE,State 'Maharashtra' is outside the 7 South Indian target States/UTs.
Maharashtra.pdf,PMBJK07456,Maharashtra,Thane,OUTSIDE_SOUTH_INDIA,,EXCLUDED_OUT_OF_SCOPE,State 'Maharashtra' is outside the 7 South Indian target States/UTs.
Maharashtra.pdf,PMBJK07457,Maharashtra,Jalgaon,OUTSIDE_SOUTH_INDIA,,EXCLUDED_OUT_OF_SCOPE,State 'Maharashtra' is outside the 7 South Indian target States/UTs.
Maharashtra.pdf,PMBJK07495,Maharashtra,Latur,OUTSIDE_SOUTH_INDIA,,EXCLUDED_OUT_OF_SCOPE,State 'Maharashtra' is outside the 7 South Indian target States/UTs.
Maharashtra.pdf,PMBJK07507,Maharashtra,Mumbai,OUTSIDE_SOUTH_INDIA,,EXCLUDED_OUT_OF_SCOPE,State 'Maharashtra' is outside the 7 South Indian target States/UTs.
Maharashtra.pdf,PMBJK07508,Maharashtra,Pune,OUTSIDE_SOUTH_INDIA,,EXCLUDED_OUT_OF_SCOPE,State 'Maharashtra' is outside the 7 South Indian target States/UTs.
Maharashtra.pdf,PMBJK07509,Maharashtra,Thane,OUTSIDE_SOUTH_INDIA,,EXCLUDED_OUT_OF_SCOPE,State 'Maharashtra' is outside the 7 South Indian target States/UTs.
Maharashtra.pdf,PMBJK07511,Maharashtra,Thane,OUTSIDE_SOUTH_INDIA,,EXCLUDED_OUT_OF_SCOPE,State 'Maharashtra' is outside the 7 South Indian target States/UTs.
Maharashtra.pdf,PMBJK07541,Maharashtra,Hingoli,OUTSIDE_SOUTH_INDIA,,EXCLUDED_OUT_OF_SCOPE,State 'Maharashtra' is outside the 7 South Indian target States/UTs.
Maharashtra.pdf,PMBJK07543,Maharashtra,Ahmednagar,OUTSIDE_SOUTH_INDIA,,EXCLUDED_OUT_OF_SCOPE,State 'Maharashtra' is outside the 7 South Indian target States/UTs.
Maharashtra.pdf,PMBJK07545,Maharashtra,Nagpur,OUTSIDE_SOUTH_INDIA,,EXCLUDED_OUT_OF_SCOPE,State 'Maharashtra' is outside the 7 South Indian target States/UTs.
Maharashtra.pdf,PMBJK07594,Maharashtra,Satara,OUTSIDE_SOUTH_INDIA,,EXCLUDED_OUT_OF_SCOPE,State 'Maharashtra' is outside the 7 South Indian target States/UTs.
Maharashtra.pdf,PMBJK07596,Maharashtra,Buldhana,OUTSIDE_SOUTH_INDIA,,EXCLUDED_OUT_OF_SCOPE,State 'Maharashtra' is outside the 7 South Indian target States/UTs.
Maharashtra.pdf,PMBJK07598,Maharashtra,Mumbai,OUTSIDE_SOUTH_INDIA,,EXCLUDED_OUT_OF_SCOPE,State 'Maharashtra' is outside the 7 South Indian target States/UTs.
Maharashtra.pdf,PMBJK07599,Maharashtra,Palghar,OUTSIDE_SOUTH_INDIA,,EXCLUDED_OUT_OF_SCOPE,State 'Maharashtra' is outside the 7 South Indian target States/UTs.
Maharashtra.pdf,PMBJK07600,Maharashtra,Mumbai,OUTSIDE_SOUTH_INDIA,,EXCLUDED_OUT_OF_SCOPE,State 'Maharashtra' is outside the 7 South Indian target States/UTs.
Maharashtra.pdf,PMBJK07648,Maharashtra,Kolhapur,OUTSIDE_SOUTH_INDIA,,EXCLUDED_OUT_OF_SCOPE,State 'Maharashtra' is outside the 7 South Indian target States/UTs.
Maharashtra.pdf,PMBJK07649,Maharashtra,Mumbai,OUTSIDE_SOUTH_INDIA,,EXCLUDED_OUT_OF_SCOPE,State 'Maharashtra' is outside the 7 South Indian target States/UTs.
Maharashtra.pdf,PMBJK07667,Maharashtra,Thane,OUTSIDE_SOUTH_INDIA,,EXCLUDED_OUT_OF_SCOPE,State 'Maharashtra' is outside the 7 South Indian target States/UTs.
Maharashtra.pdf,PMBJK07668,Maharashtra,Mumbai,OUTSIDE_SOUTH_INDIA,,EXCLUDED_OUT_OF_SCOPE,State 'Maharashtra' is outside the 7 South Indian target States/UTs.
Maharashtra.pdf,PMBJK07687,Maharashtra,Thane,OUTSIDE_SOUTH_INDIA,,EXCLUDED_OUT_OF_SCOPE,State 'Maharashtra' is outside the 7 South Indian target States/UTs.
Maharashtra.pdf,PMBJK07737,Maharashtra,Buldhana,OUTSIDE_SOUTH_INDIA,,EXCLUDED_OUT_OF_SCOPE,State 'Maharashtra' is outside the 7 South Indian target States/UTs.
Maharashtra.pdf,PMBJK07738,Maharashtra,Thane,OUTSIDE_SOUTH_INDIA,,EXCLUDED_OUT_OF_SCOPE,State 'Maharashtra' is outside the 7 South Indian target States/UTs.
Maharashtra.pdf,PMBJK07764,Maharashtra,Jalna,OUTSIDE_SOUTH_INDIA,,EXCLUDED_OUT_OF_SCOPE,State 'Maharashtra' is outside the 7 South Indian target States/UTs.
Maharashtra.pdf,PMBJK07790,Maharashtra,Sangli,OUTSIDE_SOUTH_INDIA,,EXCLUDED_OUT_OF_SCOPE,State 'Maharashtra' is outside the 7 South Indian target States/UTs.
Maharashtra.pdf,PMBJK07791,Maharashtra,Mumbai,OUTSIDE_SOUTH_INDIA,,EXCLUDED_OUT_OF_SCOPE,State 'Maharashtra' is outside the 7 South Indian target States/UTs.
Maharashtra.pdf,PMBJK07792,Maharashtra,Thane,OUTSIDE_SOUTH_INDIA,,EXCLUDED_OUT_OF_SCOPE,State 'Maharashtra' is outside the 7 South Indian target States/UTs.
Maharashtra.pdf,PMBJK07822,Maharashtra,Raigad,OUTSIDE_SOUTH_INDIA,,EXCLUDED_OUT_OF_SCOPE,State 'Maharashtra' is outside the 7 South Indian target States/UTs.
Maharashtra.pdf,PMBJK07865,Maharashtra,Palghar,OUTSIDE_SOUTH_INDIA,,EXCLUDED_OUT_OF_SCOPE,State 'Maharashtra' is outside the 7 South Indian target States/UTs.
Maharashtra.pdf,PMBJK07866,Maharashtra,Pune,OUTSIDE_SOUTH_INDIA,,EXCLUDED_OUT_OF_SCOPE,State 'Maharashtra' is outside the 7 South Indian target States/UTs.
Maharashtra.pdf,PMBJK07867,Maharashtra,Beed,OUTSIDE_SOUTH_INDIA,,EXCLUDED_OUT_OF_SCOPE,State 'Maharashtra' is outside the 7 South Indian target States/UTs.
Maharashtra.pdf,PMBJK07869,Maharashtra,Washim,OUTSIDE_SOUTH_INDIA,,EXCLUDED_OUT_OF_SCOPE,State 'Maharashtra' is outside the 7 South Indian target States/UTs.
Maharashtra.pdf,PMBJK07870,Maharashtra,Parbhani,OUTSIDE_SOUTH_INDIA,,EXCLUDED_OUT_OF_SCOPE,State 'Maharashtra' is outside the 7 South Indian target States/UTs.
Maharashtra.pdf,PMBJK07976,Maharashtra,Nanded,OUTSIDE_SOUTH_INDIA,,EXCLUDED_OUT_OF_SCOPE,State 'Maharashtra' is outside the 7 South Indian target States/UTs.
Maharashtra.pdf,PMBJK07977,Maharashtra,Hingoli,OUTSIDE_SOUTH_INDIA,,EXCLUDED_OUT_OF_SCOPE,State 'Maharashtra' is outside the 7 South Indian target States/UTs.
Maharashtra.pdf,PMBJK07978,Maharashtra,Nanded,OUTSIDE_SOUTH_INDIA,,EXCLUDED_OUT_OF_SCOPE,State 'Maharashtra' is outside the 7 South Indian target States/UTs.
Maharashtra.pdf,PMBJK08025,Maharashtra,Yavatmal,OUTSIDE_SOUTH_INDIA,,EXCLUDED_OUT_OF_SCOPE,State 'Maharashtra' is outside the 7 South Indian target States/UTs.
Maharashtra.pdf,PMBJK08037,Maharashtra,Mumbai,OUTSIDE_SOUTH_INDIA,,EXCLUDED_OUT_OF_SCOPE,State 'Maharashtra' is outside the 7 South Indian target States/UTs.
Maharashtra.pdf,PMBJK08058,Maharashtra,Mumbai Suburban,OUTSIDE_SOUTH_INDIA,,EXCLUDED_OUT_OF_SCOPE,State 'Maharashtra' is outside the 7 South Indian target States/UTs.
Maharashtra.pdf,PMBJK08062,Maharashtra,Nanded,OUTSIDE_SOUTH_INDIA,,EXCLUDED_OUT_OF_SCOPE,State 'Maharashtra' is outside the 7 South Indian target States/UTs.
Maharashtra.pdf,PMBJK08068,Maharashtra,Buldhana,OUTSIDE_SOUTH_INDIA,,EXCLUDED_OUT_OF_SCOPE,State 'Maharashtra' is outside the 7 South Indian target States/UTs.
Maharashtra.pdf,PMBJK08125,Maharashtra,Jalna,OUTSIDE_SOUTH_INDIA,,EXCLUDED_OUT_OF_SCOPE,State 'Maharashtra' is outside the 7 South Indian target States/UTs.
Maharashtra.pdf,PMBJK08189,Maharashtra,Solapur,OUTSIDE_SOUTH_INDIA,,EXCLUDED_OUT_OF_SCOPE,State 'Maharashtra' is outside the 7 South Indian target States/UTs.
Maharashtra.pdf,PMBJK08232,Maharashtra,Pune,OUTSIDE_SOUTH_INDIA,,EXCLUDED_OUT_OF_SCOPE,State 'Maharashtra' is outside the 7 South Indian target States/UTs.
Maharashtra.pdf,PMBJK08272,Maharashtra,Palghar,OUTSIDE_SOUTH_INDIA,,EXCLUDED_OUT_OF_SCOPE,State 'Maharashtra' is outside the 7 South Indian target States/UTs.
Maharashtra.pdf,PMBJK08274,Maharashtra,Mumbai,OUTSIDE_SOUTH_INDIA,,EXCLUDED_OUT_OF_SCOPE,State 'Maharashtra' is outside the 7 South Indian target States/UTs.
Maharashtra.pdf,PMBJK08291,Maharashtra,Ahmednagar,OUTSIDE_SOUTH_INDIA,,EXCLUDED_OUT_OF_SCOPE,State 'Maharashtra' is outside the 7 South Indian target States/UTs.
Maharashtra.pdf,PMBJK08292,Maharashtra,Pune,OUTSIDE_SOUTH_INDIA,,EXCLUDED_OUT_OF_SCOPE,State 'Maharashtra' is outside the 7 South Indian target States/UTs.
Maharashtra.pdf,PMBJK08296,Maharashtra,Chandrapur,OUTSIDE_SOUTH_INDIA,,EXCLUDED_OUT_OF_SCOPE,State 'Maharashtra' is outside the 7 South Indian target States/UTs.
Maharashtra.pdf,PMBJK08341,Maharashtra,Palghar,OUTSIDE_SOUTH_INDIA,,EXCLUDED_OUT_OF_SCOPE,State 'Maharashtra' is outside the 7 South Indian target States/UTs.
Maharashtra.pdf,PMBJK08342,Maharashtra,Pune,OUTSIDE_SOUTH_INDIA,,EXCLUDED_OUT_OF_SCOPE,State 'Maharashtra' is outside the 7 South Indian target States/UTs.
Maharashtra.pdf,PMBJK08399,Maharashtra,Yavatmal,OUTSIDE_SOUTH_INDIA,,EXCLUDED_OUT_OF_SCOPE,State 'Maharashtra' is outside the 7 South Indian target States/UTs.
Maharashtra.pdf,PMBJK08415,Maharashtra,Sindhudurg,OUTSIDE_SOUTH_INDIA,,EXCLUDED_OUT_OF_SCOPE,State 'Maharashtra' is outside the 7 South Indian target States/UTs.
Maharashtra.pdf,PMBJK08450,Maharashtra,Solapur,OUTSIDE_SOUTH_INDIA,,EXCLUDED_OUT_OF_SCOPE,State 'Maharashtra' is outside the 7 South Indian target States/UTs.
Maharashtra.pdf,PMBJK08453,Maharashtra,Palghar,OUTSIDE_SOUTH_INDIA,,EXCLUDED_OUT_OF_SCOPE,State 'Maharashtra' is outside the 7 South Indian target States/UTs.
Maharashtra.pdf,PMBJK08663,Maharashtra,Pune,OUTSIDE_SOUTH_INDIA,,EXCLUDED_OUT_OF_SCOPE,State 'Maharashtra' is outside the 7 South Indian target States/UTs.
Maharashtra.pdf,PMBJK08689,Maharashtra,Mumbai,OUTSIDE_SOUTH_INDIA,,EXCLUDED_OUT_OF_SCOPE,State 'Maharashtra' is outside the 7 South Indian target States/UTs.
Maharashtra.pdf,PMBJK08723,Maharashtra,Mumbai,OUTSIDE_SOUTH_INDIA,,EXCLUDED_OUT_OF_SCOPE,State 'Maharashtra' is outside the 7 South Indian target States/UTs.
Maharashtra.pdf,PMBJK08762,Maharashtra,Pune,OUTSIDE_SOUTH_INDIA,,EXCLUDED_OUT_OF_SCOPE,State 'Maharashtra' is outside the 7 South Indian target States/UTs.
Maharashtra.pdf,PMBJK08865,Maharashtra,Mumbai,OUTSIDE_SOUTH_INDIA,,EXCLUDED_OUT_OF_SCOPE,State 'Maharashtra' is outside the 7 South Indian target States/UTs.
Maharashtra.pdf,PMBJK08897,Maharashtra,Thane,OUTSIDE_SOUTH_INDIA,,EXCLUDED_OUT_OF_SCOPE,State 'Maharashtra' is outside the 7 South Indian target States/UTs.
Maharashtra.pdf,PMBJK08913,Maharashtra,Mumbai,OUTSIDE_SOUTH_INDIA,,EXCLUDED_OUT_OF_SCOPE,State 'Maharashtra' is outside the 7 South Indian target States/UTs.
Maharashtra.pdf,PMBJK08957,Maharashtra,Mumbai,OUTSIDE_SOUTH_INDIA,,EXCLUDED_OUT_OF_SCOPE,State 'Maharashtra' is outside the 7 South Indian target States/UTs.
Maharashtra.pdf,PMBJK08971,Maharashtra,Amravati,OUTSIDE_SOUTH_INDIA,,EXCLUDED_OUT_OF_SCOPE,State 'Maharashtra' is outside the 7 South Indian target States/UTs.
Maharashtra.pdf,PMBJK09045,Maharashtra,Thane,OUTSIDE_SOUTH_INDIA,,EXCLUDED_OUT_OF_SCOPE,State 'Maharashtra' is outside the 7 South Indian target States/UTs.
Maharashtra.pdf,PMBJK09078,Maharashtra,Sangli,OUTSIDE_SOUTH_INDIA,,EXCLUDED_OUT_OF_SCOPE,State 'Maharashtra' is outside the 7 South Indian target States/UTs.
Maharashtra.pdf,PMBJK09130,Maharashtra,Latur,OUTSIDE_SOUTH_INDIA,,EXCLUDED_OUT_OF_SCOPE,State 'Maharashtra' is outside the 7 South Indian target States/UTs.
Maharashtra.pdf,PMBJK09131,Maharashtra,Mumbai,OUTSIDE_SOUTH_INDIA,,EXCLUDED_OUT_OF_SCOPE,State 'Maharashtra' is outside the 7 South Indian target States/UTs.
Maharashtra.pdf,PMBJK09132,Maharashtra,Mumbai Suburban,OUTSIDE_SOUTH_INDIA,,EXCLUDED_OUT_OF_SCOPE,State 'Maharashtra' is outside the 7 South Indian target States/UTs.
Maharashtra.pdf,PMBJK09187,Maharashtra,Ahmednagar,OUTSIDE_SOUTH_INDIA,,EXCLUDED_OUT_OF_SCOPE,State 'Maharashtra' is outside the 7 South Indian target States/UTs.
Maharashtra.pdf,PMBJK09193,Maharashtra,Yavatmal,OUTSIDE_SOUTH_INDIA,,EXCLUDED_OUT_OF_SCOPE,State 'Maharashtra' is outside the 7 South Indian target States/UTs.
Maharashtra.pdf,PMBJK09194,Maharashtra,Mumbai,OUTSIDE_SOUTH_INDIA,,EXCLUDED_OUT_OF_SCOPE,State 'Maharashtra' is outside the 7 South Indian target States/UTs.
Maharashtra.pdf,,Maharashtra,Suburban,OUTSIDE_SOUTH_INDIA,,EXCLUDED_OUT_OF_SCOPE,State 'Maharashtra' is outside the 7 South Indian target States/UTs.
Maharashtra.pdf,PMBJK09195,Maharashtra,Palghar,OUTSIDE_SOUTH_INDIA,,EXCLUDED_OUT_OF_SCOPE,State 'Maharashtra' is outside the 7 South Indian target States/UTs.
Maharashtra.pdf,PMBJK09196,Maharashtra,Nanded,OUTSIDE_SOUTH_INDIA,,EXCLUDED_OUT_OF_SCOPE,State 'Maharashtra' is outside the 7 South Indian target States/UTs.
Maharashtra.pdf,PMBJK09218,Maharashtra,Nagpur,OUTSIDE_SOUTH_INDIA,,EXCLUDED_OUT_OF_SCOPE,State 'Maharashtra' is outside the 7 South Indian target States/UTs.
Maharashtra.pdf,PMBJK09219,Maharashtra,Yavatmal,OUTSIDE_SOUTH_INDIA,,EXCLUDED_OUT_OF_SCOPE,State 'Maharashtra' is outside the 7 South Indian target States/UTs.
Maharashtra.pdf,PMBJK09226,Maharashtra,Pune,OUTSIDE_SOUTH_INDIA,,EXCLUDED_OUT_OF_SCOPE,State 'Maharashtra' is outside the 7 South Indian target States/UTs.
Maharashtra.pdf,PMBJK09227,Maharashtra,Yavatmal,OUTSIDE_SOUTH_INDIA,,EXCLUDED_OUT_OF_SCOPE,State 'Maharashtra' is outside the 7 South Indian target States/UTs.
Maharashtra.pdf,PMBJK09228,Maharashtra,Hingoli,OUTSIDE_SOUTH_INDIA,,EXCLUDED_OUT_OF_SCOPE,State 'Maharashtra' is outside the 7 South Indian target States/UTs.
Maharashtra.pdf,PMBJK09246,Maharashtra,Pune,OUTSIDE_SOUTH_INDIA,,EXCLUDED_OUT_OF_SCOPE,State 'Maharashtra' is outside the 7 South Indian target States/UTs.
Maharashtra.pdf,PMBJK09249,Maharashtra,Latur,OUTSIDE_SOUTH_INDIA,,EXCLUDED_OUT_OF_SCOPE,State 'Maharashtra' is outside the 7 South Indian target States/UTs.
Maharashtra.pdf,PMBJK09271,Maharashtra,Solapur,OUTSIDE_SOUTH_INDIA,,EXCLUDED_OUT_OF_SCOPE,State 'Maharashtra' is outside the 7 South Indian target States/UTs.
Maharashtra.pdf,PMBJK09278,Maharashtra,Solapur,OUTSIDE_SOUTH_INDIA,,EXCLUDED_OUT_OF_SCOPE,State 'Maharashtra' is outside the 7 South Indian target States/UTs.
Maharashtra.pdf,PMBJK09279,Maharashtra,Jalgaon,OUTSIDE_SOUTH_INDIA,,EXCLUDED_OUT_OF_SCOPE,State 'Maharashtra' is outside the 7 South Indian target States/UTs.
Maharashtra.pdf,PMBJK09289,Maharashtra,Sangli,OUTSIDE_SOUTH_INDIA,,EXCLUDED_OUT_OF_SCOPE,State 'Maharashtra' is outside the 7 South Indian target States/UTs.
Maharashtra.pdf,PMBJK09361,Maharashtra,Mumbai Suburban,OUTSIDE_SOUTH_INDIA,,EXCLUDED_OUT_OF_SCOPE,State 'Maharashtra' is outside the 7 South Indian target States/UTs.
Maharashtra.pdf,PMBJK09423,Maharashtra,Nashik,OUTSIDE_SOUTH_INDIA,,EXCLUDED_OUT_OF_SCOPE,State 'Maharashtra' is outside the 7 South Indian target States/UTs.
Maharashtra.pdf,PMBJK09435,Maharashtra,Nashik,OUTSIDE_SOUTH_INDIA,,EXCLUDED_OUT_OF_SCOPE,State 'Maharashtra' is outside the 7 South Indian target States/UTs.
Maharashtra.pdf,PMBJK09486,Maharashtra,Sindhudurg,OUTSIDE_SOUTH_INDIA,,EXCLUDED_OUT_OF_SCOPE,State 'Maharashtra' is outside the 7 South Indian target States/UTs.
Maharashtra.pdf,PMBJK09540,Maharashtra,Akola,OUTSIDE_SOUTH_INDIA,,EXCLUDED_OUT_OF_SCOPE,State 'Maharashtra' is outside the 7 South Indian target States/UTs.
Maharashtra.pdf,PMBJK09558,Maharashtra,Kolhapur,OUTSIDE_SOUTH_INDIA,,EXCLUDED_OUT_OF_SCOPE,State 'Maharashtra' is outside the 7 South Indian target States/UTs.
Maharashtra.pdf,PMBJK09690,Maharashtra,Kolhapur,OUTSIDE_SOUTH_INDIA,,EXCLUDED_OUT_OF_SCOPE,State 'Maharashtra' is outside the 7 South Indian target States/UTs.
Maharashtra.pdf,PMBJK09701,Maharashtra,Dharashiv,OUTSIDE_SOUTH_INDIA,,EXCLUDED_OUT_OF_SCOPE,State 'Maharashtra' is outside the 7 South Indian target States/UTs.
Maharashtra.pdf,PMBJK09711,Maharashtra,Nashik,OUTSIDE_SOUTH_INDIA,,EXCLUDED_OUT_OF_SCOPE,State 'Maharashtra' is outside the 7 South Indian target States/UTs.
Maharashtra.pdf,PMBJK09712,Maharashtra,Palghar,OUTSIDE_SOUTH_INDIA,,EXCLUDED_OUT_OF_SCOPE,State 'Maharashtra' is outside the 7 South Indian target States/UTs.
Maharashtra.pdf,PMBJK09798,Maharashtra,Dharashiv,OUTSIDE_SOUTH_INDIA,,EXCLUDED_OUT_OF_SCOPE,State 'Maharashtra' is outside the 7 South Indian target States/UTs.
Maharashtra.pdf,PMBJK09823,Maharashtra,Pune,OUTSIDE_SOUTH_INDIA,,EXCLUDED_OUT_OF_SCOPE,State 'Maharashtra' is outside the 7 South Indian target States/UTs.
Maharashtra.pdf,PMBJK09824,Maharashtra,Mumbai,OUTSIDE_SOUTH_INDIA,,EXCLUDED_OUT_OF_SCOPE,State 'Maharashtra' is outside the 7 South Indian target States/UTs.
Maharashtra.pdf,PMBJK09850,Maharashtra,Pune,OUTSIDE_SOUTH_INDIA,,EXCLUDED_OUT_OF_SCOPE,State 'Maharashtra' is outside the 7 South Indian target States/UTs.
Maharashtra.pdf,PMBJK09853,Maharashtra,Satara,OUTSIDE_SOUTH_INDIA,,EXCLUDED_OUT_OF_SCOPE,State 'Maharashtra' is outside the 7 South Indian target States/UTs.
Maharashtra.pdf,PMBJK09870,Maharashtra,Buldhana,OUTSIDE_SOUTH_INDIA,,EXCLUDED_OUT_OF_SCOPE,State 'Maharashtra' is outside the 7 South Indian target States/UTs.
Maharashtra.pdf,PMBJK09885,Maharashtra,Satara,OUTSIDE_SOUTH_INDIA,,EXCLUDED_OUT_OF_SCOPE,State 'Maharashtra' is outside the 7 South Indian target States/UTs.
Maharashtra.pdf,PMBJK09886,Maharashtra,Ahmednagar,OUTSIDE_SOUTH_INDIA,,EXCLUDED_OUT_OF_SCOPE,State 'Maharashtra' is outside the 7 South Indian target States/UTs.
Maharashtra.pdf,PMBJK09887,Maharashtra,Nandurbar,OUTSIDE_SOUTH_INDIA,,EXCLUDED_OUT_OF_SCOPE,State 'Maharashtra' is outside the 7 South Indian target States/UTs.
Maharashtra.pdf,PMBJK09901,Maharashtra,Buldhana,OUTSIDE_SOUTH_INDIA,,EXCLUDED_OUT_OF_SCOPE,State 'Maharashtra' is outside the 7 South Indian target States/UTs.
Maharashtra.pdf,PMBJK09902,Maharashtra,Ahmednagar,OUTSIDE_SOUTH_INDIA,,EXCLUDED_OUT_OF_SCOPE,State 'Maharashtra' is outside the 7 South Indian target States/UTs.
Maharashtra.pdf,PMBJK09926,Maharashtra,Pune,OUTSIDE_SOUTH_INDIA,,EXCLUDED_OUT_OF_SCOPE,State 'Maharashtra' is outside the 7 South Indian target States/UTs.
Maharashtra.pdf,PMBJK09975,Maharashtra,Mumbai,OUTSIDE_SOUTH_INDIA,,EXCLUDED_OUT_OF_SCOPE,State 'Maharashtra' is outside the 7 South Indian target States/UTs.
Maharashtra.pdf,PMBJK09976,Maharashtra,Pune,OUTSIDE_SOUTH_INDIA,,EXCLUDED_OUT_OF_SCOPE,State 'Maharashtra' is outside the 7 South Indian target States/UTs.
Maharashtra.pdf,PMBJK10006,Maharashtra,Pune,OUTSIDE_SOUTH_INDIA,,EXCLUDED_OUT_OF_SCOPE,State 'Maharashtra' is outside the 7 South Indian target States/UTs.
Maharashtra.pdf,PMBJK10007,Maharashtra,Beed,OUTSIDE_SOUTH_INDIA,,EXCLUDED_OUT_OF_SCOPE,State 'Maharashtra' is outside the 7 South Indian target States/UTs.
Maharashtra.pdf,PMBJK10066,Maharashtra,Pune,OUTSIDE_SOUTH_INDIA,,EXCLUDED_OUT_OF_SCOPE,State 'Maharashtra' is outside the 7 South Indian target States/UTs.
Maharashtra.pdf,PMBJK10067,Maharashtra,Solapur,OUTSIDE_SOUTH_INDIA,,EXCLUDED_OUT_OF_SCOPE,State 'Maharashtra' is outside the 7 South Indian target States/UTs.
Maharashtra.pdf,PMBJK10084,Maharashtra,Amravati,OUTSIDE_SOUTH_INDIA,,EXCLUDED_OUT_OF_SCOPE,State 'Maharashtra' is outside the 7 South Indian target States/UTs.
Maharashtra.pdf,PMBJK10087,Maharashtra,Nashik,OUTSIDE_SOUTH_INDIA,,EXCLUDED_OUT_OF_SCOPE,State 'Maharashtra' is outside the 7 South Indian target States/UTs.
Maharashtra.pdf,PMBJK10096,Maharashtra,Beed,OUTSIDE_SOUTH_INDIA,,EXCLUDED_OUT_OF_SCOPE,State 'Maharashtra' is outside the 7 South Indian target States/UTs.
Maharashtra.pdf,PMBJK10212,Maharashtra,Solapur,OUTSIDE_SOUTH_INDIA,,EXCLUDED_OUT_OF_SCOPE,State 'Maharashtra' is outside the 7 South Indian target States/UTs.
Maharashtra.pdf,PMBJK10249,Maharashtra,Nagpur,OUTSIDE_SOUTH_INDIA,,EXCLUDED_OUT_OF_SCOPE,State 'Maharashtra' is outside the 7 South Indian target States/UTs.
Maharashtra.pdf,PMBJK10338,Maharashtra,Solapur,OUTSIDE_SOUTH_INDIA,,EXCLUDED_OUT_OF_SCOPE,State 'Maharashtra' is outside the 7 South Indian target States/UTs.
Maharashtra.pdf,PMBJK10355,Maharashtra,Pune,OUTSIDE_SOUTH_INDIA,,EXCLUDED_OUT_OF_SCOPE,State 'Maharashtra' is outside the 7 South Indian target States/UTs.
Maharashtra.pdf,PMBJK10373,Maharashtra,Nagpur,OUTSIDE_SOUTH_INDIA,,EXCLUDED_OUT_OF_SCOPE,State 'Maharashtra' is outside the 7 South Indian target States/UTs.
Maharashtra.pdf,PMBJK10460,Maharashtra,Thane,OUTSIDE_SOUTH_INDIA,,EXCLUDED_OUT_OF_SCOPE,State 'Maharashtra' is outside the 7 South Indian target States/UTs.
Maharashtra.pdf,PMBJK10466,Maharashtra,Pune,OUTSIDE_SOUTH_INDIA,,EXCLUDED_OUT_OF_SCOPE,State 'Maharashtra' is outside the 7 South Indian target States/UTs.
Maharashtra.pdf,PMBJK10489,Maharashtra,Jalna,OUTSIDE_SOUTH_INDIA,,EXCLUDED_OUT_OF_SCOPE,State 'Maharashtra' is outside the 7 South Indian target States/UTs.
Maharashtra.pdf,PMBJK10523,Maharashtra,Kolhapur,OUTSIDE_SOUTH_INDIA,,EXCLUDED_OUT_OF_SCOPE,State 'Maharashtra' is outside the 7 South Indian target States/UTs.
Maharashtra.pdf,PMBJK10587,Maharashtra,Sangli,OUTSIDE_SOUTH_INDIA,,EXCLUDED_OUT_OF_SCOPE,State 'Maharashtra' is outside the 7 South Indian target States/UTs.
Maharashtra.pdf,PMBJK10590,Maharashtra,Wardha,OUTSIDE_SOUTH_INDIA,,EXCLUDED_OUT_OF_SCOPE,State 'Maharashtra' is outside the 7 South Indian target States/UTs.
Maharashtra.pdf,PMBJK10652,Maharashtra,Bhandara,OUTSIDE_SOUTH_INDIA,,EXCLUDED_OUT_OF_SCOPE,State 'Maharashtra' is outside the 7 South Indian target States/UTs.
Maharashtra.pdf,PMBJK10759,Maharashtra,Mumbai,OUTSIDE_SOUTH_INDIA,,EXCLUDED_OUT_OF_SCOPE,State 'Maharashtra' is outside the 7 South Indian target States/UTs.
Maharashtra.pdf,,Maharashtra,Suburban,OUTSIDE_SOUTH_INDIA,,EXCLUDED_OUT_OF_SCOPE,State 'Maharashtra' is outside the 7 South Indian target States/UTs.
Maharashtra.pdf,PMBJK10844,Maharashtra,Pune,OUTSIDE_SOUTH_INDIA,,EXCLUDED_OUT_OF_SCOPE,State 'Maharashtra' is outside the 7 South Indian target States/UTs.
Maharashtra.pdf,PMBJK10845,Maharashtra,Mumbai,OUTSIDE_SOUTH_INDIA,,EXCLUDED_OUT_OF_SCOPE,State 'Maharashtra' is outside the 7 South Indian target States/UTs.
Maharashtra.pdf,PMBJK10853,Maharashtra,Kolhapur,OUTSIDE_SOUTH_INDIA,,EXCLUDED_OUT_OF_SCOPE,State 'Maharashtra' is outside the 7 South Indian target States/UTs.
Maharashtra.pdf,PMBJK10900,Maharashtra,Pune,OUTSIDE_SOUTH_INDIA,,EXCLUDED_OUT_OF_SCOPE,State 'Maharashtra' is outside the 7 South Indian target States/UTs.
Maharashtra.pdf,PMBJK10958,Maharashtra,Sangli,OUTSIDE_SOUTH_INDIA,,EXCLUDED_OUT_OF_SCOPE,State 'Maharashtra' is outside the 7 South Indian target States/UTs.
Maharashtra.pdf,PMBJK10959,Maharashtra,Raigad,OUTSIDE_SOUTH_INDIA,,EXCLUDED_OUT_OF_SCOPE,State 'Maharashtra' is outside the 7 South Indian target States/UTs.
Maharashtra.pdf,PMBJK10963,Maharashtra,Ratnagiri,OUTSIDE_SOUTH_INDIA,,EXCLUDED_OUT_OF_SCOPE,State 'Maharashtra' is outside the 7 South Indian target States/UTs.
Maharashtra.pdf,PMBJK11008,Maharashtra,Mumbai Suburban,OUTSIDE_SOUTH_INDIA,,EXCLUDED_OUT_OF_SCOPE,State 'Maharashtra' is outside the 7 South Indian target States/UTs.
Maharashtra.pdf,PMBJK11061,Maharashtra,Solapur,OUTSIDE_SOUTH_INDIA,,EXCLUDED_OUT_OF_SCOPE,State 'Maharashtra' is outside the 7 South Indian target States/UTs.
Maharashtra.pdf,PMBJK11109,Maharashtra,Chhatrapati Sambhajinagar,OUTSIDE_SOUTH_INDIA,,EXCLUDED_OUT_OF_SCOPE,State 'Maharashtra' is outside the 7 South Indian target States/UTs.
Maharashtra.pdf,PMBJK11182,Maharashtra,Mumbai Suburban,OUTSIDE_SOUTH_INDIA,,EXCLUDED_OUT_OF_SCOPE,State 'Maharashtra' is outside the 7 South Indian target States/UTs.
Maharashtra.pdf,PMBJK11195,Maharashtra,Amravati,OUTSIDE_SOUTH_INDIA,,EXCLUDED_OUT_OF_SCOPE,State 'Maharashtra' is outside the 7 South Indian target States/UTs.
Maharashtra.pdf,PMBJK11432,Maharashtra,Mumbai,OUTSIDE_SOUTH_INDIA,,EXCLUDED_OUT_OF_SCOPE,State 'Maharashtra' is outside the 7 South Indian target States/UTs.
Maharashtra.pdf,PMBJK11473,Maharashtra,Satara,OUTSIDE_SOUTH_INDIA,,EXCLUDED_OUT_OF_SCOPE,State 'Maharashtra' is outside the 7 South Indian target States/UTs.
Maharashtra.pdf,PMBJK11474,Maharashtra,Kolhapur,OUTSIDE_SOUTH_INDIA,,EXCLUDED_OUT_OF_SCOPE,State 'Maharashtra' is outside the 7 South Indian target States/UTs.
Maharashtra.pdf,PMBJK11496,Maharashtra,Kolhapur,OUTSIDE_SOUTH_INDIA,,EXCLUDED_OUT_OF_SCOPE,State 'Maharashtra' is outside the 7 South Indian target States/UTs.
Maharashtra.pdf,PMBJK11537,Maharashtra,Ahmednagar,OUTSIDE_SOUTH_INDIA,,EXCLUDED_OUT_OF_SCOPE,State 'Maharashtra' is outside the 7 South Indian target States/UTs.
Maharashtra.pdf,PMBJK11581,Maharashtra,Nandurbar,OUTSIDE_SOUTH_INDIA,,EXCLUDED_OUT_OF_SCOPE,State 'Maharashtra' is outside the 7 South Indian target States/UTs.
Maharashtra.pdf,PMBJK11623,Maharashtra,Akola,OUTSIDE_SOUTH_INDIA,,EXCLUDED_OUT_OF_SCOPE,State 'Maharashtra' is outside the 7 South Indian target States/UTs.
Maharashtra.pdf,PMBJK11640,Maharashtra,Raigad,OUTSIDE_SOUTH_INDIA,,EXCLUDED_OUT_OF_SCOPE,State 'Maharashtra' is outside the 7 South Indian target States/UTs.
Maharashtra.pdf,PMBJK11674,Maharashtra,Sangli,OUTSIDE_SOUTH_INDIA,,EXCLUDED_OUT_OF_SCOPE,State 'Maharashtra' is outside the 7 South Indian target States/UTs.
Maharashtra.pdf,PMBJK11724,Maharashtra,Thane,OUTSIDE_SOUTH_INDIA,,EXCLUDED_OUT_OF_SCOPE,State 'Maharashtra' is outside the 7 South Indian target States/UTs.
Maharashtra.pdf,PMBJK11729,Maharashtra,Pune,OUTSIDE_SOUTH_INDIA,,EXCLUDED_OUT_OF_SCOPE,State 'Maharashtra' is outside the 7 South Indian target States/UTs.
Maharashtra.pdf,PMBJK11793,Maharashtra,Kolhapur,OUTSIDE_SOUTH_INDIA,,EXCLUDED_OUT_OF_SCOPE,State 'Maharashtra' is outside the 7 South Indian target States/UTs.
Maharashtra.pdf,PMBJK11801,Maharashtra,Sangli,OUTSIDE_SOUTH_INDIA,,EXCLUDED_OUT_OF_SCOPE,State 'Maharashtra' is outside the 7 South Indian target States/UTs.
Maharashtra.pdf,PMBJK11806,Maharashtra,Nanded,OUTSIDE_SOUTH_INDIA,,EXCLUDED_OUT_OF_SCOPE,State 'Maharashtra' is outside the 7 South Indian target States/UTs.
Maharashtra.pdf,PMBJK11823,Maharashtra,Mumbai,OUTSIDE_SOUTH_INDIA,,EXCLUDED_OUT_OF_SCOPE,State 'Maharashtra' is outside the 7 South Indian target States/UTs.
Maharashtra.pdf,PMBJK11844,Maharashtra,Ahmednagar,OUTSIDE_SOUTH_INDIA,,EXCLUDED_OUT_OF_SCOPE,State 'Maharashtra' is outside the 7 South Indian target States/UTs.
Maharashtra.pdf,PMBJK11845,Maharashtra,Jalgaon,OUTSIDE_SOUTH_INDIA,,EXCLUDED_OUT_OF_SCOPE,State 'Maharashtra' is outside the 7 South Indian target States/UTs.
Maharashtra.pdf,PMBJK11872,Maharashtra,Dhule,OUTSIDE_SOUTH_INDIA,,EXCLUDED_OUT_OF_SCOPE,State 'Maharashtra' is outside the 7 South Indian target States/UTs.
Maharashtra.pdf,PMBJK11899,Maharashtra,Thane,OUTSIDE_SOUTH_INDIA,,EXCLUDED_OUT_OF_SCOPE,State 'Maharashtra' is outside the 7 South Indian target States/UTs.
Maharashtra.pdf,PMBJK11983,Maharashtra,Sangli,OUTSIDE_SOUTH_INDIA,,EXCLUDED_OUT_OF_SCOPE,State 'Maharashtra' is outside the 7 South Indian target States/UTs.
Maharashtra.pdf,PMBJK12051,Maharashtra,Mumbai Suburban,OUTSIDE_SOUTH_INDIA,,EXCLUDED_OUT_OF_SCOPE,State 'Maharashtra' is outside the 7 South Indian target States/UTs.
Maharashtra.pdf,PMBJK12071,Maharashtra,Gondia,OUTSIDE_SOUTH_INDIA,,EXCLUDED_OUT_OF_SCOPE,State 'Maharashtra' is outside the 7 South Indian target States/UTs.
Maharashtra.pdf,PMBJK12081,Maharashtra,Pune,OUTSIDE_SOUTH_INDIA,,EXCLUDED_OUT_OF_SCOPE,State 'Maharashtra' is outside the 7 South Indian target States/UTs.
Maharashtra.pdf,PMBJK12082,Maharashtra,Kolhapur,OUTSIDE_SOUTH_INDIA,,EXCLUDED_OUT_OF_SCOPE,State 'Maharashtra' is outside the 7 South Indian target States/UTs.
Maharashtra.pdf,PMBJK12088,Maharashtra,Chhatrapati Sambhajinagar,OUTSIDE_SOUTH_INDIA,,EXCLUDED_OUT_OF_SCOPE,State 'Maharashtra' is outside the 7 South Indian target States/UTs.
Maharashtra.pdf,PMBJK12102,Maharashtra,Nanded,OUTSIDE_SOUTH_INDIA,,EXCLUDED_OUT_OF_SCOPE,State 'Maharashtra' is outside the 7 South Indian target States/UTs.
Maharashtra.pdf,PMBJK12104,Maharashtra,Solapur,OUTSIDE_SOUTH_INDIA,,EXCLUDED_OUT_OF_SCOPE,State 'Maharashtra' is outside the 7 South Indian target States/UTs.
Maharashtra.pdf,PMBJK12105,Maharashtra,Pune,OUTSIDE_SOUTH_INDIA,,EXCLUDED_OUT_OF_SCOPE,State 'Maharashtra' is outside the 7 South Indian target States/UTs.
Maharashtra.pdf,PMBJK12113,Maharashtra,Nashik,OUTSIDE_SOUTH_INDIA,,EXCLUDED_OUT_OF_SCOPE,State 'Maharashtra' is outside the 7 South Indian target States/UTs.
Maharashtra.pdf,PMBJK12121,Maharashtra,Nanded,OUTSIDE_SOUTH_INDIA,,EXCLUDED_OUT_OF_SCOPE,State 'Maharashtra' is outside the 7 South Indian target States/UTs.
Maharashtra.pdf,PMBJK12215,Maharashtra,Mumbai Suburban,OUTSIDE_SOUTH_INDIA,,EXCLUDED_OUT_OF_SCOPE,State 'Maharashtra' is outside the 7 South Indian target States/UTs.
Maharashtra.pdf,PMBJK12222,Maharashtra,Mumbai,OUTSIDE_SOUTH_INDIA,,EXCLUDED_OUT_OF_SCOPE,State 'Maharashtra' is outside the 7 South Indian target States/UTs.
Maharashtra.pdf,PMBJK12224,Maharashtra,Yavatmal,OUTSIDE_SOUTH_INDIA,,EXCLUDED_OUT_OF_SCOPE,State 'Maharashtra' is outside the 7 South Indian target States/UTs.
Maharashtra.pdf,PMBJK12225,Maharashtra,Parbhani,OUTSIDE_SOUTH_INDIA,,EXCLUDED_OUT_OF_SCOPE,State 'Maharashtra' is outside the 7 South Indian target States/UTs.
Maharashtra.pdf,PMBJK12251,Maharashtra,Latur,OUTSIDE_SOUTH_INDIA,,EXCLUDED_OUT_OF_SCOPE,State 'Maharashtra' is outside the 7 South Indian target States/UTs.
Maharashtra.pdf,PMBJK12255,Maharashtra,Thane,OUTSIDE_SOUTH_INDIA,,EXCLUDED_OUT_OF_SCOPE,State 'Maharashtra' is outside the 7 South Indian target States/UTs.
Maharashtra.pdf,PMBJK12267,Maharashtra,Latur,OUTSIDE_SOUTH_INDIA,,EXCLUDED_OUT_OF_SCOPE,State 'Maharashtra' is outside the 7 South Indian target States/UTs.
Maharashtra.pdf,PMBJK12300,Maharashtra,Pune,OUTSIDE_SOUTH_INDIA,,EXCLUDED_OUT_OF_SCOPE,State 'Maharashtra' is outside the 7 South Indian target States/UTs.
Maharashtra.pdf,PMBJK12304,Maharashtra,Sindhudurg,OUTSIDE_SOUTH_INDIA,,EXCLUDED_OUT_OF_SCOPE,State 'Maharashtra' is outside the 7 South Indian target States/UTs.
Maharashtra.pdf,PMBJK12439,Maharashtra,Gondia,OUTSIDE_SOUTH_INDIA,,EXCLUDED_OUT_OF_SCOPE,State 'Maharashtra' is outside the 7 South Indian target States/UTs.
Maharashtra.pdf,PMBJK12440,Maharashtra,Chhatrapati Sambhajinagar,OUTSIDE_SOUTH_INDIA,,EXCLUDED_OUT_OF_SCOPE,State 'Maharashtra' is outside the 7 South Indian target States/UTs.
Maharashtra.pdf,PMBJK12453,Maharashtra,Kolhapur,OUTSIDE_SOUTH_INDIA,,EXCLUDED_OUT_OF_SCOPE,State 'Maharashtra' is outside the 7 South Indian target States/UTs.
Maharashtra.pdf,PMBJK12454,Maharashtra,Kolhapur,OUTSIDE_SOUTH_INDIA,,EXCLUDED_OUT_OF_SCOPE,State 'Maharashtra' is outside the 7 South Indian target States/UTs.
Maharashtra.pdf,PMBJK12487,Maharashtra,Thane,OUTSIDE_SOUTH_INDIA,,EXCLUDED_OUT_OF_SCOPE,State 'Maharashtra' is outside the 7 South Indian target States/UTs.
Maharashtra.pdf,PMBJK12488,Maharashtra,Palghar,OUTSIDE_SOUTH_INDIA,,EXCLUDED_OUT_OF_SCOPE,State 'Maharashtra' is outside the 7 South Indian target States/UTs.
Maharashtra.pdf,PMBJK12504,Maharashtra,Pune,OUTSIDE_SOUTH_INDIA,,EXCLUDED_OUT_OF_SCOPE,State 'Maharashtra' is outside the 7 South Indian target States/UTs.
Maharashtra.pdf,PMBJK12505,Maharashtra,Mumbai,OUTSIDE_SOUTH_INDIA,,EXCLUDED_OUT_OF_SCOPE,State 'Maharashtra' is outside the 7 South Indian target States/UTs.
Maharashtra.pdf,PMBJK12520,Maharashtra,Chhatrapati Sambhajinagar,OUTSIDE_SOUTH_INDIA,,EXCLUDED_OUT_OF_SCOPE,State 'Maharashtra' is outside the 7 South Indian target States/UTs.
Maharashtra.pdf,PMBJK12553,Maharashtra,Chandrapur,OUTSIDE_SOUTH_INDIA,,EXCLUDED_OUT_OF_SCOPE,State 'Maharashtra' is outside the 7 South Indian target States/UTs.
Maharashtra.pdf,PMBJK12570,Maharashtra,Solapur,OUTSIDE_SOUTH_INDIA,,EXCLUDED_OUT_OF_SCOPE,State 'Maharashtra' is outside the 7 South Indian target States/UTs.
Maharashtra.pdf,PMBJK12597,Maharashtra,Nagpur,OUTSIDE_SOUTH_INDIA,,EXCLUDED_OUT_OF_SCOPE,State 'Maharashtra' is outside the 7 South Indian target States/UTs.
Maharashtra.pdf,PMBJK12649,Maharashtra,Satara,OUTSIDE_SOUTH_INDIA,,EXCLUDED_OUT_OF_SCOPE,State 'Maharashtra' is outside the 7 South Indian target States/UTs.
Maharashtra.pdf,PMBJK12702,Maharashtra,Thane,OUTSIDE_SOUTH_INDIA,,EXCLUDED_OUT_OF_SCOPE,State 'Maharashtra' is outside the 7 South Indian target States/UTs.
Maharashtra.pdf,PMBJK12740,Maharashtra,Solapur,OUTSIDE_SOUTH_INDIA,,EXCLUDED_OUT_OF_SCOPE,State 'Maharashtra' is outside the 7 South Indian target States/UTs.
Maharashtra.pdf,PMBJK12781,Maharashtra,Nashik,OUTSIDE_SOUTH_INDIA,,EXCLUDED_OUT_OF_SCOPE,State 'Maharashtra' is outside the 7 South Indian target States/UTs.
Maharashtra.pdf,PMBJK12783,Maharashtra,Solapur,OUTSIDE_SOUTH_INDIA,,EXCLUDED_OUT_OF_SCOPE,State 'Maharashtra' is outside the 7 South Indian target States/UTs.
Maharashtra.pdf,PMBJK12807,Maharashtra,Buldhana,OUTSIDE_SOUTH_INDIA,,EXCLUDED_OUT_OF_SCOPE,State 'Maharashtra' is outside the 7 South Indian target States/UTs.
Maharashtra.pdf,PMBJK12868,Maharashtra,Latur,OUTSIDE_SOUTH_INDIA,,EXCLUDED_OUT_OF_SCOPE,State 'Maharashtra' is outside the 7 South Indian target States/UTs.
Maharashtra.pdf,PMBJK12881,Maharashtra,Hingoli,OUTSIDE_SOUTH_INDIA,,EXCLUDED_OUT_OF_SCOPE,State 'Maharashtra' is outside the 7 South Indian target States/UTs.
Maharashtra.pdf,PMBJK12882,Maharashtra,Thane,OUTSIDE_SOUTH_INDIA,,EXCLUDED_OUT_OF_SCOPE,State 'Maharashtra' is outside the 7 South Indian target States/UTs.
Maharashtra.pdf,PMBJK12892,Maharashtra,Kolhapur,OUTSIDE_SOUTH_INDIA,,EXCLUDED_OUT_OF_SCOPE,State 'Maharashtra' is outside the 7 South Indian target States/UTs.
Maharashtra.pdf,PMBJK12901,Maharashtra,Nashik,OUTSIDE_SOUTH_INDIA,,EXCLUDED_OUT_OF_SCOPE,State 'Maharashtra' is outside the 7 South Indian target States/UTs.
Maharashtra.pdf,PMBJK12902,Maharashtra,Palghar,OUTSIDE_SOUTH_INDIA,,EXCLUDED_OUT_OF_SCOPE,State 'Maharashtra' is outside the 7 South Indian target States/UTs.
Maharashtra.pdf,PMBJK12912,Maharashtra,Palghar,OUTSIDE_SOUTH_INDIA,,EXCLUDED_OUT_OF_SCOPE,State 'Maharashtra' is outside the 7 South Indian target States/UTs.
Maharashtra.pdf,PMBJK12957,Maharashtra,Gondia,OUTSIDE_SOUTH_INDIA,,EXCLUDED_OUT_OF_SCOPE,State 'Maharashtra' is outside the 7 South Indian target States/UTs.
Maharashtra.pdf,PMBJK12979,Maharashtra,Bhandara,OUTSIDE_SOUTH_INDIA,,EXCLUDED_OUT_OF_SCOPE,State 'Maharashtra' is outside the 7 South Indian target States/UTs.
Maharashtra.pdf,PMBJK12988,Maharashtra,Thane,OUTSIDE_SOUTH_INDIA,,EXCLUDED_OUT_OF_SCOPE,State 'Maharashtra' is outside the 7 South Indian target States/UTs.
Maharashtra.pdf,PMBJK12989,Maharashtra,Chhatrapati Sambhajinagar,OUTSIDE_SOUTH_INDIA,,EXCLUDED_OUT_OF_SCOPE,State 'Maharashtra' is outside the 7 South Indian target States/UTs.
Maharashtra.pdf,PMBJK12990,Maharashtra,Mumbai,OUTSIDE_SOUTH_INDIA,,EXCLUDED_OUT_OF_SCOPE,State 'Maharashtra' is outside the 7 South Indian target States/UTs.
Maharashtra.pdf,PMBJK13006,Maharashtra,Thane,OUTSIDE_SOUTH_INDIA,,EXCLUDED_OUT_OF_SCOPE,State 'Maharashtra' is outside the 7 South Indian target States/UTs.
Maharashtra.pdf,PMBJK13012,Maharashtra,Amravati,OUTSIDE_SOUTH_INDIA,,EXCLUDED_OUT_OF_SCOPE,State 'Maharashtra' is outside the 7 South Indian target States/UTs.
Maharashtra.pdf,PMBJK13066,Maharashtra,Thane,OUTSIDE_SOUTH_INDIA,,EXCLUDED_OUT_OF_SCOPE,State 'Maharashtra' is outside the 7 South Indian target States/UTs.
Maharashtra.pdf,PMBJK13086,Maharashtra,Beed,OUTSIDE_SOUTH_INDIA,,EXCLUDED_OUT_OF_SCOPE,State 'Maharashtra' is outside the 7 South Indian target States/UTs.
Maharashtra.pdf,PMBJK13102,Maharashtra,Latur,OUTSIDE_SOUTH_INDIA,,EXCLUDED_OUT_OF_SCOPE,State 'Maharashtra' is outside the 7 South Indian target States/UTs.
Maharashtra.pdf,PMBJK13196,Maharashtra,Nashik,OUTSIDE_SOUTH_INDIA,,EXCLUDED_OUT_OF_SCOPE,State 'Maharashtra' is outside the 7 South Indian target States/UTs.
Maharashtra.pdf,PMBJK13251,Maharashtra,Latur,OUTSIDE_SOUTH_INDIA,,EXCLUDED_OUT_OF_SCOPE,State 'Maharashtra' is outside the 7 South Indian target States/UTs.
Maharashtra.pdf,PMBJK13286,Maharashtra,Buldhana,OUTSIDE_SOUTH_INDIA,,EXCLUDED_OUT_OF_SCOPE,State 'Maharashtra' is outside the 7 South Indian target States/UTs.
Maharashtra.pdf,PMBJK13287,Maharashtra,Nashik,OUTSIDE_SOUTH_INDIA,,EXCLUDED_OUT_OF_SCOPE,State 'Maharashtra' is outside the 7 South Indian target States/UTs.
Maharashtra.pdf,PMBJK13291,Maharashtra,Bhandara,OUTSIDE_SOUTH_INDIA,,EXCLUDED_OUT_OF_SCOPE,State 'Maharashtra' is outside the 7 South Indian target States/UTs.
Maharashtra.pdf,PMBJK13373,Maharashtra,Nanded,OUTSIDE_SOUTH_INDIA,,EXCLUDED_OUT_OF_SCOPE,State 'Maharashtra' is outside the 7 South Indian target States/UTs.
Maharashtra.pdf,PMBJK13374,Maharashtra,Palghar,OUTSIDE_SOUTH_INDIA,,EXCLUDED_OUT_OF_SCOPE,State 'Maharashtra' is outside the 7 South Indian target States/UTs.
Maharashtra.pdf,PMBJK13386,Maharashtra,Jalgaon,OUTSIDE_SOUTH_INDIA,,EXCLUDED_OUT_OF_SCOPE,State 'Maharashtra' is outside the 7 South Indian target States/UTs.
Maharashtra.pdf,PMBJK13398,Maharashtra,Mumbai,OUTSIDE_SOUTH_INDIA,,EXCLUDED_OUT_OF_SCOPE,State 'Maharashtra' is outside the 7 South Indian target States/UTs.
Maharashtra.pdf,PMBJK13407,Maharashtra,Thane,OUTSIDE_SOUTH_INDIA,,EXCLUDED_OUT_OF_SCOPE,State 'Maharashtra' is outside the 7 South Indian target States/UTs.
Maharashtra.pdf,PMBJK13419,Maharashtra,Yavatmal,OUTSIDE_SOUTH_INDIA,,EXCLUDED_OUT_OF_SCOPE,State 'Maharashtra' is outside the 7 South Indian target States/UTs.
Maharashtra.pdf,PMBJK13438,Maharashtra,Pune,OUTSIDE_SOUTH_INDIA,,EXCLUDED_OUT_OF_SCOPE,State 'Maharashtra' is outside the 7 South Indian target States/UTs.
Maharashtra.pdf,PMBJK13511,Maharashtra,Solapur,OUTSIDE_SOUTH_INDIA,,EXCLUDED_OUT_OF_SCOPE,State 'Maharashtra' is outside the 7 South Indian target States/UTs.
Maharashtra.pdf,PMBJK13657,Maharashtra,Palghar,OUTSIDE_SOUTH_INDIA,,EXCLUDED_OUT_OF_SCOPE,State 'Maharashtra' is outside the 7 South Indian target States/UTs.
Maharashtra.pdf,PMBJK13662,Maharashtra,Sangli,OUTSIDE_SOUTH_INDIA,,EXCLUDED_OUT_OF_SCOPE,State 'Maharashtra' is outside the 7 South Indian target States/UTs.
Maharashtra.pdf,PMBJK13705,Maharashtra,Sangli,OUTSIDE_SOUTH_INDIA,,EXCLUDED_OUT_OF_SCOPE,State 'Maharashtra' is outside the 7 South Indian target States/UTs.
Maharashtra.pdf,PMBJK13768,Maharashtra,Thane,OUTSIDE_SOUTH_INDIA,,EXCLUDED_OUT_OF_SCOPE,State 'Maharashtra' is outside the 7 South Indian target States/UTs.
Maharashtra.pdf,PMBJK13769,Maharashtra,Nashik,OUTSIDE_SOUTH_INDIA,,EXCLUDED_OUT_OF_SCOPE,State 'Maharashtra' is outside the 7 South Indian target States/UTs.
Maharashtra.pdf,PMBJK13805,Maharashtra,Mumbai,OUTSIDE_SOUTH_INDIA,,EXCLUDED_OUT_OF_SCOPE,State 'Maharashtra' is outside the 7 South Indian target States/UTs.
Maharashtra.pdf,PMBJK13841,Maharashtra,Buldhana,OUTSIDE_SOUTH_INDIA,,EXCLUDED_OUT_OF_SCOPE,State 'Maharashtra' is outside the 7 South Indian target States/UTs.
Maharashtra.pdf,PMBJK13937,Maharashtra,Latur,OUTSIDE_SOUTH_INDIA,,EXCLUDED_OUT_OF_SCOPE,State 'Maharashtra' is outside the 7 South Indian target States/UTs.
Maharashtra.pdf,PMBJK13950,Maharashtra,Washim,OUTSIDE_SOUTH_INDIA,,EXCLUDED_OUT_OF_SCOPE,State 'Maharashtra' is outside the 7 South Indian target States/UTs.
Maharashtra.pdf,PMBJK13973,Maharashtra,Satara,OUTSIDE_SOUTH_INDIA,,EXCLUDED_OUT_OF_SCOPE,State 'Maharashtra' is outside the 7 South Indian target States/UTs.
Maharashtra.pdf,PMBJK14114,Maharashtra,Thane,OUTSIDE_SOUTH_INDIA,,EXCLUDED_OUT_OF_SCOPE,State 'Maharashtra' is outside the 7 South Indian target States/UTs.
Maharashtra.pdf,PMBJK14150,Maharashtra,Gondia,OUTSIDE_SOUTH_INDIA,,EXCLUDED_OUT_OF_SCOPE,State 'Maharashtra' is outside the 7 South Indian target States/UTs.
Maharashtra.pdf,PMBJK14191,Maharashtra,Amravati,OUTSIDE_SOUTH_INDIA,,EXCLUDED_OUT_OF_SCOPE,State 'Maharashtra' is outside the 7 South Indian target States/UTs.
Maharashtra.pdf,PMBJK14203,Maharashtra,Palghar,OUTSIDE_SOUTH_INDIA,,EXCLUDED_OUT_OF_SCOPE,State 'Maharashtra' is outside the 7 South Indian target States/UTs.
Maharashtra.pdf,PMBJK14240,Maharashtra,Nashik,OUTSIDE_SOUTH_INDIA,,EXCLUDED_OUT_OF_SCOPE,State 'Maharashtra' is outside the 7 South Indian target States/UTs.
Maharashtra.pdf,PMBJK14327,Maharashtra,Thane,OUTSIDE_SOUTH_INDIA,,EXCLUDED_OUT_OF_SCOPE,State 'Maharashtra' is outside the 7 South Indian target States/UTs.
Maharashtra.pdf,PMBJK14378,Maharashtra,Chhatrapati Sambhajinagar,OUTSIDE_SOUTH_INDIA,,EXCLUDED_OUT_OF_SCOPE,State 'Maharashtra' is outside the 7 South Indian target States/UTs.
Maharashtra.pdf,PMBJK14459,Maharashtra,Pune,OUTSIDE_SOUTH_INDIA,,EXCLUDED_OUT_OF_SCOPE,State 'Maharashtra' is outside the 7 South Indian target States/UTs.
Maharashtra.pdf,PMBJK14862,Maharashtra,Jalna,OUTSIDE_SOUTH_INDIA,,EXCLUDED_OUT_OF_SCOPE,State 'Maharashtra' is outside the 7 South Indian target States/UTs.
Maharashtra.pdf,PMBJK14870,Maharashtra,Thane,OUTSIDE_SOUTH_INDIA,,EXCLUDED_OUT_OF_SCOPE,State 'Maharashtra' is outside the 7 South Indian target States/UTs.
Maharashtra.pdf,PMBJK14908,Maharashtra,Jalna,OUTSIDE_SOUTH_INDIA,,EXCLUDED_OUT_OF_SCOPE,State 'Maharashtra' is outside the 7 South Indian target States/UTs.
Maharashtra.pdf,PMBJK14918,Maharashtra,Dharashiv,OUTSIDE_SOUTH_INDIA,,EXCLUDED_OUT_OF_SCOPE,State 'Maharashtra' is outside the 7 South Indian target States/UTs.
Maharashtra.pdf,PMBJK15056,Maharashtra,Palghar,OUTSIDE_SOUTH_INDIA,,EXCLUDED_OUT_OF_SCOPE,State 'Maharashtra' is outside the 7 South Indian target States/UTs.
Maharashtra.pdf,PMBJK15057,Maharashtra,Pune,OUTSIDE_SOUTH_INDIA,,EXCLUDED_OUT_OF_SCOPE,State 'Maharashtra' is outside the 7 South Indian target States/UTs.
Maharashtra.pdf,PMBJK15118,Maharashtra,Ratnagiri,OUTSIDE_SOUTH_INDIA,,EXCLUDED_OUT_OF_SCOPE,State 'Maharashtra' is outside the 7 South Indian target States/UTs.
Maharashtra.pdf,PMBJK15257,Maharashtra,Pune,OUTSIDE_SOUTH_INDIA,,EXCLUDED_OUT_OF_SCOPE,State 'Maharashtra' is outside the 7 South Indian target States/UTs.
Maharashtra.pdf,PMBJK15273,Maharashtra,Jalgaon,OUTSIDE_SOUTH_INDIA,,EXCLUDED_OUT_OF_SCOPE,State 'Maharashtra' is outside the 7 South Indian target States/UTs.
Maharashtra.pdf,PMBJK15373,Maharashtra,Pune,OUTSIDE_SOUTH_INDIA,,EXCLUDED_OUT_OF_SCOPE,State 'Maharashtra' is outside the 7 South Indian target States/UTs.
Maharashtra.pdf,PMBJK15374,Maharashtra,Beed,OUTSIDE_SOUTH_INDIA,,EXCLUDED_OUT_OF_SCOPE,State 'Maharashtra' is outside the 7 South Indian target States/UTs.
Maharashtra.pdf,PMBJK15401,Maharashtra,Palghar,OUTSIDE_SOUTH_INDIA,,EXCLUDED_OUT_OF_SCOPE,State 'Maharashtra' is outside the 7 South Indian target States/UTs.
Maharashtra.pdf,PMBJK15403,Maharashtra,Sangli,OUTSIDE_SOUTH_INDIA,,EXCLUDED_OUT_OF_SCOPE,State 'Maharashtra' is outside the 7 South Indian target States/UTs.
Maharashtra.pdf,PMBJK15404,Maharashtra,Satara,OUTSIDE_SOUTH_INDIA,,EXCLUDED_OUT_OF_SCOPE,State 'Maharashtra' is outside the 7 South Indian target States/UTs.
Maharashtra.pdf,PMBJK15409,Maharashtra,Solapur,OUTSIDE_SOUTH_INDIA,,EXCLUDED_OUT_OF_SCOPE,State 'Maharashtra' is outside the 7 South Indian target States/UTs.
Maharashtra.pdf,PMBJK15415,Maharashtra,Ratnagiri,OUTSIDE_SOUTH_INDIA,,EXCLUDED_OUT_OF_SCOPE,State 'Maharashtra' is outside the 7 South Indian target States/UTs.
Maharashtra.pdf,PMBJK15434,Maharashtra,Pune,OUTSIDE_SOUTH_INDIA,,EXCLUDED_OUT_OF_SCOPE,State 'Maharashtra' is outside the 7 South Indian target States/UTs.
Maharashtra.pdf,PMBJK15446,Maharashtra,Sangli,OUTSIDE_SOUTH_INDIA,,EXCLUDED_OUT_OF_SCOPE,State 'Maharashtra' is outside the 7 South Indian target States/UTs.
Maharashtra.pdf,PMBJK15617,Maharashtra,Nagpur,OUTSIDE_SOUTH_INDIA,,EXCLUDED_OUT_OF_SCOPE,State 'Maharashtra' is outside the 7 South Indian target States/UTs.
Maharashtra.pdf,PMBJK15642,Maharashtra,Ahmednagar,OUTSIDE_SOUTH_INDIA,,EXCLUDED_OUT_OF_SCOPE,State 'Maharashtra' is outside the 7 South Indian target States/UTs.
Maharashtra.pdf,PMBJK15728,Maharashtra,Mumbai,OUTSIDE_SOUTH_INDIA,,EXCLUDED_OUT_OF_SCOPE,State 'Maharashtra' is outside the 7 South Indian target States/UTs.
Maharashtra.pdf,PMBJK15729,Maharashtra,Mumbai,OUTSIDE_SOUTH_INDIA,,EXCLUDED_OUT_OF_SCOPE,State 'Maharashtra' is outside the 7 South Indian target States/UTs.
Maharashtra.pdf,PMBJK15770,Maharashtra,Palghar,OUTSIDE_SOUTH_INDIA,,EXCLUDED_OUT_OF_SCOPE,State 'Maharashtra' is outside the 7 South Indian target States/UTs.
Maharashtra.pdf,PMBJK15817,Maharashtra,Nashik,OUTSIDE_SOUTH_INDIA,,EXCLUDED_OUT_OF_SCOPE,State 'Maharashtra' is outside the 7 South Indian target States/UTs.
Maharashtra.pdf,PMBJK15820,Maharashtra,Akola,OUTSIDE_SOUTH_INDIA,,EXCLUDED_OUT_OF_SCOPE,State 'Maharashtra' is outside the 7 South Indian target States/UTs.
Maharashtra.pdf,PMBJK15894,Maharashtra,Kolhapur,OUTSIDE_SOUTH_INDIA,,EXCLUDED_OUT_OF_SCOPE,State 'Maharashtra' is outside the 7 South Indian target States/UTs.
Maharashtra.pdf,PMBJK16063,Maharashtra,Nagpur,OUTSIDE_SOUTH_INDIA,,EXCLUDED_OUT_OF_SCOPE,State 'Maharashtra' is outside the 7 South Indian target States/UTs.
Maharashtra.pdf,PMBJK16066,Maharashtra,Nanded,OUTSIDE_SOUTH_INDIA,,EXCLUDED_OUT_OF_SCOPE,State 'Maharashtra' is outside the 7 South Indian target States/UTs.
Maharashtra.pdf,PMBJK16073,Maharashtra,Mumbai,OUTSIDE_SOUTH_INDIA,,EXCLUDED_OUT_OF_SCOPE,State 'Maharashtra' is outside the 7 South Indian target States/UTs.
Maharashtra.pdf,PMBJK16076,Maharashtra,Mumbai,OUTSIDE_SOUTH_INDIA,,EXCLUDED_OUT_OF_SCOPE,State 'Maharashtra' is outside the 7 South Indian target States/UTs.
Maharashtra.pdf,PMBJK16077,Maharashtra,Nanded,OUTSIDE_SOUTH_INDIA,,EXCLUDED_OUT_OF_SCOPE,State 'Maharashtra' is outside the 7 South Indian target States/UTs.
Maharashtra.pdf,PMBJK16240,Maharashtra,Nashik,OUTSIDE_SOUTH_INDIA,,EXCLUDED_OUT_OF_SCOPE,State 'Maharashtra' is outside the 7 South Indian target States/UTs.
Maharashtra.pdf,PMBJK16269,Maharashtra,Nashik,OUTSIDE_SOUTH_INDIA,,EXCLUDED_OUT_OF_SCOPE,State 'Maharashtra' is outside the 7 South Indian target States/UTs.
Maharashtra.pdf,PMBJK16272,Maharashtra,Akola,OUTSIDE_SOUTH_INDIA,,EXCLUDED_OUT_OF_SCOPE,State 'Maharashtra' is outside the 7 South Indian target States/UTs.
Maharashtra.pdf,PMBJK16304,Maharashtra,Nashik,OUTSIDE_SOUTH_INDIA,,EXCLUDED_OUT_OF_SCOPE,State 'Maharashtra' is outside the 7 South Indian target States/UTs.
Maharashtra.pdf,PMBJK16339,Maharashtra,Mumbai,OUTSIDE_SOUTH_INDIA,,EXCLUDED_OUT_OF_SCOPE,State 'Maharashtra' is outside the 7 South Indian target States/UTs.
Maharashtra.pdf,PMBJK16363,Maharashtra,Mumbai Suburban,OUTSIDE_SOUTH_INDIA,,EXCLUDED_OUT_OF_SCOPE,State 'Maharashtra' is outside the 7 South Indian target States/UTs.
Maharashtra.pdf,PMBJK16431,Maharashtra,Thane,OUTSIDE_SOUTH_INDIA,,EXCLUDED_OUT_OF_SCOPE,State 'Maharashtra' is outside the 7 South Indian target States/UTs.
Maharashtra.pdf,PMBJK16545,Maharashtra,Nanded,OUTSIDE_SOUTH_INDIA,,EXCLUDED_OUT_OF_SCOPE,State 'Maharashtra' is outside the 7 South Indian target States/UTs.
Maharashtra.pdf,PMBJK16585,Maharashtra,Nashik,OUTSIDE_SOUTH_INDIA,,EXCLUDED_OUT_OF_SCOPE,State 'Maharashtra' is outside the 7 South Indian target States/UTs.
Maharashtra.pdf,PMBJK16586,Maharashtra,Parbhani,OUTSIDE_SOUTH_INDIA,,EXCLUDED_OUT_OF_SCOPE,State 'Maharashtra' is outside the 7 South Indian target States/UTs.
Maharashtra.pdf,PMBJK16696,Maharashtra,Palghar,OUTSIDE_SOUTH_INDIA,,EXCLUDED_OUT_OF_SCOPE,State 'Maharashtra' is outside the 7 South Indian target States/UTs.
Maharashtra.pdf,PMBJK16718,Maharashtra,Palghar,OUTSIDE_SOUTH_INDIA,,EXCLUDED_OUT_OF_SCOPE,State 'Maharashtra' is outside the 7 South Indian target States/UTs.
Maharashtra.pdf,PMBJK16787,Maharashtra,Yavatmal,OUTSIDE_SOUTH_INDIA,,EXCLUDED_OUT_OF_SCOPE,State 'Maharashtra' is outside the 7 South Indian target States/UTs.
Maharashtra.pdf,PMBJK16797,Maharashtra,Mumbai,OUTSIDE_SOUTH_INDIA,,EXCLUDED_OUT_OF_SCOPE,State 'Maharashtra' is outside the 7 South Indian target States/UTs.
Maharashtra.pdf,PMBJK16798,Maharashtra,Nashik,OUTSIDE_SOUTH_INDIA,,EXCLUDED_OUT_OF_SCOPE,State 'Maharashtra' is outside the 7 South Indian target States/UTs.
Maharashtra.pdf,PMBJK16807,Maharashtra,Mumbai,OUTSIDE_SOUTH_INDIA,,EXCLUDED_OUT_OF_SCOPE,State 'Maharashtra' is outside the 7 South Indian target States/UTs.
Maharashtra.pdf,PMBJK16812,Maharashtra,Satara,OUTSIDE_SOUTH_INDIA,,EXCLUDED_OUT_OF_SCOPE,State 'Maharashtra' is outside the 7 South Indian target States/UTs.
Maharashtra.pdf,PMBJK17021,Maharashtra,Palghar,OUTSIDE_SOUTH_INDIA,,EXCLUDED_OUT_OF_SCOPE,State 'Maharashtra' is outside the 7 South Indian target States/UTs.
Maharashtra.pdf,PMBJK17085,Maharashtra,Ahmednagar,OUTSIDE_SOUTH_INDIA,,EXCLUDED_OUT_OF_SCOPE,State 'Maharashtra' is outside the 7 South Indian target States/UTs.
Maharashtra.pdf,PMBJK17097,Maharashtra,Raigad,OUTSIDE_SOUTH_INDIA,,EXCLUDED_OUT_OF_SCOPE,State 'Maharashtra' is outside the 7 South Indian target States/UTs.
Maharashtra.pdf,PMBJK17116,Maharashtra,Nashik,OUTSIDE_SOUTH_INDIA,,EXCLUDED_OUT_OF_SCOPE,State 'Maharashtra' is outside the 7 South Indian target States/UTs.
Maharashtra.pdf,PMBJK17117,Maharashtra,Mumbai,OUTSIDE_SOUTH_INDIA,,EXCLUDED_OUT_OF_SCOPE,State 'Maharashtra' is outside the 7 South Indian target States/UTs.
Maharashtra.pdf,PMBJK17216,Maharashtra,Latur,OUTSIDE_SOUTH_INDIA,,EXCLUDED_OUT_OF_SCOPE,State 'Maharashtra' is outside the 7 South Indian target States/UTs.
Maharashtra.pdf,PMBJK17217,Maharashtra,Pune,OUTSIDE_SOUTH_INDIA,,EXCLUDED_OUT_OF_SCOPE,State 'Maharashtra' is outside the 7 South Indian target States/UTs.
Maharashtra.pdf,PMBJK17222,Maharashtra,Ahmednagar,OUTSIDE_SOUTH_INDIA,,EXCLUDED_OUT_OF_SCOPE,State 'Maharashtra' is outside the 7 South Indian target States/UTs.
Maharashtra.pdf,PMBJK17230,Maharashtra,Nashik,OUTSIDE_SOUTH_INDIA,,EXCLUDED_OUT_OF_SCOPE,State 'Maharashtra' is outside the 7 South Indian target States/UTs.
Maharashtra.pdf,PMBJK17319,Maharashtra,Thane,OUTSIDE_SOUTH_INDIA,,EXCLUDED_OUT_OF_SCOPE,State 'Maharashtra' is outside the 7 South Indian target States/UTs.
Maharashtra.pdf,PMBJK17556,Maharashtra,Kolhapur,OUTSIDE_SOUTH_INDIA,,EXCLUDED_OUT_OF_SCOPE,State 'Maharashtra' is outside the 7 South Indian target States/UTs.
Maharashtra.pdf,PMBJK17612,Maharashtra,Nanded,OUTSIDE_SOUTH_INDIA,,EXCLUDED_OUT_OF_SCOPE,State 'Maharashtra' is outside the 7 South Indian target States/UTs.
Maharashtra.pdf,PMBJK17678,Maharashtra,Mumbai,OUTSIDE_SOUTH_INDIA,,EXCLUDED_OUT_OF_SCOPE,State 'Maharashtra' is outside the 7 South Indian target States/UTs.
Maharashtra.pdf,PMBJK17722,Maharashtra,Pune,OUTSIDE_SOUTH_INDIA,,EXCLUDED_OUT_OF_SCOPE,State 'Maharashtra' is outside the 7 South Indian target States/UTs.
Maharashtra.pdf,PMBJK18207,Maharashtra,Satara,OUTSIDE_SOUTH_INDIA,,EXCLUDED_OUT_OF_SCOPE,State 'Maharashtra' is outside the 7 South Indian target States/UTs.
Maharashtra.pdf,PMBJK18208,Maharashtra,Chhatrapati Sambhajinagar,OUTSIDE_SOUTH_INDIA,,EXCLUDED_OUT_OF_SCOPE,State 'Maharashtra' is outside the 7 South Indian target States/UTs.
Maharashtra.pdf,PMBJK18237,Maharashtra,Thane,OUTSIDE_SOUTH_INDIA,,EXCLUDED_OUT_OF_SCOPE,State 'Maharashtra' is outside the 7 South Indian target States/UTs.
Maharashtra.pdf,PMBJK18554,Maharashtra,Kolhapur,OUTSIDE_SOUTH_INDIA,,EXCLUDED_OUT_OF_SCOPE,State 'Maharashtra' is outside the 7 South Indian target States/UTs.
Maharashtra.pdf,PMBJK18663,Maharashtra,Mumbai Suburban,OUTSIDE_SOUTH_INDIA,,EXCLUDED_OUT_OF_SCOPE,State 'Maharashtra' is outside the 7 South Indian target States/UTs.
Maharashtra.pdf,PMBJK18798,Maharashtra,Raigad,OUTSIDE_SOUTH_INDIA,,EXCLUDED_OUT_OF_SCOPE,State 'Maharashtra' is outside the 7 South Indian target States/UTs.
Maharashtra.pdf,PMBJK18801,Maharashtra,Wardha,OUTSIDE_SOUTH_INDIA,,EXCLUDED_OUT_OF_SCOPE,State 'Maharashtra' is outside the 7 South Indian target States/UTs.
Maharashtra.pdf,PMBJK18802,Maharashtra,Nashik,OUTSIDE_SOUTH_INDIA,,EXCLUDED_OUT_OF_SCOPE,State 'Maharashtra' is outside the 7 South Indian target States/UTs.
Maharashtra.pdf,PMBJK18803,Maharashtra,Pune,OUTSIDE_SOUTH_INDIA,,EXCLUDED_OUT_OF_SCOPE,State 'Maharashtra' is outside the 7 South Indian target States/UTs.
Maharashtra.pdf,PMBJK18915,Maharashtra,Mumbai Suburban,OUTSIDE_SOUTH_INDIA,,EXCLUDED_OUT_OF_SCOPE,State 'Maharashtra' is outside the 7 South Indian target States/UTs.
Maharashtra.pdf,PMBJK18966,Maharashtra,Pune,OUTSIDE_SOUTH_INDIA,,EXCLUDED_OUT_OF_SCOPE,State 'Maharashtra' is outside the 7 South Indian target States/UTs.
Maharashtra.pdf,PMBJK19188,Maharashtra,Nanded,OUTSIDE_SOUTH_INDIA,,EXCLUDED_OUT_OF_SCOPE,State 'Maharashtra' is outside the 7 South Indian target States/UTs.
Maharashtra.pdf,PMBJK19234,Maharashtra,Mumbai,OUTSIDE_SOUTH_INDIA,,EXCLUDED_OUT_OF_SCOPE,State 'Maharashtra' is outside the 7 South Indian target States/UTs.
Maharashtra.pdf,PMBJK19307,Maharashtra,Palghar,OUTSIDE_SOUTH_INDIA,,EXCLUDED_OUT_OF_SCOPE,State 'Maharashtra' is outside the 7 South Indian target States/UTs.
Maharashtra.pdf,PMBJK19364,Maharashtra,Solapur,OUTSIDE_SOUTH_INDIA,,EXCLUDED_OUT_OF_SCOPE,State 'Maharashtra' is outside the 7 South Indian target States/UTs.
Maharashtra.pdf,PMBJK19462,Maharashtra,Nagpur,OUTSIDE_SOUTH_INDIA,,EXCLUDED_OUT_OF_SCOPE,State 'Maharashtra' is outside the 7 South Indian target States/UTs.
Maharashtra.pdf,PMBJK19486,Maharashtra,Kolhapur,OUTSIDE_SOUTH_INDIA,,EXCLUDED_OUT_OF_SCOPE,State 'Maharashtra' is outside the 7 South Indian target States/UTs.
Maharashtra.pdf,PMBJK19536,Maharashtra,Akola,OUTSIDE_SOUTH_INDIA,,EXCLUDED_OUT_OF_SCOPE,State 'Maharashtra' is outside the 7 South Indian target States/UTs.
Maharashtra.pdf,PMBJK19587,Maharashtra,Sangli,OUTSIDE_SOUTH_INDIA,,EXCLUDED_OUT_OF_SCOPE,State 'Maharashtra' is outside the 7 South Indian target States/UTs.
Maharashtra.pdf,PMBJK19588,Maharashtra,Thane,OUTSIDE_SOUTH_INDIA,,EXCLUDED_OUT_OF_SCOPE,State 'Maharashtra' is outside the 7 South Indian target States/UTs.
Maharashtra.pdf,PMBJK19619,Maharashtra,Palghar,OUTSIDE_SOUTH_INDIA,,EXCLUDED_OUT_OF_SCOPE,State 'Maharashtra' is outside the 7 South Indian target States/UTs.
Maharashtra.pdf,PMBJK19660,Maharashtra,Nashik,OUTSIDE_SOUTH_INDIA,,EXCLUDED_OUT_OF_SCOPE,State 'Maharashtra' is outside the 7 South Indian target States/UTs.
Maharashtra.pdf,PMBJK19758,Maharashtra,Mumbai Suburban,OUTSIDE_SOUTH_INDIA,,EXCLUDED_OUT_OF_SCOPE,State 'Maharashtra' is outside the 7 South Indian target States/UTs.
Maharashtra.pdf,PMBJK19795,Maharashtra,Raigad,OUTSIDE_SOUTH_INDIA,,EXCLUDED_OUT_OF_SCOPE,State 'Maharashtra' is outside the 7 South Indian target States/UTs.
Maharashtra.pdf,PMBJK19884,Maharashtra,Thane,OUTSIDE_SOUTH_INDIA,,EXCLUDED_OUT_OF_SCOPE,State 'Maharashtra' is outside the 7 South Indian target States/UTs.
Maharashtra.pdf,PMBJK19937,Maharashtra,Dharashiv,OUTSIDE_SOUTH_INDIA,,EXCLUDED_OUT_OF_SCOPE,State 'Maharashtra' is outside the 7 South Indian target States/UTs.
Maharashtra.pdf,PMBJK19938,Maharashtra,Mumbai Suburban,OUTSIDE_SOUTH_INDIA,,EXCLUDED_OUT_OF_SCOPE,State 'Maharashtra' is outside the 7 South Indian target States/UTs.
Maharashtra.pdf,PMBJK19940,Maharashtra,Mumbai,OUTSIDE_SOUTH_INDIA,,EXCLUDED_OUT_OF_SCOPE,State 'Maharashtra' is outside the 7 South Indian target States/UTs.
Maharashtra.pdf,PMBJK20031,Maharashtra,Jalgaon,OUTSIDE_SOUTH_INDIA,,EXCLUDED_OUT_OF_SCOPE,State 'Maharashtra' is outside the 7 South Indian target States/UTs.
Maharashtra.pdf,PMBJK20063,Maharashtra,Pune,OUTSIDE_SOUTH_INDIA,,EXCLUDED_OUT_OF_SCOPE,State 'Maharashtra' is outside the 7 South Indian target States/UTs.
Maharashtra.pdf,PMBJK20064,Maharashtra,Mumbai Suburban,OUTSIDE_SOUTH_INDIA,,EXCLUDED_OUT_OF_SCOPE,State 'Maharashtra' is outside the 7 South Indian target States/UTs.
Maharashtra.pdf,PMBJK20065,Maharashtra,Mumbai,OUTSIDE_SOUTH_INDIA,,EXCLUDED_OUT_OF_SCOPE,State 'Maharashtra' is outside the 7 South Indian target States/UTs.
Maharashtra.pdf,PMBJK20167,Maharashtra,Hingoli,OUTSIDE_SOUTH_INDIA,,EXCLUDED_OUT_OF_SCOPE,State 'Maharashtra' is outside the 7 South Indian target States/UTs.
Maharashtra.pdf,PMBJK20175,Maharashtra,Mumbai Suburban,OUTSIDE_SOUTH_INDIA,,EXCLUDED_OUT_OF_SCOPE,State 'Maharashtra' is outside the 7 South Indian target States/UTs.
Maharashtra.pdf,PMBJK20182,Maharashtra,Mumbai,OUTSIDE_SOUTH_INDIA,,EXCLUDED_OUT_OF_SCOPE,State 'Maharashtra' is outside the 7 South Indian target States/UTs.
Maharashtra.pdf,PMBJK20183,Maharashtra,Yavatmal,OUTSIDE_SOUTH_INDIA,,EXCLUDED_OUT_OF_SCOPE,State 'Maharashtra' is outside the 7 South Indian target States/UTs.
Maharashtra.pdf,PMBJK20188,Maharashtra,Mumbai,OUTSIDE_SOUTH_INDIA,,EXCLUDED_OUT_OF_SCOPE,State 'Maharashtra' is outside the 7 South Indian target States/UTs.
Maharashtra.pdf,PMBJK20207,Maharashtra,Pune,OUTSIDE_SOUTH_INDIA,,EXCLUDED_OUT_OF_SCOPE,State 'Maharashtra' is outside the 7 South Indian target States/UTs.
Maharashtra.pdf,PMBJK20265,Maharashtra,Palghar,OUTSIDE_SOUTH_INDIA,,EXCLUDED_OUT_OF_SCOPE,State 'Maharashtra' is outside the 7 South Indian target States/UTs.
Maharashtra.pdf,PMBJK20399,Maharashtra,Thane,OUTSIDE_SOUTH_INDIA,,EXCLUDED_OUT_OF_SCOPE,State 'Maharashtra' is outside the 7 South Indian target States/UTs.
Maharashtra.pdf,PMBJK20407,Maharashtra,Palghar,OUTSIDE_SOUTH_INDIA,,EXCLUDED_OUT_OF_SCOPE,State 'Maharashtra' is outside the 7 South Indian target States/UTs.
Maharashtra.pdf,PMBJK20415,Maharashtra,Nashik,OUTSIDE_SOUTH_INDIA,,EXCLUDED_OUT_OF_SCOPE,State 'Maharashtra' is outside the 7 South Indian target States/UTs.
Maharashtra.pdf,PMBJK20437,Maharashtra,Mumbai Suburban,OUTSIDE_SOUTH_INDIA,,EXCLUDED_OUT_OF_SCOPE,State 'Maharashtra' is outside the 7 South Indian target States/UTs.
Maharashtra.pdf,PMBJK20438,Maharashtra,Mumbai,OUTSIDE_SOUTH_INDIA,,EXCLUDED_OUT_OF_SCOPE,State 'Maharashtra' is outside the 7 South Indian target States/UTs.
Maharashtra.pdf,PMBJK20516,Maharashtra,Latur,OUTSIDE_SOUTH_INDIA,,EXCLUDED_OUT_OF_SCOPE,State 'Maharashtra' is outside the 7 South Indian target States/UTs.
Maharashtra.pdf,PMBJK20614,Maharashtra,Ahmednagar,OUTSIDE_SOUTH_INDIA,,EXCLUDED_OUT_OF_SCOPE,State 'Maharashtra' is outside the 7 South Indian target States/UTs.
Maharashtra.pdf,PMBJK20622,Maharashtra,Akola,OUTSIDE_SOUTH_INDIA,,EXCLUDED_OUT_OF_SCOPE,State 'Maharashtra' is outside the 7 South Indian target States/UTs.
Maharashtra.pdf,PMBJK20625,Maharashtra,Mumbai Suburban,OUTSIDE_SOUTH_INDIA,,EXCLUDED_OUT_OF_SCOPE,State 'Maharashtra' is outside the 7 South Indian target States/UTs.
Maharashtra.pdf,PMBJK20674,Maharashtra,Dharashiv,OUTSIDE_SOUTH_INDIA,,EXCLUDED_OUT_OF_SCOPE,State 'Maharashtra' is outside the 7 South Indian target States/UTs.
Maharashtra.pdf,PMBJK20710,Maharashtra,Chandrapur,OUTSIDE_SOUTH_INDIA,,EXCLUDED_OUT_OF_SCOPE,State 'Maharashtra' is outside the 7 South Indian target States/UTs.
Maharashtra.pdf,PMBJK20746,Maharashtra,Thane,OUTSIDE_SOUTH_INDIA,,EXCLUDED_OUT_OF_SCOPE,State 'Maharashtra' is outside the 7 South Indian target States/UTs.
Maharashtra.pdf,PMBJK20825,Maharashtra,Mumbai,OUTSIDE_SOUTH_INDIA,,EXCLUDED_OUT_OF_SCOPE,State 'Maharashtra' is outside the 7 South Indian target States/UTs.
Maharashtra.pdf,PMBJK20879,Maharashtra,Parbhani,OUTSIDE_SOUTH_INDIA,,EXCLUDED_OUT_OF_SCOPE,State 'Maharashtra' is outside the 7 South Indian target States/UTs.
Maharashtra.pdf,PMBJK20904,Maharashtra,Nagpur,OUTSIDE_SOUTH_INDIA,,EXCLUDED_OUT_OF_SCOPE,State 'Maharashtra' is outside the 7 South Indian target States/UTs.
Maharashtra.pdf,PMBJK21087,Maharashtra,Nagpur,OUTSIDE_SOUTH_INDIA,,EXCLUDED_OUT_OF_SCOPE,State 'Maharashtra' is outside the 7 South Indian target States/UTs.
Maharashtra.pdf,PMBJK21089,Maharashtra,Nashik,OUTSIDE_SOUTH_INDIA,,EXCLUDED_OUT_OF_SCOPE,State 'Maharashtra' is outside the 7 South Indian target States/UTs.
Maharashtra.pdf,PMBJK21090,Maharashtra,Mumbai,OUTSIDE_SOUTH_INDIA,,EXCLUDED_OUT_OF_SCOPE,State 'Maharashtra' is outside the 7 South Indian target States/UTs.
Maharashtra.pdf,PMBJK21093,Maharashtra,Hingoli,OUTSIDE_SOUTH_INDIA,,EXCLUDED_OUT_OF_SCOPE,State 'Maharashtra' is outside the 7 South Indian target States/UTs.
Maharashtra.pdf,PMBJK21100,Maharashtra,Beed,OUTSIDE_SOUTH_INDIA,,EXCLUDED_OUT_OF_SCOPE,State 'Maharashtra' is outside the 7 South Indian target States/UTs.
Maharashtra.pdf,PMBJK21105,Maharashtra,Mumbai Suburban,OUTSIDE_SOUTH_INDIA,,EXCLUDED_OUT_OF_SCOPE,State 'Maharashtra' is outside the 7 South Indian target States/UTs.
Maharashtra.pdf,PMBJK21109,Maharashtra,Buldhana,OUTSIDE_SOUTH_INDIA,,EXCLUDED_OUT_OF_SCOPE,State 'Maharashtra' is outside the 7 South Indian target States/UTs.
Maharashtra.pdf,PMBJK21157,Maharashtra,Buldhana,OUTSIDE_SOUTH_INDIA,,EXCLUDED_OUT_OF_SCOPE,State 'Maharashtra' is outside the 7 South Indian target States/UTs.
Maharashtra.pdf,PMBJK21163,Maharashtra,Mumbai Suburban,OUTSIDE_SOUTH_INDIA,,EXCLUDED_OUT_OF_SCOPE,State 'Maharashtra' is outside the 7 South Indian target States/UTs.
Maharashtra.pdf,PMBJK21295,Maharashtra,Sangli,OUTSIDE_SOUTH_INDIA,,EXCLUDED_OUT_OF_SCOPE,State 'Maharashtra' is outside the 7 South Indian target States/UTs.
Maharashtra.pdf,PMBJK21327,Maharashtra,Nagpur,OUTSIDE_SOUTH_INDIA,,EXCLUDED_OUT_OF_SCOPE,State 'Maharashtra' is outside the 7 South Indian target States/UTs.
Maharashtra.pdf,PMBJK21362,Maharashtra,Palghar,OUTSIDE_SOUTH_INDIA,,EXCLUDED_OUT_OF_SCOPE,State 'Maharashtra' is outside the 7 South Indian target States/UTs.
Maharashtra.pdf,PMBJK21364,Maharashtra,Mumbai,OUTSIDE_SOUTH_INDIA,,EXCLUDED_OUT_OF_SCOPE,State 'Maharashtra' is outside the 7 South Indian target States/UTs.
Maharashtra.pdf,PMBJK21387,Maharashtra,Thane,OUTSIDE_SOUTH_INDIA,,EXCLUDED_OUT_OF_SCOPE,State 'Maharashtra' is outside the 7 South Indian target States/UTs.
Maharashtra.pdf,PMBJK21389,Maharashtra,Amravati,OUTSIDE_SOUTH_INDIA,,EXCLUDED_OUT_OF_SCOPE,State 'Maharashtra' is outside the 7 South Indian target States/UTs.
Maharashtra.pdf,PMBJK21395,Maharashtra,Nanded,OUTSIDE_SOUTH_INDIA,,EXCLUDED_OUT_OF_SCOPE,State 'Maharashtra' is outside the 7 South Indian target States/UTs.
Maharashtra.pdf,PMBJK21415,Maharashtra,Palghar,OUTSIDE_SOUTH_INDIA,,EXCLUDED_OUT_OF_SCOPE,State 'Maharashtra' is outside the 7 South Indian target States/UTs.
Maharashtra.pdf,PMBJK21422,Maharashtra,Mumbai,OUTSIDE_SOUTH_INDIA,,EXCLUDED_OUT_OF_SCOPE,State 'Maharashtra' is outside the 7 South Indian target States/UTs.
Maharashtra.pdf,PMBJK21432,Maharashtra,Mumbai Suburban,OUTSIDE_SOUTH_INDIA,,EXCLUDED_OUT_OF_SCOPE,State 'Maharashtra' is outside the 7 South Indian target States/UTs.
Maharashtra.pdf,PMBJK21437,Maharashtra,Mumbai Suburban,OUTSIDE_SOUTH_INDIA,,EXCLUDED_OUT_OF_SCOPE,State 'Maharashtra' is outside the 7 South Indian target States/UTs.
Maharashtra.pdf,PMBJK21467,Maharashtra,Pune,OUTSIDE_SOUTH_INDIA,,EXCLUDED_OUT_OF_SCOPE,State 'Maharashtra' is outside the 7 South Indian target States/UTs.
Maharashtra.pdf,PMBJK21483,Maharashtra,Bhandara,OUTSIDE_SOUTH_INDIA,,EXCLUDED_OUT_OF_SCOPE,State 'Maharashtra' is outside the 7 South Indian target States/UTs.
Maharashtra.pdf,PMBJK21496,Maharashtra,Palghar,OUTSIDE_SOUTH_INDIA,,EXCLUDED_OUT_OF_SCOPE,State 'Maharashtra' is outside the 7 South Indian target States/UTs.
Maharashtra.pdf,PMBJK21497,Maharashtra,Palghar,OUTSIDE_SOUTH_INDIA,,EXCLUDED_OUT_OF_SCOPE,State 'Maharashtra' is outside the 7 South Indian target States/UTs.
Maharashtra.pdf,PMBJK21601,Maharashtra,Thane,OUTSIDE_SOUTH_INDIA,,EXCLUDED_OUT_OF_SCOPE,State 'Maharashtra' is outside the 7 South Indian target States/UTs.
Maharashtra.pdf,PMBJK21664,Maharashtra,Thane,OUTSIDE_SOUTH_INDIA,,EXCLUDED_OUT_OF_SCOPE,State 'Maharashtra' is outside the 7 South Indian target States/UTs.
Maharashtra.pdf,PMBJK21722,Maharashtra,Jalna,OUTSIDE_SOUTH_INDIA,,EXCLUDED_OUT_OF_SCOPE,State 'Maharashtra' is outside the 7 South Indian target States/UTs.
Maharashtra.pdf,PMBJK21747,Maharashtra,Nanded,OUTSIDE_SOUTH_INDIA,,EXCLUDED_OUT_OF_SCOPE,State 'Maharashtra' is outside the 7 South Indian target States/UTs.
Maharashtra.pdf,PMBJK21748,Maharashtra,Palghar,OUTSIDE_SOUTH_INDIA,,EXCLUDED_OUT_OF_SCOPE,State 'Maharashtra' is outside the 7 South Indian target States/UTs.
Maharashtra.pdf,PMBJK21749,Maharashtra,Nashik,OUTSIDE_SOUTH_INDIA,,EXCLUDED_OUT_OF_SCOPE,State 'Maharashtra' is outside the 7 South Indian target States/UTs.
Maharashtra.pdf,PMBJK21796,Maharashtra,Thane,OUTSIDE_SOUTH_INDIA,,EXCLUDED_OUT_OF_SCOPE,State 'Maharashtra' is outside the 7 South Indian target States/UTs.
Maharashtra.pdf,PMBJK21815,Maharashtra,Mumbai,OUTSIDE_SOUTH_INDIA,,EXCLUDED_OUT_OF_SCOPE,State 'Maharashtra' is outside the 7 South Indian target States/UTs.
Maharashtra.pdf,PMBJK21823,Maharashtra,Chandrapur,OUTSIDE_SOUTH_INDIA,,EXCLUDED_OUT_OF_SCOPE,State 'Maharashtra' is outside the 7 South Indian target States/UTs.
Maharashtra.pdf,PMBJK21825,Maharashtra,Amravati,OUTSIDE_SOUTH_INDIA,,EXCLUDED_OUT_OF_SCOPE,State 'Maharashtra' is outside the 7 South Indian target States/UTs.
Maharashtra.pdf,PMBJK21889,Maharashtra,Palghar,OUTSIDE_SOUTH_INDIA,,EXCLUDED_OUT_OF_SCOPE,State 'Maharashtra' is outside the 7 South Indian target States/UTs.
Maharashtra.pdf,PMBJK21994,Maharashtra,Pune,OUTSIDE_SOUTH_INDIA,,EXCLUDED_OUT_OF_SCOPE,State 'Maharashtra' is outside the 7 South Indian target States/UTs.
Maharashtra.pdf,PMBJK21995,Maharashtra,Thane,OUTSIDE_SOUTH_INDIA,,EXCLUDED_OUT_OF_SCOPE,State 'Maharashtra' is outside the 7 South Indian target States/UTs.
Maharashtra.pdf,PMBJK22051,Maharashtra,Gondia,OUTSIDE_SOUTH_INDIA,,EXCLUDED_OUT_OF_SCOPE,State 'Maharashtra' is outside the 7 South Indian target States/UTs.
Maharashtra.pdf,PMBJK22084,Maharashtra,Kolhapur,OUTSIDE_SOUTH_INDIA,,EXCLUDED_OUT_OF_SCOPE,State 'Maharashtra' is outside the 7 South Indian target States/UTs.
Maharashtra.pdf,PMBJK22091,Maharashtra,Palghar,OUTSIDE_SOUTH_INDIA,,EXCLUDED_OUT_OF_SCOPE,State 'Maharashtra' is outside the 7 South Indian target States/UTs.
Maharashtra.pdf,PMBJK22123,Maharashtra,Thane,OUTSIDE_SOUTH_INDIA,,EXCLUDED_OUT_OF_SCOPE,State 'Maharashtra' is outside the 7 South Indian target States/UTs.
Maharashtra.pdf,PMBJK22124,Maharashtra,Thane,OUTSIDE_SOUTH_INDIA,,EXCLUDED_OUT_OF_SCOPE,State 'Maharashtra' is outside the 7 South Indian target States/UTs.
Maharashtra.pdf,PMBJK22154,Maharashtra,Nashik,OUTSIDE_SOUTH_INDIA,,EXCLUDED_OUT_OF_SCOPE,State 'Maharashtra' is outside the 7 South Indian target States/UTs.
Maharashtra.pdf,PMBJK22173,Maharashtra,Palghar,OUTSIDE_SOUTH_INDIA,,EXCLUDED_OUT_OF_SCOPE,State 'Maharashtra' is outside the 7 South Indian target States/UTs.
Maharashtra.pdf,PMBJK22203,Maharashtra,Mumbai,OUTSIDE_SOUTH_INDIA,,EXCLUDED_OUT_OF_SCOPE,State 'Maharashtra' is outside the 7 South Indian target States/UTs.
Maharashtra.pdf,PMBJK22205,Maharashtra,Mumbai,OUTSIDE_SOUTH_INDIA,,EXCLUDED_OUT_OF_SCOPE,State 'Maharashtra' is outside the 7 South Indian target States/UTs.
Maharashtra.pdf,PMBJK22430,Maharashtra,Mumbai Suburban,OUTSIDE_SOUTH_INDIA,,EXCLUDED_OUT_OF_SCOPE,State 'Maharashtra' is outside the 7 South Indian target States/UTs.
Maharashtra.pdf,PMBJK22432,Maharashtra,Mumbai Suburban,OUTSIDE_SOUTH_INDIA,,EXCLUDED_OUT_OF_SCOPE,State 'Maharashtra' is outside the 7 South Indian target States/UTs.
Maharashtra.pdf,PMBJK22532,Maharashtra,Nashik,OUTSIDE_SOUTH_INDIA,,EXCLUDED_OUT_OF_SCOPE,State 'Maharashtra' is outside the 7 South Indian target States/UTs.
Maharashtra.pdf,PMBJK22589,Maharashtra,Gadchiroli,OUTSIDE_SOUTH_INDIA,,EXCLUDED_OUT_OF_SCOPE,State 'Maharashtra' is outside the 7 South Indian target States/UTs.
Maharashtra.pdf,PMBJK22590,Maharashtra,Jalna,OUTSIDE_SOUTH_INDIA,,EXCLUDED_OUT_OF_SCOPE,State 'Maharashtra' is outside the 7 South Indian target States/UTs.
Maharashtra.pdf,PMBJK22591,Maharashtra,Chhatrapati Sambhajinagar,OUTSIDE_SOUTH_INDIA,,EXCLUDED_OUT_OF_SCOPE,State 'Maharashtra' is outside the 7 South Indian target States/UTs.
Maharashtra.pdf,PMBJK22593,Maharashtra,Nanded,OUTSIDE_SOUTH_INDIA,,EXCLUDED_OUT_OF_SCOPE,State 'Maharashtra' is outside the 7 South Indian target States/UTs.
Maharashtra.pdf,PMBJK22601,Maharashtra,Nashik,OUTSIDE_SOUTH_INDIA,,EXCLUDED_OUT_OF_SCOPE,State 'Maharashtra' is outside the 7 South Indian target States/UTs.
Maharashtra.pdf,PMBJK22653,Maharashtra,Beed,OUTSIDE_SOUTH_INDIA,,EXCLUDED_OUT_OF_SCOPE,State 'Maharashtra' is outside the 7 South Indian target States/UTs.
Maharashtra.pdf,PMBJK22696,Maharashtra,Nashik,OUTSIDE_SOUTH_INDIA,,EXCLUDED_OUT_OF_SCOPE,State 'Maharashtra' is outside the 7 South Indian target States/UTs.
Maharashtra.pdf,PMBJK22857,Maharashtra,Mumbai Suburban,OUTSIDE_SOUTH_INDIA,,EXCLUDED_OUT_OF_SCOPE,State 'Maharashtra' is outside the 7 South Indian target States/UTs.
Maharashtra.pdf,PMBJK22941,Maharashtra,Mumbai Suburban,OUTSIDE_SOUTH_INDIA,,EXCLUDED_OUT_OF_SCOPE,State 'Maharashtra' is outside the 7 South Indian target States/UTs.
Maharashtra.pdf,PMBJK22951,Maharashtra,Latur,OUTSIDE_SOUTH_INDIA,,EXCLUDED_OUT_OF_SCOPE,State 'Maharashtra' is outside the 7 South Indian target States/UTs.
Maharashtra.pdf,PMBJK22983,Maharashtra,Nanded,OUTSIDE_SOUTH_INDIA,,EXCLUDED_OUT_OF_SCOPE,State 'Maharashtra' is outside the 7 South Indian target States/UTs.
Maharashtra.pdf,PMBJK23001,Maharashtra,Ahmednagar,OUTSIDE_SOUTH_INDIA,,EXCLUDED_OUT_OF_SCOPE,State 'Maharashtra' is outside the 7 South Indian target States/UTs.
Maharashtra.pdf,PMBJK23003,Maharashtra,Pune,OUTSIDE_SOUTH_INDIA,,EXCLUDED_OUT_OF_SCOPE,State 'Maharashtra' is outside the 7 South Indian target States/UTs.
Maharashtra.pdf,PMBJK23077,Maharashtra,Mumbai Suburban,OUTSIDE_SOUTH_INDIA,,EXCLUDED_OUT_OF_SCOPE,State 'Maharashtra' is outside the 7 South Indian target States/UTs.
Maharashtra.pdf,PMBJK23078,Maharashtra,Mumbai Suburban,OUTSIDE_SOUTH_INDIA,,EXCLUDED_OUT_OF_SCOPE,State 'Maharashtra' is outside the 7 South Indian target States/UTs.
Maharashtra.pdf,PMBJK23147,Maharashtra,Mumbai Suburban,OUTSIDE_SOUTH_INDIA,,EXCLUDED_OUT_OF_SCOPE,State 'Maharashtra' is outside the 7 South Indian target States/UTs.
Maharashtra.pdf,PMBJK23224,Maharashtra,Chhatrapati Sambhajinagar,OUTSIDE_SOUTH_INDIA,,EXCLUDED_OUT_OF_SCOPE,State 'Maharashtra' is outside the 7 South Indian target States/UTs.
Maharashtra.pdf,PMBJK23232,Maharashtra,Thane,OUTSIDE_SOUTH_INDIA,,EXCLUDED_OUT_OF_SCOPE,State 'Maharashtra' is outside the 7 South Indian target States/UTs.
Maharashtra.pdf,PMBJK23288,Maharashtra,Jalgaon,OUTSIDE_SOUTH_INDIA,,EXCLUDED_OUT_OF_SCOPE,State 'Maharashtra' is outside the 7 South Indian target States/UTs.
Maharashtra.pdf,PMBJK23337,Maharashtra,Thane,OUTSIDE_SOUTH_INDIA,,EXCLUDED_OUT_OF_SCOPE,State 'Maharashtra' is outside the 7 South Indian target States/UTs.
Maharashtra.pdf,PMBJK23361,Maharashtra,Nashik,OUTSIDE_SOUTH_INDIA,,EXCLUDED_OUT_OF_SCOPE,State 'Maharashtra' is outside the 7 South Indian target States/UTs.
Maharashtra.pdf,PMBJK23374,Maharashtra,Satara,OUTSIDE_SOUTH_INDIA,,EXCLUDED_OUT_OF_SCOPE,State 'Maharashtra' is outside the 7 South Indian target States/UTs.
Maharashtra.pdf,PMBJK23614,Maharashtra,Thane,OUTSIDE_SOUTH_INDIA,,EXCLUDED_OUT_OF_SCOPE,State 'Maharashtra' is outside the 7 South Indian target States/UTs.
Maharashtra.pdf,PMBJK23655,Maharashtra,Thane,OUTSIDE_SOUTH_INDIA,,EXCLUDED_OUT_OF_SCOPE,State 'Maharashtra' is outside the 7 South Indian target States/UTs.
Maharashtra.pdf,PMBJK23664,Maharashtra,Thane,OUTSIDE_SOUTH_INDIA,,EXCLUDED_OUT_OF_SCOPE,State 'Maharashtra' is outside the 7 South Indian target States/UTs.
Maharashtra.pdf,PMBJK23736,Maharashtra,Nagpur,OUTSIDE_SOUTH_INDIA,,EXCLUDED_OUT_OF_SCOPE,State 'Maharashtra' is outside the 7 South Indian target States/UTs.
Maharashtra.pdf,PMBJK23743,Maharashtra,Sangli,OUTSIDE_SOUTH_INDIA,,EXCLUDED_OUT_OF_SCOPE,State 'Maharashtra' is outside the 7 South Indian target States/UTs.
Maharashtra.pdf,PMBJK23751,Maharashtra,Mumbai Suburban,OUTSIDE_SOUTH_INDIA,,EXCLUDED_OUT_OF_SCOPE,State 'Maharashtra' is outside the 7 South Indian target States/UTs.
Maharashtra.pdf,PMBJK23780,Maharashtra,Thane,OUTSIDE_SOUTH_INDIA,,EXCLUDED_OUT_OF_SCOPE,State 'Maharashtra' is outside the 7 South Indian target States/UTs.
Maharashtra.pdf,PMBJK23833,Maharashtra,Thane,OUTSIDE_SOUTH_INDIA,,EXCLUDED_OUT_OF_SCOPE,State 'Maharashtra' is outside the 7 South Indian target States/UTs.
Maharashtra.pdf,PMBJK23843,Maharashtra,Sangli,OUTSIDE_SOUTH_INDIA,,EXCLUDED_OUT_OF_SCOPE,State 'Maharashtra' is outside the 7 South Indian target States/UTs.
Maharashtra.pdf,PMBJK23908,Maharashtra,Mumbai Suburban,OUTSIDE_SOUTH_INDIA,,EXCLUDED_OUT_OF_SCOPE,State 'Maharashtra' is outside the 7 South Indian target States/UTs.
Maharashtra.pdf,PMBJK23909,Maharashtra,Mumbai Suburban,OUTSIDE_SOUTH_INDIA,,EXCLUDED_OUT_OF_SCOPE,State 'Maharashtra' is outside the 7 South Indian target States/UTs.
Maharashtra.pdf,PMBJK23912,Maharashtra,Mumbai Suburban,OUTSIDE_SOUTH_INDIA,,EXCLUDED_OUT_OF_SCOPE,State 'Maharashtra' is outside the 7 South Indian target States/UTs.
Maharashtra.pdf,PMBJK23931,Maharashtra,Mumbai Suburban,OUTSIDE_SOUTH_INDIA,,EXCLUDED_OUT_OF_SCOPE,State 'Maharashtra' is outside the 7 South Indian target States/UTs.
Maharashtra.pdf,PMBJK23932,Maharashtra,Palghar,OUTSIDE_SOUTH_INDIA,,EXCLUDED_OUT_OF_SCOPE,State 'Maharashtra' is outside the 7 South Indian target States/UTs.
Puducherry.pdf,PMBJK01763,Puducherry,Pondicherry,SOUTH_INDIA_IN_SCOPE,600.0,MATCHED,Matched via alias.
Puducherry.pdf,PMBJK01764,Puducherry,Pondicherry,SOUTH_INDIA_IN_SCOPE,600.0,MATCHED,Matched via alias.
Puducherry.pdf,PMBJK01765,Puducherry,Pondicherry,SOUTH_INDIA_IN_SCOPE,600.0,MATCHED,Matched via alias.
Puducherry.pdf,PMBJK01766,Puducherry,Pondicherry,SOUTH_INDIA_IN_SCOPE,600.0,MATCHED,Matched via alias.
Puducherry.pdf,PMBJK01767,Puducherry,Pondicherry,SOUTH_INDIA_IN_SCOPE,600.0,MATCHED,Matched via alias.
Puducherry.pdf,PMBJK01768,Puducherry,Pondicherry,SOUTH_INDIA_IN_SCOPE,600.0,MATCHED,Matched via alias.
Puducherry.pdf,PMBJK01769,Puducherry,Pondicherry,SOUTH_INDIA_IN_SCOPE,600.0,MATCHED,Matched via alias.
Puducherry.pdf,PMBJK01770,Puducherry,Pondicherry,SOUTH_INDIA_IN_SCOPE,600.0,MATCHED,Matched via alias.
Puducherry.pdf,PMBJK02799,Puducherry,Pondicherry,SOUTH_INDIA_IN_SCOPE,600.0,MATCHED,Matched via alias.
Puducherry.pdf,PMBJK02941,Puducherry,Pondicherry,SOUTH_INDIA_IN_SCOPE,600.0,MATCHED,Matched via alias.
Puducherry.pdf,PMBJK03029,Puducherry,Karaikal,SOUTH_INDIA_IN_SCOPE,598.0,MATCHED,Matched via exact.
Puducherry.pdf,PMBJK03539,Puducherry,Pondicherry,SOUTH_INDIA_IN_SCOPE,600.0,MATCHED,Matched via alias.
Puducherry.pdf,PMBJK03746,Puducherry,Pondicherry,SOUTH_INDIA_IN_SCOPE,600.0,MATCHED,Matched via alias.
Puducherry.pdf,PMBJK05286,Puducherry,Pondicherry,SOUTH_INDIA_IN_SCOPE,600.0,MATCHED,Matched via alias.
Puducherry.pdf,PMBJK05799,Puducherry,Karaikal,SOUTH_INDIA_IN_SCOPE,598.0,MATCHED,Matched via exact.
Puducherry.pdf,PMBJK06375,Puducherry,Pondicherry,SOUTH_INDIA_IN_SCOPE,600.0,MATCHED,Matched via alias.
Puducherry.pdf,PMBJK08895,Puducherry,Pondicherry,SOUTH_INDIA_IN_SCOPE,600.0,MATCHED,Matched via alias.
Puducherry.pdf,PMBJK08941,Puducherry,Pondicherry,SOUTH_INDIA_IN_SCOPE,600.0,MATCHED,Matched via alias.
Puducherry.pdf,PMBJK09424,Puducherry,Pondicherry,SOUTH_INDIA_IN_SCOPE,600.0,MATCHED,Matched via alias.
Puducherry.pdf,PMBJK09693,Puducherry,Pondicherry,SOUTH_INDIA_IN_SCOPE,600.0,MATCHED,Matched via alias.
Puducherry.pdf,PMBJK11400,Puducherry,Pondicherry,SOUTH_INDIA_IN_SCOPE,600.0,MATCHED,Matched via alias.
Puducherry.pdf,PMBJK11718,Puducherry,Pondicherry,SOUTH_INDIA_IN_SCOPE,600.0,MATCHED,Matched via alias.
Puducherry.pdf,PMBJK11744,Puducherry,Karaikal,SOUTH_INDIA_IN_SCOPE,598.0,MATCHED,Matched via exact.
Puducherry.pdf,PMBJK11785,Puducherry,Karaikal,SOUTH_INDIA_IN_SCOPE,598.0,MATCHED,Matched via exact.
Puducherry.pdf,PMBJK12282,Puducherry,Pondicherry,SOUTH_INDIA_IN_SCOPE,600.0,MATCHED,Matched via alias.
Puducherry.pdf,PMBJK12699,Puducherry,Pondicherry,SOUTH_INDIA_IN_SCOPE,600.0,MATCHED,Matched via alias.
Puducherry.pdf,PMBJK13811,Puducherry,Pondicherry,SOUTH_INDIA_IN_SCOPE,600.0,MATCHED,Matched via alias.
Puducherry.pdf,PMBJK14117,Puducherry,Pondicherry,SOUTH_INDIA_IN_SCOPE,600.0,MATCHED,Matched via alias.
Puducherry.pdf,PMBJK15054,Puducherry,Pondicherry,SOUTH_INDIA_IN_SCOPE,600.0,MATCHED,Matched via alias.
Puducherry.pdf,PMBJK16005,Puducherry,Karaikal,SOUTH_INDIA_IN_SCOPE,598.0,MATCHED,Matched via exact.
Puducherry.pdf,PMBJK16171,Puducherry,Pondicherry,SOUTH_INDIA_IN_SCOPE,600.0,MATCHED,Matched via alias.
Puducherry.pdf,PMBJK16221,Puducherry,Pondicherry,SOUTH_INDIA_IN_SCOPE,600.0,MATCHED,Matched via alias.
Puducherry.pdf,PMBJK16670,Puducherry,Pondicherry,SOUTH_INDIA_IN_SCOPE,600.0,MATCHED,Matched via alias.
TamilNadu.pdf,PMBJK01278,Tamil Nadu,Theni,SOUTH_INDIA_IN_SCOPE,588.0,MATCHED,Matched via exact.
TamilNadu.pdf,PMBJK01410,Tamil Nadu,Madurai,SOUTH_INDIA_IN_SCOPE,578.0,MATCHED,Matched via exact.
TamilNadu.pdf,PMBJK01417,Tamil Nadu,Cuddalore,SOUTH_INDIA_IN_SCOPE,570.0,MATCHED,Matched via exact.
TamilNadu.pdf,PMBJK01430,Tamil Nadu,Madurai,SOUTH_INDIA_IN_SCOPE,578.0,MATCHED,Matched via exact.
TamilNadu.pdf,PMBJK01923,Tamil Nadu,Chennai,SOUTH_INDIA_IN_SCOPE,568.0,MATCHED,Matched via exact.
TamilNadu.pdf,PMBJK01926,Tamil Nadu,Chennai,SOUTH_INDIA_IN_SCOPE,568.0,MATCHED,Matched via exact.
TamilNadu.pdf,PMBJK01927,Tamil Nadu,Dindigul,SOUTH_INDIA_IN_SCOPE,572.0,MATCHED,Matched via exact.
TamilNadu.pdf,PMBJK01928,Tamil Nadu,Chennai,SOUTH_INDIA_IN_SCOPE,568.0,MATCHED,Matched via exact.
TamilNadu.pdf,PMBJK01931,Tamil Nadu,Thiruvallur,SOUTH_INDIA_IN_SCOPE,589.0,MATCHED,Matched via exact.
TamilNadu.pdf,PMBJK01933,Tamil Nadu,Chennai,SOUTH_INDIA_IN_SCOPE,568.0,MATCHED,Matched via exact.
TamilNadu.pdf,PMBJK01934,Tamil Nadu,Chennai,SOUTH_INDIA_IN_SCOPE,568.0,MATCHED,Matched via exact.
TamilNadu.pdf,PMBJK01935,Tamil Nadu,Chennai,SOUTH_INDIA_IN_SCOPE,568.0,MATCHED,Matched via exact.
TamilNadu.pdf,PMBJK01939,Tamil Nadu,Chennai,SOUTH_INDIA_IN_SCOPE,568.0,MATCHED,Matched via exact.
TamilNadu.pdf,PMBJK01940,Tamil Nadu,Chennai,SOUTH_INDIA_IN_SCOPE,568.0,MATCHED,Matched via exact.
TamilNadu.pdf,PMBJK01942,Tamil Nadu,Coimbatore,SOUTH_INDIA_IN_SCOPE,569.0,MATCHED,Matched via exact.
TamilNadu.pdf,PMBJK01945,Tamil Nadu,Coimbatore,SOUTH_INDIA_IN_SCOPE,569.0,MATCHED,Matched via exact.
TamilNadu.pdf,PMBJK01946,Tamil Nadu,Coimbatore,SOUTH_INDIA_IN_SCOPE,569.0,MATCHED,Matched via exact.
TamilNadu.pdf,PMBJK01949,Tamil Nadu,The Nilgiris,SOUTH_INDIA_IN_SCOPE,587.0,MATCHED,Matched via exact.
TamilNadu.pdf,PMBJK01950,Tamil Nadu,Coimbatore,SOUTH_INDIA_IN_SCOPE,569.0,MATCHED,Matched via exact.
TamilNadu.pdf,PMBJK01951,Tamil Nadu,The Nilgiris,SOUTH_INDIA_IN_SCOPE,587.0,MATCHED,Matched via exact.
TamilNadu.pdf,PMBJK01952,Tamil Nadu,Coimbatore,SOUTH_INDIA_IN_SCOPE,569.0,MATCHED,Matched via exact.
TamilNadu.pdf,PMBJK01953,Tamil Nadu,Coimbatore,SOUTH_INDIA_IN_SCOPE,569.0,MATCHED,Matched via exact.
TamilNadu.pdf,PMBJK01956,Tamil Nadu,Coimbatore,SOUTH_INDIA_IN_SCOPE,569.0,MATCHED,Matched via exact.
TamilNadu.pdf,PMBJK01957,Tamil Nadu,Coimbatore,SOUTH_INDIA_IN_SCOPE,569.0,MATCHED,Matched via exact.
TamilNadu.pdf,PMBJK01958,Tamil Nadu,Coimbatore,SOUTH_INDIA_IN_SCOPE,569.0,MATCHED,Matched via exact.
TamilNadu.pdf,PMBJK01959,Tamil Nadu,Nagapattinam,SOUTH_INDIA_IN_SCOPE,579.0,MATCHED,Matched via exact.
TamilNadu.pdf,PMBJK01960,Tamil Nadu,Coimbatore,SOUTH_INDIA_IN_SCOPE,569.0,MATCHED,Matched via exact.
TamilNadu.pdf,PMBJK01962,Tamil Nadu,Coimbatore,SOUTH_INDIA_IN_SCOPE,569.0,MATCHED,Matched via exact.
TamilNadu.pdf,PMBJK01965,Tamil Nadu,Cuddalore,SOUTH_INDIA_IN_SCOPE,570.0,MATCHED,Matched via exact.
TamilNadu.pdf,PMBJK01968,Tamil Nadu,Dharmapuri,SOUTH_INDIA_IN_SCOPE,571.0,MATCHED,Matched via exact.
TamilNadu.pdf,PMBJK01969,Tamil Nadu,Dharmapuri,SOUTH_INDIA_IN_SCOPE,571.0,MATCHED,Matched via exact.
TamilNadu.pdf,PMBJK01970,Tamil Nadu,Dharmapuri,SOUTH_INDIA_IN_SCOPE,571.0,MATCHED,Matched via exact.
TamilNadu.pdf,PMBJK01971,Tamil Nadu,Dharmapuri,SOUTH_INDIA_IN_SCOPE,571.0,MATCHED,Matched via exact.
TamilNadu.pdf,PMBJK01975,Tamil Nadu,Dindigul,SOUTH_INDIA_IN_SCOPE,572.0,MATCHED,Matched via exact.
TamilNadu.pdf,PMBJK01978,Tamil Nadu,Cuddalore,SOUTH_INDIA_IN_SCOPE,570.0,MATCHED,Matched via exact.
TamilNadu.pdf,PMBJK01979,Tamil Nadu,Dindigul,SOUTH_INDIA_IN_SCOPE,572.0,MATCHED,Matched via exact.
TamilNadu.pdf,PMBJK01980,Tamil Nadu,Dindigul,SOUTH_INDIA_IN_SCOPE,572.0,MATCHED,Matched via exact.
TamilNadu.pdf,PMBJK01981,Tamil Nadu,Dindigul,SOUTH_INDIA_IN_SCOPE,572.0,MATCHED,Matched via exact.
TamilNadu.pdf,PMBJK01982,Tamil Nadu,Erode,SOUTH_INDIA_IN_SCOPE,573.0,MATCHED,Matched via exact.
TamilNadu.pdf,PMBJK01992,Tamil Nadu,Erode,SOUTH_INDIA_IN_SCOPE,573.0,MATCHED,Matched via exact.
TamilNadu.pdf,PMBJK01995,Tamil Nadu,Erode,SOUTH_INDIA_IN_SCOPE,573.0,MATCHED,Matched via exact.
TamilNadu.pdf,PMBJK01997,Tamil Nadu,The Nilgiris,SOUTH_INDIA_IN_SCOPE,587.0,MATCHED,Matched via exact.
TamilNadu.pdf,PMBJK01998,Tamil Nadu,Erode,SOUTH_INDIA_IN_SCOPE,573.0,MATCHED,Matched via exact.
TamilNadu.pdf,PMBJK02000,Tamil Nadu,Kancheepuram,SOUTH_INDIA_IN_SCOPE,574.0,MATCHED,Matched via exact.
TamilNadu.pdf,PMBJK02001,Tamil Nadu,Kanniyakumari,SOUTH_INDIA_IN_SCOPE,575.0,MATCHED,Matched via exact.
TamilNadu.pdf,PMBJK02002,Tamil Nadu,Kanniyakumari,SOUTH_INDIA_IN_SCOPE,575.0,MATCHED,Matched via exact.
TamilNadu.pdf,PMBJK02006,Tamil Nadu,Kanniyakumari,SOUTH_INDIA_IN_SCOPE,575.0,MATCHED,Matched via exact.
TamilNadu.pdf,PMBJK02007,Tamil Nadu,Karur,SOUTH_INDIA_IN_SCOPE,576.0,MATCHED,Matched via exact.
TamilNadu.pdf,PMBJK02008,Tamil Nadu,Krishnagiri,SOUTH_INDIA_IN_SCOPE,577.0,MATCHED,Matched via exact.
TamilNadu.pdf,PMBJK02010,Tamil Nadu,Madurai,SOUTH_INDIA_IN_SCOPE,578.0,MATCHED,Matched via exact.
TamilNadu.pdf,PMBJK02011,Tamil Nadu,Madurai,SOUTH_INDIA_IN_SCOPE,578.0,MATCHED,Matched via exact.
TamilNadu.pdf,PMBJK02016,Tamil Nadu,Madurai,SOUTH_INDIA_IN_SCOPE,578.0,MATCHED,Matched via exact.
TamilNadu.pdf,PMBJK02017,Tamil Nadu,Tiruchirappalli,SOUTH_INDIA_IN_SCOPE,591.0,MATCHED,Matched via exact.
TamilNadu.pdf,PMBJK02018,Tamil Nadu,Madurai,SOUTH_INDIA_IN_SCOPE,578.0,MATCHED,Matched via exact.
TamilNadu.pdf,PMBJK02023,Tamil Nadu,Madurai,SOUTH_INDIA_IN_SCOPE,578.0,MATCHED,Matched via exact.
TamilNadu.pdf,PMBJK02024,Tamil Nadu,Madurai,SOUTH_INDIA_IN_SCOPE,578.0,MATCHED,Matched via exact.
TamilNadu.pdf,PMBJK02029,Tamil Nadu,Madurai,SOUTH_INDIA_IN_SCOPE,578.0,MATCHED,Matched via exact.
TamilNadu.pdf,PMBJK02030,Tamil Nadu,Mayiladuthurai,SOUTH_INDIA_IN_SCOPE,735.0,MATCHED,Matched via split.
TamilNadu.pdf,PMBJK02031,Tamil Nadu,Namakkal,SOUTH_INDIA_IN_SCOPE,580.0,MATCHED,Matched via exact.
TamilNadu.pdf,PMBJK02032,Tamil Nadu,Namakkal,SOUTH_INDIA_IN_SCOPE,580.0,MATCHED,Matched via exact.
TamilNadu.pdf,PMBJK02033,Tamil Nadu,Namakkal,SOUTH_INDIA_IN_SCOPE,580.0,MATCHED,Matched via exact.
TamilNadu.pdf,PMBJK02034,Tamil Nadu,Namakkal,SOUTH_INDIA_IN_SCOPE,580.0,MATCHED,Matched via exact.
TamilNadu.pdf,PMBJK02036,Tamil Nadu,Namakkal,SOUTH_INDIA_IN_SCOPE,580.0,MATCHED,Matched via exact.
TamilNadu.pdf,PMBJK02038,Tamil Nadu,Perambalur,SOUTH_INDIA_IN_SCOPE,581.0,MATCHED,Matched via exact.
TamilNadu.pdf,PMBJK02039,Tamil Nadu,Pudukkottai,SOUTH_INDIA_IN_SCOPE,582.0,MATCHED,Matched via exact.
TamilNadu.pdf,PMBJK02040,Tamil Nadu,Pudukkottai,SOUTH_INDIA_IN_SCOPE,582.0,MATCHED,Matched via exact.
TamilNadu.pdf,PMBJK02041,Tamil Nadu,Pudukkottai,SOUTH_INDIA_IN_SCOPE,582.0,MATCHED,Matched via exact.
TamilNadu.pdf,PMBJK02042,Tamil Nadu,Pudukkottai,SOUTH_INDIA_IN_SCOPE,582.0,MATCHED,Matched via exact.
TamilNadu.pdf,PMBJK02043,Tamil Nadu,Pudukkottai,SOUTH_INDIA_IN_SCOPE,582.0,MATCHED,Matched via exact.
TamilNadu.pdf,PMBJK02044,Tamil Nadu,Pudukkottai,SOUTH_INDIA_IN_SCOPE,582.0,MATCHED,Matched via exact.
TamilNadu.pdf,PMBJK02052,Tamil Nadu,Salem,SOUTH_INDIA_IN_SCOPE,584.0,MATCHED,Matched via exact.
TamilNadu.pdf,PMBJK02053,Tamil Nadu,Salem,SOUTH_INDIA_IN_SCOPE,584.0,MATCHED,Matched via exact.
TamilNadu.pdf,PMBJK02054,Tamil Nadu,Salem,SOUTH_INDIA_IN_SCOPE,584.0,MATCHED,Matched via exact.
TamilNadu.pdf,PMBJK02055,Tamil Nadu,Salem,SOUTH_INDIA_IN_SCOPE,584.0,MATCHED,Matched via exact.
TamilNadu.pdf,PMBJK02057,Tamil Nadu,Salem,SOUTH_INDIA_IN_SCOPE,584.0,MATCHED,Matched via exact.
TamilNadu.pdf,PMBJK02059,Tamil Nadu,Salem,SOUTH_INDIA_IN_SCOPE,584.0,MATCHED,Matched via exact.
TamilNadu.pdf,PMBJK02061,Tamil Nadu,Salem,SOUTH_INDIA_IN_SCOPE,584.0,MATCHED,Matched via exact.
TamilNadu.pdf,PMBJK02062,Tamil Nadu,Salem,SOUTH_INDIA_IN_SCOPE,584.0,MATCHED,Matched via exact.
TamilNadu.pdf,PMBJK02063,Tamil Nadu,Sivaganga,SOUTH_INDIA_IN_SCOPE,585.0,MATCHED,Matched via exact.
TamilNadu.pdf,PMBJK02067,Tamil Nadu,Sivaganga,SOUTH_INDIA_IN_SCOPE,585.0,MATCHED,Matched via exact.
TamilNadu.pdf,PMBJK02068,Tamil Nadu,Thanjavur,SOUTH_INDIA_IN_SCOPE,586.0,MATCHED,Matched via exact.
TamilNadu.pdf,PMBJK02069,Tamil Nadu,Thanjavur,SOUTH_INDIA_IN_SCOPE,586.0,MATCHED,Matched via exact.
TamilNadu.pdf,PMBJK02070,Tamil Nadu,Thanjavur,SOUTH_INDIA_IN_SCOPE,586.0,MATCHED,Matched via exact.
TamilNadu.pdf,PMBJK02071,Tamil Nadu,Thanjavur,SOUTH_INDIA_IN_SCOPE,586.0,MATCHED,Matched via exact.
TamilNadu.pdf,PMBJK02073,Tamil Nadu,Thanjavur,SOUTH_INDIA_IN_SCOPE,586.0,MATCHED,Matched via exact.
TamilNadu.pdf,PMBJK02074,Tamil Nadu,Thanjavur,SOUTH_INDIA_IN_SCOPE,586.0,MATCHED,Matched via exact.
TamilNadu.pdf,PMBJK02075,Tamil Nadu,The Nilgiris,SOUTH_INDIA_IN_SCOPE,587.0,MATCHED,Matched via exact.
TamilNadu.pdf,PMBJK02076,Tamil Nadu,Viluppuram,SOUTH_INDIA_IN_SCOPE,596.0,MATCHED,Matched via exact.
TamilNadu.pdf,PMBJK02078,Tamil Nadu,Theni,SOUTH_INDIA_IN_SCOPE,588.0,MATCHED,Matched via exact.
TamilNadu.pdf,PMBJK02079,Tamil Nadu,Thoothukkudi,SOUTH_INDIA_IN_SCOPE,594.0,MATCHED,Matched via exact.
TamilNadu.pdf,PMBJK02081,Tamil Nadu,Thoothukkudi,SOUTH_INDIA_IN_SCOPE,594.0,MATCHED,Matched via exact.
TamilNadu.pdf,PMBJK02082,Tamil Nadu,Tiruchirappalli,SOUTH_INDIA_IN_SCOPE,591.0,MATCHED,Matched via exact.
TamilNadu.pdf,PMBJK02083,Tamil Nadu,Tiruchirappalli,SOUTH_INDIA_IN_SCOPE,591.0,MATCHED,Matched via exact.
TamilNadu.pdf,PMBJK02084,Tamil Nadu,Tiruchirappalli,SOUTH_INDIA_IN_SCOPE,591.0,MATCHED,Matched via exact.
TamilNadu.pdf,PMBJK02088,Tamil Nadu,Tiruchirappalli,SOUTH_INDIA_IN_SCOPE,591.0,MATCHED,Matched via exact.
TamilNadu.pdf,PMBJK02090,Tamil Nadu,Tiruchirappalli,SOUTH_INDIA_IN_SCOPE,591.0,MATCHED,Matched via exact.
TamilNadu.pdf,PMBJK02091,Tamil Nadu,Tiruchirappalli,SOUTH_INDIA_IN_SCOPE,591.0,MATCHED,Matched via exact.
TamilNadu.pdf,PMBJK02092,Tamil Nadu,Tiruchirappalli,SOUTH_INDIA_IN_SCOPE,591.0,MATCHED,Matched via exact.
TamilNadu.pdf,PMBJK02093,Tamil Nadu,Tiruchirappalli,SOUTH_INDIA_IN_SCOPE,591.0,MATCHED,Matched via exact.
TamilNadu.pdf,PMBJK02094,Tamil Nadu,Tiruchirappalli,SOUTH_INDIA_IN_SCOPE,591.0,MATCHED,Matched via exact.
TamilNadu.pdf,PMBJK02095,Tamil Nadu,Tirunelveli,SOUTH_INDIA_IN_SCOPE,592.0,MATCHED,Matched via exact.
TamilNadu.pdf,PMBJK02096,Tamil Nadu,Tirunelveli,SOUTH_INDIA_IN_SCOPE,592.0,MATCHED,Matched via exact.
TamilNadu.pdf,PMBJK02097,Tamil Nadu,Tirunelveli,SOUTH_INDIA_IN_SCOPE,592.0,MATCHED,Matched via exact.
TamilNadu.pdf,PMBJK02098,Tamil Nadu,Tirunelveli,SOUTH_INDIA_IN_SCOPE,592.0,MATCHED,Matched via exact.
TamilNadu.pdf,PMBJK02099,Tamil Nadu,Tirunelveli,SOUTH_INDIA_IN_SCOPE,592.0,MATCHED,Matched via exact.
TamilNadu.pdf,PMBJK02100,Tamil Nadu,Tirunelveli,SOUTH_INDIA_IN_SCOPE,592.0,MATCHED,Matched via exact.
TamilNadu.pdf,PMBJK02101,Tamil Nadu,Tirunelveli,SOUTH_INDIA_IN_SCOPE,592.0,MATCHED,Matched via exact.
TamilNadu.pdf,PMBJK02102,Tamil Nadu,Tirunelveli,SOUTH_INDIA_IN_SCOPE,592.0,MATCHED,Matched via exact.
TamilNadu.pdf,PMBJK02103,Tamil Nadu,Tirunelveli,SOUTH_INDIA_IN_SCOPE,592.0,MATCHED,Matched via exact.
TamilNadu.pdf,PMBJK02104,Tamil Nadu,Tiruppur,SOUTH_INDIA_IN_SCOPE,634.0,MATCHED,Matched via exact.
TamilNadu.pdf,PMBJK02105,Tamil Nadu,Tiruppur,SOUTH_INDIA_IN_SCOPE,634.0,MATCHED,Matched via exact.
TamilNadu.pdf,PMBJK02106,Tamil Nadu,Tiruppur,SOUTH_INDIA_IN_SCOPE,634.0,MATCHED,Matched via exact.
TamilNadu.pdf,PMBJK02112,Tamil Nadu,Tiruvannamalai,SOUTH_INDIA_IN_SCOPE,593.0,MATCHED,Matched via exact.
TamilNadu.pdf,PMBJK02115,Tamil Nadu,Vellore,SOUTH_INDIA_IN_SCOPE,595.0,MATCHED,Matched via exact.
TamilNadu.pdf,PMBJK02118,Tamil Nadu,Viluppuram,SOUTH_INDIA_IN_SCOPE,596.0,MATCHED,Matched via exact.
TamilNadu.pdf,PMBJK02119,Tamil Nadu,Virudhunagar,SOUTH_INDIA_IN_SCOPE,597.0,MATCHED,Matched via exact.
TamilNadu.pdf,PMBJK02120,Tamil Nadu,Virudhunagar,SOUTH_INDIA_IN_SCOPE,597.0,MATCHED,Matched via exact.
TamilNadu.pdf,PMBJK02121,Tamil Nadu,Virudhunagar,SOUTH_INDIA_IN_SCOPE,597.0,MATCHED,Matched via exact.
TamilNadu.pdf,PMBJK02124,Tamil Nadu,Virudhunagar,SOUTH_INDIA_IN_SCOPE,597.0,MATCHED,Matched via exact.
TamilNadu.pdf,PMBJK02771,Tamil Nadu,Madurai,SOUTH_INDIA_IN_SCOPE,578.0,MATCHED,Matched via exact.
TamilNadu.pdf,PMBJK02772,Tamil Nadu,Pudukkottai,SOUTH_INDIA_IN_SCOPE,582.0,MATCHED,Matched via exact.
TamilNadu.pdf,PMBJK02781,Tamil Nadu,The Nilgiris,SOUTH_INDIA_IN_SCOPE,587.0,MATCHED,Matched via exact.
TamilNadu.pdf,PMBJK02782,Tamil Nadu,Namakkal,SOUTH_INDIA_IN_SCOPE,580.0,MATCHED,Matched via exact.
TamilNadu.pdf,PMBJK02810,Tamil Nadu,Tiruchirappalli,SOUTH_INDIA_IN_SCOPE,591.0,MATCHED,Matched via exact.
TamilNadu.pdf,PMBJK02811,Tamil Nadu,Tirunelveli,SOUTH_INDIA_IN_SCOPE,592.0,MATCHED,Matched via exact.
TamilNadu.pdf,PMBJK02822,Tamil Nadu,Madurai,SOUTH_INDIA_IN_SCOPE,578.0,MATCHED,Matched via exact.
TamilNadu.pdf,PMBJK02823,Tamil Nadu,Madurai,SOUTH_INDIA_IN_SCOPE,578.0,MATCHED,Matched via exact.
TamilNadu.pdf,PMBJK02844,Tamil Nadu,Madurai,SOUTH_INDIA_IN_SCOPE,578.0,MATCHED,Matched via exact.
TamilNadu.pdf,PMBJK02845,Tamil Nadu,Theni,SOUTH_INDIA_IN_SCOPE,588.0,MATCHED,Matched via exact.
TamilNadu.pdf,PMBJK02846,Tamil Nadu,Madurai,SOUTH_INDIA_IN_SCOPE,578.0,MATCHED,Matched via exact.
TamilNadu.pdf,PMBJK02847,Tamil Nadu,Chengalpattu,SOUTH_INDIA_IN_SCOPE,730.0,MATCHED,Matched via split.
TamilNadu.pdf,PMBJK02857,Tamil Nadu,Chennai,SOUTH_INDIA_IN_SCOPE,568.0,MATCHED,Matched via exact.
TamilNadu.pdf,PMBJK02865,Tamil Nadu,Coimbatore,SOUTH_INDIA_IN_SCOPE,569.0,MATCHED,Matched via exact.
TamilNadu.pdf,PMBJK02870,Tamil Nadu,Kanniyakumari,SOUTH_INDIA_IN_SCOPE,575.0,MATCHED,Matched via exact.
TamilNadu.pdf,PMBJK02882,Tamil Nadu,Tiruvannamalai,SOUTH_INDIA_IN_SCOPE,593.0,MATCHED,Matched via exact.
TamilNadu.pdf,PMBJK02923,Tamil Nadu,Thanjavur,SOUTH_INDIA_IN_SCOPE,586.0,MATCHED,Matched via exact.
TamilNadu.pdf,PMBJK02924,Tamil Nadu,Thiruvarur,SOUTH_INDIA_IN_SCOPE,590.0,MATCHED,Matched via exact.
TamilNadu.pdf,PMBJK02942,Tamil Nadu,Tiruchirappalli,SOUTH_INDIA_IN_SCOPE,591.0,MATCHED,Matched via exact.
TamilNadu.pdf,PMBJK02958,Tamil Nadu,Ariyalur,SOUTH_INDIA_IN_SCOPE,610.0,MATCHED,Matched via split.
TamilNadu.pdf,PMBJK02959,Tamil Nadu,Salem,SOUTH_INDIA_IN_SCOPE,584.0,MATCHED,Matched via exact.
TamilNadu.pdf,PMBJK02961,Tamil Nadu,Salem,SOUTH_INDIA_IN_SCOPE,584.0,MATCHED,Matched via exact.
TamilNadu.pdf,PMBJK02992,Tamil Nadu,Vellore,SOUTH_INDIA_IN_SCOPE,595.0,MATCHED,Matched via exact.
TamilNadu.pdf,PMBJK02993,Tamil Nadu,Chennai,SOUTH_INDIA_IN_SCOPE,568.0,MATCHED,Matched via exact.
TamilNadu.pdf,PMBJK02997,Tamil Nadu,Salem,SOUTH_INDIA_IN_SCOPE,584.0,MATCHED,Matched via exact.
TamilNadu.pdf,PMBJK03006,Tamil Nadu,Tirunelveli,SOUTH_INDIA_IN_SCOPE,592.0,MATCHED,Matched via exact.
TamilNadu.pdf,PMBJK03007,Tamil Nadu,Kanniyakumari,SOUTH_INDIA_IN_SCOPE,575.0,MATCHED,Matched via exact.
TamilNadu.pdf,PMBJK03008,Tamil Nadu,Virudhunagar,SOUTH_INDIA_IN_SCOPE,597.0,MATCHED,Matched via exact.
TamilNadu.pdf,PMBJK03024,Tamil Nadu,Virudhunagar,SOUTH_INDIA_IN_SCOPE,597.0,MATCHED,Matched via exact.
TamilNadu.pdf,PMBJK03031,Tamil Nadu,Tirunelveli,SOUTH_INDIA_IN_SCOPE,592.0,MATCHED,Matched via exact.
TamilNadu.pdf,PMBJK03073,Tamil Nadu,Tiruchirappalli,SOUTH_INDIA_IN_SCOPE,591.0,MATCHED,Matched via exact.
TamilNadu.pdf,PMBJK03074,Tamil Nadu,Cuddalore,SOUTH_INDIA_IN_SCOPE,570.0,MATCHED,Matched via exact.
TamilNadu.pdf,PMBJK03081,Tamil Nadu,Tiruppur,SOUTH_INDIA_IN_SCOPE,634.0,MATCHED,Matched via exact.
TamilNadu.pdf,PMBJK03083,Tamil Nadu,Tiruchirappalli,SOUTH_INDIA_IN_SCOPE,591.0,MATCHED,Matched via exact.
TamilNadu.pdf,PMBJK03088,Tamil Nadu,Tirunelveli,SOUTH_INDIA_IN_SCOPE,592.0,MATCHED,Matched via exact.
TamilNadu.pdf,PMBJK03112,Tamil Nadu,Chennai,SOUTH_INDIA_IN_SCOPE,568.0,MATCHED,Matched via exact.
TamilNadu.pdf,PMBJK03127,Tamil Nadu,Tirunelveli,SOUTH_INDIA_IN_SCOPE,592.0,MATCHED,Matched via exact.
TamilNadu.pdf,PMBJK03131,Tamil Nadu,Tiruppur,SOUTH_INDIA_IN_SCOPE,634.0,MATCHED,Matched via exact.
TamilNadu.pdf,PMBJK03151,Tamil Nadu,Namakkal,SOUTH_INDIA_IN_SCOPE,580.0,MATCHED,Matched via exact.
TamilNadu.pdf,PMBJK03152,Tamil Nadu,Dharmapuri,SOUTH_INDIA_IN_SCOPE,571.0,MATCHED,Matched via exact.
TamilNadu.pdf,PMBJK03154,Tamil Nadu,Tiruvannamalai,SOUTH_INDIA_IN_SCOPE,593.0,MATCHED,Matched via exact.
TamilNadu.pdf,PMBJK03194,Tamil Nadu,Dindigul,SOUTH_INDIA_IN_SCOPE,572.0,MATCHED,Matched via exact.
TamilNadu.pdf,PMBJK03205,Tamil Nadu,Salem,SOUTH_INDIA_IN_SCOPE,584.0,MATCHED,Matched via exact.
TamilNadu.pdf,PMBJK03249,Tamil Nadu,Coimbatore,SOUTH_INDIA_IN_SCOPE,569.0,MATCHED,Matched via exact.
TamilNadu.pdf,PMBJK03259,Tamil Nadu,Namakkal,SOUTH_INDIA_IN_SCOPE,580.0,MATCHED,Matched via exact.
TamilNadu.pdf,PMBJK03266,Tamil Nadu,Salem,SOUTH_INDIA_IN_SCOPE,584.0,MATCHED,Matched via exact.
TamilNadu.pdf,PMBJK03267,Tamil Nadu,Erode,SOUTH_INDIA_IN_SCOPE,573.0,MATCHED,Matched via exact.
TamilNadu.pdf,PMBJK03274,Tamil Nadu,Tiruvannamalai,SOUTH_INDIA_IN_SCOPE,593.0,MATCHED,Matched via exact.
TamilNadu.pdf,PMBJK03429,Tamil Nadu,Viluppuram,SOUTH_INDIA_IN_SCOPE,596.0,MATCHED,Matched via exact.
TamilNadu.pdf,PMBJK03443,Tamil Nadu,Nagapattinam,SOUTH_INDIA_IN_SCOPE,579.0,MATCHED,Matched via exact.
TamilNadu.pdf,PMBJK03458,Tamil Nadu,Salem,SOUTH_INDIA_IN_SCOPE,584.0,MATCHED,Matched via exact.
TamilNadu.pdf,PMBJK03460,Tamil Nadu,Dharmapuri,SOUTH_INDIA_IN_SCOPE,571.0,MATCHED,Matched via exact.
TamilNadu.pdf,PMBJK03467,Tamil Nadu,Tiruvannamalai,SOUTH_INDIA_IN_SCOPE,593.0,MATCHED,Matched via exact.
TamilNadu.pdf,PMBJK03468,Tamil Nadu,Chennai,SOUTH_INDIA_IN_SCOPE,568.0,MATCHED,Matched via exact.
TamilNadu.pdf,PMBJK03490,Tamil Nadu,Dindigul,SOUTH_INDIA_IN_SCOPE,572.0,MATCHED,Matched via exact.
TamilNadu.pdf,PMBJK03491,Tamil Nadu,Madurai,SOUTH_INDIA_IN_SCOPE,578.0,MATCHED,Matched via exact.
TamilNadu.pdf,PMBJK03492,Tamil Nadu,Pudukkottai,SOUTH_INDIA_IN_SCOPE,582.0,MATCHED,Matched via exact.
TamilNadu.pdf,PMBJK03494,Tamil Nadu,Madurai,SOUTH_INDIA_IN_SCOPE,578.0,MATCHED,Matched via exact.
TamilNadu.pdf,PMBJK03526,Tamil Nadu,Ramanathapuram,SOUTH_INDIA_IN_SCOPE,583.0,MATCHED,Matched via exact.
TamilNadu.pdf,PMBJK03527,Tamil Nadu,Thanjavur,SOUTH_INDIA_IN_SCOPE,586.0,MATCHED,Matched via exact.
TamilNadu.pdf,PMBJK03530,Tamil Nadu,Chennai,SOUTH_INDIA_IN_SCOPE,568.0,MATCHED,Matched via exact.
TamilNadu.pdf,PMBJK03551,Tamil Nadu,Cuddalore,SOUTH_INDIA_IN_SCOPE,570.0,MATCHED,Matched via exact.
TamilNadu.pdf,PMBJK03572,Tamil Nadu,Madurai,SOUTH_INDIA_IN_SCOPE,578.0,MATCHED,Matched via exact.
TamilNadu.pdf,PMBJK03574,Tamil Nadu,Kanniyakumari,SOUTH_INDIA_IN_SCOPE,575.0,MATCHED,Matched via exact.
TamilNadu.pdf,PMBJK03595,Tamil Nadu,Tiruvannamalai,SOUTH_INDIA_IN_SCOPE,593.0,MATCHED,Matched via exact.
TamilNadu.pdf,PMBJK03596,Tamil Nadu,Tiruvannamalai,SOUTH_INDIA_IN_SCOPE,593.0,MATCHED,Matched via exact.
TamilNadu.pdf,PMBJK03606,Tamil Nadu,Coimbatore,SOUTH_INDIA_IN_SCOPE,569.0,MATCHED,Matched via exact.
TamilNadu.pdf,PMBJK03629,Tamil Nadu,Cuddalore,SOUTH_INDIA_IN_SCOPE,570.0,MATCHED,Matched via exact.
TamilNadu.pdf,PMBJK03639,Tamil Nadu,Coimbatore,SOUTH_INDIA_IN_SCOPE,569.0,MATCHED,Matched via exact.
TamilNadu.pdf,PMBJK03647,Tamil Nadu,Thiruvarur,SOUTH_INDIA_IN_SCOPE,590.0,MATCHED,Matched via exact.
TamilNadu.pdf,PMBJK03654,Tamil Nadu,Tirunelveli,SOUTH_INDIA_IN_SCOPE,592.0,MATCHED,Matched via exact.
TamilNadu.pdf,PMBJK03707,Tamil Nadu,Sivaganga,SOUTH_INDIA_IN_SCOPE,585.0,MATCHED,Matched via exact.
TamilNadu.pdf,PMBJK03711,Tamil Nadu,Erode,SOUTH_INDIA_IN_SCOPE,573.0,MATCHED,Matched via exact.
TamilNadu.pdf,PMBJK03712,Tamil Nadu,The Nilgiris,SOUTH_INDIA_IN_SCOPE,587.0,MATCHED,Matched via exact.
TamilNadu.pdf,PMBJK03751,Tamil Nadu,Coimbatore,SOUTH_INDIA_IN_SCOPE,569.0,MATCHED,Matched via exact.
TamilNadu.pdf,PMBJK03762,Tamil Nadu,Tiruchirappalli,SOUTH_INDIA_IN_SCOPE,591.0,MATCHED,Matched via exact.
TamilNadu.pdf,PMBJK03774,Tamil Nadu,Vellore,SOUTH_INDIA_IN_SCOPE,595.0,MATCHED,Matched via exact.
TamilNadu.pdf,PMBJK03783,Tamil Nadu,Tiruchirappalli,SOUTH_INDIA_IN_SCOPE,591.0,MATCHED,Matched via exact.
TamilNadu.pdf,PMBJK03788,Tamil Nadu,Cuddalore,SOUTH_INDIA_IN_SCOPE,570.0,MATCHED,Matched via exact.
TamilNadu.pdf,PMBJK03825,Tamil Nadu,Vellore,SOUTH_INDIA_IN_SCOPE,595.0,MATCHED,Matched via exact.
TamilNadu.pdf,PMBJK03827,Tamil Nadu,Thoothukkudi,SOUTH_INDIA_IN_SCOPE,594.0,MATCHED,Matched via exact.
TamilNadu.pdf,PMBJK03838,Tamil Nadu,Chennai,SOUTH_INDIA_IN_SCOPE,568.0,MATCHED,Matched via exact.
TamilNadu.pdf,PMBJK03859,Tamil Nadu,Coimbatore,SOUTH_INDIA_IN_SCOPE,569.0,MATCHED,Matched via exact.
TamilNadu.pdf,PMBJK03880,Tamil Nadu,Karur,SOUTH_INDIA_IN_SCOPE,576.0,MATCHED,Matched via exact.
TamilNadu.pdf,PMBJK04021,Tamil Nadu,Thanjavur,SOUTH_INDIA_IN_SCOPE,586.0,MATCHED,Matched via exact.
TamilNadu.pdf,PMBJK04023,Tamil Nadu,Krishnagiri,SOUTH_INDIA_IN_SCOPE,577.0,MATCHED,Matched via exact.
TamilNadu.pdf,PMBJK04043,Tamil Nadu,Tirunelveli,SOUTH_INDIA_IN_SCOPE,592.0,MATCHED,Matched via exact.
TamilNadu.pdf,PMBJK04069,Tamil Nadu,Tiruchirappalli,SOUTH_INDIA_IN_SCOPE,591.0,MATCHED,Matched via exact.
TamilNadu.pdf,PMBJK04070,Tamil Nadu,Chennai,SOUTH_INDIA_IN_SCOPE,568.0,MATCHED,Matched via exact.
TamilNadu.pdf,PMBJK04073,Tamil Nadu,Dindigul,SOUTH_INDIA_IN_SCOPE,572.0,MATCHED,Matched via exact.
TamilNadu.pdf,PMBJK04079,Tamil Nadu,Tiruchirappalli,SOUTH_INDIA_IN_SCOPE,591.0,MATCHED,Matched via exact.
TamilNadu.pdf,PMBJK04080,Tamil Nadu,Coimbatore,SOUTH_INDIA_IN_SCOPE,569.0,MATCHED,Matched via exact.
TamilNadu.pdf,PMBJK04095,Tamil Nadu,Coimbatore,SOUTH_INDIA_IN_SCOPE,569.0,MATCHED,Matched via exact.
TamilNadu.pdf,PMBJK04096,Tamil Nadu,Thanjavur,SOUTH_INDIA_IN_SCOPE,586.0,MATCHED,Matched via exact.
TamilNadu.pdf,PMBJK04102,Tamil Nadu,Tiruvannamalai,SOUTH_INDIA_IN_SCOPE,593.0,MATCHED,Matched via exact.
TamilNadu.pdf,PMBJK04118,Tamil Nadu,Thoothukkudi,SOUTH_INDIA_IN_SCOPE,594.0,MATCHED,Matched via exact.
TamilNadu.pdf,PMBJK04127,Tamil Nadu,Sivaganga,SOUTH_INDIA_IN_SCOPE,585.0,MATCHED,Matched via exact.
TamilNadu.pdf,PMBJK04150,Tamil Nadu,Erode,SOUTH_INDIA_IN_SCOPE,573.0,MATCHED,Matched via exact.
TamilNadu.pdf,PMBJK04155,Tamil Nadu,Salem,SOUTH_INDIA_IN_SCOPE,584.0,MATCHED,Matched via exact.
TamilNadu.pdf,PMBJK04187,Tamil Nadu,Sivaganga,SOUTH_INDIA_IN_SCOPE,585.0,MATCHED,Matched via exact.
TamilNadu.pdf,PMBJK04198,Tamil Nadu,Thiruvarur,SOUTH_INDIA_IN_SCOPE,590.0,MATCHED,Matched via exact.
TamilNadu.pdf,PMBJK04214,Tamil Nadu,Chennai,SOUTH_INDIA_IN_SCOPE,568.0,MATCHED,Matched via exact.
TamilNadu.pdf,PMBJK04225,Tamil Nadu,Thoothukkudi,SOUTH_INDIA_IN_SCOPE,594.0,MATCHED,Matched via exact.
TamilNadu.pdf,PMBJK04226,Tamil Nadu,Tiruppur,SOUTH_INDIA_IN_SCOPE,634.0,MATCHED,Matched via exact.
TamilNadu.pdf,PMBJK04242,Tamil Nadu,Madurai,SOUTH_INDIA_IN_SCOPE,578.0,MATCHED,Matched via exact.
TamilNadu.pdf,PMBJK04246,Tamil Nadu,Tiruchirappalli,SOUTH_INDIA_IN_SCOPE,591.0,MATCHED,Matched via exact.
TamilNadu.pdf,PMBJK04247,Tamil Nadu,Coimbatore,SOUTH_INDIA_IN_SCOPE,569.0,MATCHED,Matched via exact.
TamilNadu.pdf,PMBJK04255,Tamil Nadu,Kancheepuram,SOUTH_INDIA_IN_SCOPE,574.0,MATCHED,Matched via exact.
TamilNadu.pdf,PMBJK04267,Tamil Nadu,Coimbatore,SOUTH_INDIA_IN_SCOPE,569.0,MATCHED,Matched via exact.
TamilNadu.pdf,PMBJK04341,Tamil Nadu,Kancheepuram,SOUTH_INDIA_IN_SCOPE,574.0,MATCHED,Matched via exact.
TamilNadu.pdf,PMBJK04358,Tamil Nadu,Tirunelveli,SOUTH_INDIA_IN_SCOPE,592.0,MATCHED,Matched via exact.
TamilNadu.pdf,PMBJK04364,Tamil Nadu,Viluppuram,SOUTH_INDIA_IN_SCOPE,596.0,MATCHED,Matched via exact.
TamilNadu.pdf,PMBJK04365,Tamil Nadu,Vellore,SOUTH_INDIA_IN_SCOPE,595.0,MATCHED,Matched via exact.
TamilNadu.pdf,PMBJK04368,Tamil Nadu,Nagapattinam,SOUTH_INDIA_IN_SCOPE,579.0,MATCHED,Matched via exact.
TamilNadu.pdf,PMBJK04369,Tamil Nadu,Coimbatore,SOUTH_INDIA_IN_SCOPE,569.0,MATCHED,Matched via exact.
TamilNadu.pdf,PMBJK04394,Tamil Nadu,Thanjavur,SOUTH_INDIA_IN_SCOPE,586.0,MATCHED,Matched via exact.
TamilNadu.pdf,PMBJK04425,Tamil Nadu,Cuddalore,SOUTH_INDIA_IN_SCOPE,570.0,MATCHED,Matched via exact.
TamilNadu.pdf,PMBJK04426,Tamil Nadu,Chennai,SOUTH_INDIA_IN_SCOPE,568.0,MATCHED,Matched via exact.
TamilNadu.pdf,PMBJK04433,Tamil Nadu,Viluppuram,SOUTH_INDIA_IN_SCOPE,596.0,MATCHED,Matched via exact.
TamilNadu.pdf,PMBJK04434,Tamil Nadu,Thiruvarur,SOUTH_INDIA_IN_SCOPE,590.0,MATCHED,Matched via exact.
TamilNadu.pdf,PMBJK04443,Tamil Nadu,Thanjavur,SOUTH_INDIA_IN_SCOPE,586.0,MATCHED,Matched via exact.
TamilNadu.pdf,PMBJK04468,Tamil Nadu,Thanjavur,SOUTH_INDIA_IN_SCOPE,586.0,MATCHED,Matched via exact.
TamilNadu.pdf,PMBJK04470,Tamil Nadu,Nagapattinam,SOUTH_INDIA_IN_SCOPE,579.0,MATCHED,Matched via exact.
TamilNadu.pdf,PMBJK04549,Tamil Nadu,Chennai,SOUTH_INDIA_IN_SCOPE,568.0,MATCHED,Matched via exact.
TamilNadu.pdf,PMBJK04550,Tamil Nadu,Viluppuram,SOUTH_INDIA_IN_SCOPE,596.0,MATCHED,Matched via exact.
TamilNadu.pdf,PMBJK04553,Tamil Nadu,Ramanathapuram,SOUTH_INDIA_IN_SCOPE,583.0,MATCHED,Matched via exact.
TamilNadu.pdf,PMBJK04554,Tamil Nadu,Thanjavur,SOUTH_INDIA_IN_SCOPE,586.0,MATCHED,Matched via exact.
TamilNadu.pdf,PMBJK04555,Tamil Nadu,Chennai,SOUTH_INDIA_IN_SCOPE,568.0,MATCHED,Matched via exact.
TamilNadu.pdf,PMBJK04560,Tamil Nadu,Salem,SOUTH_INDIA_IN_SCOPE,584.0,MATCHED,Matched via exact.
TamilNadu.pdf,PMBJK04563,Tamil Nadu,Chennai,SOUTH_INDIA_IN_SCOPE,568.0,MATCHED,Matched via exact.
TamilNadu.pdf,PMBJK04598,Tamil Nadu,Chennai,SOUTH_INDIA_IN_SCOPE,568.0,MATCHED,Matched via exact.
TamilNadu.pdf,PMBJK04606,Tamil Nadu,Coimbatore,SOUTH_INDIA_IN_SCOPE,569.0,MATCHED,Matched via exact.
TamilNadu.pdf,PMBJK04609,Tamil Nadu,Tiruchirappalli,SOUTH_INDIA_IN_SCOPE,591.0,MATCHED,Matched via exact.
TamilNadu.pdf,PMBJK04636,Tamil Nadu,Chennai,SOUTH_INDIA_IN_SCOPE,568.0,MATCHED,Matched via exact.
TamilNadu.pdf,PMBJK04662,Tamil Nadu,Tirunelveli,SOUTH_INDIA_IN_SCOPE,592.0,MATCHED,Matched via exact.
TamilNadu.pdf,PMBJK04696,Tamil Nadu,Kanniyakumari,SOUTH_INDIA_IN_SCOPE,575.0,MATCHED,Matched via exact.
TamilNadu.pdf,PMBJK04709,Tamil Nadu,Chennai,SOUTH_INDIA_IN_SCOPE,568.0,MATCHED,Matched via exact.
TamilNadu.pdf,PMBJK04723,Tamil Nadu,Tiruchirappalli,SOUTH_INDIA_IN_SCOPE,591.0,MATCHED,Matched via exact.
TamilNadu.pdf,PMBJK04731,Tamil Nadu,Dharmapuri,SOUTH_INDIA_IN_SCOPE,571.0,MATCHED,Matched via exact.
TamilNadu.pdf,PMBJK04738,Tamil Nadu,Salem,SOUTH_INDIA_IN_SCOPE,584.0,MATCHED,Matched via exact.
TamilNadu.pdf,PMBJK04739,Tamil Nadu,Thanjavur,SOUTH_INDIA_IN_SCOPE,586.0,MATCHED,Matched via exact.
TamilNadu.pdf,PMBJK04762,Tamil Nadu,Erode,SOUTH_INDIA_IN_SCOPE,573.0,MATCHED,Matched via exact.
TamilNadu.pdf,PMBJK04763,Tamil Nadu,Namakkal,SOUTH_INDIA_IN_SCOPE,580.0,MATCHED,Matched via exact.
TamilNadu.pdf,PMBJK04820,Tamil Nadu,The Nilgiris,SOUTH_INDIA_IN_SCOPE,587.0,MATCHED,Matched via exact.
TamilNadu.pdf,PMBJK04856,Tamil Nadu,Tirunelveli,SOUTH_INDIA_IN_SCOPE,592.0,MATCHED,Matched via exact.
TamilNadu.pdf,PMBJK04894,Tamil Nadu,Theni,SOUTH_INDIA_IN_SCOPE,588.0,MATCHED,Matched via exact.
TamilNadu.pdf,PMBJK04895,Tamil Nadu,Thiruvarur,SOUTH_INDIA_IN_SCOPE,590.0,MATCHED,Matched via exact.
TamilNadu.pdf,PMBJK04897,Tamil Nadu,Coimbatore,SOUTH_INDIA_IN_SCOPE,569.0,MATCHED,Matched via exact.
TamilNadu.pdf,PMBJK04921,Tamil Nadu,Kancheepuram,SOUTH_INDIA_IN_SCOPE,574.0,MATCHED,Matched via exact.
TamilNadu.pdf,PMBJK04922,Tamil Nadu,Dharmapuri,SOUTH_INDIA_IN_SCOPE,571.0,MATCHED,Matched via exact.
TamilNadu.pdf,PMBJK04923,Tamil Nadu,Salem,SOUTH_INDIA_IN_SCOPE,584.0,MATCHED,Matched via exact.
TamilNadu.pdf,PMBJK04924,Tamil Nadu,Coimbatore,SOUTH_INDIA_IN_SCOPE,569.0,MATCHED,Matched via exact.
TamilNadu.pdf,PMBJK04948,Tamil Nadu,Chennai,SOUTH_INDIA_IN_SCOPE,568.0,MATCHED,Matched via exact.
TamilNadu.pdf,PMBJK04955,Tamil Nadu,Sivaganga,SOUTH_INDIA_IN_SCOPE,585.0,MATCHED,Matched via exact.
TamilNadu.pdf,PMBJK04966,Tamil Nadu,Tiruchirappalli,SOUTH_INDIA_IN_SCOPE,591.0,MATCHED,Matched via exact.
TamilNadu.pdf,PMBJK04969,Tamil Nadu,Tiruvannamalai,SOUTH_INDIA_IN_SCOPE,593.0,MATCHED,Matched via exact.
TamilNadu.pdf,PMBJK05001,Tamil Nadu,Madurai,SOUTH_INDIA_IN_SCOPE,578.0,MATCHED,Matched via exact.
TamilNadu.pdf,PMBJK05002,Tamil Nadu,Thiruvarur,SOUTH_INDIA_IN_SCOPE,590.0,MATCHED,Matched via exact.
TamilNadu.pdf,PMBJK05004,Tamil Nadu,Tiruppur,SOUTH_INDIA_IN_SCOPE,634.0,MATCHED,Matched via exact.
TamilNadu.pdf,PMBJK05026,Tamil Nadu,Thanjavur,SOUTH_INDIA_IN_SCOPE,586.0,MATCHED,Matched via exact.
TamilNadu.pdf,PMBJK05027,Tamil Nadu,Thanjavur,SOUTH_INDIA_IN_SCOPE,586.0,MATCHED,Matched via exact.
TamilNadu.pdf,PMBJK05043,Tamil Nadu,Pudukkottai,SOUTH_INDIA_IN_SCOPE,582.0,MATCHED,Matched via exact.
TamilNadu.pdf,PMBJK05071,Tamil Nadu,Dharmapuri,SOUTH_INDIA_IN_SCOPE,571.0,MATCHED,Matched via exact.
TamilNadu.pdf,PMBJK05121,Tamil Nadu,Madurai,SOUTH_INDIA_IN_SCOPE,578.0,MATCHED,Matched via exact.
TamilNadu.pdf,PMBJK05122,Tamil Nadu,Cuddalore,SOUTH_INDIA_IN_SCOPE,570.0,MATCHED,Matched via exact.
TamilNadu.pdf,PMBJK05159,Tamil Nadu,Chennai,SOUTH_INDIA_IN_SCOPE,568.0,MATCHED,Matched via exact.
TamilNadu.pdf,PMBJK05194,Tamil Nadu,Thanjavur,SOUTH_INDIA_IN_SCOPE,586.0,MATCHED,Matched via exact.
TamilNadu.pdf,PMBJK05208,Tamil Nadu,Tiruvannamalai,SOUTH_INDIA_IN_SCOPE,593.0,MATCHED,Matched via exact.
TamilNadu.pdf,PMBJK05221,Tamil Nadu,Erode,SOUTH_INDIA_IN_SCOPE,573.0,MATCHED,Matched via exact.
TamilNadu.pdf,PMBJK05223,Tamil Nadu,Erode,SOUTH_INDIA_IN_SCOPE,573.0,MATCHED,Matched via exact.
TamilNadu.pdf,PMBJK05225,Tamil Nadu,Dindigul,SOUTH_INDIA_IN_SCOPE,572.0,MATCHED,Matched via exact.
TamilNadu.pdf,PMBJK05240,Tamil Nadu,Chennai,SOUTH_INDIA_IN_SCOPE,568.0,MATCHED,Matched via exact.
TamilNadu.pdf,PMBJK05241,Tamil Nadu,Thanjavur,SOUTH_INDIA_IN_SCOPE,586.0,MATCHED,Matched via exact.
TamilNadu.pdf,PMBJK05271,Tamil Nadu,Chennai,SOUTH_INDIA_IN_SCOPE,568.0,MATCHED,Matched via exact.
TamilNadu.pdf,PMBJK05285,Tamil Nadu,Tiruchirappalli,SOUTH_INDIA_IN_SCOPE,591.0,MATCHED,Matched via exact.
TamilNadu.pdf,PMBJK05293,Tamil Nadu,Kancheepuram,SOUTH_INDIA_IN_SCOPE,574.0,MATCHED,Matched via exact.
TamilNadu.pdf,PMBJK05317,Tamil Nadu,Thanjavur,SOUTH_INDIA_IN_SCOPE,586.0,MATCHED,Matched via exact.
TamilNadu.pdf,PMBJK05329,Tamil Nadu,Coimbatore,SOUTH_INDIA_IN_SCOPE,569.0,MATCHED,Matched via exact.
TamilNadu.pdf,PMBJK05330,Tamil Nadu,Madurai,SOUTH_INDIA_IN_SCOPE,578.0,MATCHED,Matched via exact.
TamilNadu.pdf,PMBJK05331,Tamil Nadu,Vellore,SOUTH_INDIA_IN_SCOPE,595.0,MATCHED,Matched via exact.
TamilNadu.pdf,PMBJK05333,Tamil Nadu,Thoothukkudi,SOUTH_INDIA_IN_SCOPE,594.0,MATCHED,Matched via exact.
TamilNadu.pdf,PMBJK05342,Tamil Nadu,Nagapattinam,SOUTH_INDIA_IN_SCOPE,579.0,MATCHED,Matched via exact.
TamilNadu.pdf,PMBJK05354,Tamil Nadu,Chennai,SOUTH_INDIA_IN_SCOPE,568.0,MATCHED,Matched via exact.
TamilNadu.pdf,PMBJK05356,Tamil Nadu,Tiruppur,SOUTH_INDIA_IN_SCOPE,634.0,MATCHED,Matched via exact.
TamilNadu.pdf,PMBJK05360,Tamil Nadu,Nagapattinam,SOUTH_INDIA_IN_SCOPE,579.0,MATCHED,Matched via exact.
TamilNadu.pdf,PMBJK05366,Tamil Nadu,Chennai,SOUTH_INDIA_IN_SCOPE,568.0,MATCHED,Matched via exact.
TamilNadu.pdf,PMBJK05368,Tamil Nadu,Tiruchirappalli,SOUTH_INDIA_IN_SCOPE,591.0,MATCHED,Matched via exact.
TamilNadu.pdf,PMBJK05369,Tamil Nadu,Nagapattinam,SOUTH_INDIA_IN_SCOPE,579.0,MATCHED,Matched via exact.
TamilNadu.pdf,PMBJK05371,Tamil Nadu,Tiruppur,SOUTH_INDIA_IN_SCOPE,634.0,MATCHED,Matched via exact.
TamilNadu.pdf,PMBJK05380,Tamil Nadu,Dindigul,SOUTH_INDIA_IN_SCOPE,572.0,MATCHED,Matched via exact.
TamilNadu.pdf,PMBJK05409,Tamil Nadu,Thanjavur,SOUTH_INDIA_IN_SCOPE,586.0,MATCHED,Matched via exact.
TamilNadu.pdf,PMBJK05429,Tamil Nadu,Madurai,SOUTH_INDIA_IN_SCOPE,578.0,MATCHED,Matched via exact.
TamilNadu.pdf,PMBJK05435,Tamil Nadu,Tiruchirappalli,SOUTH_INDIA_IN_SCOPE,591.0,MATCHED,Matched via exact.
TamilNadu.pdf,PMBJK05437,Tamil Nadu,Vellore,SOUTH_INDIA_IN_SCOPE,595.0,MATCHED,Matched via exact.
TamilNadu.pdf,PMBJK05443,Tamil Nadu,Coimbatore,SOUTH_INDIA_IN_SCOPE,569.0,MATCHED,Matched via exact.
TamilNadu.pdf,PMBJK05475,Tamil Nadu,Nagapattinam,SOUTH_INDIA_IN_SCOPE,579.0,MATCHED,Matched via exact.
TamilNadu.pdf,PMBJK05497,Tamil Nadu,Madurai,SOUTH_INDIA_IN_SCOPE,578.0,MATCHED,Matched via exact.
TamilNadu.pdf,PMBJK05498,Tamil Nadu,Tirupathur,SOUTH_INDIA_IN_SCOPE,732.0,MATCHED,Matched via split.
TamilNadu.pdf,PMBJK05501,Tamil Nadu,Chennai,SOUTH_INDIA_IN_SCOPE,568.0,MATCHED,Matched via exact.
TamilNadu.pdf,PMBJK05512,Tamil Nadu,Tirunelveli,SOUTH_INDIA_IN_SCOPE,592.0,MATCHED,Matched via exact.
TamilNadu.pdf,PMBJK05513,Tamil Nadu,Nagapattinam,SOUTH_INDIA_IN_SCOPE,579.0,MATCHED,Matched via exact.
TamilNadu.pdf,PMBJK05514,Tamil Nadu,Thanjavur,SOUTH_INDIA_IN_SCOPE,586.0,MATCHED,Matched via exact.
TamilNadu.pdf,PMBJK05521,Tamil Nadu,Chennai,SOUTH_INDIA_IN_SCOPE,568.0,MATCHED,Matched via exact.
TamilNadu.pdf,PMBJK05567,Tamil Nadu,Thiruvarur,SOUTH_INDIA_IN_SCOPE,590.0,MATCHED,Matched via exact.
TamilNadu.pdf,PMBJK05568,Tamil Nadu,Thiruvarur,SOUTH_INDIA_IN_SCOPE,590.0,MATCHED,Matched via exact.
TamilNadu.pdf,PMBJK05597,Tamil Nadu,Tiruvannamalai,SOUTH_INDIA_IN_SCOPE,593.0,MATCHED,Matched via exact.
TamilNadu.pdf,PMBJK05603,Tamil Nadu,Nagapattinam,SOUTH_INDIA_IN_SCOPE,579.0,MATCHED,Matched via exact.
TamilNadu.pdf,PMBJK05618,Tamil Nadu,Erode,SOUTH_INDIA_IN_SCOPE,573.0,MATCHED,Matched via exact.
TamilNadu.pdf,PMBJK05623,Tamil Nadu,Krishnagiri,SOUTH_INDIA_IN_SCOPE,577.0,MATCHED,Matched via exact.
TamilNadu.pdf,PMBJK05645,Tamil Nadu,Coimbatore,SOUTH_INDIA_IN_SCOPE,569.0,MATCHED,Matched via exact.
TamilNadu.pdf,PMBJK05676,Tamil Nadu,Erode,SOUTH_INDIA_IN_SCOPE,573.0,MATCHED,Matched via exact.
TamilNadu.pdf,PMBJK05696,Tamil Nadu,Chennai,SOUTH_INDIA_IN_SCOPE,568.0,MATCHED,Matched via exact.
TamilNadu.pdf,PMBJK05697,Tamil Nadu,Coimbatore,SOUTH_INDIA_IN_SCOPE,569.0,MATCHED,Matched via exact.
TamilNadu.pdf,PMBJK05703,Tamil Nadu,Thanjavur,SOUTH_INDIA_IN_SCOPE,586.0,MATCHED,Matched via exact.
TamilNadu.pdf,PMBJK05704,Tamil Nadu,Chennai,SOUTH_INDIA_IN_SCOPE,568.0,MATCHED,Matched via exact.
TamilNadu.pdf,PMBJK05712,Tamil Nadu,Chennai,SOUTH_INDIA_IN_SCOPE,568.0,MATCHED,Matched via exact.
TamilNadu.pdf,PMBJK05725,Tamil Nadu,Viluppuram,SOUTH_INDIA_IN_SCOPE,596.0,MATCHED,Matched via exact.
TamilNadu.pdf,PMBJK05750,Tamil Nadu,Tiruppur,SOUTH_INDIA_IN_SCOPE,634.0,MATCHED,Matched via exact.
TamilNadu.pdf,PMBJK05765,Tamil Nadu,Thiruvarur,SOUTH_INDIA_IN_SCOPE,590.0,MATCHED,Matched via exact.
TamilNadu.pdf,PMBJK05792,Tamil Nadu,Vellore,SOUTH_INDIA_IN_SCOPE,595.0,MATCHED,Matched via exact.
TamilNadu.pdf,PMBJK05829,Tamil Nadu,Nagapattinam,SOUTH_INDIA_IN_SCOPE,579.0,MATCHED,Matched via exact.
TamilNadu.pdf,PMBJK05831,Tamil Nadu,Pudukkottai,SOUTH_INDIA_IN_SCOPE,582.0,MATCHED,Matched via exact.
TamilNadu.pdf,PMBJK05867,Tamil Nadu,Nagapattinam,SOUTH_INDIA_IN_SCOPE,579.0,MATCHED,Matched via exact.
TamilNadu.pdf,PMBJK05868,Tamil Nadu,Vellore,SOUTH_INDIA_IN_SCOPE,595.0,MATCHED,Matched via exact.
TamilNadu.pdf,PMBJK05869,Tamil Nadu,Sivaganga,SOUTH_INDIA_IN_SCOPE,585.0,MATCHED,Matched via exact.
TamilNadu.pdf,PMBJK05883,Tamil Nadu,Chennai,SOUTH_INDIA_IN_SCOPE,568.0,MATCHED,Matched via exact.
TamilNadu.pdf,PMBJK05895,Tamil Nadu,Cuddalore,SOUTH_INDIA_IN_SCOPE,570.0,MATCHED,Matched via exact.
TamilNadu.pdf,PMBJK05912,Tamil Nadu,Thanjavur,SOUTH_INDIA_IN_SCOPE,586.0,MATCHED,Matched via exact.
TamilNadu.pdf,PMBJK05943,Tamil Nadu,Vellore,SOUTH_INDIA_IN_SCOPE,595.0,MATCHED,Matched via exact.
TamilNadu.pdf,PMBJK05948,Tamil Nadu,Madurai,SOUTH_INDIA_IN_SCOPE,578.0,MATCHED,Matched via exact.
TamilNadu.pdf,PMBJK05949,Tamil Nadu,Kanniyakumari,SOUTH_INDIA_IN_SCOPE,575.0,MATCHED,Matched via exact.
TamilNadu.pdf,PMBJK05972,Tamil Nadu,Erode,SOUTH_INDIA_IN_SCOPE,573.0,MATCHED,Matched via exact.
TamilNadu.pdf,PMBJK05973,Tamil Nadu,Dharmapuri,SOUTH_INDIA_IN_SCOPE,571.0,MATCHED,Matched via exact.
TamilNadu.pdf,PMBJK05979,Tamil Nadu,Thanjavur,SOUTH_INDIA_IN_SCOPE,586.0,MATCHED,Matched via exact.
TamilNadu.pdf,PMBJK05997,Tamil Nadu,Chennai,SOUTH_INDIA_IN_SCOPE,568.0,MATCHED,Matched via exact.
TamilNadu.pdf,PMBJK06009,Tamil Nadu,Tirunelveli,SOUTH_INDIA_IN_SCOPE,592.0,MATCHED,Matched via exact.
TamilNadu.pdf,PMBJK06035,Tamil Nadu,Chennai,SOUTH_INDIA_IN_SCOPE,568.0,MATCHED,Matched via exact.
TamilNadu.pdf,PMBJK06036,Tamil Nadu,Nagapattinam,SOUTH_INDIA_IN_SCOPE,579.0,MATCHED,Matched via exact.
TamilNadu.pdf,PMBJK06046,Tamil Nadu,Kanniyakumari,SOUTH_INDIA_IN_SCOPE,575.0,MATCHED,Matched via exact.
TamilNadu.pdf,PMBJK06066,Tamil Nadu,Thiruvarur,SOUTH_INDIA_IN_SCOPE,590.0,MATCHED,Matched via exact.
TamilNadu.pdf,PMBJK06071,Tamil Nadu,Tirunelveli,SOUTH_INDIA_IN_SCOPE,592.0,MATCHED,Matched via exact.
TamilNadu.pdf,PMBJK06088,Tamil Nadu,Tirunelveli,SOUTH_INDIA_IN_SCOPE,592.0,MATCHED,Matched via exact.
TamilNadu.pdf,PMBJK06090,Tamil Nadu,Chennai,SOUTH_INDIA_IN_SCOPE,568.0,MATCHED,Matched via exact.
TamilNadu.pdf,PMBJK06120,Tamil Nadu,Chennai,SOUTH_INDIA_IN_SCOPE,568.0,MATCHED,Matched via exact.
TamilNadu.pdf,PMBJK06121,Tamil Nadu,Madurai,SOUTH_INDIA_IN_SCOPE,578.0,MATCHED,Matched via exact.
TamilNadu.pdf,PMBJK06138,Tamil Nadu,Vellore,SOUTH_INDIA_IN_SCOPE,595.0,MATCHED,Matched via exact.
TamilNadu.pdf,PMBJK06166,Tamil Nadu,Erode,SOUTH_INDIA_IN_SCOPE,573.0,MATCHED,Matched via exact.
TamilNadu.pdf,PMBJK06167,Tamil Nadu,Kanniyakumari,SOUTH_INDIA_IN_SCOPE,575.0,MATCHED,Matched via exact.
TamilNadu.pdf,PMBJK06192,Tamil Nadu,Chennai,SOUTH_INDIA_IN_SCOPE,568.0,MATCHED,Matched via exact.
TamilNadu.pdf,PMBJK06209,Tamil Nadu,Tiruchirappalli,SOUTH_INDIA_IN_SCOPE,591.0,MATCHED,Matched via exact.
TamilNadu.pdf,PMBJK06221,Tamil Nadu,Theni,SOUTH_INDIA_IN_SCOPE,588.0,MATCHED,Matched via exact.
TamilNadu.pdf,PMBJK06226,Tamil Nadu,Vellore,SOUTH_INDIA_IN_SCOPE,595.0,MATCHED,Matched via exact.
TamilNadu.pdf,PMBJK06247,Tamil Nadu,Namakkal,SOUTH_INDIA_IN_SCOPE,580.0,MATCHED,Matched via exact.
TamilNadu.pdf,PMBJK06249,Tamil Nadu,Thiruvallur,SOUTH_INDIA_IN_SCOPE,589.0,MATCHED,Matched via exact.
TamilNadu.pdf,PMBJK06250,Tamil Nadu,Kancheepuram,SOUTH_INDIA_IN_SCOPE,574.0,MATCHED,Matched via exact.
TamilNadu.pdf,PMBJK06251,Tamil Nadu,Kancheepuram,SOUTH_INDIA_IN_SCOPE,574.0,MATCHED,Matched via exact.
TamilNadu.pdf,PMBJK06255,Tamil Nadu,Tiruchirappalli,SOUTH_INDIA_IN_SCOPE,591.0,MATCHED,Matched via exact.
TamilNadu.pdf,PMBJK06265,Tamil Nadu,Chennai,SOUTH_INDIA_IN_SCOPE,568.0,MATCHED,Matched via exact.
TamilNadu.pdf,PMBJK06273,Tamil Nadu,Vellore,SOUTH_INDIA_IN_SCOPE,595.0,MATCHED,Matched via exact.
TamilNadu.pdf,PMBJK06274,Tamil Nadu,Kanniyakumari,SOUTH_INDIA_IN_SCOPE,575.0,MATCHED,Matched via exact.
TamilNadu.pdf,PMBJK06290,Tamil Nadu,Sivaganga,SOUTH_INDIA_IN_SCOPE,585.0,MATCHED,Matched via exact.
TamilNadu.pdf,PMBJK06300,Tamil Nadu,Kancheepuram,SOUTH_INDIA_IN_SCOPE,574.0,MATCHED,Matched via exact.
TamilNadu.pdf,PMBJK06301,Tamil Nadu,Dindigul,SOUTH_INDIA_IN_SCOPE,572.0,MATCHED,Matched via exact.
TamilNadu.pdf,PMBJK06325,Tamil Nadu,Nagapattinam,SOUTH_INDIA_IN_SCOPE,579.0,MATCHED,Matched via exact.
TamilNadu.pdf,PMBJK06335,Tamil Nadu,Madurai,SOUTH_INDIA_IN_SCOPE,578.0,MATCHED,Matched via exact.
TamilNadu.pdf,PMBJK06342,Tamil Nadu,Kancheepuram,SOUTH_INDIA_IN_SCOPE,574.0,MATCHED,Matched via exact.
TamilNadu.pdf,PMBJK06412,Tamil Nadu,Thanjavur,SOUTH_INDIA_IN_SCOPE,586.0,MATCHED,Matched via exact.
TamilNadu.pdf,PMBJK06442,Tamil Nadu,Pudukkottai,SOUTH_INDIA_IN_SCOPE,582.0,MATCHED,Matched via exact.
TamilNadu.pdf,PMBJK06475,Tamil Nadu,Coimbatore,SOUTH_INDIA_IN_SCOPE,569.0,MATCHED,Matched via exact.
TamilNadu.pdf,PMBJK06478,Tamil Nadu,Vellore,SOUTH_INDIA_IN_SCOPE,595.0,MATCHED,Matched via exact.
TamilNadu.pdf,PMBJK06528,Tamil Nadu,Tiruchirappalli,SOUTH_INDIA_IN_SCOPE,591.0,MATCHED,Matched via exact.
TamilNadu.pdf,PMBJK06592,Tamil Nadu,Thiruvallur,SOUTH_INDIA_IN_SCOPE,589.0,MATCHED,Matched via exact.
TamilNadu.pdf,PMBJK06613,Tamil Nadu,Madurai,SOUTH_INDIA_IN_SCOPE,578.0,MATCHED,Matched via exact.
TamilNadu.pdf,PMBJK06634,Tamil Nadu,Dindigul,SOUTH_INDIA_IN_SCOPE,572.0,MATCHED,Matched via exact.
TamilNadu.pdf,PMBJK06655,Tamil Nadu,Vellore,SOUTH_INDIA_IN_SCOPE,595.0,MATCHED,Matched via exact.
TamilNadu.pdf,PMBJK06662,Tamil Nadu,Chennai,SOUTH_INDIA_IN_SCOPE,568.0,MATCHED,Matched via exact.
TamilNadu.pdf,PMBJK06663,Tamil Nadu,Tiruchirappalli,SOUTH_INDIA_IN_SCOPE,591.0,MATCHED,Matched via exact.
TamilNadu.pdf,PMBJK06665,Tamil Nadu,Coimbatore,SOUTH_INDIA_IN_SCOPE,569.0,MATCHED,Matched via exact.
TamilNadu.pdf,PMBJK06686,Tamil Nadu,Chennai,SOUTH_INDIA_IN_SCOPE,568.0,MATCHED,Matched via exact.
TamilNadu.pdf,PMBJK06691,Tamil Nadu,Pudukkottai,SOUTH_INDIA_IN_SCOPE,582.0,MATCHED,Matched via exact.
TamilNadu.pdf,PMBJK06695,Tamil Nadu,Viluppuram,SOUTH_INDIA_IN_SCOPE,596.0,MATCHED,Matched via exact.
TamilNadu.pdf,PMBJK06696,Tamil Nadu,Pudukkottai,SOUTH_INDIA_IN_SCOPE,582.0,MATCHED,Matched via exact.
TamilNadu.pdf,PMBJK06699,Tamil Nadu,Chennai,SOUTH_INDIA_IN_SCOPE,568.0,MATCHED,Matched via exact.
TamilNadu.pdf,PMBJK06712,Tamil Nadu,Thiruvallur,SOUTH_INDIA_IN_SCOPE,589.0,MATCHED,Matched via exact.
TamilNadu.pdf,PMBJK06720,Tamil Nadu,Virudhunagar,SOUTH_INDIA_IN_SCOPE,597.0,MATCHED,Matched via exact.
TamilNadu.pdf,PMBJK06721,Tamil Nadu,Erode,SOUTH_INDIA_IN_SCOPE,573.0,MATCHED,Matched via exact.
TamilNadu.pdf,PMBJK06722,Tamil Nadu,Kancheepuram,SOUTH_INDIA_IN_SCOPE,574.0,MATCHED,Matched via exact.
TamilNadu.pdf,PMBJK06735,Tamil Nadu,Chennai,SOUTH_INDIA_IN_SCOPE,568.0,MATCHED,Matched via exact.
TamilNadu.pdf,PMBJK06736,Tamil Nadu,Kancheepuram,SOUTH_INDIA_IN_SCOPE,574.0,MATCHED,Matched via exact.
TamilNadu.pdf,PMBJK06784,Tamil Nadu,Tirunelveli,SOUTH_INDIA_IN_SCOPE,592.0,MATCHED,Matched via exact.
TamilNadu.pdf,PMBJK06785,Tamil Nadu,Dindigul,SOUTH_INDIA_IN_SCOPE,572.0,MATCHED,Matched via exact.
TamilNadu.pdf,PMBJK06786,Tamil Nadu,Thanjavur,SOUTH_INDIA_IN_SCOPE,586.0,MATCHED,Matched via exact.
TamilNadu.pdf,PMBJK06787,Tamil Nadu,Thiruvarur,SOUTH_INDIA_IN_SCOPE,590.0,MATCHED,Matched via exact.
TamilNadu.pdf,PMBJK06788,Tamil Nadu,Thanjavur,SOUTH_INDIA_IN_SCOPE,586.0,MATCHED,Matched via exact.
TamilNadu.pdf,PMBJK06808,Tamil Nadu,Sivaganga,SOUTH_INDIA_IN_SCOPE,585.0,MATCHED,Matched via exact.
TamilNadu.pdf,PMBJK06824,Tamil Nadu,Kanniyakumari,SOUTH_INDIA_IN_SCOPE,575.0,MATCHED,Matched via exact.
TamilNadu.pdf,PMBJK06839,Tamil Nadu,Krishnagiri,SOUTH_INDIA_IN_SCOPE,577.0,MATCHED,Matched via exact.
TamilNadu.pdf,PMBJK06878,Tamil Nadu,Theni,SOUTH_INDIA_IN_SCOPE,588.0,MATCHED,Matched via exact.
TamilNadu.pdf,PMBJK06889,Tamil Nadu,Tiruchirappalli,SOUTH_INDIA_IN_SCOPE,591.0,MATCHED,Matched via exact.
TamilNadu.pdf,PMBJK06893,Tamil Nadu,Coimbatore,SOUTH_INDIA_IN_SCOPE,569.0,MATCHED,Matched via exact.
TamilNadu.pdf,PMBJK06923,Tamil Nadu,Coimbatore,SOUTH_INDIA_IN_SCOPE,569.0,MATCHED,Matched via exact.
TamilNadu.pdf,PMBJK06925,Tamil Nadu,Pudukkottai,SOUTH_INDIA_IN_SCOPE,582.0,MATCHED,Matched via exact.
TamilNadu.pdf,PMBJK06926,Tamil Nadu,Erode,SOUTH_INDIA_IN_SCOPE,573.0,MATCHED,Matched via exact.
TamilNadu.pdf,PMBJK06938,Tamil Nadu,Krishnagiri,SOUTH_INDIA_IN_SCOPE,577.0,MATCHED,Matched via exact.
TamilNadu.pdf,PMBJK06945,Tamil Nadu,Chennai,SOUTH_INDIA_IN_SCOPE,568.0,MATCHED,Matched via exact.
TamilNadu.pdf,PMBJK06951,Tamil Nadu,Tenkasi,SOUTH_INDIA_IN_SCOPE,733.0,MATCHED,Matched via split.
TamilNadu.pdf,PMBJK06954,Tamil Nadu,Kanniyakumari,SOUTH_INDIA_IN_SCOPE,575.0,MATCHED,Matched via exact.
TamilNadu.pdf,PMBJK06955,Tamil Nadu,Tiruppur,SOUTH_INDIA_IN_SCOPE,634.0,MATCHED,Matched via exact.
TamilNadu.pdf,PMBJK06983,Tamil Nadu,Tirunelveli,SOUTH_INDIA_IN_SCOPE,592.0,MATCHED,Matched via exact.
TamilNadu.pdf,PMBJK06986,Tamil Nadu,Dindigul,SOUTH_INDIA_IN_SCOPE,572.0,MATCHED,Matched via exact.
TamilNadu.pdf,PMBJK06990,Tamil Nadu,Chennai,SOUTH_INDIA_IN_SCOPE,568.0,MATCHED,Matched via exact.
TamilNadu.pdf,PMBJK07037,Tamil Nadu,Chennai,SOUTH_INDIA_IN_SCOPE,568.0,MATCHED,Matched via exact.
TamilNadu.pdf,PMBJK07038,Tamil Nadu,Tiruppur,SOUTH_INDIA_IN_SCOPE,634.0,MATCHED,Matched via exact.
TamilNadu.pdf,PMBJK07040,Tamil Nadu,Chennai,SOUTH_INDIA_IN_SCOPE,568.0,MATCHED,Matched via exact.
TamilNadu.pdf,PMBJK07041,Tamil Nadu,Tiruppur,SOUTH_INDIA_IN_SCOPE,634.0,MATCHED,Matched via exact.
TamilNadu.pdf,PMBJK07056,Tamil Nadu,Theni,SOUTH_INDIA_IN_SCOPE,588.0,MATCHED,Matched via exact.
TamilNadu.pdf,PMBJK07061,Tamil Nadu,Chennai,SOUTH_INDIA_IN_SCOPE,568.0,MATCHED,Matched via exact.
TamilNadu.pdf,PMBJK07075,Tamil Nadu,Erode,SOUTH_INDIA_IN_SCOPE,573.0,MATCHED,Matched via exact.
TamilNadu.pdf,PMBJK07108,Tamil Nadu,Coimbatore,SOUTH_INDIA_IN_SCOPE,569.0,MATCHED,Matched via exact.
TamilNadu.pdf,PMBJK07110,Tamil Nadu,Chennai,SOUTH_INDIA_IN_SCOPE,568.0,MATCHED,Matched via exact.
TamilNadu.pdf,PMBJK07130,Tamil Nadu,Tiruchirappalli,SOUTH_INDIA_IN_SCOPE,591.0,MATCHED,Matched via exact.
TamilNadu.pdf,PMBJK07133,Tamil Nadu,Tiruppur,SOUTH_INDIA_IN_SCOPE,634.0,MATCHED,Matched via exact.
TamilNadu.pdf,PMBJK07150,Tamil Nadu,Chennai,SOUTH_INDIA_IN_SCOPE,568.0,MATCHED,Matched via exact.
TamilNadu.pdf,PMBJK07151,Tamil Nadu,Karur,SOUTH_INDIA_IN_SCOPE,576.0,MATCHED,Matched via exact.
TamilNadu.pdf,PMBJK07159,Tamil Nadu,Erode,SOUTH_INDIA_IN_SCOPE,573.0,MATCHED,Matched via exact.
TamilNadu.pdf,PMBJK07161,Tamil Nadu,Kancheepuram,SOUTH_INDIA_IN_SCOPE,574.0,MATCHED,Matched via exact.
TamilNadu.pdf,PMBJK07180,Tamil Nadu,Chennai,SOUTH_INDIA_IN_SCOPE,568.0,MATCHED,Matched via exact.
TamilNadu.pdf,PMBJK07187,Tamil Nadu,Chennai,SOUTH_INDIA_IN_SCOPE,568.0,MATCHED,Matched via exact.
TamilNadu.pdf,PMBJK07189,Tamil Nadu,Chennai,SOUTH_INDIA_IN_SCOPE,568.0,MATCHED,Matched via exact.
TamilNadu.pdf,PMBJK07214,Tamil Nadu,Chengalpattu,SOUTH_INDIA_IN_SCOPE,730.0,MATCHED,Matched via split.
TamilNadu.pdf,PMBJK07215,Tamil Nadu,Karur,SOUTH_INDIA_IN_SCOPE,576.0,MATCHED,Matched via exact.
TamilNadu.pdf,PMBJK07240,Tamil Nadu,Chennai,SOUTH_INDIA_IN_SCOPE,568.0,MATCHED,Matched via exact.
TamilNadu.pdf,PMBJK07241,Tamil Nadu,Tiruchirappalli,SOUTH_INDIA_IN_SCOPE,591.0,MATCHED,Matched via exact.
TamilNadu.pdf,PMBJK07305,Tamil Nadu,Vellore,SOUTH_INDIA_IN_SCOPE,595.0,MATCHED,Matched via exact.
TamilNadu.pdf,PMBJK07306,Tamil Nadu,Chennai,SOUTH_INDIA_IN_SCOPE,568.0,MATCHED,Matched via exact.
TamilNadu.pdf,PMBJK07307,Tamil Nadu,Madurai,SOUTH_INDIA_IN_SCOPE,578.0,MATCHED,Matched via exact.
TamilNadu.pdf,PMBJK07336,Tamil Nadu,Ranipet,SOUTH_INDIA_IN_SCOPE,731.0,MATCHED,Matched via split.
TamilNadu.pdf,PMBJK07409,Tamil Nadu,Theni,SOUTH_INDIA_IN_SCOPE,588.0,MATCHED,Matched via exact.
TamilNadu.pdf,PMBJK07410,Tamil Nadu,Chennai,SOUTH_INDIA_IN_SCOPE,568.0,MATCHED,Matched via exact.
TamilNadu.pdf,PMBJK07411,Tamil Nadu,Pudukkottai,SOUTH_INDIA_IN_SCOPE,582.0,MATCHED,Matched via exact.
TamilNadu.pdf,PMBJK07423,Tamil Nadu,Salem,SOUTH_INDIA_IN_SCOPE,584.0,MATCHED,Matched via exact.
TamilNadu.pdf,PMBJK07450,Tamil Nadu,Krishnagiri,SOUTH_INDIA_IN_SCOPE,577.0,MATCHED,Matched via exact.
TamilNadu.pdf,PMBJK07451,Tamil Nadu,Pudukkottai,SOUTH_INDIA_IN_SCOPE,582.0,MATCHED,Matched via exact.
TamilNadu.pdf,PMBJK07452,Tamil Nadu,Thiruvallur,SOUTH_INDIA_IN_SCOPE,589.0,MATCHED,Matched via exact.
TamilNadu.pdf,PMBJK07455,Tamil Nadu,Tiruppur,SOUTH_INDIA_IN_SCOPE,634.0,MATCHED,Matched via exact.
TamilNadu.pdf,PMBJK07463,Tamil Nadu,Kancheepuram,SOUTH_INDIA_IN_SCOPE,574.0,MATCHED,Matched via exact.
TamilNadu.pdf,PMBJK07467,Tamil Nadu,Ranipet,SOUTH_INDIA_IN_SCOPE,731.0,MATCHED,Matched via split.
TamilNadu.pdf,PMBJK07469,Tamil Nadu,Sivaganga,SOUTH_INDIA_IN_SCOPE,585.0,MATCHED,Matched via exact.
TamilNadu.pdf,PMBJK07513,Tamil Nadu,Coimbatore,SOUTH_INDIA_IN_SCOPE,569.0,MATCHED,Matched via exact.
TamilNadu.pdf,PMBJK07521,Tamil Nadu,Chennai,SOUTH_INDIA_IN_SCOPE,568.0,MATCHED,Matched via exact.
TamilNadu.pdf,PMBJK07532,Tamil Nadu,Chennai,SOUTH_INDIA_IN_SCOPE,568.0,MATCHED,Matched via exact.
TamilNadu.pdf,PMBJK07533,Tamil Nadu,Chengalpattu,SOUTH_INDIA_IN_SCOPE,730.0,MATCHED,Matched via split.
TamilNadu.pdf,PMBJK07547,Tamil Nadu,Tiruvannamalai,SOUTH_INDIA_IN_SCOPE,593.0,MATCHED,Matched via exact.
TamilNadu.pdf,PMBJK07548,Tamil Nadu,Dharmapuri,SOUTH_INDIA_IN_SCOPE,571.0,MATCHED,Matched via exact.
TamilNadu.pdf,PMBJK07550,Tamil Nadu,Chennai,SOUTH_INDIA_IN_SCOPE,568.0,MATCHED,Matched via exact.
TamilNadu.pdf,PMBJK07551,Tamil Nadu,Vellore,SOUTH_INDIA_IN_SCOPE,595.0,MATCHED,Matched via exact.
TamilNadu.pdf,PMBJK07552,Tamil Nadu,Thoothukkudi,SOUTH_INDIA_IN_SCOPE,594.0,MATCHED,Matched via exact.
TamilNadu.pdf,PMBJK07553,Tamil Nadu,Vellore,SOUTH_INDIA_IN_SCOPE,595.0,MATCHED,Matched via exact.
TamilNadu.pdf,PMBJK07559,Tamil Nadu,Erode,SOUTH_INDIA_IN_SCOPE,573.0,MATCHED,Matched via exact.
TamilNadu.pdf,PMBJK07651,Tamil Nadu,Salem,SOUTH_INDIA_IN_SCOPE,584.0,MATCHED,Matched via exact.
TamilNadu.pdf,PMBJK07652,Tamil Nadu,Chennai,SOUTH_INDIA_IN_SCOPE,568.0,MATCHED,Matched via exact.
TamilNadu.pdf,PMBJK07653,Tamil Nadu,Vellore,SOUTH_INDIA_IN_SCOPE,595.0,MATCHED,Matched via exact.
TamilNadu.pdf,PMBJK07654,Tamil Nadu,Chennai,SOUTH_INDIA_IN_SCOPE,568.0,MATCHED,Matched via exact.
TamilNadu.pdf,PMBJK07695,Tamil Nadu,Chennai,SOUTH_INDIA_IN_SCOPE,568.0,MATCHED,Matched via exact.
TamilNadu.pdf,PMBJK07696,Tamil Nadu,Krishnagiri,SOUTH_INDIA_IN_SCOPE,577.0,MATCHED,Matched via exact.
TamilNadu.pdf,PMBJK07753,Tamil Nadu,Thiruvallur,SOUTH_INDIA_IN_SCOPE,589.0,MATCHED,Matched via exact.
TamilNadu.pdf,PMBJK07754,Tamil Nadu,Thiruvallur,SOUTH_INDIA_IN_SCOPE,589.0,MATCHED,Matched via exact.
TamilNadu.pdf,PMBJK07755,Tamil Nadu,Chennai,SOUTH_INDIA_IN_SCOPE,568.0,MATCHED,Matched via exact.
TamilNadu.pdf,PMBJK07756,Tamil Nadu,Madurai,SOUTH_INDIA_IN_SCOPE,578.0,MATCHED,Matched via exact.
TamilNadu.pdf,PMBJK07795,Tamil Nadu,Thiruvallur,SOUTH_INDIA_IN_SCOPE,589.0,MATCHED,Matched via exact.
TamilNadu.pdf,PMBJK07812,Tamil Nadu,Chennai,SOUTH_INDIA_IN_SCOPE,568.0,MATCHED,Matched via exact.
TamilNadu.pdf,PMBJK07814,Tamil Nadu,Coimbatore,SOUTH_INDIA_IN_SCOPE,569.0,MATCHED,Matched via exact.
TamilNadu.pdf,PMBJK07817,Tamil Nadu,Thiruvallur,SOUTH_INDIA_IN_SCOPE,589.0,MATCHED,Matched via exact.
TamilNadu.pdf,PMBJK07826,Tamil Nadu,Tiruchirappalli,SOUTH_INDIA_IN_SCOPE,591.0,MATCHED,Matched via exact.
TamilNadu.pdf,PMBJK07884,Tamil Nadu,Chennai,SOUTH_INDIA_IN_SCOPE,568.0,MATCHED,Matched via exact.
TamilNadu.pdf,PMBJK07888,Tamil Nadu,Madurai,SOUTH_INDIA_IN_SCOPE,578.0,MATCHED,Matched via exact.
TamilNadu.pdf,PMBJK07915,Tamil Nadu,Kanniyakumari,SOUTH_INDIA_IN_SCOPE,575.0,MATCHED,Matched via exact.
TamilNadu.pdf,PMBJK07917,Tamil Nadu,Madurai,SOUTH_INDIA_IN_SCOPE,578.0,MATCHED,Matched via exact.
TamilNadu.pdf,PMBJK07918,Tamil Nadu,Nagapattinam,SOUTH_INDIA_IN_SCOPE,579.0,MATCHED,Matched via exact.
TamilNadu.pdf,PMBJK07927,Tamil Nadu,Thanjavur,SOUTH_INDIA_IN_SCOPE,586.0,MATCHED,Matched via exact.
TamilNadu.pdf,PMBJK07929,Tamil Nadu,Madurai,SOUTH_INDIA_IN_SCOPE,578.0,MATCHED,Matched via exact.
TamilNadu.pdf,PMBJK07980,Tamil Nadu,Dindigul,SOUTH_INDIA_IN_SCOPE,572.0,MATCHED,Matched via exact.
TamilNadu.pdf,PMBJK07982,Tamil Nadu,Chennai,SOUTH_INDIA_IN_SCOPE,568.0,MATCHED,Matched via exact.
TamilNadu.pdf,PMBJK07999,Tamil Nadu,Ranipet,SOUTH_INDIA_IN_SCOPE,731.0,MATCHED,Matched via split.
TamilNadu.pdf,PMBJK08001,Tamil Nadu,Coimbatore,SOUTH_INDIA_IN_SCOPE,569.0,MATCHED,Matched via exact.
TamilNadu.pdf,PMBJK08002,Tamil Nadu,Theni,SOUTH_INDIA_IN_SCOPE,588.0,MATCHED,Matched via exact.
TamilNadu.pdf,PMBJK08003,Tamil Nadu,Thanjavur,SOUTH_INDIA_IN_SCOPE,586.0,MATCHED,Matched via exact.
TamilNadu.pdf,PMBJK08027,Tamil Nadu,Chennai,SOUTH_INDIA_IN_SCOPE,568.0,MATCHED,Matched via exact.
TamilNadu.pdf,PMBJK08032,Tamil Nadu,Tirupathur,SOUTH_INDIA_IN_SCOPE,732.0,MATCHED,Matched via split.
TamilNadu.pdf,PMBJK08044,Tamil Nadu,Thiruvallur,SOUTH_INDIA_IN_SCOPE,589.0,MATCHED,Matched via exact.
TamilNadu.pdf,PMBJK08046,Tamil Nadu,Coimbatore,SOUTH_INDIA_IN_SCOPE,569.0,MATCHED,Matched via exact.
TamilNadu.pdf,PMBJK08051,Tamil Nadu,The Nilgiris,SOUTH_INDIA_IN_SCOPE,587.0,MATCHED,Matched via exact.
TamilNadu.pdf,PMBJK08052,Tamil Nadu,Chennai,SOUTH_INDIA_IN_SCOPE,568.0,MATCHED,Matched via exact.
TamilNadu.pdf,PMBJK08073,Tamil Nadu,Chennai,SOUTH_INDIA_IN_SCOPE,568.0,MATCHED,Matched via exact.
TamilNadu.pdf,PMBJK08089,Tamil Nadu,Vellore,SOUTH_INDIA_IN_SCOPE,595.0,MATCHED,Matched via exact.
TamilNadu.pdf,PMBJK08090,Tamil Nadu,Dindigul,SOUTH_INDIA_IN_SCOPE,572.0,MATCHED,Matched via exact.
TamilNadu.pdf,PMBJK08101,Tamil Nadu,Chennai,SOUTH_INDIA_IN_SCOPE,568.0,MATCHED,Matched via exact.
TamilNadu.pdf,PMBJK08113,Tamil Nadu,Thanjavur,SOUTH_INDIA_IN_SCOPE,586.0,MATCHED,Matched via exact.
TamilNadu.pdf,PMBJK08114,Tamil Nadu,Chengalpattu,SOUTH_INDIA_IN_SCOPE,730.0,MATCHED,Matched via split.
TamilNadu.pdf,PMBJK08115,Tamil Nadu,Thiruvallur,SOUTH_INDIA_IN_SCOPE,589.0,MATCHED,Matched via exact.
TamilNadu.pdf,PMBJK08129,Tamil Nadu,Tiruchirappalli,SOUTH_INDIA_IN_SCOPE,591.0,MATCHED,Matched via exact.
TamilNadu.pdf,PMBJK08151,Tamil Nadu,Tiruchirappalli,SOUTH_INDIA_IN_SCOPE,591.0,MATCHED,Matched via exact.
TamilNadu.pdf,PMBJK08152,Tamil Nadu,Pudukkottai,SOUTH_INDIA_IN_SCOPE,582.0,MATCHED,Matched via exact.
TamilNadu.pdf,PMBJK08153,Tamil Nadu,Ranipet,SOUTH_INDIA_IN_SCOPE,731.0,MATCHED,Matched via split.
TamilNadu.pdf,PMBJK08154,Tamil Nadu,Chengalpattu,SOUTH_INDIA_IN_SCOPE,730.0,MATCHED,Matched via split.
TamilNadu.pdf,PMBJK08161,Tamil Nadu,Chennai,SOUTH_INDIA_IN_SCOPE,568.0,MATCHED,Matched via exact.
TamilNadu.pdf,PMBJK08172,Tamil Nadu,Chennai,SOUTH_INDIA_IN_SCOPE,568.0,MATCHED,Matched via exact.
TamilNadu.pdf,PMBJK08179,Tamil Nadu,Chengalpattu,SOUTH_INDIA_IN_SCOPE,730.0,MATCHED,Matched via split.
TamilNadu.pdf,PMBJK08180,Tamil Nadu,Theni,SOUTH_INDIA_IN_SCOPE,588.0,MATCHED,Matched via exact.
TamilNadu.pdf,PMBJK08190,Tamil Nadu,Thanjavur,SOUTH_INDIA_IN_SCOPE,586.0,MATCHED,Matched via exact.
TamilNadu.pdf,PMBJK08198,Tamil Nadu,Cuddalore,SOUTH_INDIA_IN_SCOPE,570.0,MATCHED,Matched via exact.
TamilNadu.pdf,PMBJK08209,Tamil Nadu,Chengalpattu,SOUTH_INDIA_IN_SCOPE,730.0,MATCHED,Matched via split.
TamilNadu.pdf,PMBJK08210,Tamil Nadu,Tiruchirappalli,SOUTH_INDIA_IN_SCOPE,591.0,MATCHED,Matched via exact.
TamilNadu.pdf,PMBJK08215,Tamil Nadu,Erode,SOUTH_INDIA_IN_SCOPE,573.0,MATCHED,Matched via exact.
TamilNadu.pdf,PMBJK08248,Tamil Nadu,Cuddalore,SOUTH_INDIA_IN_SCOPE,570.0,MATCHED,Matched via exact.
TamilNadu.pdf,PMBJK08270,Tamil Nadu,Chennai,SOUTH_INDIA_IN_SCOPE,568.0,MATCHED,Matched via exact.
TamilNadu.pdf,PMBJK08319,Tamil Nadu,Chennai,SOUTH_INDIA_IN_SCOPE,568.0,MATCHED,Matched via exact.
TamilNadu.pdf,PMBJK08324,Tamil Nadu,Coimbatore,SOUTH_INDIA_IN_SCOPE,569.0,MATCHED,Matched via exact.
TamilNadu.pdf,PMBJK08336,Tamil Nadu,Theni,SOUTH_INDIA_IN_SCOPE,588.0,MATCHED,Matched via exact.
TamilNadu.pdf,PMBJK08356,Tamil Nadu,Tiruchirappalli,SOUTH_INDIA_IN_SCOPE,591.0,MATCHED,Matched via exact.
TamilNadu.pdf,PMBJK08375,Tamil Nadu,Chennai,SOUTH_INDIA_IN_SCOPE,568.0,MATCHED,Matched via exact.
TamilNadu.pdf,PMBJK08376,Tamil Nadu,Chennai,SOUTH_INDIA_IN_SCOPE,568.0,MATCHED,Matched via exact.
TamilNadu.pdf,PMBJK08394,Tamil Nadu,Madurai,SOUTH_INDIA_IN_SCOPE,578.0,MATCHED,Matched via exact.
TamilNadu.pdf,PMBJK08410,Tamil Nadu,Thiruvarur,SOUTH_INDIA_IN_SCOPE,590.0,MATCHED,Matched via exact.
TamilNadu.pdf,PMBJK08411,Tamil Nadu,Dindigul,SOUTH_INDIA_IN_SCOPE,572.0,MATCHED,Matched via exact.
TamilNadu.pdf,PMBJK08412,Tamil Nadu,Virudhunagar,SOUTH_INDIA_IN_SCOPE,597.0,MATCHED,Matched via exact.
TamilNadu.pdf,PMBJK08413,Tamil Nadu,Chennai,SOUTH_INDIA_IN_SCOPE,568.0,MATCHED,Matched via exact.
TamilNadu.pdf,PMBJK08430,Tamil Nadu,Salem,SOUTH_INDIA_IN_SCOPE,584.0,MATCHED,Matched via exact.
TamilNadu.pdf,PMBJK08436,Tamil Nadu,Chennai,SOUTH_INDIA_IN_SCOPE,568.0,MATCHED,Matched via exact.
TamilNadu.pdf,PMBJK08455,Tamil Nadu,Chennai,SOUTH_INDIA_IN_SCOPE,568.0,MATCHED,Matched via exact.
TamilNadu.pdf,PMBJK08456,Tamil Nadu,Thiruvallur,SOUTH_INDIA_IN_SCOPE,589.0,MATCHED,Matched via exact.
TamilNadu.pdf,PMBJK08457,Tamil Nadu,Karur,SOUTH_INDIA_IN_SCOPE,576.0,MATCHED,Matched via exact.
TamilNadu.pdf,PMBJK08458,Tamil Nadu,Chennai,SOUTH_INDIA_IN_SCOPE,568.0,MATCHED,Matched via exact.
TamilNadu.pdf,PMBJK08459,Tamil Nadu,Thiruvallur,SOUTH_INDIA_IN_SCOPE,589.0,MATCHED,Matched via exact.
TamilNadu.pdf,PMBJK08460,Tamil Nadu,Perambalur,SOUTH_INDIA_IN_SCOPE,581.0,MATCHED,Matched via exact.
TamilNadu.pdf,PMBJK08461,Tamil Nadu,Pudukkottai,SOUTH_INDIA_IN_SCOPE,582.0,MATCHED,Matched via exact.
TamilNadu.pdf,PMBJK08475,Tamil Nadu,Chennai,SOUTH_INDIA_IN_SCOPE,568.0,MATCHED,Matched via exact.
TamilNadu.pdf,PMBJK08478,Tamil Nadu,Chennai,SOUTH_INDIA_IN_SCOPE,568.0,MATCHED,Matched via exact.
TamilNadu.pdf,PMBJK08490,Tamil Nadu,Dindigul,SOUTH_INDIA_IN_SCOPE,572.0,MATCHED,Matched via exact.
TamilNadu.pdf,PMBJK08491,Tamil Nadu,Thiruvarur,SOUTH_INDIA_IN_SCOPE,590.0,MATCHED,Matched via exact.
TamilNadu.pdf,PMBJK08503,Tamil Nadu,Theni,SOUTH_INDIA_IN_SCOPE,588.0,MATCHED,Matched via exact.
TamilNadu.pdf,PMBJK08545,Tamil Nadu,Coimbatore,SOUTH_INDIA_IN_SCOPE,569.0,MATCHED,Matched via exact.
TamilNadu.pdf,PMBJK08547,Tamil Nadu,Tiruppur,SOUTH_INDIA_IN_SCOPE,634.0,MATCHED,Matched via exact.
TamilNadu.pdf,PMBJK08549,Tamil Nadu,Chengalpattu,SOUTH_INDIA_IN_SCOPE,730.0,MATCHED,Matched via split.
TamilNadu.pdf,PMBJK08553,Tamil Nadu,Karur,SOUTH_INDIA_IN_SCOPE,576.0,MATCHED,Matched via exact.
TamilNadu.pdf,PMBJK08565,Tamil Nadu,Virudhunagar,SOUTH_INDIA_IN_SCOPE,597.0,MATCHED,Matched via exact.
TamilNadu.pdf,PMBJK08571,Tamil Nadu,Chengalpattu,SOUTH_INDIA_IN_SCOPE,730.0,MATCHED,Matched via split.
TamilNadu.pdf,PMBJK08573,Tamil Nadu,Pudukkottai,SOUTH_INDIA_IN_SCOPE,582.0,MATCHED,Matched via exact.
TamilNadu.pdf,PMBJK08574,Tamil Nadu,Thiruvarur,SOUTH_INDIA_IN_SCOPE,590.0,MATCHED,Matched via exact.
TamilNadu.pdf,PMBJK08576,Tamil Nadu,Tiruchirappalli,SOUTH_INDIA_IN_SCOPE,591.0,MATCHED,Matched via exact.
TamilNadu.pdf,PMBJK08584,Tamil Nadu,Pudukkottai,SOUTH_INDIA_IN_SCOPE,582.0,MATCHED,Matched via exact.
TamilNadu.pdf,PMBJK08586,Tamil Nadu,Krishnagiri,SOUTH_INDIA_IN_SCOPE,577.0,MATCHED,Matched via exact.
TamilNadu.pdf,PMBJK08595,Tamil Nadu,Theni,SOUTH_INDIA_IN_SCOPE,588.0,MATCHED,Matched via exact.
TamilNadu.pdf,PMBJK08601,Tamil Nadu,Madurai,SOUTH_INDIA_IN_SCOPE,578.0,MATCHED,Matched via exact.
TamilNadu.pdf,PMBJK08616,Tamil Nadu,Cuddalore,SOUTH_INDIA_IN_SCOPE,570.0,MATCHED,Matched via exact.
TamilNadu.pdf,PMBJK08619,Tamil Nadu,Erode,SOUTH_INDIA_IN_SCOPE,573.0,MATCHED,Matched via exact.
TamilNadu.pdf,PMBJK08649,Tamil Nadu,Chengalpattu,SOUTH_INDIA_IN_SCOPE,730.0,MATCHED,Matched via split.
TamilNadu.pdf,PMBJK08667,Tamil Nadu,Cuddalore,SOUTH_INDIA_IN_SCOPE,570.0,MATCHED,Matched via exact.
TamilNadu.pdf,PMBJK08668,Tamil Nadu,Vellore,SOUTH_INDIA_IN_SCOPE,595.0,MATCHED,Matched via exact.
TamilNadu.pdf,PMBJK08669,Tamil Nadu,Chennai,SOUTH_INDIA_IN_SCOPE,568.0,MATCHED,Matched via exact.
TamilNadu.pdf,PMBJK08707,Tamil Nadu,Chennai,SOUTH_INDIA_IN_SCOPE,568.0,MATCHED,Matched via exact.
TamilNadu.pdf,PMBJK08754,Tamil Nadu,Chennai,SOUTH_INDIA_IN_SCOPE,568.0,MATCHED,Matched via exact.
TamilNadu.pdf,PMBJK08763,Tamil Nadu,Chennai,SOUTH_INDIA_IN_SCOPE,568.0,MATCHED,Matched via exact.
TamilNadu.pdf,PMBJK08768,Tamil Nadu,Cuddalore,SOUTH_INDIA_IN_SCOPE,570.0,MATCHED,Matched via exact.
TamilNadu.pdf,PMBJK08815,Tamil Nadu,Chennai,SOUTH_INDIA_IN_SCOPE,568.0,MATCHED,Matched via exact.
TamilNadu.pdf,PMBJK08817,Tamil Nadu,Namakkal,SOUTH_INDIA_IN_SCOPE,580.0,MATCHED,Matched via exact.
TamilNadu.pdf,PMBJK08818,Tamil Nadu,Thiruvallur,SOUTH_INDIA_IN_SCOPE,589.0,MATCHED,Matched via exact.
TamilNadu.pdf,PMBJK08843,Tamil Nadu,Chengalpattu,SOUTH_INDIA_IN_SCOPE,730.0,MATCHED,Matched via split.
TamilNadu.pdf,PMBJK08847,Tamil Nadu,Thiruvallur,SOUTH_INDIA_IN_SCOPE,589.0,MATCHED,Matched via exact.
TamilNadu.pdf,PMBJK08892,Tamil Nadu,Thanjavur,SOUTH_INDIA_IN_SCOPE,586.0,MATCHED,Matched via exact.
TamilNadu.pdf,PMBJK08893,Tamil Nadu,Thiruvallur,SOUTH_INDIA_IN_SCOPE,589.0,MATCHED,Matched via exact.
TamilNadu.pdf,PMBJK08896,Tamil Nadu,Thiruvallur,SOUTH_INDIA_IN_SCOPE,589.0,MATCHED,Matched via exact.
TamilNadu.pdf,PMBJK08945,Tamil Nadu,Theni,SOUTH_INDIA_IN_SCOPE,588.0,MATCHED,Matched via exact.
TamilNadu.pdf,PMBJK08946,Tamil Nadu,Kancheepuram,SOUTH_INDIA_IN_SCOPE,574.0,MATCHED,Matched via exact.
TamilNadu.pdf,PMBJK08947,Tamil Nadu,Thiruvallur,SOUTH_INDIA_IN_SCOPE,589.0,MATCHED,Matched via exact.
TamilNadu.pdf,PMBJK08952,Tamil Nadu,Salem,SOUTH_INDIA_IN_SCOPE,584.0,MATCHED,Matched via exact.
TamilNadu.pdf,PMBJK08953,Tamil Nadu,Cuddalore,SOUTH_INDIA_IN_SCOPE,570.0,MATCHED,Matched via exact.
TamilNadu.pdf,PMBJK08984,Tamil Nadu,Kanniyakumari,SOUTH_INDIA_IN_SCOPE,575.0,MATCHED,Matched via exact.
TamilNadu.pdf,PMBJK08985,Tamil Nadu,Chengalpattu,SOUTH_INDIA_IN_SCOPE,730.0,MATCHED,Matched via split.
TamilNadu.pdf,PMBJK08986,Tamil Nadu,Ranipet,SOUTH_INDIA_IN_SCOPE,731.0,MATCHED,Matched via split.
TamilNadu.pdf,PMBJK09007,Tamil Nadu,Chengalpattu,SOUTH_INDIA_IN_SCOPE,730.0,MATCHED,Matched via split.
TamilNadu.pdf,PMBJK09008,Tamil Nadu,Vellore,SOUTH_INDIA_IN_SCOPE,595.0,MATCHED,Matched via exact.
TamilNadu.pdf,PMBJK09036,Tamil Nadu,Chennai,SOUTH_INDIA_IN_SCOPE,568.0,MATCHED,Matched via exact.
TamilNadu.pdf,PMBJK09093,Tamil Nadu,Chennai,SOUTH_INDIA_IN_SCOPE,568.0,MATCHED,Matched via exact.
TamilNadu.pdf,PMBJK09106,Tamil Nadu,Pudukkottai,SOUTH_INDIA_IN_SCOPE,582.0,MATCHED,Matched via exact.
TamilNadu.pdf,PMBJK09107,Tamil Nadu,Cuddalore,SOUTH_INDIA_IN_SCOPE,570.0,MATCHED,Matched via exact.
TamilNadu.pdf,PMBJK09127,Tamil Nadu,Tenkasi,SOUTH_INDIA_IN_SCOPE,733.0,MATCHED,Matched via split.
TamilNadu.pdf,PMBJK09134,Tamil Nadu,Thanjavur,SOUTH_INDIA_IN_SCOPE,586.0,MATCHED,Matched via exact.
TamilNadu.pdf,PMBJK09135,Tamil Nadu,Thiruvallur,SOUTH_INDIA_IN_SCOPE,589.0,MATCHED,Matched via exact.
TamilNadu.pdf,PMBJK09177,Tamil Nadu,Theni,SOUTH_INDIA_IN_SCOPE,588.0,MATCHED,Matched via exact.
TamilNadu.pdf,PMBJK09184,Tamil Nadu,Chennai,SOUTH_INDIA_IN_SCOPE,568.0,MATCHED,Matched via exact.
TamilNadu.pdf,PMBJK09207,Tamil Nadu,Vellore,SOUTH_INDIA_IN_SCOPE,595.0,MATCHED,Matched via exact.
TamilNadu.pdf,PMBJK09209,Tamil Nadu,Thoothukkudi,SOUTH_INDIA_IN_SCOPE,594.0,MATCHED,Matched via exact.
TamilNadu.pdf,PMBJK09214,Tamil Nadu,Tirupathur,SOUTH_INDIA_IN_SCOPE,732.0,MATCHED,Matched via split.
TamilNadu.pdf,PMBJK09263,Tamil Nadu,Thiruvallur,SOUTH_INDIA_IN_SCOPE,589.0,MATCHED,Matched via exact.
TamilNadu.pdf,PMBJK09274,Tamil Nadu,Chengalpattu,SOUTH_INDIA_IN_SCOPE,730.0,MATCHED,Matched via split.
TamilNadu.pdf,PMBJK09275,Tamil Nadu,Kallakurichi,SOUTH_INDIA_IN_SCOPE,729.0,MATCHED,Matched via split.
TamilNadu.pdf,PMBJK09281,Tamil Nadu,Thiruvallur,SOUTH_INDIA_IN_SCOPE,589.0,MATCHED,Matched via exact.
TamilNadu.pdf,PMBJK09313,Tamil Nadu,Cuddalore,SOUTH_INDIA_IN_SCOPE,570.0,MATCHED,Matched via exact.
TamilNadu.pdf,PMBJK09334,Tamil Nadu,Ramanathapuram,SOUTH_INDIA_IN_SCOPE,583.0,MATCHED,Matched via exact.
TamilNadu.pdf,PMBJK09336,Tamil Nadu,Kanniyakumari,SOUTH_INDIA_IN_SCOPE,575.0,MATCHED,Matched via exact.
TamilNadu.pdf,PMBJK09352,Tamil Nadu,Chennai,SOUTH_INDIA_IN_SCOPE,568.0,MATCHED,Matched via exact.
TamilNadu.pdf,PMBJK09415,Tamil Nadu,Kanniyakumari,SOUTH_INDIA_IN_SCOPE,575.0,MATCHED,Matched via exact.
TamilNadu.pdf,PMBJK09427,Tamil Nadu,Cuddalore,SOUTH_INDIA_IN_SCOPE,570.0,MATCHED,Matched via exact.
TamilNadu.pdf,PMBJK09440,Tamil Nadu,Kanniyakumari,SOUTH_INDIA_IN_SCOPE,575.0,MATCHED,Matched via exact.
TamilNadu.pdf,PMBJK09460,Tamil Nadu,Ariyalur,SOUTH_INDIA_IN_SCOPE,610.0,MATCHED,Matched via split.
TamilNadu.pdf,PMBJK09461,Tamil Nadu,Tenkasi,SOUTH_INDIA_IN_SCOPE,733.0,MATCHED,Matched via split.
TamilNadu.pdf,PMBJK09462,Tamil Nadu,Dindigul,SOUTH_INDIA_IN_SCOPE,572.0,MATCHED,Matched via exact.
TamilNadu.pdf,PMBJK09487,Tamil Nadu,Vellore,SOUTH_INDIA_IN_SCOPE,595.0,MATCHED,Matched via exact.
TamilNadu.pdf,PMBJK09764,Tamil Nadu,Virudhunagar,SOUTH_INDIA_IN_SCOPE,597.0,MATCHED,Matched via exact.
TamilNadu.pdf,PMBJK09782,Tamil Nadu,Perambalur,SOUTH_INDIA_IN_SCOPE,581.0,MATCHED,Matched via exact.
TamilNadu.pdf,PMBJK09783,Tamil Nadu,Perambalur,SOUTH_INDIA_IN_SCOPE,581.0,MATCHED,Matched via exact.
TamilNadu.pdf,PMBJK09836,Tamil Nadu,Krishnagiri,SOUTH_INDIA_IN_SCOPE,577.0,MATCHED,Matched via exact.
TamilNadu.pdf,PMBJK09857,Tamil Nadu,Virudhunagar,SOUTH_INDIA_IN_SCOPE,597.0,MATCHED,Matched via exact.
TamilNadu.pdf,PMBJK09891,Tamil Nadu,Tenkasi,SOUTH_INDIA_IN_SCOPE,733.0,MATCHED,Matched via split.
TamilNadu.pdf,PMBJK09892,Tamil Nadu,Chengalpattu,SOUTH_INDIA_IN_SCOPE,730.0,MATCHED,Matched via split.
TamilNadu.pdf,PMBJK09950,Tamil Nadu,Chengalpattu,SOUTH_INDIA_IN_SCOPE,730.0,MATCHED,Matched via split.
TamilNadu.pdf,PMBJK09951,Tamil Nadu,Chengalpattu,SOUTH_INDIA_IN_SCOPE,730.0,MATCHED,Matched via split.
TamilNadu.pdf,PMBJK10031,Tamil Nadu,Erode,SOUTH_INDIA_IN_SCOPE,573.0,MATCHED,Matched via exact.
TamilNadu.pdf,PMBJK10048,Tamil Nadu,Thiruvallur,SOUTH_INDIA_IN_SCOPE,589.0,MATCHED,Matched via exact.
TamilNadu.pdf,PMBJK10068,Tamil Nadu,Karur,SOUTH_INDIA_IN_SCOPE,576.0,MATCHED,Matched via exact.
TamilNadu.pdf,PMBJK10085,Tamil Nadu,Kallakurichi,SOUTH_INDIA_IN_SCOPE,729.0,MATCHED,Matched via split.
TamilNadu.pdf,PMBJK10086,Tamil Nadu,Tenkasi,SOUTH_INDIA_IN_SCOPE,733.0,MATCHED,Matched via split.
TamilNadu.pdf,PMBJK10089,Tamil Nadu,Chennai,SOUTH_INDIA_IN_SCOPE,568.0,MATCHED,Matched via exact.
TamilNadu.pdf,PMBJK10111,Tamil Nadu,Karur,SOUTH_INDIA_IN_SCOPE,576.0,MATCHED,Matched via exact.
TamilNadu.pdf,PMBJK10159,Tamil Nadu,Chengalpattu,SOUTH_INDIA_IN_SCOPE,730.0,MATCHED,Matched via split.
TamilNadu.pdf,PMBJK10160,Tamil Nadu,Chengalpattu,SOUTH_INDIA_IN_SCOPE,730.0,MATCHED,Matched via split.
TamilNadu.pdf,PMBJK10169,Tamil Nadu,Tenkasi,SOUTH_INDIA_IN_SCOPE,733.0,MATCHED,Matched via split.
TamilNadu.pdf,PMBJK10189,Tamil Nadu,Virudhunagar,SOUTH_INDIA_IN_SCOPE,597.0,MATCHED,Matched via exact.
TamilNadu.pdf,PMBJK10204,Tamil Nadu,Dharmapuri,SOUTH_INDIA_IN_SCOPE,571.0,MATCHED,Matched via exact.
TamilNadu.pdf,PMBJK10207,Tamil Nadu,Thiruvarur,SOUTH_INDIA_IN_SCOPE,590.0,MATCHED,Matched via exact.
TamilNadu.pdf,PMBJK10221,Tamil Nadu,Chennai,SOUTH_INDIA_IN_SCOPE,568.0,MATCHED,Matched via exact.
TamilNadu.pdf,PMBJK10223,Tamil Nadu,Ranipet,SOUTH_INDIA_IN_SCOPE,731.0,MATCHED,Matched via split.
TamilNadu.pdf,PMBJK10224,Tamil Nadu,Thanjavur,SOUTH_INDIA_IN_SCOPE,586.0,MATCHED,Matched via exact.
TamilNadu.pdf,PMBJK10225,Tamil Nadu,Ariyalur,SOUTH_INDIA_IN_SCOPE,610.0,MATCHED,Matched via split.
TamilNadu.pdf,PMBJK10226,Tamil Nadu,Kallakurichi,SOUTH_INDIA_IN_SCOPE,729.0,MATCHED,Matched via split.
TamilNadu.pdf,PMBJK10227,Tamil Nadu,Dharmapuri,SOUTH_INDIA_IN_SCOPE,571.0,MATCHED,Matched via exact.
TamilNadu.pdf,PMBJK10231,Tamil Nadu,Kallakurichi,SOUTH_INDIA_IN_SCOPE,729.0,MATCHED,Matched via split.
TamilNadu.pdf,PMBJK10262,Tamil Nadu,Chennai,SOUTH_INDIA_IN_SCOPE,568.0,MATCHED,Matched via exact.
TamilNadu.pdf,PMBJK10263,Tamil Nadu,Ranipet,SOUTH_INDIA_IN_SCOPE,731.0,MATCHED,Matched via split.
TamilNadu.pdf,PMBJK10297,Tamil Nadu,Tenkasi,SOUTH_INDIA_IN_SCOPE,733.0,MATCHED,Matched via split.
TamilNadu.pdf,PMBJK10306,Tamil Nadu,Chennai,SOUTH_INDIA_IN_SCOPE,568.0,MATCHED,Matched via exact.
TamilNadu.pdf,PMBJK10311,Tamil Nadu,Perambalur,SOUTH_INDIA_IN_SCOPE,581.0,MATCHED,Matched via exact.
TamilNadu.pdf,PMBJK10315,Tamil Nadu,Ranipet,SOUTH_INDIA_IN_SCOPE,731.0,MATCHED,Matched via split.
TamilNadu.pdf,PMBJK10316,Tamil Nadu,Karur,SOUTH_INDIA_IN_SCOPE,576.0,MATCHED,Matched via exact.
TamilNadu.pdf,PMBJK10317,Tamil Nadu,Chengalpattu,SOUTH_INDIA_IN_SCOPE,730.0,MATCHED,Matched via split.
TamilNadu.pdf,PMBJK10322,Tamil Nadu,Chengalpattu,SOUTH_INDIA_IN_SCOPE,730.0,MATCHED,Matched via split.
TamilNadu.pdf,PMBJK10324,Tamil Nadu,Chengalpattu,SOUTH_INDIA_IN_SCOPE,730.0,MATCHED,Matched via split.
TamilNadu.pdf,PMBJK10326,Tamil Nadu,Dharmapuri,SOUTH_INDIA_IN_SCOPE,571.0,MATCHED,Matched via exact.
TamilNadu.pdf,PMBJK10339,Tamil Nadu,Krishnagiri,SOUTH_INDIA_IN_SCOPE,577.0,MATCHED,Matched via exact.
TamilNadu.pdf,PMBJK10340,Tamil Nadu,Chennai,SOUTH_INDIA_IN_SCOPE,568.0,MATCHED,Matched via exact.
TamilNadu.pdf,PMBJK10360,Tamil Nadu,Thiruvarur,SOUTH_INDIA_IN_SCOPE,590.0,MATCHED,Matched via exact.
TamilNadu.pdf,PMBJK10361,Tamil Nadu,Perambalur,SOUTH_INDIA_IN_SCOPE,581.0,MATCHED,Matched via exact.
TamilNadu.pdf,PMBJK10420,Tamil Nadu,Chengalpattu,SOUTH_INDIA_IN_SCOPE,730.0,MATCHED,Matched via split.
TamilNadu.pdf,PMBJK10428,Tamil Nadu,Chengalpattu,SOUTH_INDIA_IN_SCOPE,730.0,MATCHED,Matched via split.
TamilNadu.pdf,PMBJK10436,Tamil Nadu,Chengalpattu,SOUTH_INDIA_IN_SCOPE,730.0,MATCHED,Matched via split.
TamilNadu.pdf,PMBJK10439,Tamil Nadu,Viluppuram,SOUTH_INDIA_IN_SCOPE,596.0,MATCHED,Matched via exact.
TamilNadu.pdf,PMBJK10445,Tamil Nadu,Chengalpattu,SOUTH_INDIA_IN_SCOPE,730.0,MATCHED,Matched via split.
TamilNadu.pdf,PMBJK10465,Tamil Nadu,Chennai,SOUTH_INDIA_IN_SCOPE,568.0,MATCHED,Matched via exact.
TamilNadu.pdf,PMBJK10467,Tamil Nadu,Kanniyakumari,SOUTH_INDIA_IN_SCOPE,575.0,MATCHED,Matched via exact.
TamilNadu.pdf,PMBJK10518,Tamil Nadu,Chennai,SOUTH_INDIA_IN_SCOPE,568.0,MATCHED,Matched via exact.
TamilNadu.pdf,PMBJK10520,Tamil Nadu,Chennai,SOUTH_INDIA_IN_SCOPE,568.0,MATCHED,Matched via exact.
TamilNadu.pdf,PMBJK10521,Tamil Nadu,Tenkasi,SOUTH_INDIA_IN_SCOPE,733.0,MATCHED,Matched via split.
TamilNadu.pdf,PMBJK10522,Tamil Nadu,Virudhunagar,SOUTH_INDIA_IN_SCOPE,597.0,MATCHED,Matched via exact.
TamilNadu.pdf,PMBJK10535,Tamil Nadu,Thiruvarur,SOUTH_INDIA_IN_SCOPE,590.0,MATCHED,Matched via exact.
TamilNadu.pdf,PMBJK10539,Tamil Nadu,Erode,SOUTH_INDIA_IN_SCOPE,573.0,MATCHED,Matched via exact.
TamilNadu.pdf,PMBJK10558,Tamil Nadu,Thiruvarur,SOUTH_INDIA_IN_SCOPE,590.0,MATCHED,Matched via exact.
TamilNadu.pdf,PMBJK10588,Tamil Nadu,Karur,SOUTH_INDIA_IN_SCOPE,576.0,MATCHED,Matched via exact.
TamilNadu.pdf,PMBJK10589,Tamil Nadu,Nagapattinam,SOUTH_INDIA_IN_SCOPE,579.0,MATCHED,Matched via exact.
TamilNadu.pdf,PMBJK10599,Tamil Nadu,Thoothukkudi,SOUTH_INDIA_IN_SCOPE,594.0,MATCHED,Matched via exact.
TamilNadu.pdf,PMBJK10600,Tamil Nadu,Thiruvallur,SOUTH_INDIA_IN_SCOPE,589.0,MATCHED,Matched via exact.
TamilNadu.pdf,PMBJK10601,Tamil Nadu,Virudhunagar,SOUTH_INDIA_IN_SCOPE,597.0,MATCHED,Matched via exact.
TamilNadu.pdf,PMBJK10602,Tamil Nadu,Thiruvallur,SOUTH_INDIA_IN_SCOPE,589.0,MATCHED,Matched via exact.
TamilNadu.pdf,PMBJK10619,Tamil Nadu,Chengalpattu,SOUTH_INDIA_IN_SCOPE,730.0,MATCHED,Matched via split.
TamilNadu.pdf,PMBJK10634,Tamil Nadu,Tiruppur,SOUTH_INDIA_IN_SCOPE,634.0,MATCHED,Matched via exact.
TamilNadu.pdf,PMBJK10635,Tamil Nadu,Cuddalore,SOUTH_INDIA_IN_SCOPE,570.0,MATCHED,Matched via exact.
TamilNadu.pdf,PMBJK10649,Tamil Nadu,Tiruppur,SOUTH_INDIA_IN_SCOPE,634.0,MATCHED,Matched via exact.
TamilNadu.pdf,PMBJK10693,Tamil Nadu,Karur,SOUTH_INDIA_IN_SCOPE,576.0,MATCHED,Matched via exact.
TamilNadu.pdf,PMBJK10694,Tamil Nadu,Ranipet,SOUTH_INDIA_IN_SCOPE,731.0,MATCHED,Matched via split.
TamilNadu.pdf,PMBJK10695,Tamil Nadu,Karur,SOUTH_INDIA_IN_SCOPE,576.0,MATCHED,Matched via exact.
TamilNadu.pdf,PMBJK10704,Tamil Nadu,Chennai,SOUTH_INDIA_IN_SCOPE,568.0,MATCHED,Matched via exact.
TamilNadu.pdf,PMBJK10705,Tamil Nadu,Karur,SOUTH_INDIA_IN_SCOPE,576.0,MATCHED,Matched via exact.
TamilNadu.pdf,PMBJK10728,Tamil Nadu,Krishnagiri,SOUTH_INDIA_IN_SCOPE,577.0,MATCHED,Matched via exact.
TamilNadu.pdf,PMBJK10729,Tamil Nadu,Chennai,SOUTH_INDIA_IN_SCOPE,568.0,MATCHED,Matched via exact.
TamilNadu.pdf,PMBJK10730,Tamil Nadu,Salem,SOUTH_INDIA_IN_SCOPE,584.0,MATCHED,Matched via exact.
TamilNadu.pdf,PMBJK10747,Tamil Nadu,Chennai,SOUTH_INDIA_IN_SCOPE,568.0,MATCHED,Matched via exact.
TamilNadu.pdf,PMBJK10787,Tamil Nadu,Ranipet,SOUTH_INDIA_IN_SCOPE,731.0,MATCHED,Matched via split.
TamilNadu.pdf,PMBJK10795,Tamil Nadu,Tiruppur,SOUTH_INDIA_IN_SCOPE,634.0,MATCHED,Matched via exact.
TamilNadu.pdf,PMBJK10823,Tamil Nadu,Salem,SOUTH_INDIA_IN_SCOPE,584.0,MATCHED,Matched via exact.
TamilNadu.pdf,PMBJK10824,Tamil Nadu,Cuddalore,SOUTH_INDIA_IN_SCOPE,570.0,MATCHED,Matched via exact.
TamilNadu.pdf,PMBJK10825,Tamil Nadu,Kancheepuram,SOUTH_INDIA_IN_SCOPE,574.0,MATCHED,Matched via exact.
TamilNadu.pdf,PMBJK10913,Tamil Nadu,Virudhunagar,SOUTH_INDIA_IN_SCOPE,597.0,MATCHED,Matched via exact.
TamilNadu.pdf,PMBJK10914,Tamil Nadu,Thiruvallur,SOUTH_INDIA_IN_SCOPE,589.0,MATCHED,Matched via exact.
TamilNadu.pdf,PMBJK10915,Tamil Nadu,Namakkal,SOUTH_INDIA_IN_SCOPE,580.0,MATCHED,Matched via exact.
TamilNadu.pdf,PMBJK10937,Tamil Nadu,Thiruvallur,SOUTH_INDIA_IN_SCOPE,589.0,MATCHED,Matched via exact.
TamilNadu.pdf,PMBJK10938,Tamil Nadu,Virudhunagar,SOUTH_INDIA_IN_SCOPE,597.0,MATCHED,Matched via exact.
TamilNadu.pdf,PMBJK10939,Tamil Nadu,Kancheepuram,SOUTH_INDIA_IN_SCOPE,574.0,MATCHED,Matched via exact.
TamilNadu.pdf,PMBJK10940,Tamil Nadu,Ariyalur,SOUTH_INDIA_IN_SCOPE,610.0,MATCHED,Matched via split.
TamilNadu.pdf,PMBJK10941,Tamil Nadu,Salem,SOUTH_INDIA_IN_SCOPE,584.0,MATCHED,Matched via exact.
TamilNadu.pdf,PMBJK10943,Tamil Nadu,Coimbatore,SOUTH_INDIA_IN_SCOPE,569.0,MATCHED,Matched via exact.
TamilNadu.pdf,PMBJK10944,Tamil Nadu,Erode,SOUTH_INDIA_IN_SCOPE,573.0,MATCHED,Matched via exact.
TamilNadu.pdf,PMBJK10945,Tamil Nadu,Kallakurichi,SOUTH_INDIA_IN_SCOPE,729.0,MATCHED,Matched via split.
TamilNadu.pdf,PMBJK10960,Tamil Nadu,Salem,SOUTH_INDIA_IN_SCOPE,584.0,MATCHED,Matched via exact.
TamilNadu.pdf,PMBJK10961,Tamil Nadu,Thiruvallur,SOUTH_INDIA_IN_SCOPE,589.0,MATCHED,Matched via exact.
TamilNadu.pdf,PMBJK10971,Tamil Nadu,Ariyalur,SOUTH_INDIA_IN_SCOPE,610.0,MATCHED,Matched via split.
TamilNadu.pdf,PMBJK11019,Tamil Nadu,Namakkal,SOUTH_INDIA_IN_SCOPE,580.0,MATCHED,Matched via exact.
TamilNadu.pdf,PMBJK11021,Tamil Nadu,Tiruppur,SOUTH_INDIA_IN_SCOPE,634.0,MATCHED,Matched via exact.
TamilNadu.pdf,PMBJK11022,Tamil Nadu,Ariyalur,SOUTH_INDIA_IN_SCOPE,610.0,MATCHED,Matched via split.
TamilNadu.pdf,PMBJK11073,Tamil Nadu,Namakkal,SOUTH_INDIA_IN_SCOPE,580.0,MATCHED,Matched via exact.
TamilNadu.pdf,PMBJK11092,Tamil Nadu,Thoothukkudi,SOUTH_INDIA_IN_SCOPE,594.0,MATCHED,Matched via exact.
TamilNadu.pdf,PMBJK11093,Tamil Nadu,Coimbatore,SOUTH_INDIA_IN_SCOPE,569.0,MATCHED,Matched via exact.
TamilNadu.pdf,PMBJK11094,Tamil Nadu,Namakkal,SOUTH_INDIA_IN_SCOPE,580.0,MATCHED,Matched via exact.
TamilNadu.pdf,PMBJK11159,Tamil Nadu,Ariyalur,SOUTH_INDIA_IN_SCOPE,610.0,MATCHED,Matched via split.
TamilNadu.pdf,PMBJK11160,Tamil Nadu,Salem,SOUTH_INDIA_IN_SCOPE,584.0,MATCHED,Matched via exact.
TamilNadu.pdf,PMBJK11161,Tamil Nadu,Kancheepuram,SOUTH_INDIA_IN_SCOPE,574.0,MATCHED,Matched via exact.
TamilNadu.pdf,PMBJK11163,Tamil Nadu,Pudukkottai,SOUTH_INDIA_IN_SCOPE,582.0,MATCHED,Matched via exact.
TamilNadu.pdf,PMBJK11164,Tamil Nadu,The Nilgiris,SOUTH_INDIA_IN_SCOPE,587.0,MATCHED,Matched via exact.
TamilNadu.pdf,PMBJK11165,Tamil Nadu,Thiruvallur,SOUTH_INDIA_IN_SCOPE,589.0,MATCHED,Matched via exact.
TamilNadu.pdf,PMBJK11166,Tamil Nadu,Namakkal,SOUTH_INDIA_IN_SCOPE,580.0,MATCHED,Matched via exact.
TamilNadu.pdf,PMBJK11167,Tamil Nadu,Virudhunagar,SOUTH_INDIA_IN_SCOPE,597.0,MATCHED,Matched via exact.
TamilNadu.pdf,PMBJK11170,Tamil Nadu,Thiruvallur,SOUTH_INDIA_IN_SCOPE,589.0,MATCHED,Matched via exact.
TamilNadu.pdf,PMBJK11191,Tamil Nadu,Tenkasi,SOUTH_INDIA_IN_SCOPE,733.0,MATCHED,Matched via split.
TamilNadu.pdf,PMBJK11199,Tamil Nadu,Coimbatore,SOUTH_INDIA_IN_SCOPE,569.0,MATCHED,Matched via exact.
TamilNadu.pdf,PMBJK11200,Tamil Nadu,Thiruvallur,SOUTH_INDIA_IN_SCOPE,589.0,MATCHED,Matched via exact.
TamilNadu.pdf,PMBJK11203,Tamil Nadu,Cuddalore,SOUTH_INDIA_IN_SCOPE,570.0,MATCHED,Matched via exact.
TamilNadu.pdf,PMBJK11214,Tamil Nadu,Kancheepuram,SOUTH_INDIA_IN_SCOPE,574.0,MATCHED,Matched via exact.
TamilNadu.pdf,PMBJK11247,Tamil Nadu,Chengalpattu,SOUTH_INDIA_IN_SCOPE,730.0,MATCHED,Matched via split.
TamilNadu.pdf,PMBJK11279,Tamil Nadu,Dharmapuri,SOUTH_INDIA_IN_SCOPE,571.0,MATCHED,Matched via exact.
TamilNadu.pdf,PMBJK11281,Tamil Nadu,Krishnagiri,SOUTH_INDIA_IN_SCOPE,577.0,MATCHED,Matched via exact.
TamilNadu.pdf,PMBJK11363,Tamil Nadu,Chennai,SOUTH_INDIA_IN_SCOPE,568.0,MATCHED,Matched via exact.
TamilNadu.pdf,PMBJK11401,Tamil Nadu,Chengalpattu,SOUTH_INDIA_IN_SCOPE,730.0,MATCHED,Matched via split.
TamilNadu.pdf,PMBJK11482,Tamil Nadu,Coimbatore,SOUTH_INDIA_IN_SCOPE,569.0,MATCHED,Matched via exact.
TamilNadu.pdf,PMBJK11492,Tamil Nadu,Kancheepuram,SOUTH_INDIA_IN_SCOPE,574.0,MATCHED,Matched via exact.
TamilNadu.pdf,PMBJK11503,Tamil Nadu,Karur,SOUTH_INDIA_IN_SCOPE,576.0,MATCHED,Matched via exact.
TamilNadu.pdf,PMBJK11504,Tamil Nadu,Salem,SOUTH_INDIA_IN_SCOPE,584.0,MATCHED,Matched via exact.
TamilNadu.pdf,PMBJK11505,Tamil Nadu,Dharmapuri,SOUTH_INDIA_IN_SCOPE,571.0,MATCHED,Matched via exact.
TamilNadu.pdf,PMBJK11519,Tamil Nadu,Tiruchirappalli,SOUTH_INDIA_IN_SCOPE,591.0,MATCHED,Matched via exact.
TamilNadu.pdf,PMBJK11587,Tamil Nadu,Karur,SOUTH_INDIA_IN_SCOPE,576.0,MATCHED,Matched via exact.
TamilNadu.pdf,PMBJK11588,Tamil Nadu,Karur,SOUTH_INDIA_IN_SCOPE,576.0,MATCHED,Matched via exact.
TamilNadu.pdf,PMBJK11596,Tamil Nadu,Thiruvallur,SOUTH_INDIA_IN_SCOPE,589.0,MATCHED,Matched via exact.
TamilNadu.pdf,PMBJK11703,Tamil Nadu,Thoothukkudi,SOUTH_INDIA_IN_SCOPE,594.0,MATCHED,Matched via exact.
TamilNadu.pdf,PMBJK11707,Tamil Nadu,Kanniyakumari,SOUTH_INDIA_IN_SCOPE,575.0,MATCHED,Matched via exact.
TamilNadu.pdf,PMBJK11708,Tamil Nadu,Salem,SOUTH_INDIA_IN_SCOPE,584.0,MATCHED,Matched via exact.
TamilNadu.pdf,PMBJK11712,Tamil Nadu,Thiruvallur,SOUTH_INDIA_IN_SCOPE,589.0,MATCHED,Matched via exact.
TamilNadu.pdf,PMBJK11719,Tamil Nadu,Kanniyakumari,SOUTH_INDIA_IN_SCOPE,575.0,MATCHED,Matched via exact.
TamilNadu.pdf,PMBJK11736,Tamil Nadu,Cuddalore,SOUTH_INDIA_IN_SCOPE,570.0,MATCHED,Matched via exact.
TamilNadu.pdf,PMBJK11738,Tamil Nadu,Salem,SOUTH_INDIA_IN_SCOPE,584.0,MATCHED,Matched via exact.
TamilNadu.pdf,PMBJK11746,Tamil Nadu,Chengalpattu,SOUTH_INDIA_IN_SCOPE,730.0,MATCHED,Matched via split.
TamilNadu.pdf,PMBJK11754,Tamil Nadu,Cuddalore,SOUTH_INDIA_IN_SCOPE,570.0,MATCHED,Matched via exact.
TamilNadu.pdf,PMBJK11755,Tamil Nadu,Chennai,SOUTH_INDIA_IN_SCOPE,568.0,MATCHED,Matched via exact.
TamilNadu.pdf,PMBJK11757,Tamil Nadu,Salem,SOUTH_INDIA_IN_SCOPE,584.0,MATCHED,Matched via exact.
TamilNadu.pdf,PMBJK11758,Tamil Nadu,Namakkal,SOUTH_INDIA_IN_SCOPE,580.0,MATCHED,Matched via exact.
TamilNadu.pdf,PMBJK11779,Tamil Nadu,Chennai,SOUTH_INDIA_IN_SCOPE,568.0,MATCHED,Matched via exact.
TamilNadu.pdf,PMBJK11809,Tamil Nadu,Chengalpattu,SOUTH_INDIA_IN_SCOPE,730.0,MATCHED,Matched via split.
TamilNadu.pdf,PMBJK11857,Tamil Nadu,Salem,SOUTH_INDIA_IN_SCOPE,584.0,MATCHED,Matched via exact.
TamilNadu.pdf,PMBJK11861,Tamil Nadu,Vellore,SOUTH_INDIA_IN_SCOPE,595.0,MATCHED,Matched via exact.
TamilNadu.pdf,PMBJK11875,Tamil Nadu,Chennai,SOUTH_INDIA_IN_SCOPE,568.0,MATCHED,Matched via exact.
TamilNadu.pdf,PMBJK11877,Tamil Nadu,Thiruvallur,SOUTH_INDIA_IN_SCOPE,589.0,MATCHED,Matched via exact.
TamilNadu.pdf,PMBJK11878,Tamil Nadu,Mayiladuthurai,SOUTH_INDIA_IN_SCOPE,735.0,MATCHED,Matched via split.
TamilNadu.pdf,PMBJK11879,Tamil Nadu,Mayiladuthurai,SOUTH_INDIA_IN_SCOPE,735.0,MATCHED,Matched via split.
TamilNadu.pdf,PMBJK11880,Tamil Nadu,Coimbatore,SOUTH_INDIA_IN_SCOPE,569.0,MATCHED,Matched via exact.
TamilNadu.pdf,PMBJK11881,Tamil Nadu,Nagapattinam,SOUTH_INDIA_IN_SCOPE,579.0,MATCHED,Matched via exact.
TamilNadu.pdf,PMBJK11905,Tamil Nadu,Mayiladuthurai,SOUTH_INDIA_IN_SCOPE,735.0,MATCHED,Matched via split.
TamilNadu.pdf,PMBJK11907,Tamil Nadu,Vellore,SOUTH_INDIA_IN_SCOPE,595.0,MATCHED,Matched via exact.
TamilNadu.pdf,PMBJK11913,Tamil Nadu,Tiruppur,SOUTH_INDIA_IN_SCOPE,634.0,MATCHED,Matched via exact.
TamilNadu.pdf,PMBJK11915,Tamil Nadu,Dindigul,SOUTH_INDIA_IN_SCOPE,572.0,MATCHED,Matched via exact.
TamilNadu.pdf,PMBJK11923,Tamil Nadu,Viluppuram,SOUTH_INDIA_IN_SCOPE,596.0,MATCHED,Matched via exact.
TamilNadu.pdf,PMBJK11924,Tamil Nadu,Krishnagiri,SOUTH_INDIA_IN_SCOPE,577.0,MATCHED,Matched via exact.
TamilNadu.pdf,PMBJK11956,Tamil Nadu,Mayiladuthurai,SOUTH_INDIA_IN_SCOPE,735.0,MATCHED,Matched via split.
TamilNadu.pdf,PMBJK11971,Tamil Nadu,Kanniyakumari,SOUTH_INDIA_IN_SCOPE,575.0,MATCHED,Matched via exact.
TamilNadu.pdf,PMBJK11996,Tamil Nadu,Cuddalore,SOUTH_INDIA_IN_SCOPE,570.0,MATCHED,Matched via exact.
TamilNadu.pdf,PMBJK11998,Tamil Nadu,Vellore,SOUTH_INDIA_IN_SCOPE,595.0,MATCHED,Matched via exact.
TamilNadu.pdf,PMBJK12040,Tamil Nadu,Dindigul,SOUTH_INDIA_IN_SCOPE,572.0,MATCHED,Matched via exact.
TamilNadu.pdf,PMBJK12043,Tamil Nadu,Kanniyakumari,SOUTH_INDIA_IN_SCOPE,575.0,MATCHED,Matched via exact.
TamilNadu.pdf,PMBJK12052,Tamil Nadu,Vellore,SOUTH_INDIA_IN_SCOPE,595.0,MATCHED,Matched via exact.
TamilNadu.pdf,PMBJK12065,Tamil Nadu,Salem,SOUTH_INDIA_IN_SCOPE,584.0,MATCHED,Matched via exact.
TamilNadu.pdf,PMBJK12084,Tamil Nadu,Chennai,SOUTH_INDIA_IN_SCOPE,568.0,MATCHED,Matched via exact.
TamilNadu.pdf,PMBJK12190,Tamil Nadu,Tiruppur,SOUTH_INDIA_IN_SCOPE,634.0,MATCHED,Matched via exact.
TamilNadu.pdf,PMBJK12219,Tamil Nadu,Salem,SOUTH_INDIA_IN_SCOPE,584.0,MATCHED,Matched via exact.
TamilNadu.pdf,PMBJK12220,Tamil Nadu,Thiruvallur,SOUTH_INDIA_IN_SCOPE,589.0,MATCHED,Matched via exact.
TamilNadu.pdf,PMBJK12265,Tamil Nadu,Tiruchirappalli,SOUTH_INDIA_IN_SCOPE,591.0,MATCHED,Matched via exact.
TamilNadu.pdf,PMBJK12290,Tamil Nadu,Chennai,SOUTH_INDIA_IN_SCOPE,568.0,MATCHED,Matched via exact.
TamilNadu.pdf,PMBJK12294,Tamil Nadu,Ramanathapuram,SOUTH_INDIA_IN_SCOPE,583.0,MATCHED,Matched via exact.
TamilNadu.pdf,PMBJK12357,Tamil Nadu,Vellore,SOUTH_INDIA_IN_SCOPE,595.0,MATCHED,Matched via exact.
TamilNadu.pdf,PMBJK12384,Tamil Nadu,Thiruvallur,SOUTH_INDIA_IN_SCOPE,589.0,MATCHED,Matched via exact.
TamilNadu.pdf,PMBJK12386,Tamil Nadu,Tenkasi,SOUTH_INDIA_IN_SCOPE,733.0,MATCHED,Matched via split.
TamilNadu.pdf,PMBJK12395,Tamil Nadu,Erode,SOUTH_INDIA_IN_SCOPE,573.0,MATCHED,Matched via exact.
TamilNadu.pdf,PMBJK12457,Tamil Nadu,Thoothukkudi,SOUTH_INDIA_IN_SCOPE,594.0,MATCHED,Matched via exact.
TamilNadu.pdf,PMBJK12481,Tamil Nadu,Salem,SOUTH_INDIA_IN_SCOPE,584.0,MATCHED,Matched via exact.
TamilNadu.pdf,PMBJK12509,Tamil Nadu,Chennai,SOUTH_INDIA_IN_SCOPE,568.0,MATCHED,Matched via exact.
TamilNadu.pdf,PMBJK12511,Tamil Nadu,Kallakurichi,SOUTH_INDIA_IN_SCOPE,729.0,MATCHED,Matched via split.
TamilNadu.pdf,PMBJK12512,Tamil Nadu,Krishnagiri,SOUTH_INDIA_IN_SCOPE,577.0,MATCHED,Matched via exact.
TamilNadu.pdf,PMBJK12514,Tamil Nadu,Kanniyakumari,SOUTH_INDIA_IN_SCOPE,575.0,MATCHED,Matched via exact.
TamilNadu.pdf,PMBJK12516,Tamil Nadu,Thiruvallur,SOUTH_INDIA_IN_SCOPE,589.0,MATCHED,Matched via exact.
TamilNadu.pdf,PMBJK12526,Tamil Nadu,Kanniyakumari,SOUTH_INDIA_IN_SCOPE,575.0,MATCHED,Matched via exact.
TamilNadu.pdf,PMBJK12538,Tamil Nadu,Kanniyakumari,SOUTH_INDIA_IN_SCOPE,575.0,MATCHED,Matched via exact.
TamilNadu.pdf,PMBJK12556,Tamil Nadu,Thoothukkudi,SOUTH_INDIA_IN_SCOPE,594.0,MATCHED,Matched via exact.
TamilNadu.pdf,PMBJK12566,Tamil Nadu,Tiruppur,SOUTH_INDIA_IN_SCOPE,634.0,MATCHED,Matched via exact.
TamilNadu.pdf,PMBJK12598,Tamil Nadu,Coimbatore,SOUTH_INDIA_IN_SCOPE,569.0,MATCHED,Matched via exact.
TamilNadu.pdf,PMBJK12628,Tamil Nadu,Cuddalore,SOUTH_INDIA_IN_SCOPE,570.0,MATCHED,Matched via exact.
TamilNadu.pdf,PMBJK12650,Tamil Nadu,Thanjavur,SOUTH_INDIA_IN_SCOPE,586.0,MATCHED,Matched via exact.
TamilNadu.pdf,PMBJK12681,Tamil Nadu,Madurai,SOUTH_INDIA_IN_SCOPE,578.0,MATCHED,Matched via exact.
TamilNadu.pdf,PMBJK12701,Tamil Nadu,Karur,SOUTH_INDIA_IN_SCOPE,576.0,MATCHED,Matched via exact.
TamilNadu.pdf,PMBJK12721,Tamil Nadu,Thiruvallur,SOUTH_INDIA_IN_SCOPE,589.0,MATCHED,Matched via exact.
TamilNadu.pdf,PMBJK12722,Tamil Nadu,Thiruvallur,SOUTH_INDIA_IN_SCOPE,589.0,MATCHED,Matched via exact.
TamilNadu.pdf,PMBJK12732,Tamil Nadu,Chennai,SOUTH_INDIA_IN_SCOPE,568.0,MATCHED,Matched via exact.
TamilNadu.pdf,PMBJK12775,Tamil Nadu,Erode,SOUTH_INDIA_IN_SCOPE,573.0,MATCHED,Matched via exact.
TamilNadu.pdf,PMBJK12776,Tamil Nadu,Coimbatore,SOUTH_INDIA_IN_SCOPE,569.0,MATCHED,Matched via exact.
TamilNadu.pdf,PMBJK12809,Tamil Nadu,Coimbatore,SOUTH_INDIA_IN_SCOPE,569.0,MATCHED,Matched via exact.
TamilNadu.pdf,PMBJK12819,Tamil Nadu,Dharmapuri,SOUTH_INDIA_IN_SCOPE,571.0,MATCHED,Matched via exact.
TamilNadu.pdf,PMBJK12820,Tamil Nadu,Tenkasi,SOUTH_INDIA_IN_SCOPE,733.0,MATCHED,Matched via split.
TamilNadu.pdf,PMBJK12829,Tamil Nadu,Dindigul,SOUTH_INDIA_IN_SCOPE,572.0,MATCHED,Matched via exact.
TamilNadu.pdf,PMBJK12830,Tamil Nadu,Kanniyakumari,SOUTH_INDIA_IN_SCOPE,575.0,MATCHED,Matched via exact.
TamilNadu.pdf,PMBJK12831,Tamil Nadu,Chennai,SOUTH_INDIA_IN_SCOPE,568.0,MATCHED,Matched via exact.
TamilNadu.pdf,PMBJK12841,Tamil Nadu,Coimbatore,SOUTH_INDIA_IN_SCOPE,569.0,MATCHED,Matched via exact.
TamilNadu.pdf,PMBJK12842,Tamil Nadu,Chennai,SOUTH_INDIA_IN_SCOPE,568.0,MATCHED,Matched via exact.
TamilNadu.pdf,PMBJK12883,Tamil Nadu,Tiruppur,SOUTH_INDIA_IN_SCOPE,634.0,MATCHED,Matched via exact.
TamilNadu.pdf,PMBJK12894,Tamil Nadu,Chengalpattu,SOUTH_INDIA_IN_SCOPE,730.0,MATCHED,Matched via split.
TamilNadu.pdf,PMBJK12895,Tamil Nadu,Theni,SOUTH_INDIA_IN_SCOPE,588.0,MATCHED,Matched via exact.
TamilNadu.pdf,PMBJK12896,Tamil Nadu,Coimbatore,SOUTH_INDIA_IN_SCOPE,569.0,MATCHED,Matched via exact.
TamilNadu.pdf,PMBJK12898,Tamil Nadu,Kanniyakumari,SOUTH_INDIA_IN_SCOPE,575.0,MATCHED,Matched via exact.
TamilNadu.pdf,PMBJK12899,Tamil Nadu,Kanniyakumari,SOUTH_INDIA_IN_SCOPE,575.0,MATCHED,Matched via exact.
TamilNadu.pdf,PMBJK12900,Tamil Nadu,Coimbatore,SOUTH_INDIA_IN_SCOPE,569.0,MATCHED,Matched via exact.
TamilNadu.pdf,PMBJK12942,Tamil Nadu,Thiruvallur,SOUTH_INDIA_IN_SCOPE,589.0,MATCHED,Matched via exact.
TamilNadu.pdf,PMBJK12943,Tamil Nadu,Thanjavur,SOUTH_INDIA_IN_SCOPE,586.0,MATCHED,Matched via exact.
TamilNadu.pdf,PMBJK12944,Tamil Nadu,Salem,SOUTH_INDIA_IN_SCOPE,584.0,MATCHED,Matched via exact.
TamilNadu.pdf,PMBJK12961,Tamil Nadu,Salem,SOUTH_INDIA_IN_SCOPE,584.0,MATCHED,Matched via exact.
TamilNadu.pdf,PMBJK12962,Tamil Nadu,Salem,SOUTH_INDIA_IN_SCOPE,584.0,MATCHED,Matched via exact.
TamilNadu.pdf,PMBJK12991,Tamil Nadu,Kanniyakumari,SOUTH_INDIA_IN_SCOPE,575.0,MATCHED,Matched via exact.
TamilNadu.pdf,PMBJK12992,Tamil Nadu,Kancheepuram,SOUTH_INDIA_IN_SCOPE,574.0,MATCHED,Matched via exact.
TamilNadu.pdf,PMBJK12993,Tamil Nadu,Nagapattinam,SOUTH_INDIA_IN_SCOPE,579.0,MATCHED,Matched via exact.
TamilNadu.pdf,PMBJK13007,Tamil Nadu,Thiruvallur,SOUTH_INDIA_IN_SCOPE,589.0,MATCHED,Matched via exact.
TamilNadu.pdf,PMBJK13008,Tamil Nadu,Krishnagiri,SOUTH_INDIA_IN_SCOPE,577.0,MATCHED,Matched via exact.
TamilNadu.pdf,PMBJK13055,Tamil Nadu,Coimbatore,SOUTH_INDIA_IN_SCOPE,569.0,MATCHED,Matched via exact.
TamilNadu.pdf,PMBJK13057,Tamil Nadu,Dharmapuri,SOUTH_INDIA_IN_SCOPE,571.0,MATCHED,Matched via exact.
TamilNadu.pdf,PMBJK13059,Tamil Nadu,Chennai,SOUTH_INDIA_IN_SCOPE,568.0,MATCHED,Matched via exact.
TamilNadu.pdf,PMBJK13060,Tamil Nadu,Tiruppur,SOUTH_INDIA_IN_SCOPE,634.0,MATCHED,Matched via exact.
TamilNadu.pdf,PMBJK13072,Tamil Nadu,Pudukkottai,SOUTH_INDIA_IN_SCOPE,582.0,MATCHED,Matched via exact.
TamilNadu.pdf,PMBJK13073,Tamil Nadu,Theni,SOUTH_INDIA_IN_SCOPE,588.0,MATCHED,Matched via exact.
TamilNadu.pdf,PMBJK13074,Tamil Nadu,Theni,SOUTH_INDIA_IN_SCOPE,588.0,MATCHED,Matched via exact.
TamilNadu.pdf,PMBJK13103,Tamil Nadu,Tiruppur,SOUTH_INDIA_IN_SCOPE,634.0,MATCHED,Matched via exact.
TamilNadu.pdf,PMBJK13111,Tamil Nadu,Coimbatore,SOUTH_INDIA_IN_SCOPE,569.0,MATCHED,Matched via exact.
TamilNadu.pdf,PMBJK13112,Tamil Nadu,Coimbatore,SOUTH_INDIA_IN_SCOPE,569.0,MATCHED,Matched via exact.
TamilNadu.pdf,PMBJK13113,Tamil Nadu,Dindigul,SOUTH_INDIA_IN_SCOPE,572.0,MATCHED,Matched via exact.
TamilNadu.pdf,PMBJK13155,Tamil Nadu,Dindigul,SOUTH_INDIA_IN_SCOPE,572.0,MATCHED,Matched via exact.
TamilNadu.pdf,PMBJK13179,Tamil Nadu,Thanjavur,SOUTH_INDIA_IN_SCOPE,586.0,MATCHED,Matched via exact.
TamilNadu.pdf,PMBJK13180,Tamil Nadu,Coimbatore,SOUTH_INDIA_IN_SCOPE,569.0,MATCHED,Matched via exact.
TamilNadu.pdf,PMBJK13181,Tamil Nadu,Chennai,SOUTH_INDIA_IN_SCOPE,568.0,MATCHED,Matched via exact.
TamilNadu.pdf,PMBJK13182,Tamil Nadu,Chengalpattu,SOUTH_INDIA_IN_SCOPE,730.0,MATCHED,Matched via split.
TamilNadu.pdf,PMBJK13207,Tamil Nadu,Chennai,SOUTH_INDIA_IN_SCOPE,568.0,MATCHED,Matched via exact.
TamilNadu.pdf,PMBJK13208,Tamil Nadu,Chengalpattu,SOUTH_INDIA_IN_SCOPE,730.0,MATCHED,Matched via split.
TamilNadu.pdf,PMBJK13209,Tamil Nadu,Theni,SOUTH_INDIA_IN_SCOPE,588.0,MATCHED,Matched via exact.
TamilNadu.pdf,PMBJK13210,Tamil Nadu,Chennai,SOUTH_INDIA_IN_SCOPE,568.0,MATCHED,Matched via exact.
TamilNadu.pdf,PMBJK13211,Tamil Nadu,Tiruppur,SOUTH_INDIA_IN_SCOPE,634.0,MATCHED,Matched via exact.
TamilNadu.pdf,PMBJK13213,Tamil Nadu,Theni,SOUTH_INDIA_IN_SCOPE,588.0,MATCHED,Matched via exact.
TamilNadu.pdf,PMBJK13241,Tamil Nadu,Thiruvallur,SOUTH_INDIA_IN_SCOPE,589.0,MATCHED,Matched via exact.
TamilNadu.pdf,PMBJK13248,Tamil Nadu,Kanniyakumari,SOUTH_INDIA_IN_SCOPE,575.0,MATCHED,Matched via exact.
TamilNadu.pdf,PMBJK13249,Tamil Nadu,Thanjavur,SOUTH_INDIA_IN_SCOPE,586.0,MATCHED,Matched via exact.
TamilNadu.pdf,PMBJK13250,Tamil Nadu,Tiruchirappalli,SOUTH_INDIA_IN_SCOPE,591.0,MATCHED,Matched via exact.
TamilNadu.pdf,PMBJK13274,Tamil Nadu,Thanjavur,SOUTH_INDIA_IN_SCOPE,586.0,MATCHED,Matched via exact.
TamilNadu.pdf,PMBJK13275,Tamil Nadu,Madurai,SOUTH_INDIA_IN_SCOPE,578.0,MATCHED,Matched via exact.
TamilNadu.pdf,PMBJK13278,Tamil Nadu,Salem,SOUTH_INDIA_IN_SCOPE,584.0,MATCHED,Matched via exact.
TamilNadu.pdf,PMBJK13280,Tamil Nadu,Cuddalore,SOUTH_INDIA_IN_SCOPE,570.0,MATCHED,Matched via exact.
TamilNadu.pdf,PMBJK13283,Tamil Nadu,Madurai,SOUTH_INDIA_IN_SCOPE,578.0,MATCHED,Matched via exact.
TamilNadu.pdf,PMBJK13348,Tamil Nadu,Thanjavur,SOUTH_INDIA_IN_SCOPE,586.0,MATCHED,Matched via exact.
TamilNadu.pdf,PMBJK13349,Tamil Nadu,Karur,SOUTH_INDIA_IN_SCOPE,576.0,MATCHED,Matched via exact.
TamilNadu.pdf,PMBJK13350,Tamil Nadu,Madurai,SOUTH_INDIA_IN_SCOPE,578.0,MATCHED,Matched via exact.
TamilNadu.pdf,PMBJK13382,Tamil Nadu,Coimbatore,SOUTH_INDIA_IN_SCOPE,569.0,MATCHED,Matched via exact.
TamilNadu.pdf,PMBJK13383,Tamil Nadu,Virudhunagar,SOUTH_INDIA_IN_SCOPE,597.0,MATCHED,Matched via exact.
TamilNadu.pdf,PMBJK13384,Tamil Nadu,Coimbatore,SOUTH_INDIA_IN_SCOPE,569.0,MATCHED,Matched via exact.
TamilNadu.pdf,PMBJK13397,Tamil Nadu,Coimbatore,SOUTH_INDIA_IN_SCOPE,569.0,MATCHED,Matched via exact.
TamilNadu.pdf,PMBJK13402,Tamil Nadu,Thiruvallur,SOUTH_INDIA_IN_SCOPE,589.0,MATCHED,Matched via exact.
TamilNadu.pdf,PMBJK13403,Tamil Nadu,Dindigul,SOUTH_INDIA_IN_SCOPE,572.0,MATCHED,Matched via exact.
TamilNadu.pdf,PMBJK13405,Tamil Nadu,Kanniyakumari,SOUTH_INDIA_IN_SCOPE,575.0,MATCHED,Matched via exact.
TamilNadu.pdf,PMBJK13406,Tamil Nadu,Thanjavur,SOUTH_INDIA_IN_SCOPE,586.0,MATCHED,Matched via exact.
TamilNadu.pdf,PMBJK13440,Tamil Nadu,Ramanathapuram,SOUTH_INDIA_IN_SCOPE,583.0,MATCHED,Matched via exact.
TamilNadu.pdf,PMBJK13442,Tamil Nadu,Madurai,SOUTH_INDIA_IN_SCOPE,578.0,MATCHED,Matched via exact.
TamilNadu.pdf,PMBJK13443,Tamil Nadu,Thanjavur,SOUTH_INDIA_IN_SCOPE,586.0,MATCHED,Matched via exact.
TamilNadu.pdf,PMBJK13444,Tamil Nadu,Dindigul,SOUTH_INDIA_IN_SCOPE,572.0,MATCHED,Matched via exact.
TamilNadu.pdf,PMBJK13457,Tamil Nadu,Ramanathapuram,SOUTH_INDIA_IN_SCOPE,583.0,MATCHED,Matched via exact.
TamilNadu.pdf,PMBJK13458,Tamil Nadu,Theni,SOUTH_INDIA_IN_SCOPE,588.0,MATCHED,Matched via exact.
TamilNadu.pdf,PMBJK13465,Tamil Nadu,Erode,SOUTH_INDIA_IN_SCOPE,573.0,MATCHED,Matched via exact.
TamilNadu.pdf,PMBJK13466,Tamil Nadu,Nagapattinam,SOUTH_INDIA_IN_SCOPE,579.0,MATCHED,Matched via exact.
TamilNadu.pdf,PMBJK13467,Tamil Nadu,Vellore,SOUTH_INDIA_IN_SCOPE,595.0,MATCHED,Matched via exact.
TamilNadu.pdf,PMBJK13468,Tamil Nadu,Karur,SOUTH_INDIA_IN_SCOPE,576.0,MATCHED,Matched via exact.
TamilNadu.pdf,PMBJK13469,Tamil Nadu,Chennai,SOUTH_INDIA_IN_SCOPE,568.0,MATCHED,Matched via exact.
TamilNadu.pdf,PMBJK13505,Tamil Nadu,Coimbatore,SOUTH_INDIA_IN_SCOPE,569.0,MATCHED,Matched via exact.
TamilNadu.pdf,PMBJK13506,Tamil Nadu,Coimbatore,SOUTH_INDIA_IN_SCOPE,569.0,MATCHED,Matched via exact.
TamilNadu.pdf,PMBJK13507,Tamil Nadu,Kancheepuram,SOUTH_INDIA_IN_SCOPE,574.0,MATCHED,Matched via exact.
TamilNadu.pdf,PMBJK13514,Tamil Nadu,Chennai,SOUTH_INDIA_IN_SCOPE,568.0,MATCHED,Matched via exact.
TamilNadu.pdf,PMBJK13536,Tamil Nadu,Tiruchirappalli,SOUTH_INDIA_IN_SCOPE,591.0,MATCHED,Matched via exact.
TamilNadu.pdf,PMBJK13538,Tamil Nadu,Tirupathur,SOUTH_INDIA_IN_SCOPE,732.0,MATCHED,Matched via split.
TamilNadu.pdf,PMBJK13539,Tamil Nadu,Madurai,SOUTH_INDIA_IN_SCOPE,578.0,MATCHED,Matched via exact.
TamilNadu.pdf,PMBJK13543,Tamil Nadu,Thiruvallur,SOUTH_INDIA_IN_SCOPE,589.0,MATCHED,Matched via exact.
TamilNadu.pdf,PMBJK13544,Tamil Nadu,Madurai,SOUTH_INDIA_IN_SCOPE,578.0,MATCHED,Matched via exact.
TamilNadu.pdf,PMBJK13545,Tamil Nadu,Tiruchirappalli,SOUTH_INDIA_IN_SCOPE,591.0,MATCHED,Matched via exact.
TamilNadu.pdf,PMBJK13593,Tamil Nadu,Dindigul,SOUTH_INDIA_IN_SCOPE,572.0,MATCHED,Matched via exact.
TamilNadu.pdf,PMBJK13608,Tamil Nadu,Cuddalore,SOUTH_INDIA_IN_SCOPE,570.0,MATCHED,Matched via exact.
TamilNadu.pdf,PMBJK13609,Tamil Nadu,Erode,SOUTH_INDIA_IN_SCOPE,573.0,MATCHED,Matched via exact.
TamilNadu.pdf,PMBJK13610,Tamil Nadu,Kancheepuram,SOUTH_INDIA_IN_SCOPE,574.0,MATCHED,Matched via exact.
TamilNadu.pdf,PMBJK13611,Tamil Nadu,Chennai,SOUTH_INDIA_IN_SCOPE,568.0,MATCHED,Matched via exact.
TamilNadu.pdf,PMBJK13650,Tamil Nadu,Namakkal,SOUTH_INDIA_IN_SCOPE,580.0,MATCHED,Matched via exact.
TamilNadu.pdf,PMBJK13651,Tamil Nadu,Tiruppur,SOUTH_INDIA_IN_SCOPE,634.0,MATCHED,Matched via exact.
TamilNadu.pdf,PMBJK13652,Tamil Nadu,Tiruchirappalli,SOUTH_INDIA_IN_SCOPE,591.0,MATCHED,Matched via exact.
TamilNadu.pdf,PMBJK13653,Tamil Nadu,Chennai,SOUTH_INDIA_IN_SCOPE,568.0,MATCHED,Matched via exact.
TamilNadu.pdf,PMBJK13682,Tamil Nadu,Madurai,SOUTH_INDIA_IN_SCOPE,578.0,MATCHED,Matched via exact.
TamilNadu.pdf,PMBJK13695,Tamil Nadu,Coimbatore,SOUTH_INDIA_IN_SCOPE,569.0,MATCHED,Matched via exact.
TamilNadu.pdf,PMBJK13696,Tamil Nadu,Thoothukkudi,SOUTH_INDIA_IN_SCOPE,594.0,MATCHED,Matched via exact.
TamilNadu.pdf,PMBJK13697,Tamil Nadu,Thiruvallur,SOUTH_INDIA_IN_SCOPE,589.0,MATCHED,Matched via exact.
TamilNadu.pdf,PMBJK13698,Tamil Nadu,Thiruvallur,SOUTH_INDIA_IN_SCOPE,589.0,MATCHED,Matched via exact.
TamilNadu.pdf,PMBJK13745,Tamil Nadu,Salem,SOUTH_INDIA_IN_SCOPE,584.0,MATCHED,Matched via exact.
TamilNadu.pdf,PMBJK13746,Tamil Nadu,Virudhunagar,SOUTH_INDIA_IN_SCOPE,597.0,MATCHED,Matched via exact.
TamilNadu.pdf,PMBJK13747,Tamil Nadu,Coimbatore,SOUTH_INDIA_IN_SCOPE,569.0,MATCHED,Matched via exact.
TamilNadu.pdf,PMBJK13749,Tamil Nadu,Madurai,SOUTH_INDIA_IN_SCOPE,578.0,MATCHED,Matched via exact.
TamilNadu.pdf,PMBJK13750,Tamil Nadu,Tiruppur,SOUTH_INDIA_IN_SCOPE,634.0,MATCHED,Matched via exact.
TamilNadu.pdf,PMBJK13751,Tamil Nadu,Madurai,SOUTH_INDIA_IN_SCOPE,578.0,MATCHED,Matched via exact.
TamilNadu.pdf,PMBJK13790,Tamil Nadu,Pudukkottai,SOUTH_INDIA_IN_SCOPE,582.0,MATCHED,Matched via exact.
TamilNadu.pdf,PMBJK13793,Tamil Nadu,Erode,SOUTH_INDIA_IN_SCOPE,573.0,MATCHED,Matched via exact.
TamilNadu.pdf,PMBJK13795,Tamil Nadu,Chennai,SOUTH_INDIA_IN_SCOPE,568.0,MATCHED,Matched via exact.
TamilNadu.pdf,PMBJK13796,Tamil Nadu,Coimbatore,SOUTH_INDIA_IN_SCOPE,569.0,MATCHED,Matched via exact.
TamilNadu.pdf,PMBJK13800,Tamil Nadu,Vellore,SOUTH_INDIA_IN_SCOPE,595.0,MATCHED,Matched via exact.
TamilNadu.pdf,PMBJK13806,Tamil Nadu,Coimbatore,SOUTH_INDIA_IN_SCOPE,569.0,MATCHED,Matched via exact.
TamilNadu.pdf,PMBJK13807,Tamil Nadu,Tirunelveli,SOUTH_INDIA_IN_SCOPE,592.0,MATCHED,Matched via exact.
TamilNadu.pdf,PMBJK13812,Tamil Nadu,Thiruvallur,SOUTH_INDIA_IN_SCOPE,589.0,MATCHED,Matched via exact.
TamilNadu.pdf,PMBJK13861,Tamil Nadu,Mayiladuthurai,SOUTH_INDIA_IN_SCOPE,735.0,MATCHED,Matched via split.
TamilNadu.pdf,PMBJK13862,Tamil Nadu,Coimbatore,SOUTH_INDIA_IN_SCOPE,569.0,MATCHED,Matched via exact.
TamilNadu.pdf,PMBJK13863,Tamil Nadu,Kanniyakumari,SOUTH_INDIA_IN_SCOPE,575.0,MATCHED,Matched via exact.
TamilNadu.pdf,PMBJK13864,Tamil Nadu,Erode,SOUTH_INDIA_IN_SCOPE,573.0,MATCHED,Matched via exact.
TamilNadu.pdf,PMBJK13865,Tamil Nadu,Tirunelveli,SOUTH_INDIA_IN_SCOPE,592.0,MATCHED,Matched via exact.
TamilNadu.pdf,PMBJK13906,Tamil Nadu,Chennai,SOUTH_INDIA_IN_SCOPE,568.0,MATCHED,Matched via exact.
TamilNadu.pdf,PMBJK13938,Tamil Nadu,Namakkal,SOUTH_INDIA_IN_SCOPE,580.0,MATCHED,Matched via exact.
TamilNadu.pdf,PMBJK13939,Tamil Nadu,Madurai,SOUTH_INDIA_IN_SCOPE,578.0,MATCHED,Matched via exact.
TamilNadu.pdf,PMBJK13940,Tamil Nadu,Madurai,SOUTH_INDIA_IN_SCOPE,578.0,MATCHED,Matched via exact.
TamilNadu.pdf,PMBJK13986,Tamil Nadu,Chennai,SOUTH_INDIA_IN_SCOPE,568.0,MATCHED,Matched via exact.
TamilNadu.pdf,PMBJK13997,Tamil Nadu,Coimbatore,SOUTH_INDIA_IN_SCOPE,569.0,MATCHED,Matched via exact.
TamilNadu.pdf,PMBJK13998,Tamil Nadu,Pudukkottai,SOUTH_INDIA_IN_SCOPE,582.0,MATCHED,Matched via exact.
TamilNadu.pdf,PMBJK14000,Tamil Nadu,Kanniyakumari,SOUTH_INDIA_IN_SCOPE,575.0,MATCHED,Matched via exact.
TamilNadu.pdf,PMBJK14023,Tamil Nadu,Viluppuram,SOUTH_INDIA_IN_SCOPE,596.0,MATCHED,Matched via exact.
TamilNadu.pdf,PMBJK14024,Tamil Nadu,Tenkasi,SOUTH_INDIA_IN_SCOPE,733.0,MATCHED,Matched via split.
TamilNadu.pdf,PMBJK14051,Tamil Nadu,Tiruchirappalli,SOUTH_INDIA_IN_SCOPE,591.0,MATCHED,Matched via exact.
TamilNadu.pdf,PMBJK14052,Tamil Nadu,Chennai,SOUTH_INDIA_IN_SCOPE,568.0,MATCHED,Matched via exact.
TamilNadu.pdf,PMBJK14053,Tamil Nadu,Chennai,SOUTH_INDIA_IN_SCOPE,568.0,MATCHED,Matched via exact.
TamilNadu.pdf,PMBJK14054,Tamil Nadu,Coimbatore,SOUTH_INDIA_IN_SCOPE,569.0,MATCHED,Matched via exact.
TamilNadu.pdf,PMBJK14076,Tamil Nadu,Chengalpattu,SOUTH_INDIA_IN_SCOPE,730.0,MATCHED,Matched via split.
TamilNadu.pdf,PMBJK14077,Tamil Nadu,Madurai,SOUTH_INDIA_IN_SCOPE,578.0,MATCHED,Matched via exact.
TamilNadu.pdf,PMBJK14078,Tamil Nadu,Chennai,SOUTH_INDIA_IN_SCOPE,568.0,MATCHED,Matched via exact.
TamilNadu.pdf,PMBJK14112,Tamil Nadu,Kancheepuram,SOUTH_INDIA_IN_SCOPE,574.0,MATCHED,Matched via exact.
TamilNadu.pdf,PMBJK14113,Tamil Nadu,Kanniyakumari,SOUTH_INDIA_IN_SCOPE,575.0,MATCHED,Matched via exact.
TamilNadu.pdf,PMBJK14152,Tamil Nadu,Coimbatore,SOUTH_INDIA_IN_SCOPE,569.0,MATCHED,Matched via exact.
TamilNadu.pdf,PMBJK14153,Tamil Nadu,Thiruvallur,SOUTH_INDIA_IN_SCOPE,589.0,MATCHED,Matched via exact.
TamilNadu.pdf,PMBJK14175,Tamil Nadu,Salem,SOUTH_INDIA_IN_SCOPE,584.0,MATCHED,Matched via exact.
TamilNadu.pdf,PMBJK14188,Tamil Nadu,Chengalpattu,SOUTH_INDIA_IN_SCOPE,730.0,MATCHED,Matched via split.
TamilNadu.pdf,PMBJK14220,Tamil Nadu,Madurai,SOUTH_INDIA_IN_SCOPE,578.0,MATCHED,Matched via exact.
TamilNadu.pdf,PMBJK14222,Tamil Nadu,Erode,SOUTH_INDIA_IN_SCOPE,573.0,MATCHED,Matched via exact.
TamilNadu.pdf,PMBJK14223,Tamil Nadu,Coimbatore,SOUTH_INDIA_IN_SCOPE,569.0,MATCHED,Matched via exact.
TamilNadu.pdf,PMBJK14224,Tamil Nadu,Chennai,SOUTH_INDIA_IN_SCOPE,568.0,MATCHED,Matched via exact.
TamilNadu.pdf,PMBJK14255,Tamil Nadu,Mayiladuthurai,SOUTH_INDIA_IN_SCOPE,735.0,MATCHED,Matched via split.
TamilNadu.pdf,PMBJK14256,Tamil Nadu,Madurai,SOUTH_INDIA_IN_SCOPE,578.0,MATCHED,Matched via exact.
TamilNadu.pdf,PMBJK14291,Tamil Nadu,Chennai,SOUTH_INDIA_IN_SCOPE,568.0,MATCHED,Matched via exact.
TamilNadu.pdf,PMBJK14292,Tamil Nadu,Ranipet,SOUTH_INDIA_IN_SCOPE,731.0,MATCHED,Matched via split.
TamilNadu.pdf,PMBJK14304,Tamil Nadu,Tiruppur,SOUTH_INDIA_IN_SCOPE,634.0,MATCHED,Matched via exact.
TamilNadu.pdf,PMBJK14305,Tamil Nadu,Tirunelveli,SOUTH_INDIA_IN_SCOPE,592.0,MATCHED,Matched via exact.
TamilNadu.pdf,PMBJK14306,Tamil Nadu,Ramanathapuram,SOUTH_INDIA_IN_SCOPE,583.0,MATCHED,Matched via exact.
TamilNadu.pdf,PMBJK14344,Tamil Nadu,Tenkasi,SOUTH_INDIA_IN_SCOPE,733.0,MATCHED,Matched via split.
TamilNadu.pdf,PMBJK14351,Tamil Nadu,Madurai,SOUTH_INDIA_IN_SCOPE,578.0,MATCHED,Matched via exact.
TamilNadu.pdf,PMBJK14352,Tamil Nadu,Dindigul,SOUTH_INDIA_IN_SCOPE,572.0,MATCHED,Matched via exact.
TamilNadu.pdf,PMBJK14353,Tamil Nadu,Chennai,SOUTH_INDIA_IN_SCOPE,568.0,MATCHED,Matched via exact.
TamilNadu.pdf,PMBJK14354,Tamil Nadu,Madurai,SOUTH_INDIA_IN_SCOPE,578.0,MATCHED,Matched via exact.
TamilNadu.pdf,PMBJK14380,Tamil Nadu,Chennai,SOUTH_INDIA_IN_SCOPE,568.0,MATCHED,Matched via exact.
TamilNadu.pdf,PMBJK14381,Tamil Nadu,Tirunelveli,SOUTH_INDIA_IN_SCOPE,592.0,MATCHED,Matched via exact.
TamilNadu.pdf,PMBJK14464,Tamil Nadu,Chennai,SOUTH_INDIA_IN_SCOPE,568.0,MATCHED,Matched via exact.
TamilNadu.pdf,PMBJK14465,Tamil Nadu,Chennai,SOUTH_INDIA_IN_SCOPE,568.0,MATCHED,Matched via exact.
TamilNadu.pdf,PMBJK14466,Tamil Nadu,Coimbatore,SOUTH_INDIA_IN_SCOPE,569.0,MATCHED,Matched via exact.
TamilNadu.pdf,PMBJK14475,Tamil Nadu,Nagapattinam,SOUTH_INDIA_IN_SCOPE,579.0,MATCHED,Matched via exact.
TamilNadu.pdf,PMBJK14495,Tamil Nadu,Madurai,SOUTH_INDIA_IN_SCOPE,578.0,MATCHED,Matched via exact.
TamilNadu.pdf,PMBJK14496,Tamil Nadu,Kallakurichi,SOUTH_INDIA_IN_SCOPE,729.0,MATCHED,Matched via split.
TamilNadu.pdf,PMBJK14548,Tamil Nadu,Chennai,SOUTH_INDIA_IN_SCOPE,568.0,MATCHED,Matched via exact.
TamilNadu.pdf,PMBJK14561,Tamil Nadu,Vellore,SOUTH_INDIA_IN_SCOPE,595.0,MATCHED,Matched via exact.
TamilNadu.pdf,PMBJK14573,Tamil Nadu,Chennai,SOUTH_INDIA_IN_SCOPE,568.0,MATCHED,Matched via exact.
TamilNadu.pdf,PMBJK14589,Tamil Nadu,Coimbatore,SOUTH_INDIA_IN_SCOPE,569.0,MATCHED,Matched via exact.
TamilNadu.pdf,PMBJK14603,Tamil Nadu,Kanniyakumari,SOUTH_INDIA_IN_SCOPE,575.0,MATCHED,Matched via exact.
TamilNadu.pdf,PMBJK14605,Tamil Nadu,Tirupathur,SOUTH_INDIA_IN_SCOPE,732.0,MATCHED,Matched via split.
TamilNadu.pdf,PMBJK14613,Tamil Nadu,Coimbatore,SOUTH_INDIA_IN_SCOPE,569.0,MATCHED,Matched via exact.
TamilNadu.pdf,PMBJK14618,Tamil Nadu,Madurai,SOUTH_INDIA_IN_SCOPE,578.0,MATCHED,Matched via exact.
TamilNadu.pdf,PMBJK14623,Tamil Nadu,Vellore,SOUTH_INDIA_IN_SCOPE,595.0,MATCHED,Matched via exact.
TamilNadu.pdf,PMBJK14624,Tamil Nadu,Chennai,SOUTH_INDIA_IN_SCOPE,568.0,MATCHED,Matched via exact.
TamilNadu.pdf,PMBJK14628,Tamil Nadu,Dharmapuri,SOUTH_INDIA_IN_SCOPE,571.0,MATCHED,Matched via exact.
TamilNadu.pdf,PMBJK14644,Tamil Nadu,Vellore,SOUTH_INDIA_IN_SCOPE,595.0,MATCHED,Matched via exact.
TamilNadu.pdf,PMBJK14682,Tamil Nadu,Dindigul,SOUTH_INDIA_IN_SCOPE,572.0,MATCHED,Matched via exact.
TamilNadu.pdf,PMBJK14691,Tamil Nadu,Madurai,SOUTH_INDIA_IN_SCOPE,578.0,MATCHED,Matched via exact.
TamilNadu.pdf,PMBJK14692,Tamil Nadu,Erode,SOUTH_INDIA_IN_SCOPE,573.0,MATCHED,Matched via exact.
TamilNadu.pdf,PMBJK14695,Tamil Nadu,Chengalpattu,SOUTH_INDIA_IN_SCOPE,730.0,MATCHED,Matched via split.
TamilNadu.pdf,PMBJK14697,Tamil Nadu,The Nilgiris,SOUTH_INDIA_IN_SCOPE,587.0,MATCHED,Matched via exact.
TamilNadu.pdf,PMBJK14699,Tamil Nadu,Salem,SOUTH_INDIA_IN_SCOPE,584.0,MATCHED,Matched via exact.
TamilNadu.pdf,PMBJK14715,Tamil Nadu,Chengalpattu,SOUTH_INDIA_IN_SCOPE,730.0,MATCHED,Matched via split.
TamilNadu.pdf,PMBJK14718,Tamil Nadu,Vellore,SOUTH_INDIA_IN_SCOPE,595.0,MATCHED,Matched via exact.
TamilNadu.pdf,PMBJK14724,Tamil Nadu,Chennai,SOUTH_INDIA_IN_SCOPE,568.0,MATCHED,Matched via exact.
TamilNadu.pdf,PMBJK14734,Tamil Nadu,Chennai,SOUTH_INDIA_IN_SCOPE,568.0,MATCHED,Matched via exact.
TamilNadu.pdf,PMBJK14739,Tamil Nadu,Perambalur,SOUTH_INDIA_IN_SCOPE,581.0,MATCHED,Matched via exact.
TamilNadu.pdf,PMBJK14742,Tamil Nadu,Salem,SOUTH_INDIA_IN_SCOPE,584.0,MATCHED,Matched via exact.
TamilNadu.pdf,PMBJK14755,Tamil Nadu,Salem,SOUTH_INDIA_IN_SCOPE,584.0,MATCHED,Matched via exact.
TamilNadu.pdf,PMBJK14768,Tamil Nadu,Madurai,SOUTH_INDIA_IN_SCOPE,578.0,MATCHED,Matched via exact.
TamilNadu.pdf,PMBJK14769,Tamil Nadu,Kanniyakumari,SOUTH_INDIA_IN_SCOPE,575.0,MATCHED,Matched via exact.
TamilNadu.pdf,PMBJK14846,Tamil Nadu,Kanniyakumari,SOUTH_INDIA_IN_SCOPE,575.0,MATCHED,Matched via exact.
TamilNadu.pdf,PMBJK14847,Tamil Nadu,Dindigul,SOUTH_INDIA_IN_SCOPE,572.0,MATCHED,Matched via exact.
TamilNadu.pdf,PMBJK14848,Tamil Nadu,Kanniyakumari,SOUTH_INDIA_IN_SCOPE,575.0,MATCHED,Matched via exact.
TamilNadu.pdf,PMBJK14864,Tamil Nadu,Chennai,SOUTH_INDIA_IN_SCOPE,568.0,MATCHED,Matched via exact.
TamilNadu.pdf,PMBJK14888,Tamil Nadu,Kanniyakumari,SOUTH_INDIA_IN_SCOPE,575.0,MATCHED,Matched via exact.
TamilNadu.pdf,PMBJK14891,Tamil Nadu,Chennai,SOUTH_INDIA_IN_SCOPE,568.0,MATCHED,Matched via exact.
TamilNadu.pdf,PMBJK14895,Tamil Nadu,Chengalpattu,SOUTH_INDIA_IN_SCOPE,730.0,MATCHED,Matched via split.
TamilNadu.pdf,PMBJK14911,Tamil Nadu,Kanniyakumari,SOUTH_INDIA_IN_SCOPE,575.0,MATCHED,Matched via exact.
TamilNadu.pdf,PMBJK14923,Tamil Nadu,Kancheepuram,SOUTH_INDIA_IN_SCOPE,574.0,MATCHED,Matched via exact.
TamilNadu.pdf,PMBJK14924,Tamil Nadu,Mayiladuthurai,SOUTH_INDIA_IN_SCOPE,735.0,MATCHED,Matched via split.
TamilNadu.pdf,PMBJK14942,Tamil Nadu,Tiruppur,SOUTH_INDIA_IN_SCOPE,634.0,MATCHED,Matched via exact.
TamilNadu.pdf,PMBJK14944,Tamil Nadu,Mayiladuthurai,SOUTH_INDIA_IN_SCOPE,735.0,MATCHED,Matched via split.
TamilNadu.pdf,PMBJK14945,Tamil Nadu,Salem,SOUTH_INDIA_IN_SCOPE,584.0,MATCHED,Matched via exact.
TamilNadu.pdf,PMBJK15004,Tamil Nadu,Tiruppur,SOUTH_INDIA_IN_SCOPE,634.0,MATCHED,Matched via exact.
TamilNadu.pdf,PMBJK15005,Tamil Nadu,Madurai,SOUTH_INDIA_IN_SCOPE,578.0,MATCHED,Matched via exact.
TamilNadu.pdf,PMBJK15006,Tamil Nadu,Salem,SOUTH_INDIA_IN_SCOPE,584.0,MATCHED,Matched via exact.
TamilNadu.pdf,PMBJK15007,Tamil Nadu,Pudukkottai,SOUTH_INDIA_IN_SCOPE,582.0,MATCHED,Matched via exact.
TamilNadu.pdf,PMBJK15008,Tamil Nadu,Kanniyakumari,SOUTH_INDIA_IN_SCOPE,575.0,MATCHED,Matched via exact.
TamilNadu.pdf,PMBJK15009,Tamil Nadu,Thanjavur,SOUTH_INDIA_IN_SCOPE,586.0,MATCHED,Matched via exact.
TamilNadu.pdf,PMBJK15010,Tamil Nadu,Kanniyakumari,SOUTH_INDIA_IN_SCOPE,575.0,MATCHED,Matched via exact.
TamilNadu.pdf,PMBJK15011,Tamil Nadu,Tiruchirappalli,SOUTH_INDIA_IN_SCOPE,591.0,MATCHED,Matched via exact.
TamilNadu.pdf,PMBJK15012,Tamil Nadu,Erode,SOUTH_INDIA_IN_SCOPE,573.0,MATCHED,Matched via exact.
TamilNadu.pdf,PMBJK15018,Tamil Nadu,Madurai,SOUTH_INDIA_IN_SCOPE,578.0,MATCHED,Matched via exact.
TamilNadu.pdf,PMBJK15039,Tamil Nadu,Chengalpattu,SOUTH_INDIA_IN_SCOPE,730.0,MATCHED,Matched via split.
TamilNadu.pdf,PMBJK15040,Tamil Nadu,Tiruppur,SOUTH_INDIA_IN_SCOPE,634.0,MATCHED,Matched via exact.
TamilNadu.pdf,PMBJK15055,Tamil Nadu,Madurai,SOUTH_INDIA_IN_SCOPE,578.0,MATCHED,Matched via exact.
TamilNadu.pdf,PMBJK15085,Tamil Nadu,Thiruvarur,SOUTH_INDIA_IN_SCOPE,590.0,MATCHED,Matched via exact.
TamilNadu.pdf,PMBJK15096,Tamil Nadu,Krishnagiri,SOUTH_INDIA_IN_SCOPE,577.0,MATCHED,Matched via exact.
TamilNadu.pdf,PMBJK15111,Tamil Nadu,Chennai,SOUTH_INDIA_IN_SCOPE,568.0,MATCHED,Matched via exact.
TamilNadu.pdf,PMBJK15143,Tamil Nadu,Chennai,SOUTH_INDIA_IN_SCOPE,568.0,MATCHED,Matched via exact.
TamilNadu.pdf,PMBJK15154,Tamil Nadu,Ranipet,SOUTH_INDIA_IN_SCOPE,731.0,MATCHED,Matched via split.
TamilNadu.pdf,PMBJK15155,Tamil Nadu,Chennai,SOUTH_INDIA_IN_SCOPE,568.0,MATCHED,Matched via exact.
TamilNadu.pdf,PMBJK15156,Tamil Nadu,Kallakurichi,SOUTH_INDIA_IN_SCOPE,729.0,MATCHED,Matched via split.
TamilNadu.pdf,PMBJK15157,Tamil Nadu,Krishnagiri,SOUTH_INDIA_IN_SCOPE,577.0,MATCHED,Matched via exact.
TamilNadu.pdf,PMBJK15158,Tamil Nadu,Kancheepuram,SOUTH_INDIA_IN_SCOPE,574.0,MATCHED,Matched via exact.
TamilNadu.pdf,PMBJK15161,Tamil Nadu,Mayiladuthurai,SOUTH_INDIA_IN_SCOPE,735.0,MATCHED,Matched via split.
TamilNadu.pdf,PMBJK15162,Tamil Nadu,Tenkasi,SOUTH_INDIA_IN_SCOPE,733.0,MATCHED,Matched via split.
TamilNadu.pdf,PMBJK15163,Tamil Nadu,Thanjavur,SOUTH_INDIA_IN_SCOPE,586.0,MATCHED,Matched via exact.
TamilNadu.pdf,PMBJK15164,Tamil Nadu,Kanniyakumari,SOUTH_INDIA_IN_SCOPE,575.0,MATCHED,Matched via exact.
TamilNadu.pdf,PMBJK15177,Tamil Nadu,Coimbatore,SOUTH_INDIA_IN_SCOPE,569.0,MATCHED,Matched via exact.
TamilNadu.pdf,PMBJK15190,Tamil Nadu,Tiruvannamalai,SOUTH_INDIA_IN_SCOPE,593.0,MATCHED,Matched via exact.
TamilNadu.pdf,PMBJK15191,Tamil Nadu,Madurai,SOUTH_INDIA_IN_SCOPE,578.0,MATCHED,Matched via exact.
TamilNadu.pdf,PMBJK15223,Tamil Nadu,Tiruchirappalli,SOUTH_INDIA_IN_SCOPE,591.0,MATCHED,Matched via exact.
TamilNadu.pdf,PMBJK15224,Tamil Nadu,Chennai,SOUTH_INDIA_IN_SCOPE,568.0,MATCHED,Matched via exact.
TamilNadu.pdf,PMBJK15225,Tamil Nadu,Chennai,SOUTH_INDIA_IN_SCOPE,568.0,MATCHED,Matched via exact.
TamilNadu.pdf,PMBJK15226,Tamil Nadu,Kanniyakumari,SOUTH_INDIA_IN_SCOPE,575.0,MATCHED,Matched via exact.
TamilNadu.pdf,PMBJK15256,Tamil Nadu,Dindigul,SOUTH_INDIA_IN_SCOPE,572.0,MATCHED,Matched via exact.
TamilNadu.pdf,PMBJK15266,Tamil Nadu,Cuddalore,SOUTH_INDIA_IN_SCOPE,570.0,MATCHED,Matched via exact.
TamilNadu.pdf,PMBJK15267,Tamil Nadu,Ranipet,SOUTH_INDIA_IN_SCOPE,731.0,MATCHED,Matched via split.
TamilNadu.pdf,PMBJK15276,Tamil Nadu,Chennai,SOUTH_INDIA_IN_SCOPE,568.0,MATCHED,Matched via exact.
TamilNadu.pdf,PMBJK15289,Tamil Nadu,Chennai,SOUTH_INDIA_IN_SCOPE,568.0,MATCHED,Matched via exact.
TamilNadu.pdf,PMBJK15302,Tamil Nadu,Tiruchirappalli,SOUTH_INDIA_IN_SCOPE,591.0,MATCHED,Matched via exact.
TamilNadu.pdf,PMBJK15303,Tamil Nadu,Coimbatore,SOUTH_INDIA_IN_SCOPE,569.0,MATCHED,Matched via exact.
TamilNadu.pdf,PMBJK15323,Tamil Nadu,Thanjavur,SOUTH_INDIA_IN_SCOPE,586.0,MATCHED,Matched via exact.
TamilNadu.pdf,PMBJK15324,Tamil Nadu,Cuddalore,SOUTH_INDIA_IN_SCOPE,570.0,MATCHED,Matched via exact.
TamilNadu.pdf,PMBJK15370,Tamil Nadu,Chennai,SOUTH_INDIA_IN_SCOPE,568.0,MATCHED,Matched via exact.
TamilNadu.pdf,PMBJK15372,Tamil Nadu,Madurai,SOUTH_INDIA_IN_SCOPE,578.0,MATCHED,Matched via exact.
TamilNadu.pdf,PMBJK15392,Tamil Nadu,Thiruvallur,SOUTH_INDIA_IN_SCOPE,589.0,MATCHED,Matched via exact.
TamilNadu.pdf,PMBJK15393,Tamil Nadu,Tenkasi,SOUTH_INDIA_IN_SCOPE,733.0,MATCHED,Matched via split.
TamilNadu.pdf,PMBJK15395,Tamil Nadu,Madurai,SOUTH_INDIA_IN_SCOPE,578.0,MATCHED,Matched via exact.
TamilNadu.pdf,PMBJK15396,Tamil Nadu,Chengalpattu,SOUTH_INDIA_IN_SCOPE,730.0,MATCHED,Matched via split.
TamilNadu.pdf,PMBJK15397,Tamil Nadu,Thiruvallur,SOUTH_INDIA_IN_SCOPE,589.0,MATCHED,Matched via exact.
TamilNadu.pdf,PMBJK15398,Tamil Nadu,Thanjavur,SOUTH_INDIA_IN_SCOPE,586.0,MATCHED,Matched via exact.
TamilNadu.pdf,PMBJK15440,Tamil Nadu,Pudukkottai,SOUTH_INDIA_IN_SCOPE,582.0,MATCHED,Matched via exact.
TamilNadu.pdf,PMBJK15441,Tamil Nadu,Chennai,SOUTH_INDIA_IN_SCOPE,568.0,MATCHED,Matched via exact.
TamilNadu.pdf,PMBJK15442,Tamil Nadu,Vellore,SOUTH_INDIA_IN_SCOPE,595.0,MATCHED,Matched via exact.
TamilNadu.pdf,PMBJK15469,Tamil Nadu,Thiruvarur,SOUTH_INDIA_IN_SCOPE,590.0,MATCHED,Matched via exact.
TamilNadu.pdf,PMBJK15474,Tamil Nadu,Madurai,SOUTH_INDIA_IN_SCOPE,578.0,MATCHED,Matched via exact.
TamilNadu.pdf,PMBJK15526,Tamil Nadu,Chengalpattu,SOUTH_INDIA_IN_SCOPE,730.0,MATCHED,Matched via split.
TamilNadu.pdf,PMBJK15527,Tamil Nadu,Tiruchirappalli,SOUTH_INDIA_IN_SCOPE,591.0,MATCHED,Matched via exact.
TamilNadu.pdf,PMBJK15536,Tamil Nadu,Nagapattinam,SOUTH_INDIA_IN_SCOPE,579.0,MATCHED,Matched via exact.
TamilNadu.pdf,PMBJK15538,Tamil Nadu,Chennai,SOUTH_INDIA_IN_SCOPE,568.0,MATCHED,Matched via exact.
TamilNadu.pdf,PMBJK15539,Tamil Nadu,Chengalpattu,SOUTH_INDIA_IN_SCOPE,730.0,MATCHED,Matched via split.
TamilNadu.pdf,PMBJK15565,Tamil Nadu,Dindigul,SOUTH_INDIA_IN_SCOPE,572.0,MATCHED,Matched via exact.
TamilNadu.pdf,PMBJK15566,Tamil Nadu,Chengalpattu,SOUTH_INDIA_IN_SCOPE,730.0,MATCHED,Matched via split.
TamilNadu.pdf,PMBJK15567,Tamil Nadu,Coimbatore,SOUTH_INDIA_IN_SCOPE,569.0,MATCHED,Matched via exact.
TamilNadu.pdf,PMBJK15568,Tamil Nadu,Chennai,SOUTH_INDIA_IN_SCOPE,568.0,MATCHED,Matched via exact.
TamilNadu.pdf,PMBJK15574,Tamil Nadu,Tiruppur,SOUTH_INDIA_IN_SCOPE,634.0,MATCHED,Matched via exact.
TamilNadu.pdf,PMBJK15575,Tamil Nadu,Chennai,SOUTH_INDIA_IN_SCOPE,568.0,MATCHED,Matched via exact.
TamilNadu.pdf,PMBJK15616,Tamil Nadu,Tiruchirappalli,SOUTH_INDIA_IN_SCOPE,591.0,MATCHED,Matched via exact.
TamilNadu.pdf,PMBJK15655,Tamil Nadu,Thanjavur,SOUTH_INDIA_IN_SCOPE,586.0,MATCHED,Matched via exact.
TamilNadu.pdf,PMBJK15664,Tamil Nadu,Mayiladuthurai,SOUTH_INDIA_IN_SCOPE,735.0,MATCHED,Matched via split.
TamilNadu.pdf,PMBJK15665,Tamil Nadu,Tiruchirappalli,SOUTH_INDIA_IN_SCOPE,591.0,MATCHED,Matched via exact.
TamilNadu.pdf,PMBJK15666,Tamil Nadu,Chennai,SOUTH_INDIA_IN_SCOPE,568.0,MATCHED,Matched via exact.
TamilNadu.pdf,PMBJK15680,Tamil Nadu,Kanniyakumari,SOUTH_INDIA_IN_SCOPE,575.0,MATCHED,Matched via exact.
TamilNadu.pdf,PMBJK15682,Tamil Nadu,Chennai,SOUTH_INDIA_IN_SCOPE,568.0,MATCHED,Matched via exact.
TamilNadu.pdf,PMBJK15691,Tamil Nadu,Ramanathapuram,SOUTH_INDIA_IN_SCOPE,583.0,MATCHED,Matched via exact.
TamilNadu.pdf,PMBJK15692,Tamil Nadu,Ramanathapuram,SOUTH_INDIA_IN_SCOPE,583.0,MATCHED,Matched via exact.
TamilNadu.pdf,PMBJK15698,Tamil Nadu,Ramanathapuram,SOUTH_INDIA_IN_SCOPE,583.0,MATCHED,Matched via exact.
TamilNadu.pdf,PMBJK15702,Tamil Nadu,Kanniyakumari,SOUTH_INDIA_IN_SCOPE,575.0,MATCHED,Matched via exact.
TamilNadu.pdf,PMBJK15716,Tamil Nadu,Tiruchirappalli,SOUTH_INDIA_IN_SCOPE,591.0,MATCHED,Matched via exact.
TamilNadu.pdf,PMBJK15717,Tamil Nadu,Thiruvarur,SOUTH_INDIA_IN_SCOPE,590.0,MATCHED,Matched via exact.
TamilNadu.pdf,PMBJK15719,Tamil Nadu,Tirunelveli,SOUTH_INDIA_IN_SCOPE,592.0,MATCHED,Matched via exact.
TamilNadu.pdf,PMBJK15730,Tamil Nadu,Chennai,SOUTH_INDIA_IN_SCOPE,568.0,MATCHED,Matched via exact.
TamilNadu.pdf,PMBJK15731,Tamil Nadu,Chennai,SOUTH_INDIA_IN_SCOPE,568.0,MATCHED,Matched via exact.
TamilNadu.pdf,PMBJK15748,Tamil Nadu,Chengalpattu,SOUTH_INDIA_IN_SCOPE,730.0,MATCHED,Matched via split.
TamilNadu.pdf,PMBJK15755,Tamil Nadu,Erode,SOUTH_INDIA_IN_SCOPE,573.0,MATCHED,Matched via exact.
TamilNadu.pdf,PMBJK15756,Tamil Nadu,Tiruppur,SOUTH_INDIA_IN_SCOPE,634.0,MATCHED,Matched via exact.
TamilNadu.pdf,PMBJK15757,Tamil Nadu,Kanniyakumari,SOUTH_INDIA_IN_SCOPE,575.0,MATCHED,Matched via exact.
TamilNadu.pdf,PMBJK15771,Tamil Nadu,Dindigul,SOUTH_INDIA_IN_SCOPE,572.0,MATCHED,Matched via exact.
TamilNadu.pdf,PMBJK15772,Tamil Nadu,Coimbatore,SOUTH_INDIA_IN_SCOPE,569.0,MATCHED,Matched via exact.
TamilNadu.pdf,PMBJK15791,Tamil Nadu,Dharmapuri,SOUTH_INDIA_IN_SCOPE,571.0,MATCHED,Matched via exact.
TamilNadu.pdf,PMBJK15792,Tamil Nadu,Theni,SOUTH_INDIA_IN_SCOPE,588.0,MATCHED,Matched via exact.
TamilNadu.pdf,PMBJK15793,Tamil Nadu,Tiruchirappalli,SOUTH_INDIA_IN_SCOPE,591.0,MATCHED,Matched via exact.
TamilNadu.pdf,PMBJK15800,Tamil Nadu,Kanniyakumari,SOUTH_INDIA_IN_SCOPE,575.0,MATCHED,Matched via exact.
TamilNadu.pdf,PMBJK15801,Tamil Nadu,Chengalpattu,SOUTH_INDIA_IN_SCOPE,730.0,MATCHED,Matched via split.
TamilNadu.pdf,PMBJK15819,Tamil Nadu,Thiruvarur,SOUTH_INDIA_IN_SCOPE,590.0,MATCHED,Matched via exact.
TamilNadu.pdf,PMBJK15823,Tamil Nadu,Coimbatore,SOUTH_INDIA_IN_SCOPE,569.0,MATCHED,Matched via exact.
TamilNadu.pdf,PMBJK15824,Tamil Nadu,Perambalur,SOUTH_INDIA_IN_SCOPE,581.0,MATCHED,Matched via exact.
TamilNadu.pdf,PMBJK15825,Tamil Nadu,Chengalpattu,SOUTH_INDIA_IN_SCOPE,730.0,MATCHED,Matched via split.
TamilNadu.pdf,PMBJK15836,Tamil Nadu,Coimbatore,SOUTH_INDIA_IN_SCOPE,569.0,MATCHED,Matched via exact.
TamilNadu.pdf,PMBJK15837,Tamil Nadu,Salem,SOUTH_INDIA_IN_SCOPE,584.0,MATCHED,Matched via exact.
TamilNadu.pdf,PMBJK15838,Tamil Nadu,Thiruvarur,SOUTH_INDIA_IN_SCOPE,590.0,MATCHED,Matched via exact.
TamilNadu.pdf,PMBJK15859,Tamil Nadu,Sivaganga,SOUTH_INDIA_IN_SCOPE,585.0,MATCHED,Matched via exact.
TamilNadu.pdf,PMBJK15863,Tamil Nadu,Thanjavur,SOUTH_INDIA_IN_SCOPE,586.0,MATCHED,Matched via exact.
TamilNadu.pdf,PMBJK15876,Tamil Nadu,Tirunelveli,SOUTH_INDIA_IN_SCOPE,592.0,MATCHED,Matched via exact.
TamilNadu.pdf,PMBJK15885,Tamil Nadu,Erode,SOUTH_INDIA_IN_SCOPE,573.0,MATCHED,Matched via exact.
TamilNadu.pdf,PMBJK15904,Tamil Nadu,Tiruppur,SOUTH_INDIA_IN_SCOPE,634.0,MATCHED,Matched via exact.
TamilNadu.pdf,PMBJK15921,Tamil Nadu,Chengalpattu,SOUTH_INDIA_IN_SCOPE,730.0,MATCHED,Matched via split.
TamilNadu.pdf,PMBJK15956,Tamil Nadu,Kanniyakumari,SOUTH_INDIA_IN_SCOPE,575.0,MATCHED,Matched via exact.
TamilNadu.pdf,PMBJK15958,Tamil Nadu,Chengalpattu,SOUTH_INDIA_IN_SCOPE,730.0,MATCHED,Matched via split.
TamilNadu.pdf,PMBJK15962,Tamil Nadu,Tiruchirappalli,SOUTH_INDIA_IN_SCOPE,591.0,MATCHED,Matched via exact.
TamilNadu.pdf,PMBJK15963,Tamil Nadu,Thanjavur,SOUTH_INDIA_IN_SCOPE,586.0,MATCHED,Matched via exact.
TamilNadu.pdf,PMBJK15986,Tamil Nadu,Thanjavur,SOUTH_INDIA_IN_SCOPE,586.0,MATCHED,Matched via exact.
TamilNadu.pdf,PMBJK15988,Tamil Nadu,Tiruvannamalai,SOUTH_INDIA_IN_SCOPE,593.0,MATCHED,Matched via exact.
TamilNadu.pdf,PMBJK15989,Tamil Nadu,Thanjavur,SOUTH_INDIA_IN_SCOPE,586.0,MATCHED,Matched via exact.
TamilNadu.pdf,PMBJK16020,Tamil Nadu,Chennai,SOUTH_INDIA_IN_SCOPE,568.0,MATCHED,Matched via exact.
TamilNadu.pdf,PMBJK16021,Tamil Nadu,Erode,SOUTH_INDIA_IN_SCOPE,573.0,MATCHED,Matched via exact.
TamilNadu.pdf,PMBJK16031,Tamil Nadu,Tiruchirappalli,SOUTH_INDIA_IN_SCOPE,591.0,MATCHED,Matched via exact.
TamilNadu.pdf,PMBJK16032,Tamil Nadu,Tiruchirappalli,SOUTH_INDIA_IN_SCOPE,591.0,MATCHED,Matched via exact.
TamilNadu.pdf,PMBJK16033,Tamil Nadu,Tiruchirappalli,SOUTH_INDIA_IN_SCOPE,591.0,MATCHED,Matched via exact.
TamilNadu.pdf,PMBJK16034,Tamil Nadu,Tiruchirappalli,SOUTH_INDIA_IN_SCOPE,591.0,MATCHED,Matched via exact.
TamilNadu.pdf,PMBJK16045,Tamil Nadu,Thiruvarur,SOUTH_INDIA_IN_SCOPE,590.0,MATCHED,Matched via exact.
TamilNadu.pdf,PMBJK16057,Tamil Nadu,Kanniyakumari,SOUTH_INDIA_IN_SCOPE,575.0,MATCHED,Matched via exact.
TamilNadu.pdf,PMBJK16058,Tamil Nadu,Kallakurichi,SOUTH_INDIA_IN_SCOPE,729.0,MATCHED,Matched via split.
TamilNadu.pdf,PMBJK16059,Tamil Nadu,Erode,SOUTH_INDIA_IN_SCOPE,573.0,MATCHED,Matched via exact.
TamilNadu.pdf,PMBJK16107,Tamil Nadu,Thanjavur,SOUTH_INDIA_IN_SCOPE,586.0,MATCHED,Matched via exact.
TamilNadu.pdf,PMBJK16108,Tamil Nadu,Krishnagiri,SOUTH_INDIA_IN_SCOPE,577.0,MATCHED,Matched via exact.
TamilNadu.pdf,PMBJK16111,Tamil Nadu,Mayiladuthurai,SOUTH_INDIA_IN_SCOPE,735.0,MATCHED,Matched via split.
TamilNadu.pdf,PMBJK16112,Tamil Nadu,Mayiladuthurai,SOUTH_INDIA_IN_SCOPE,735.0,MATCHED,Matched via split.
TamilNadu.pdf,PMBJK16113,Tamil Nadu,Pudukkottai,SOUTH_INDIA_IN_SCOPE,582.0,MATCHED,Matched via exact.
TamilNadu.pdf,PMBJK16114,Tamil Nadu,Kanniyakumari,SOUTH_INDIA_IN_SCOPE,575.0,MATCHED,Matched via exact.
TamilNadu.pdf,PMBJK16127,Tamil Nadu,Thanjavur,SOUTH_INDIA_IN_SCOPE,586.0,MATCHED,Matched via exact.
TamilNadu.pdf,PMBJK16136,Tamil Nadu,Chengalpattu,SOUTH_INDIA_IN_SCOPE,730.0,MATCHED,Matched via split.
TamilNadu.pdf,PMBJK16143,Tamil Nadu,Tenkasi,SOUTH_INDIA_IN_SCOPE,733.0,MATCHED,Matched via split.
TamilNadu.pdf,PMBJK16144,Tamil Nadu,Viluppuram,SOUTH_INDIA_IN_SCOPE,596.0,MATCHED,Matched via exact.
TamilNadu.pdf,PMBJK16145,Tamil Nadu,Pudukkottai,SOUTH_INDIA_IN_SCOPE,582.0,MATCHED,Matched via exact.
TamilNadu.pdf,PMBJK16179,Tamil Nadu,Erode,SOUTH_INDIA_IN_SCOPE,573.0,MATCHED,Matched via exact.
TamilNadu.pdf,PMBJK16203,Tamil Nadu,Perambalur,SOUTH_INDIA_IN_SCOPE,581.0,MATCHED,Matched via exact.
TamilNadu.pdf,PMBJK16219,Tamil Nadu,Kanniyakumari,SOUTH_INDIA_IN_SCOPE,575.0,MATCHED,Matched via exact.
TamilNadu.pdf,PMBJK16220,Tamil Nadu,Madurai,SOUTH_INDIA_IN_SCOPE,578.0,MATCHED,Matched via exact.
TamilNadu.pdf,PMBJK16253,Tamil Nadu,Madurai,SOUTH_INDIA_IN_SCOPE,578.0,MATCHED,Matched via exact.
TamilNadu.pdf,PMBJK16255,Tamil Nadu,Kanniyakumari,SOUTH_INDIA_IN_SCOPE,575.0,MATCHED,Matched via exact.
TamilNadu.pdf,PMBJK16275,Tamil Nadu,Tiruchirappalli,SOUTH_INDIA_IN_SCOPE,591.0,MATCHED,Matched via exact.
TamilNadu.pdf,PMBJK16276,Tamil Nadu,Chennai,SOUTH_INDIA_IN_SCOPE,568.0,MATCHED,Matched via exact.
TamilNadu.pdf,PMBJK16300,Tamil Nadu,Salem,SOUTH_INDIA_IN_SCOPE,584.0,MATCHED,Matched via exact.
TamilNadu.pdf,PMBJK16301,Tamil Nadu,Thiruvallur,SOUTH_INDIA_IN_SCOPE,589.0,MATCHED,Matched via exact.
TamilNadu.pdf,PMBJK16302,Tamil Nadu,Kallakurichi,SOUTH_INDIA_IN_SCOPE,729.0,MATCHED,Matched via split.
TamilNadu.pdf,PMBJK16310,Tamil Nadu,Chengalpattu,SOUTH_INDIA_IN_SCOPE,730.0,MATCHED,Matched via split.
TamilNadu.pdf,PMBJK16318,Tamil Nadu,Kanniyakumari,SOUTH_INDIA_IN_SCOPE,575.0,MATCHED,Matched via exact.
TamilNadu.pdf,PMBJK16319,Tamil Nadu,Tirupathur,SOUTH_INDIA_IN_SCOPE,732.0,MATCHED,Matched via split.
TamilNadu.pdf,PMBJK16320,Tamil Nadu,Dindigul,SOUTH_INDIA_IN_SCOPE,572.0,MATCHED,Matched via exact.
TamilNadu.pdf,PMBJK16340,Tamil Nadu,Chennai,SOUTH_INDIA_IN_SCOPE,568.0,MATCHED,Matched via exact.
TamilNadu.pdf,PMBJK16342,Tamil Nadu,Tenkasi,SOUTH_INDIA_IN_SCOPE,733.0,MATCHED,Matched via split.
TamilNadu.pdf,PMBJK16355,Tamil Nadu,Thiruvallur,SOUTH_INDIA_IN_SCOPE,589.0,MATCHED,Matched via exact.
TamilNadu.pdf,PMBJK16380,Tamil Nadu,Tirunelveli,SOUTH_INDIA_IN_SCOPE,592.0,MATCHED,Matched via exact.
TamilNadu.pdf,PMBJK16396,Tamil Nadu,Kanniyakumari,SOUTH_INDIA_IN_SCOPE,575.0,MATCHED,Matched via exact.
TamilNadu.pdf,PMBJK16410,Tamil Nadu,Kancheepuram,SOUTH_INDIA_IN_SCOPE,574.0,MATCHED,Matched via exact.
TamilNadu.pdf,PMBJK16411,Tamil Nadu,Kanniyakumari,SOUTH_INDIA_IN_SCOPE,575.0,MATCHED,Matched via exact.
TamilNadu.pdf,PMBJK16424,Tamil Nadu,Tiruppur,SOUTH_INDIA_IN_SCOPE,634.0,MATCHED,Matched via exact.
TamilNadu.pdf,PMBJK16435,Tamil Nadu,Theni,SOUTH_INDIA_IN_SCOPE,588.0,MATCHED,Matched via exact.
TamilNadu.pdf,PMBJK16436,Tamil Nadu,Chennai,SOUTH_INDIA_IN_SCOPE,568.0,MATCHED,Matched via exact.
TamilNadu.pdf,PMBJK16437,Tamil Nadu,Tirunelveli,SOUTH_INDIA_IN_SCOPE,592.0,MATCHED,Matched via exact.
TamilNadu.pdf,PMBJK16458,Tamil Nadu,Chengalpattu,SOUTH_INDIA_IN_SCOPE,730.0,MATCHED,Matched via split.
TamilNadu.pdf,PMBJK16497,Tamil Nadu,Chennai,SOUTH_INDIA_IN_SCOPE,568.0,MATCHED,Matched via exact.
TamilNadu.pdf,PMBJK16520,Tamil Nadu,Madurai,SOUTH_INDIA_IN_SCOPE,578.0,MATCHED,Matched via exact.
TamilNadu.pdf,PMBJK16529,Tamil Nadu,Coimbatore,SOUTH_INDIA_IN_SCOPE,569.0,MATCHED,Matched via exact.
TamilNadu.pdf,PMBJK16530,Tamil Nadu,Kanniyakumari,SOUTH_INDIA_IN_SCOPE,575.0,MATCHED,Matched via exact.
TamilNadu.pdf,PMBJK16531,Tamil Nadu,Chennai,SOUTH_INDIA_IN_SCOPE,568.0,MATCHED,Matched via exact.
TamilNadu.pdf,PMBJK16544,Tamil Nadu,Coimbatore,SOUTH_INDIA_IN_SCOPE,569.0,MATCHED,Matched via exact.
TamilNadu.pdf,PMBJK16557,Tamil Nadu,Tirunelveli,SOUTH_INDIA_IN_SCOPE,592.0,MATCHED,Matched via exact.
TamilNadu.pdf,PMBJK16578,Tamil Nadu,Tiruchirappalli,SOUTH_INDIA_IN_SCOPE,591.0,MATCHED,Matched via exact.
TamilNadu.pdf,PMBJK16579,Tamil Nadu,Chennai,SOUTH_INDIA_IN_SCOPE,568.0,MATCHED,Matched via exact.
TamilNadu.pdf,PMBJK16580,Tamil Nadu,Virudhunagar,SOUTH_INDIA_IN_SCOPE,597.0,MATCHED,Matched via exact.
TamilNadu.pdf,PMBJK16604,Tamil Nadu,Ariyalur,SOUTH_INDIA_IN_SCOPE,610.0,MATCHED,Matched via split.
TamilNadu.pdf,PMBJK16614,Tamil Nadu,Madurai,SOUTH_INDIA_IN_SCOPE,578.0,MATCHED,Matched via exact.
TamilNadu.pdf,PMBJK16615,Tamil Nadu,Kanniyakumari,SOUTH_INDIA_IN_SCOPE,575.0,MATCHED,Matched via exact.
TamilNadu.pdf,PMBJK16616,Tamil Nadu,Tenkasi,SOUTH_INDIA_IN_SCOPE,733.0,MATCHED,Matched via split.
TamilNadu.pdf,PMBJK16634,Tamil Nadu,Erode,SOUTH_INDIA_IN_SCOPE,573.0,MATCHED,Matched via exact.
TamilNadu.pdf,PMBJK16635,Tamil Nadu,Ranipet,SOUTH_INDIA_IN_SCOPE,731.0,MATCHED,Matched via split.
TamilNadu.pdf,PMBJK16655,Tamil Nadu,Kanniyakumari,SOUTH_INDIA_IN_SCOPE,575.0,MATCHED,Matched via exact.
TamilNadu.pdf,PMBJK16661,Tamil Nadu,Thiruvarur,SOUTH_INDIA_IN_SCOPE,590.0,MATCHED,Matched via exact.
TamilNadu.pdf,PMBJK16662,Tamil Nadu,Thanjavur,SOUTH_INDIA_IN_SCOPE,586.0,MATCHED,Matched via exact.
TamilNadu.pdf,PMBJK16672,Tamil Nadu,Tiruvannamalai,SOUTH_INDIA_IN_SCOPE,593.0,MATCHED,Matched via exact.
TamilNadu.pdf,PMBJK16689,Tamil Nadu,Salem,SOUTH_INDIA_IN_SCOPE,584.0,MATCHED,Matched via exact.
TamilNadu.pdf,PMBJK16721,Tamil Nadu,Chennai,SOUTH_INDIA_IN_SCOPE,568.0,MATCHED,Matched via exact.
TamilNadu.pdf,PMBJK16723,Tamil Nadu,Ramanathapuram,SOUTH_INDIA_IN_SCOPE,583.0,MATCHED,Matched via exact.
TamilNadu.pdf,PMBJK16767,Tamil Nadu,Erode,SOUTH_INDIA_IN_SCOPE,573.0,MATCHED,Matched via exact.
TamilNadu.pdf,PMBJK16770,Tamil Nadu,Kanniyakumari,SOUTH_INDIA_IN_SCOPE,575.0,MATCHED,Matched via exact.
TamilNadu.pdf,PMBJK16800,Tamil Nadu,Tiruchirappalli,SOUTH_INDIA_IN_SCOPE,591.0,MATCHED,Matched via exact.
TamilNadu.pdf,PMBJK16818,Tamil Nadu,Tiruchirappalli,SOUTH_INDIA_IN_SCOPE,591.0,MATCHED,Matched via exact.
TamilNadu.pdf,PMBJK16819,Tamil Nadu,Thiruvallur,SOUTH_INDIA_IN_SCOPE,589.0,MATCHED,Matched via exact.
TamilNadu.pdf,PMBJK16821,Tamil Nadu,Chengalpattu,SOUTH_INDIA_IN_SCOPE,730.0,MATCHED,Matched via split.
TamilNadu.pdf,PMBJK16822,Tamil Nadu,Dindigul,SOUTH_INDIA_IN_SCOPE,572.0,MATCHED,Matched via exact.
TamilNadu.pdf,PMBJK16849,Tamil Nadu,Erode,SOUTH_INDIA_IN_SCOPE,573.0,MATCHED,Matched via exact.
TamilNadu.pdf,PMBJK16863,Tamil Nadu,Kanniyakumari,SOUTH_INDIA_IN_SCOPE,575.0,MATCHED,Matched via exact.
TamilNadu.pdf,PMBJK16864,Tamil Nadu,Thanjavur,SOUTH_INDIA_IN_SCOPE,586.0,MATCHED,Matched via exact.
TamilNadu.pdf,PMBJK16879,Tamil Nadu,The Nilgiris,SOUTH_INDIA_IN_SCOPE,587.0,MATCHED,Matched via exact.
TamilNadu.pdf,PMBJK16880,Tamil Nadu,Chennai,SOUTH_INDIA_IN_SCOPE,568.0,MATCHED,Matched via exact.
TamilNadu.pdf,PMBJK16882,Tamil Nadu,Virudhunagar,SOUTH_INDIA_IN_SCOPE,597.0,MATCHED,Matched via exact.
TamilNadu.pdf,PMBJK16901,Tamil Nadu,Dindigul,SOUTH_INDIA_IN_SCOPE,572.0,MATCHED,Matched via exact.
TamilNadu.pdf,PMBJK16903,Tamil Nadu,Thiruvallur,SOUTH_INDIA_IN_SCOPE,589.0,MATCHED,Matched via exact.
TamilNadu.pdf,PMBJK16924,Tamil Nadu,Namakkal,SOUTH_INDIA_IN_SCOPE,580.0,MATCHED,Matched via exact.
TamilNadu.pdf,PMBJK16942,Tamil Nadu,Cuddalore,SOUTH_INDIA_IN_SCOPE,570.0,MATCHED,Matched via exact.
TamilNadu.pdf,PMBJK16951,Tamil Nadu,Kanniyakumari,SOUTH_INDIA_IN_SCOPE,575.0,MATCHED,Matched via exact.
TamilNadu.pdf,PMBJK16953,Tamil Nadu,Chennai,SOUTH_INDIA_IN_SCOPE,568.0,MATCHED,Matched via exact.
TamilNadu.pdf,PMBJK16962,Tamil Nadu,Chennai,SOUTH_INDIA_IN_SCOPE,568.0,MATCHED,Matched via exact.
TamilNadu.pdf,PMBJK16993,Tamil Nadu,Salem,SOUTH_INDIA_IN_SCOPE,584.0,MATCHED,Matched via exact.
TamilNadu.pdf,PMBJK16994,Tamil Nadu,Kanniyakumari,SOUTH_INDIA_IN_SCOPE,575.0,MATCHED,Matched via exact.
TamilNadu.pdf,PMBJK17002,Tamil Nadu,Coimbatore,SOUTH_INDIA_IN_SCOPE,569.0,MATCHED,Matched via exact.
TamilNadu.pdf,PMBJK17009,Tamil Nadu,Salem,SOUTH_INDIA_IN_SCOPE,584.0,MATCHED,Matched via exact.
TamilNadu.pdf,PMBJK17022,Tamil Nadu,Madurai,SOUTH_INDIA_IN_SCOPE,578.0,MATCHED,Matched via exact.
TamilNadu.pdf,PMBJK17023,Tamil Nadu,Krishnagiri,SOUTH_INDIA_IN_SCOPE,577.0,MATCHED,Matched via exact.
TamilNadu.pdf,PMBJK17044,Tamil Nadu,Coimbatore,SOUTH_INDIA_IN_SCOPE,569.0,MATCHED,Matched via exact.
TamilNadu.pdf,PMBJK17051,Tamil Nadu,Chengalpattu,SOUTH_INDIA_IN_SCOPE,730.0,MATCHED,Matched via split.
TamilNadu.pdf,PMBJK17066,Tamil Nadu,Chennai,SOUTH_INDIA_IN_SCOPE,568.0,MATCHED,Matched via exact.
TamilNadu.pdf,PMBJK17086,Tamil Nadu,Chengalpattu,SOUTH_INDIA_IN_SCOPE,730.0,MATCHED,Matched via split.
TamilNadu.pdf,PMBJK17088,Tamil Nadu,Chengalpattu,SOUTH_INDIA_IN_SCOPE,730.0,MATCHED,Matched via split.
TamilNadu.pdf,PMBJK17098,Tamil Nadu,Tirunelveli,SOUTH_INDIA_IN_SCOPE,592.0,MATCHED,Matched via exact.
TamilNadu.pdf,PMBJK17101,Tamil Nadu,Sivaganga,SOUTH_INDIA_IN_SCOPE,585.0,MATCHED,Matched via exact.
TamilNadu.pdf,PMBJK17133,Tamil Nadu,Chennai,SOUTH_INDIA_IN_SCOPE,568.0,MATCHED,Matched via exact.
TamilNadu.pdf,PMBJK17136,Tamil Nadu,Kanniyakumari,SOUTH_INDIA_IN_SCOPE,575.0,MATCHED,Matched via exact.
TamilNadu.pdf,PMBJK17140,Tamil Nadu,Kanniyakumari,SOUTH_INDIA_IN_SCOPE,575.0,MATCHED,Matched via exact.
TamilNadu.pdf,PMBJK17158,Tamil Nadu,Erode,SOUTH_INDIA_IN_SCOPE,573.0,MATCHED,Matched via exact.
TamilNadu.pdf,PMBJK17159,Tamil Nadu,Tiruppur,SOUTH_INDIA_IN_SCOPE,634.0,MATCHED,Matched via exact.
TamilNadu.pdf,PMBJK17160,Tamil Nadu,Chennai,SOUTH_INDIA_IN_SCOPE,568.0,MATCHED,Matched via exact.
TamilNadu.pdf,PMBJK17164,Tamil Nadu,Mayiladuthurai,SOUTH_INDIA_IN_SCOPE,735.0,MATCHED,Matched via split.
TamilNadu.pdf,PMBJK17165,Tamil Nadu,Erode,SOUTH_INDIA_IN_SCOPE,573.0,MATCHED,Matched via exact.
TamilNadu.pdf,PMBJK17166,Tamil Nadu,Kanniyakumari,SOUTH_INDIA_IN_SCOPE,575.0,MATCHED,Matched via exact.
TamilNadu.pdf,PMBJK17167,Tamil Nadu,Kanniyakumari,SOUTH_INDIA_IN_SCOPE,575.0,MATCHED,Matched via exact.
TamilNadu.pdf,PMBJK17168,Tamil Nadu,Salem,SOUTH_INDIA_IN_SCOPE,584.0,MATCHED,Matched via exact.
TamilNadu.pdf,PMBJK17180,Tamil Nadu,Kanniyakumari,SOUTH_INDIA_IN_SCOPE,575.0,MATCHED,Matched via exact.
TamilNadu.pdf,PMBJK17181,Tamil Nadu,Kanniyakumari,SOUTH_INDIA_IN_SCOPE,575.0,MATCHED,Matched via exact.
TamilNadu.pdf,PMBJK17187,Tamil Nadu,Kanniyakumari,SOUTH_INDIA_IN_SCOPE,575.0,MATCHED,Matched via exact.
TamilNadu.pdf,PMBJK17188,Tamil Nadu,Tenkasi,SOUTH_INDIA_IN_SCOPE,733.0,MATCHED,Matched via split.
TamilNadu.pdf,PMBJK17189,Tamil Nadu,Madurai,SOUTH_INDIA_IN_SCOPE,578.0,MATCHED,Matched via exact.
TamilNadu.pdf,PMBJK17190,Tamil Nadu,Erode,SOUTH_INDIA_IN_SCOPE,573.0,MATCHED,Matched via exact.
TamilNadu.pdf,PMBJK17215,Tamil Nadu,Madurai,SOUTH_INDIA_IN_SCOPE,578.0,MATCHED,Matched via exact.
TamilNadu.pdf,PMBJK17223,Tamil Nadu,Thoothukkudi,SOUTH_INDIA_IN_SCOPE,594.0,MATCHED,Matched via exact.
TamilNadu.pdf,PMBJK17224,Tamil Nadu,Thanjavur,SOUTH_INDIA_IN_SCOPE,586.0,MATCHED,Matched via exact.
TamilNadu.pdf,PMBJK17225,Tamil Nadu,Madurai,SOUTH_INDIA_IN_SCOPE,578.0,MATCHED,Matched via exact.
TamilNadu.pdf,PMBJK17243,Tamil Nadu,Cuddalore,SOUTH_INDIA_IN_SCOPE,570.0,MATCHED,Matched via exact.
TamilNadu.pdf,PMBJK17244,Tamil Nadu,Chennai,SOUTH_INDIA_IN_SCOPE,568.0,MATCHED,Matched via exact.
TamilNadu.pdf,PMBJK17245,Tamil Nadu,Kanniyakumari,SOUTH_INDIA_IN_SCOPE,575.0,MATCHED,Matched via exact.
TamilNadu.pdf,PMBJK17247,Tamil Nadu,Madurai,SOUTH_INDIA_IN_SCOPE,578.0,MATCHED,Matched via exact.
TamilNadu.pdf,PMBJK17248,Tamil Nadu,Kanniyakumari,SOUTH_INDIA_IN_SCOPE,575.0,MATCHED,Matched via exact.
TamilNadu.pdf,PMBJK17275,Tamil Nadu,Sivaganga,SOUTH_INDIA_IN_SCOPE,585.0,MATCHED,Matched via exact.
TamilNadu.pdf,PMBJK17277,Tamil Nadu,Kanniyakumari,SOUTH_INDIA_IN_SCOPE,575.0,MATCHED,Matched via exact.
TamilNadu.pdf,PMBJK17278,Tamil Nadu,Tiruppur,SOUTH_INDIA_IN_SCOPE,634.0,MATCHED,Matched via exact.
TamilNadu.pdf,PMBJK17279,Tamil Nadu,Madurai,SOUTH_INDIA_IN_SCOPE,578.0,MATCHED,Matched via exact.
TamilNadu.pdf,PMBJK17294,Tamil Nadu,Chennai,SOUTH_INDIA_IN_SCOPE,568.0,MATCHED,Matched via exact.
TamilNadu.pdf,PMBJK17295,Tamil Nadu,Chennai,SOUTH_INDIA_IN_SCOPE,568.0,MATCHED,Matched via exact.
TamilNadu.pdf,PMBJK17310,Tamil Nadu,Thanjavur,SOUTH_INDIA_IN_SCOPE,586.0,MATCHED,Matched via exact.
TamilNadu.pdf,PMBJK17311,Tamil Nadu,Theni,SOUTH_INDIA_IN_SCOPE,588.0,MATCHED,Matched via exact.
TamilNadu.pdf,PMBJK17329,Tamil Nadu,Kanniyakumari,SOUTH_INDIA_IN_SCOPE,575.0,MATCHED,Matched via exact.
TamilNadu.pdf,PMBJK17330,Tamil Nadu,Thiruvarur,SOUTH_INDIA_IN_SCOPE,590.0,MATCHED,Matched via exact.
TamilNadu.pdf,PMBJK17331,Tamil Nadu,Kanniyakumari,SOUTH_INDIA_IN_SCOPE,575.0,MATCHED,Matched via exact.
TamilNadu.pdf,PMBJK17333,Tamil Nadu,Thanjavur,SOUTH_INDIA_IN_SCOPE,586.0,MATCHED,Matched via exact.
TamilNadu.pdf,PMBJK17338,Tamil Nadu,Tirunelveli,SOUTH_INDIA_IN_SCOPE,592.0,MATCHED,Matched via exact.
TamilNadu.pdf,PMBJK17339,Tamil Nadu,Dharmapuri,SOUTH_INDIA_IN_SCOPE,571.0,MATCHED,Matched via exact.
TamilNadu.pdf,PMBJK17357,Tamil Nadu,Kanniyakumari,SOUTH_INDIA_IN_SCOPE,575.0,MATCHED,Matched via exact.
TamilNadu.pdf,PMBJK17358,Tamil Nadu,Tiruchirappalli,SOUTH_INDIA_IN_SCOPE,591.0,MATCHED,Matched via exact.
TamilNadu.pdf,PMBJK17359,Tamil Nadu,Tirunelveli,SOUTH_INDIA_IN_SCOPE,592.0,MATCHED,Matched via exact.
TamilNadu.pdf,PMBJK17360,Tamil Nadu,Coimbatore,SOUTH_INDIA_IN_SCOPE,569.0,MATCHED,Matched via exact.
TamilNadu.pdf,PMBJK17375,Tamil Nadu,Madurai,SOUTH_INDIA_IN_SCOPE,578.0,MATCHED,Matched via exact.
TamilNadu.pdf,PMBJK17376,Tamil Nadu,Coimbatore,SOUTH_INDIA_IN_SCOPE,569.0,MATCHED,Matched via exact.
TamilNadu.pdf,PMBJK17377,Tamil Nadu,Tirunelveli,SOUTH_INDIA_IN_SCOPE,592.0,MATCHED,Matched via exact.
TamilNadu.pdf,PMBJK17378,Tamil Nadu,Thiruvallur,SOUTH_INDIA_IN_SCOPE,589.0,MATCHED,Matched via exact.
TamilNadu.pdf,PMBJK17379,Tamil Nadu,Sivaganga,SOUTH_INDIA_IN_SCOPE,585.0,MATCHED,Matched via exact.
TamilNadu.pdf,PMBJK17386,Tamil Nadu,Viluppuram,SOUTH_INDIA_IN_SCOPE,596.0,MATCHED,Matched via exact.
TamilNadu.pdf,PMBJK17387,Tamil Nadu,Chennai,SOUTH_INDIA_IN_SCOPE,568.0,MATCHED,Matched via exact.
TamilNadu.pdf,PMBJK17388,Tamil Nadu,Tiruchirappalli,SOUTH_INDIA_IN_SCOPE,591.0,MATCHED,Matched via exact.
TamilNadu.pdf,PMBJK17417,Tamil Nadu,Chennai,SOUTH_INDIA_IN_SCOPE,568.0,MATCHED,Matched via exact.
TamilNadu.pdf,PMBJK17418,Tamil Nadu,Kanniyakumari,SOUTH_INDIA_IN_SCOPE,575.0,MATCHED,Matched via exact.
TamilNadu.pdf,PMBJK17429,Tamil Nadu,Namakkal,SOUTH_INDIA_IN_SCOPE,580.0,MATCHED,Matched via exact.
TamilNadu.pdf,PMBJK17430,Tamil Nadu,Vellore,SOUTH_INDIA_IN_SCOPE,595.0,MATCHED,Matched via exact.
TamilNadu.pdf,PMBJK17464,Tamil Nadu,Chennai,SOUTH_INDIA_IN_SCOPE,568.0,MATCHED,Matched via exact.
TamilNadu.pdf,PMBJK17500,Tamil Nadu,Sivaganga,SOUTH_INDIA_IN_SCOPE,585.0,MATCHED,Matched via exact.
TamilNadu.pdf,PMBJK17509,Tamil Nadu,Tiruppur,SOUTH_INDIA_IN_SCOPE,634.0,MATCHED,Matched via exact.
TamilNadu.pdf,PMBJK17512,Tamil Nadu,Thiruvallur,SOUTH_INDIA_IN_SCOPE,589.0,MATCHED,Matched via exact.
TamilNadu.pdf,PMBJK17534,Tamil Nadu,Kanniyakumari,SOUTH_INDIA_IN_SCOPE,575.0,MATCHED,Matched via exact.
TamilNadu.pdf,PMBJK17535,Tamil Nadu,Dindigul,SOUTH_INDIA_IN_SCOPE,572.0,MATCHED,Matched via exact.
TamilNadu.pdf,PMBJK17580,Tamil Nadu,Theni,SOUTH_INDIA_IN_SCOPE,588.0,MATCHED,Matched via exact.
TamilNadu.pdf,PMBJK17581,Tamil Nadu,Kanniyakumari,SOUTH_INDIA_IN_SCOPE,575.0,MATCHED,Matched via exact.
TamilNadu.pdf,PMBJK17582,Tamil Nadu,Thiruvarur,SOUTH_INDIA_IN_SCOPE,590.0,MATCHED,Matched via exact.
TamilNadu.pdf,PMBJK17583,Tamil Nadu,Nagapattinam,SOUTH_INDIA_IN_SCOPE,579.0,MATCHED,Matched via exact.
TamilNadu.pdf,PMBJK17584,Tamil Nadu,Kanniyakumari,SOUTH_INDIA_IN_SCOPE,575.0,MATCHED,Matched via exact.
TamilNadu.pdf,PMBJK17585,Tamil Nadu,Sivaganga,SOUTH_INDIA_IN_SCOPE,585.0,MATCHED,Matched via exact.
TamilNadu.pdf,PMBJK17586,Tamil Nadu,Kanniyakumari,SOUTH_INDIA_IN_SCOPE,575.0,MATCHED,Matched via exact.
TamilNadu.pdf,PMBJK17587,Tamil Nadu,Kanniyakumari,SOUTH_INDIA_IN_SCOPE,575.0,MATCHED,Matched via exact.
TamilNadu.pdf,PMBJK17594,Tamil Nadu,Sivaganga,SOUTH_INDIA_IN_SCOPE,585.0,MATCHED,Matched via exact.
TamilNadu.pdf,PMBJK17872,Tamil Nadu,Tirupathur,SOUTH_INDIA_IN_SCOPE,732.0,MATCHED,Matched via split.
TamilNadu.pdf,PMBJK17873,Tamil Nadu,Krishnagiri,SOUTH_INDIA_IN_SCOPE,577.0,MATCHED,Matched via exact.
TamilNadu.pdf,PMBJK17876,Tamil Nadu,Namakkal,SOUTH_INDIA_IN_SCOPE,580.0,MATCHED,Matched via exact.
TamilNadu.pdf,PMBJK17877,Tamil Nadu,Salem,SOUTH_INDIA_IN_SCOPE,584.0,MATCHED,Matched via exact.
TamilNadu.pdf,PMBJK17902,Tamil Nadu,Madurai,SOUTH_INDIA_IN_SCOPE,578.0,MATCHED,Matched via exact.
TamilNadu.pdf,PMBJK17904,Tamil Nadu,Kanniyakumari,SOUTH_INDIA_IN_SCOPE,575.0,MATCHED,Matched via exact.
TamilNadu.pdf,PMBJK17906,Tamil Nadu,Krishnagiri,SOUTH_INDIA_IN_SCOPE,577.0,MATCHED,Matched via exact.
TamilNadu.pdf,PMBJK17907,Tamil Nadu,Coimbatore,SOUTH_INDIA_IN_SCOPE,569.0,MATCHED,Matched via exact.
TamilNadu.pdf,PMBJK17963,Tamil Nadu,Dharmapuri,SOUTH_INDIA_IN_SCOPE,571.0,MATCHED,Matched via exact.
TamilNadu.pdf,PMBJK17964,Tamil Nadu,Dharmapuri,SOUTH_INDIA_IN_SCOPE,571.0,MATCHED,Matched via exact.
TamilNadu.pdf,PMBJK18198,Tamil Nadu,Nagapattinam,SOUTH_INDIA_IN_SCOPE,579.0,MATCHED,Matched via exact.
TamilNadu.pdf,PMBJK18381,Tamil Nadu,Tiruchirappalli,SOUTH_INDIA_IN_SCOPE,591.0,MATCHED,Matched via exact.
TamilNadu.pdf,PMBJK18433,Tamil Nadu,Chennai,SOUTH_INDIA_IN_SCOPE,568.0,MATCHED,Matched via exact.
TamilNadu.pdf,PMBJK18506,Tamil Nadu,Kanniyakumari,SOUTH_INDIA_IN_SCOPE,575.0,MATCHED,Matched via exact.
TamilNadu.pdf,PMBJK18508,Tamil Nadu,Namakkal,SOUTH_INDIA_IN_SCOPE,580.0,MATCHED,Matched via exact.
TamilNadu.pdf,PMBJK18510,Tamil Nadu,Kanniyakumari,SOUTH_INDIA_IN_SCOPE,575.0,MATCHED,Matched via exact.
TamilNadu.pdf,PMBJK18547,Tamil Nadu,Virudhunagar,SOUTH_INDIA_IN_SCOPE,597.0,MATCHED,Matched via exact.
TamilNadu.pdf,PMBJK18548,Tamil Nadu,Dindigul,SOUTH_INDIA_IN_SCOPE,572.0,MATCHED,Matched via exact.
TamilNadu.pdf,PMBJK18568,Tamil Nadu,Theni,SOUTH_INDIA_IN_SCOPE,588.0,MATCHED,Matched via exact.
TamilNadu.pdf,PMBJK18635,Tamil Nadu,Krishnagiri,SOUTH_INDIA_IN_SCOPE,577.0,MATCHED,Matched via exact.
TamilNadu.pdf,PMBJK18636,Tamil Nadu,Krishnagiri,SOUTH_INDIA_IN_SCOPE,577.0,MATCHED,Matched via exact.
TamilNadu.pdf,PMBJK18637,Tamil Nadu,Chengalpattu,SOUTH_INDIA_IN_SCOPE,730.0,MATCHED,Matched via split.
TamilNadu.pdf,PMBJK18638,Tamil Nadu,Chengalpattu,SOUTH_INDIA_IN_SCOPE,730.0,MATCHED,Matched via split.
TamilNadu.pdf,PMBJK18648,Tamil Nadu,Salem,SOUTH_INDIA_IN_SCOPE,584.0,MATCHED,Matched via exact.
TamilNadu.pdf,PMBJK18650,Tamil Nadu,Karur,SOUTH_INDIA_IN_SCOPE,576.0,MATCHED,Matched via exact.
TamilNadu.pdf,PMBJK18655,Tamil Nadu,Kanniyakumari,SOUTH_INDIA_IN_SCOPE,575.0,MATCHED,Matched via exact.
TamilNadu.pdf,PMBJK18699,Tamil Nadu,Kanniyakumari,SOUTH_INDIA_IN_SCOPE,575.0,MATCHED,Matched via exact.
TamilNadu.pdf,PMBJK18706,Tamil Nadu,Thanjavur,SOUTH_INDIA_IN_SCOPE,586.0,MATCHED,Matched via exact.
TamilNadu.pdf,PMBJK18761,Tamil Nadu,Chengalpattu,SOUTH_INDIA_IN_SCOPE,730.0,MATCHED,Matched via split.
TamilNadu.pdf,PMBJK18762,Tamil Nadu,Chennai,SOUTH_INDIA_IN_SCOPE,568.0,MATCHED,Matched via exact.
TamilNadu.pdf,PMBJK18764,Tamil Nadu,Chengalpattu,SOUTH_INDIA_IN_SCOPE,730.0,MATCHED,Matched via split.
TamilNadu.pdf,PMBJK18833,Tamil Nadu,Dindigul,SOUTH_INDIA_IN_SCOPE,572.0,MATCHED,Matched via exact.
TamilNadu.pdf,PMBJK18845,Tamil Nadu,Viluppuram,SOUTH_INDIA_IN_SCOPE,596.0,MATCHED,Matched via exact.
TamilNadu.pdf,PMBJK18847,Tamil Nadu,Cuddalore,SOUTH_INDIA_IN_SCOPE,570.0,MATCHED,Matched via exact.
TamilNadu.pdf,PMBJK18854,Tamil Nadu,Kanniyakumari,SOUTH_INDIA_IN_SCOPE,575.0,MATCHED,Matched via exact.
TamilNadu.pdf,PMBJK18908,Tamil Nadu,Ranipet,SOUTH_INDIA_IN_SCOPE,731.0,MATCHED,Matched via split.
TamilNadu.pdf,PMBJK18909,Tamil Nadu,Chennai,SOUTH_INDIA_IN_SCOPE,568.0,MATCHED,Matched via exact.
TamilNadu.pdf,PMBJK18916,Tamil Nadu,Chennai,SOUTH_INDIA_IN_SCOPE,568.0,MATCHED,Matched via exact.
TamilNadu.pdf,PMBJK18968,Tamil Nadu,Pudukkottai,SOUTH_INDIA_IN_SCOPE,582.0,MATCHED,Matched via exact.
TamilNadu.pdf,PMBJK18969,Tamil Nadu,Sivaganga,SOUTH_INDIA_IN_SCOPE,585.0,MATCHED,Matched via exact.
TamilNadu.pdf,PMBJK19004,Tamil Nadu,Tiruppur,SOUTH_INDIA_IN_SCOPE,634.0,MATCHED,Matched via exact.
TamilNadu.pdf,PMBJK19005,Tamil Nadu,Tiruchirappalli,SOUTH_INDIA_IN_SCOPE,591.0,MATCHED,Matched via exact.
TamilNadu.pdf,PMBJK19006,Tamil Nadu,Tiruchirappalli,SOUTH_INDIA_IN_SCOPE,591.0,MATCHED,Matched via exact.
TamilNadu.pdf,PMBJK19007,Tamil Nadu,Chennai,SOUTH_INDIA_IN_SCOPE,568.0,MATCHED,Matched via exact.
TamilNadu.pdf,PMBJK19030,Tamil Nadu,Chennai,SOUTH_INDIA_IN_SCOPE,568.0,MATCHED,Matched via exact.
TamilNadu.pdf,PMBJK19036,Tamil Nadu,Chennai,SOUTH_INDIA_IN_SCOPE,568.0,MATCHED,Matched via exact.
TamilNadu.pdf,PMBJK19037,Tamil Nadu,Salem,SOUTH_INDIA_IN_SCOPE,584.0,MATCHED,Matched via exact.
TamilNadu.pdf,PMBJK19038,Tamil Nadu,Erode,SOUTH_INDIA_IN_SCOPE,573.0,MATCHED,Matched via exact.
TamilNadu.pdf,PMBJK19100,Tamil Nadu,Thoothukkudi,SOUTH_INDIA_IN_SCOPE,594.0,MATCHED,Matched via exact.
TamilNadu.pdf,PMBJK19150,Tamil Nadu,Dharmapuri,SOUTH_INDIA_IN_SCOPE,571.0,MATCHED,Matched via exact.
TamilNadu.pdf,PMBJK19151,Tamil Nadu,Tirunelveli,SOUTH_INDIA_IN_SCOPE,592.0,MATCHED,Matched via exact.
TamilNadu.pdf,PMBJK19210,Tamil Nadu,Mayiladuthurai,SOUTH_INDIA_IN_SCOPE,735.0,MATCHED,Matched via split.
TamilNadu.pdf,PMBJK19257,Tamil Nadu,Nagapattinam,SOUTH_INDIA_IN_SCOPE,579.0,MATCHED,Matched via exact.
TamilNadu.pdf,PMBJK19258,Tamil Nadu,Vellore,SOUTH_INDIA_IN_SCOPE,595.0,MATCHED,Matched via exact.
TamilNadu.pdf,PMBJK19260,Tamil Nadu,Ranipet,SOUTH_INDIA_IN_SCOPE,731.0,MATCHED,Matched via split.
TamilNadu.pdf,PMBJK19261,Tamil Nadu,Viluppuram,SOUTH_INDIA_IN_SCOPE,596.0,MATCHED,Matched via exact.
TamilNadu.pdf,PMBJK19337,Tamil Nadu,Tiruvannamalai,SOUTH_INDIA_IN_SCOPE,593.0,MATCHED,Matched via exact.
TamilNadu.pdf,PMBJK19339,Tamil Nadu,Vellore,SOUTH_INDIA_IN_SCOPE,595.0,MATCHED,Matched via exact.
TamilNadu.pdf,PMBJK19340,Tamil Nadu,Coimbatore,SOUTH_INDIA_IN_SCOPE,569.0,MATCHED,Matched via exact.
TamilNadu.pdf,PMBJK19341,Tamil Nadu,Coimbatore,SOUTH_INDIA_IN_SCOPE,569.0,MATCHED,Matched via exact.
TamilNadu.pdf,PMBJK19342,Tamil Nadu,Tiruchirappalli,SOUTH_INDIA_IN_SCOPE,591.0,MATCHED,Matched via exact.
TamilNadu.pdf,PMBJK19359,Tamil Nadu,Ramanathapuram,SOUTH_INDIA_IN_SCOPE,583.0,MATCHED,Matched via exact.
TamilNadu.pdf,PMBJK19399,Tamil Nadu,Chengalpattu,SOUTH_INDIA_IN_SCOPE,730.0,MATCHED,Matched via split.
TamilNadu.pdf,PMBJK19403,Tamil Nadu,Virudhunagar,SOUTH_INDIA_IN_SCOPE,597.0,MATCHED,Matched via exact.
TamilNadu.pdf,PMBJK19404,Tamil Nadu,Cuddalore,SOUTH_INDIA_IN_SCOPE,570.0,MATCHED,Matched via exact.
TamilNadu.pdf,PMBJK19408,Tamil Nadu,Thiruvarur,SOUTH_INDIA_IN_SCOPE,590.0,MATCHED,Matched via exact.
TamilNadu.pdf,PMBJK19458,Tamil Nadu,Ramanathapuram,SOUTH_INDIA_IN_SCOPE,583.0,MATCHED,Matched via exact.
TamilNadu.pdf,PMBJK19459,Tamil Nadu,Thiruvarur,SOUTH_INDIA_IN_SCOPE,590.0,MATCHED,Matched via exact.
TamilNadu.pdf,PMBJK19466,Tamil Nadu,Chennai,SOUTH_INDIA_IN_SCOPE,568.0,MATCHED,Matched via exact.
TamilNadu.pdf,PMBJK19468,Tamil Nadu,Chennai,SOUTH_INDIA_IN_SCOPE,568.0,MATCHED,Matched via exact.
TamilNadu.pdf,PMBJK19469,Tamil Nadu,Thoothukkudi,SOUTH_INDIA_IN_SCOPE,594.0,MATCHED,Matched via exact.
TamilNadu.pdf,PMBJK19495,Tamil Nadu,Coimbatore,SOUTH_INDIA_IN_SCOPE,569.0,MATCHED,Matched via exact.
TamilNadu.pdf,PMBJK19525,Tamil Nadu,Chennai,SOUTH_INDIA_IN_SCOPE,568.0,MATCHED,Matched via exact.
TamilNadu.pdf,PMBJK19563,Tamil Nadu,Chennai,SOUTH_INDIA_IN_SCOPE,568.0,MATCHED,Matched via exact.
TamilNadu.pdf,PMBJK19564,Tamil Nadu,Chennai,SOUTH_INDIA_IN_SCOPE,568.0,MATCHED,Matched via exact.
TamilNadu.pdf,PMBJK19577,Tamil Nadu,Chennai,SOUTH_INDIA_IN_SCOPE,568.0,MATCHED,Matched via exact.
TamilNadu.pdf,PMBJK19579,Tamil Nadu,Coimbatore,SOUTH_INDIA_IN_SCOPE,569.0,MATCHED,Matched via exact.
TamilNadu.pdf,PMBJK19580,Tamil Nadu,Theni,SOUTH_INDIA_IN_SCOPE,588.0,MATCHED,Matched via exact.
TamilNadu.pdf,PMBJK19609,Tamil Nadu,Coimbatore,SOUTH_INDIA_IN_SCOPE,569.0,MATCHED,Matched via exact.
TamilNadu.pdf,PMBJK19610,Tamil Nadu,Tiruchirappalli,SOUTH_INDIA_IN_SCOPE,591.0,MATCHED,Matched via exact.
TamilNadu.pdf,PMBJK19611,Tamil Nadu,Madurai,SOUTH_INDIA_IN_SCOPE,578.0,MATCHED,Matched via exact.
TamilNadu.pdf,PMBJK19644,Tamil Nadu,Chennai,SOUTH_INDIA_IN_SCOPE,568.0,MATCHED,Matched via exact.
TamilNadu.pdf,PMBJK19728,Tamil Nadu,Coimbatore,SOUTH_INDIA_IN_SCOPE,569.0,MATCHED,Matched via exact.
TamilNadu.pdf,PMBJK19729,Tamil Nadu,Virudhunagar,SOUTH_INDIA_IN_SCOPE,597.0,MATCHED,Matched via exact.
TamilNadu.pdf,PMBJK19731,Tamil Nadu,Kanniyakumari,SOUTH_INDIA_IN_SCOPE,575.0,MATCHED,Matched via exact.
TamilNadu.pdf,PMBJK19733,Tamil Nadu,Vellore,SOUTH_INDIA_IN_SCOPE,595.0,MATCHED,Matched via exact.
TamilNadu.pdf,PMBJK19734,Tamil Nadu,Madurai,SOUTH_INDIA_IN_SCOPE,578.0,MATCHED,Matched via exact.
TamilNadu.pdf,PMBJK19736,Tamil Nadu,Coimbatore,SOUTH_INDIA_IN_SCOPE,569.0,MATCHED,Matched via exact.
TamilNadu.pdf,PMBJK19827,Tamil Nadu,Dharmapuri,SOUTH_INDIA_IN_SCOPE,571.0,MATCHED,Matched via exact.
TamilNadu.pdf,PMBJK19828,Tamil Nadu,Tirunelveli,SOUTH_INDIA_IN_SCOPE,592.0,MATCHED,Matched via exact.
TamilNadu.pdf,PMBJK19829,Tamil Nadu,Kanniyakumari,SOUTH_INDIA_IN_SCOPE,575.0,MATCHED,Matched via exact.
TamilNadu.pdf,PMBJK19833,Tamil Nadu,Chennai,SOUTH_INDIA_IN_SCOPE,568.0,MATCHED,Matched via exact.
TamilNadu.pdf,PMBJK19834,Tamil Nadu,Erode,SOUTH_INDIA_IN_SCOPE,573.0,MATCHED,Matched via exact.
TamilNadu.pdf,PMBJK19835,Tamil Nadu,Chengalpattu,SOUTH_INDIA_IN_SCOPE,730.0,MATCHED,Matched via split.
TamilNadu.pdf,PMBJK19836,Tamil Nadu,Thiruvarur,SOUTH_INDIA_IN_SCOPE,590.0,MATCHED,Matched via exact.
TamilNadu.pdf,PMBJK19837,Tamil Nadu,Madurai,SOUTH_INDIA_IN_SCOPE,578.0,MATCHED,Matched via exact.
TamilNadu.pdf,PMBJK19838,Tamil Nadu,Chengalpattu,SOUTH_INDIA_IN_SCOPE,730.0,MATCHED,Matched via split.
TamilNadu.pdf,PMBJK19840,Tamil Nadu,Tiruchirappalli,SOUTH_INDIA_IN_SCOPE,591.0,MATCHED,Matched via exact.
TamilNadu.pdf,PMBJK19881,Tamil Nadu,Coimbatore,SOUTH_INDIA_IN_SCOPE,569.0,MATCHED,Matched via exact.
TamilNadu.pdf,PMBJK19882,Tamil Nadu,Salem,SOUTH_INDIA_IN_SCOPE,584.0,MATCHED,Matched via exact.
TamilNadu.pdf,PMBJK19891,Tamil Nadu,Dharmapuri,SOUTH_INDIA_IN_SCOPE,571.0,MATCHED,Matched via exact.
TamilNadu.pdf,PMBJK19900,Tamil Nadu,Coimbatore,SOUTH_INDIA_IN_SCOPE,569.0,MATCHED,Matched via exact.
TamilNadu.pdf,PMBJK19901,Tamil Nadu,Namakkal,SOUTH_INDIA_IN_SCOPE,580.0,MATCHED,Matched via exact.
TamilNadu.pdf,PMBJK19903,Tamil Nadu,Thiruvallur,SOUTH_INDIA_IN_SCOPE,589.0,MATCHED,Matched via exact.
TamilNadu.pdf,PMBJK19904,Tamil Nadu,Thiruvallur,SOUTH_INDIA_IN_SCOPE,589.0,MATCHED,Matched via exact.
TamilNadu.pdf,PMBJK19939,Tamil Nadu,Thiruvallur,SOUTH_INDIA_IN_SCOPE,589.0,MATCHED,Matched via exact.
TamilNadu.pdf,PMBJK19982,Tamil Nadu,Chennai,SOUTH_INDIA_IN_SCOPE,568.0,MATCHED,Matched via exact.
TamilNadu.pdf,PMBJK20002,Tamil Nadu,Chennai,SOUTH_INDIA_IN_SCOPE,568.0,MATCHED,Matched via exact.
TamilNadu.pdf,PMBJK20003,Tamil Nadu,Thoothukkudi,SOUTH_INDIA_IN_SCOPE,594.0,MATCHED,Matched via exact.
TamilNadu.pdf,PMBJK20004,Tamil Nadu,Thiruvallur,SOUTH_INDIA_IN_SCOPE,589.0,MATCHED,Matched via exact.
TamilNadu.pdf,PMBJK20006,Tamil Nadu,Cuddalore,SOUTH_INDIA_IN_SCOPE,570.0,MATCHED,Matched via exact.
TamilNadu.pdf,PMBJK20008,Tamil Nadu,Namakkal,SOUTH_INDIA_IN_SCOPE,580.0,MATCHED,Matched via exact.
TamilNadu.pdf,PMBJK20038,Tamil Nadu,Chennai,SOUTH_INDIA_IN_SCOPE,568.0,MATCHED,Matched via exact.
TamilNadu.pdf,PMBJK20039,Tamil Nadu,Coimbatore,SOUTH_INDIA_IN_SCOPE,569.0,MATCHED,Matched via exact.
TamilNadu.pdf,PMBJK20114,Tamil Nadu,Chennai,SOUTH_INDIA_IN_SCOPE,568.0,MATCHED,Matched via exact.
TamilNadu.pdf,PMBJK20115,Tamil Nadu,Mayiladuthurai,SOUTH_INDIA_IN_SCOPE,735.0,MATCHED,Matched via split.
TamilNadu.pdf,PMBJK20116,Tamil Nadu,Tiruppur,SOUTH_INDIA_IN_SCOPE,634.0,MATCHED,Matched via exact.
TamilNadu.pdf,PMBJK20117,Tamil Nadu,Kanniyakumari,SOUTH_INDIA_IN_SCOPE,575.0,MATCHED,Matched via exact.
TamilNadu.pdf,PMBJK20119,Tamil Nadu,Thiruvarur,SOUTH_INDIA_IN_SCOPE,590.0,MATCHED,Matched via exact.
TamilNadu.pdf,PMBJK20120,Tamil Nadu,Mayiladuthurai,SOUTH_INDIA_IN_SCOPE,735.0,MATCHED,Matched via split.
TamilNadu.pdf,PMBJK20171,Tamil Nadu,Dindigul,SOUTH_INDIA_IN_SCOPE,572.0,MATCHED,Matched via exact.
TamilNadu.pdf,PMBJK20172,Tamil Nadu,Tirupathur,SOUTH_INDIA_IN_SCOPE,732.0,MATCHED,Matched via split.
TamilNadu.pdf,PMBJK20173,Tamil Nadu,Thanjavur,SOUTH_INDIA_IN_SCOPE,586.0,MATCHED,Matched via exact.
TamilNadu.pdf,PMBJK20174,Tamil Nadu,Chennai,SOUTH_INDIA_IN_SCOPE,568.0,MATCHED,Matched via exact.
TamilNadu.pdf,PMBJK20194,Tamil Nadu,Chennai,SOUTH_INDIA_IN_SCOPE,568.0,MATCHED,Matched via exact.
TamilNadu.pdf,PMBJK20248,Tamil Nadu,Coimbatore,SOUTH_INDIA_IN_SCOPE,569.0,MATCHED,Matched via exact.
TamilNadu.pdf,PMBJK20287,Tamil Nadu,Thanjavur,SOUTH_INDIA_IN_SCOPE,586.0,MATCHED,Matched via exact.
TamilNadu.pdf,PMBJK20289,Tamil Nadu,Madurai,SOUTH_INDIA_IN_SCOPE,578.0,MATCHED,Matched via exact.
TamilNadu.pdf,PMBJK20290,Tamil Nadu,Coimbatore,SOUTH_INDIA_IN_SCOPE,569.0,MATCHED,Matched via exact.
TamilNadu.pdf,PMBJK20298,Tamil Nadu,Ranipet,SOUTH_INDIA_IN_SCOPE,731.0,MATCHED,Matched via split.
TamilNadu.pdf,PMBJK20300,Tamil Nadu,Viluppuram,SOUTH_INDIA_IN_SCOPE,596.0,MATCHED,Matched via exact.
TamilNadu.pdf,PMBJK20301,Tamil Nadu,Cuddalore,SOUTH_INDIA_IN_SCOPE,570.0,MATCHED,Matched via exact.
TamilNadu.pdf,PMBJK20382,Tamil Nadu,Vellore,SOUTH_INDIA_IN_SCOPE,595.0,MATCHED,Matched via exact.
TamilNadu.pdf,PMBJK20403,Tamil Nadu,Chennai,SOUTH_INDIA_IN_SCOPE,568.0,MATCHED,Matched via exact.
TamilNadu.pdf,PMBJK20405,Tamil Nadu,Cuddalore,SOUTH_INDIA_IN_SCOPE,570.0,MATCHED,Matched via exact.
TamilNadu.pdf,PMBJK20406,Tamil Nadu,Thiruvallur,SOUTH_INDIA_IN_SCOPE,589.0,MATCHED,Matched via exact.
TamilNadu.pdf,PMBJK20434,Tamil Nadu,Kallakurichi,SOUTH_INDIA_IN_SCOPE,729.0,MATCHED,Matched via split.
TamilNadu.pdf,PMBJK20435,Tamil Nadu,Kanniyakumari,SOUTH_INDIA_IN_SCOPE,575.0,MATCHED,Matched via exact.
TamilNadu.pdf,PMBJK20533,Tamil Nadu,Tirupathur,SOUTH_INDIA_IN_SCOPE,732.0,MATCHED,Matched via split.
TamilNadu.pdf,PMBJK20570,Tamil Nadu,Namakkal,SOUTH_INDIA_IN_SCOPE,580.0,MATCHED,Matched via exact.
TamilNadu.pdf,PMBJK20571,Tamil Nadu,Chennai,SOUTH_INDIA_IN_SCOPE,568.0,MATCHED,Matched via exact.
TamilNadu.pdf,PMBJK20572,Tamil Nadu,Tirupathur,SOUTH_INDIA_IN_SCOPE,732.0,MATCHED,Matched via split.
TamilNadu.pdf,PMBJK20575,Tamil Nadu,Chennai,SOUTH_INDIA_IN_SCOPE,568.0,MATCHED,Matched via exact.
TamilNadu.pdf,PMBJK20580,Tamil Nadu,Chennai,SOUTH_INDIA_IN_SCOPE,568.0,MATCHED,Matched via exact.
TamilNadu.pdf,PMBJK20581,Tamil Nadu,Thiruvarur,SOUTH_INDIA_IN_SCOPE,590.0,MATCHED,Matched via exact.
TamilNadu.pdf,PMBJK20582,Tamil Nadu,Chennai,SOUTH_INDIA_IN_SCOPE,568.0,MATCHED,Matched via exact.
TamilNadu.pdf,PMBJK20589,Tamil Nadu,Chennai,SOUTH_INDIA_IN_SCOPE,568.0,MATCHED,Matched via exact.
TamilNadu.pdf,PMBJK20609,Tamil Nadu,Krishnagiri,SOUTH_INDIA_IN_SCOPE,577.0,MATCHED,Matched via exact.
TamilNadu.pdf,PMBJK20610,Tamil Nadu,Chennai,SOUTH_INDIA_IN_SCOPE,568.0,MATCHED,Matched via exact.
TamilNadu.pdf,PMBJK20611,Tamil Nadu,Chennai,SOUTH_INDIA_IN_SCOPE,568.0,MATCHED,Matched via exact.
TamilNadu.pdf,PMBJK20649,Tamil Nadu,Mayiladuthurai,SOUTH_INDIA_IN_SCOPE,735.0,MATCHED,Matched via split.
TamilNadu.pdf,PMBJK20677,Tamil Nadu,Tiruchirappalli,SOUTH_INDIA_IN_SCOPE,591.0,MATCHED,Matched via exact.
TamilNadu.pdf,PMBJK20693,Tamil Nadu,Erode,SOUTH_INDIA_IN_SCOPE,573.0,MATCHED,Matched via exact.
TamilNadu.pdf,PMBJK20694,Tamil Nadu,Nagapattinam,SOUTH_INDIA_IN_SCOPE,579.0,MATCHED,Matched via exact.
TamilNadu.pdf,PMBJK20699,Tamil Nadu,Chennai,SOUTH_INDIA_IN_SCOPE,568.0,MATCHED,Matched via exact.
TamilNadu.pdf,PMBJK20701,Tamil Nadu,Coimbatore,SOUTH_INDIA_IN_SCOPE,569.0,MATCHED,Matched via exact.
TamilNadu.pdf,PMBJK20702,Tamil Nadu,Thanjavur,SOUTH_INDIA_IN_SCOPE,586.0,MATCHED,Matched via exact.
TamilNadu.pdf,PMBJK20726,Tamil Nadu,Ramanathapuram,SOUTH_INDIA_IN_SCOPE,583.0,MATCHED,Matched via exact.
TamilNadu.pdf,PMBJK20755,Tamil Nadu,Kanniyakumari,SOUTH_INDIA_IN_SCOPE,575.0,MATCHED,Matched via exact.
TamilNadu.pdf,PMBJK20756,Tamil Nadu,Chengalpattu,SOUTH_INDIA_IN_SCOPE,730.0,MATCHED,Matched via split.
TamilNadu.pdf,PMBJK20757,Tamil Nadu,Chennai,SOUTH_INDIA_IN_SCOPE,568.0,MATCHED,Matched via exact.
TamilNadu.pdf,PMBJK20763,Tamil Nadu,Thiruvarur,SOUTH_INDIA_IN_SCOPE,590.0,MATCHED,Matched via exact.
TamilNadu.pdf,PMBJK20764,Tamil Nadu,Kallakurichi,SOUTH_INDIA_IN_SCOPE,729.0,MATCHED,Matched via split.
TamilNadu.pdf,PMBJK20766,Tamil Nadu,Vellore,SOUTH_INDIA_IN_SCOPE,595.0,MATCHED,Matched via exact.
TamilNadu.pdf,PMBJK20789,Tamil Nadu,Dindigul,SOUTH_INDIA_IN_SCOPE,572.0,MATCHED,Matched via exact.
TamilNadu.pdf,PMBJK20790,Tamil Nadu,Nagapattinam,SOUTH_INDIA_IN_SCOPE,579.0,MATCHED,Matched via exact.
TamilNadu.pdf,PMBJK20792,Tamil Nadu,Tirunelveli,SOUTH_INDIA_IN_SCOPE,592.0,MATCHED,Matched via exact.
TamilNadu.pdf,PMBJK20814,Tamil Nadu,Chennai,SOUTH_INDIA_IN_SCOPE,568.0,MATCHED,Matched via exact.
TamilNadu.pdf,PMBJK20838,Tamil Nadu,Thiruvallur,SOUTH_INDIA_IN_SCOPE,589.0,MATCHED,Matched via exact.
TamilNadu.pdf,PMBJK20848,Tamil Nadu,Tiruchirappalli,SOUTH_INDIA_IN_SCOPE,591.0,MATCHED,Matched via exact.
TamilNadu.pdf,PMBJK20874,Tamil Nadu,Kanniyakumari,SOUTH_INDIA_IN_SCOPE,575.0,MATCHED,Matched via exact.
TamilNadu.pdf,PMBJK20921,Tamil Nadu,Thoothukkudi,SOUTH_INDIA_IN_SCOPE,594.0,MATCHED,Matched via exact.
TamilNadu.pdf,PMBJK20922,Tamil Nadu,Tiruchirappalli,SOUTH_INDIA_IN_SCOPE,591.0,MATCHED,Matched via exact.
TamilNadu.pdf,PMBJK20932,Tamil Nadu,Erode,SOUTH_INDIA_IN_SCOPE,573.0,MATCHED,Matched via exact.
TamilNadu.pdf,PMBJK20933,Tamil Nadu,Tenkasi,SOUTH_INDIA_IN_SCOPE,733.0,MATCHED,Matched via split.
TamilNadu.pdf,PMBJK20956,Tamil Nadu,Madurai,SOUTH_INDIA_IN_SCOPE,578.0,MATCHED,Matched via exact.
TamilNadu.pdf,PMBJK20959,Tamil Nadu,Tiruppur,SOUTH_INDIA_IN_SCOPE,634.0,MATCHED,Matched via exact.
TamilNadu.pdf,PMBJK20969,Tamil Nadu,Chengalpattu,SOUTH_INDIA_IN_SCOPE,730.0,MATCHED,Matched via split.
TamilNadu.pdf,PMBJK20970,Tamil Nadu,Erode,SOUTH_INDIA_IN_SCOPE,573.0,MATCHED,Matched via exact.
TamilNadu.pdf,PMBJK21039,Tamil Nadu,Krishnagiri,SOUTH_INDIA_IN_SCOPE,577.0,MATCHED,Matched via exact.
TamilNadu.pdf,PMBJK21071,Tamil Nadu,Kanniyakumari,SOUTH_INDIA_IN_SCOPE,575.0,MATCHED,Matched via exact.
TamilNadu.pdf,PMBJK21072,Tamil Nadu,Thiruvallur,SOUTH_INDIA_IN_SCOPE,589.0,MATCHED,Matched via exact.
TamilNadu.pdf,PMBJK21073,Tamil Nadu,Thanjavur,SOUTH_INDIA_IN_SCOPE,586.0,MATCHED,Matched via exact.
TamilNadu.pdf,PMBJK21074,Tamil Nadu,Erode,SOUTH_INDIA_IN_SCOPE,573.0,MATCHED,Matched via exact.
TamilNadu.pdf,PMBJK21075,Tamil Nadu,Tirupathur,SOUTH_INDIA_IN_SCOPE,732.0,MATCHED,Matched via split.
TamilNadu.pdf,PMBJK21086,Tamil Nadu,Tenkasi,SOUTH_INDIA_IN_SCOPE,733.0,MATCHED,Matched via split.
TamilNadu.pdf,PMBJK21099,Tamil Nadu,Erode,SOUTH_INDIA_IN_SCOPE,573.0,MATCHED,Matched via exact.
TamilNadu.pdf,PMBJK21102,Tamil Nadu,Coimbatore,SOUTH_INDIA_IN_SCOPE,569.0,MATCHED,Matched via exact.
TamilNadu.pdf,PMBJK21137,Tamil Nadu,Tenkasi,SOUTH_INDIA_IN_SCOPE,733.0,MATCHED,Matched via split.
TamilNadu.pdf,PMBJK21138,Tamil Nadu,Theni,SOUTH_INDIA_IN_SCOPE,588.0,MATCHED,Matched via exact.
TamilNadu.pdf,PMBJK21160,Tamil Nadu,Chennai,SOUTH_INDIA_IN_SCOPE,568.0,MATCHED,Matched via exact.
TamilNadu.pdf,PMBJK21170,Tamil Nadu,Kancheepuram,SOUTH_INDIA_IN_SCOPE,574.0,MATCHED,Matched via exact.
TamilNadu.pdf,PMBJK21189,Tamil Nadu,Chennai,SOUTH_INDIA_IN_SCOPE,568.0,MATCHED,Matched via exact.
TamilNadu.pdf,PMBJK21203,Tamil Nadu,Sivaganga,SOUTH_INDIA_IN_SCOPE,585.0,MATCHED,Matched via exact.
TamilNadu.pdf,PMBJK21204,Tamil Nadu,Madurai,SOUTH_INDIA_IN_SCOPE,578.0,MATCHED,Matched via exact.
TamilNadu.pdf,PMBJK21223,Tamil Nadu,Dindigul,SOUTH_INDIA_IN_SCOPE,572.0,MATCHED,Matched via exact.
TamilNadu.pdf,PMBJK21224,Tamil Nadu,Sivaganga,SOUTH_INDIA_IN_SCOPE,585.0,MATCHED,Matched via exact.
TamilNadu.pdf,PMBJK21248,Tamil Nadu,Tiruchirappalli,SOUTH_INDIA_IN_SCOPE,591.0,MATCHED,Matched via exact.
TamilNadu.pdf,PMBJK21249,Tamil Nadu,Coimbatore,SOUTH_INDIA_IN_SCOPE,569.0,MATCHED,Matched via exact.
TamilNadu.pdf,PMBJK21255,Tamil Nadu,Kanniyakumari,SOUTH_INDIA_IN_SCOPE,575.0,MATCHED,Matched via exact.
TamilNadu.pdf,PMBJK21256,Tamil Nadu,Tiruppur,SOUTH_INDIA_IN_SCOPE,634.0,MATCHED,Matched via exact.
TamilNadu.pdf,PMBJK21273,Tamil Nadu,Chennai,SOUTH_INDIA_IN_SCOPE,568.0,MATCHED,Matched via exact.
TamilNadu.pdf,PMBJK21340,Tamil Nadu,Kanniyakumari,SOUTH_INDIA_IN_SCOPE,575.0,MATCHED,Matched via exact.
TamilNadu.pdf,PMBJK21341,Tamil Nadu,Thoothukkudi,SOUTH_INDIA_IN_SCOPE,594.0,MATCHED,Matched via exact.
TamilNadu.pdf,PMBJK21375,Tamil Nadu,Madurai,SOUTH_INDIA_IN_SCOPE,578.0,MATCHED,Matched via exact.
TamilNadu.pdf,PMBJK21376,Tamil Nadu,Madurai,SOUTH_INDIA_IN_SCOPE,578.0,MATCHED,Matched via exact.
TamilNadu.pdf,PMBJK21381,Tamil Nadu,Chennai,SOUTH_INDIA_IN_SCOPE,568.0,MATCHED,Matched via exact.
TamilNadu.pdf,PMBJK21382,Tamil Nadu,Coimbatore,SOUTH_INDIA_IN_SCOPE,569.0,MATCHED,Matched via exact.
TamilNadu.pdf,PMBJK21419,Tamil Nadu,Chennai,SOUTH_INDIA_IN_SCOPE,568.0,MATCHED,Matched via exact.
TamilNadu.pdf,PMBJK21421,Tamil Nadu,Thiruvallur,SOUTH_INDIA_IN_SCOPE,589.0,MATCHED,Matched via exact.
TamilNadu.pdf,PMBJK21431,Tamil Nadu,Tiruchirappalli,SOUTH_INDIA_IN_SCOPE,591.0,MATCHED,Matched via exact.
TamilNadu.pdf,PMBJK21458,Tamil Nadu,Salem,SOUTH_INDIA_IN_SCOPE,584.0,MATCHED,Matched via exact.
TamilNadu.pdf,PMBJK21501,Tamil Nadu,Virudhunagar,SOUTH_INDIA_IN_SCOPE,597.0,MATCHED,Matched via exact.
TamilNadu.pdf,PMBJK21521,Tamil Nadu,Namakkal,SOUTH_INDIA_IN_SCOPE,580.0,MATCHED,Matched via exact.
TamilNadu.pdf,PMBJK21522,Tamil Nadu,Coimbatore,SOUTH_INDIA_IN_SCOPE,569.0,MATCHED,Matched via exact.
TamilNadu.pdf,PMBJK21541,Tamil Nadu,Cuddalore,SOUTH_INDIA_IN_SCOPE,570.0,MATCHED,Matched via exact.
TamilNadu.pdf,PMBJK21566,Tamil Nadu,Theni,SOUTH_INDIA_IN_SCOPE,588.0,MATCHED,Matched via exact.
TamilNadu.pdf,PMBJK21567,Tamil Nadu,Viluppuram,SOUTH_INDIA_IN_SCOPE,596.0,MATCHED,Matched via exact.
TamilNadu.pdf,PMBJK21568,Tamil Nadu,Pudukkottai,SOUTH_INDIA_IN_SCOPE,582.0,MATCHED,Matched via exact.
TamilNadu.pdf,PMBJK21610,Tamil Nadu,Chennai,SOUTH_INDIA_IN_SCOPE,568.0,MATCHED,Matched via exact.
TamilNadu.pdf,PMBJK21621,Tamil Nadu,Thanjavur,SOUTH_INDIA_IN_SCOPE,586.0,MATCHED,Matched via exact.
TamilNadu.pdf,PMBJK21622,Tamil Nadu,Tiruvannamalai,SOUTH_INDIA_IN_SCOPE,593.0,MATCHED,Matched via exact.
TamilNadu.pdf,PMBJK21640,Tamil Nadu,Chennai,SOUTH_INDIA_IN_SCOPE,568.0,MATCHED,Matched via exact.
TamilNadu.pdf,PMBJK21714,Tamil Nadu,Salem,SOUTH_INDIA_IN_SCOPE,584.0,MATCHED,Matched via exact.
TamilNadu.pdf,PMBJK21716,Tamil Nadu,Vellore,SOUTH_INDIA_IN_SCOPE,595.0,MATCHED,Matched via exact.
TamilNadu.pdf,PMBJK21752,Tamil Nadu,Chengalpattu,SOUTH_INDIA_IN_SCOPE,730.0,MATCHED,Matched via split.
TamilNadu.pdf,PMBJK21753,Tamil Nadu,Thanjavur,SOUTH_INDIA_IN_SCOPE,586.0,MATCHED,Matched via exact.
TamilNadu.pdf,PMBJK21786,Tamil Nadu,Thanjavur,SOUTH_INDIA_IN_SCOPE,586.0,MATCHED,Matched via exact.
TamilNadu.pdf,PMBJK21787,Tamil Nadu,Madurai,SOUTH_INDIA_IN_SCOPE,578.0,MATCHED,Matched via exact.
TamilNadu.pdf,PMBJK21788,Tamil Nadu,Coimbatore,SOUTH_INDIA_IN_SCOPE,569.0,MATCHED,Matched via exact.
TamilNadu.pdf,PMBJK21807,Tamil Nadu,Dindigul,SOUTH_INDIA_IN_SCOPE,572.0,MATCHED,Matched via exact.
TamilNadu.pdf,PMBJK21808,Tamil Nadu,Salem,SOUTH_INDIA_IN_SCOPE,584.0,MATCHED,Matched via exact.
TamilNadu.pdf,PMBJK21809,Tamil Nadu,Chennai,SOUTH_INDIA_IN_SCOPE,568.0,MATCHED,Matched via exact.
TamilNadu.pdf,PMBJK21821,Tamil Nadu,Tirupathur,SOUTH_INDIA_IN_SCOPE,732.0,MATCHED,Matched via split.
TamilNadu.pdf,PMBJK21831,Tamil Nadu,Thiruvarur,SOUTH_INDIA_IN_SCOPE,590.0,MATCHED,Matched via exact.
TamilNadu.pdf,PMBJK21861,Tamil Nadu,Sivaganga,SOUTH_INDIA_IN_SCOPE,585.0,MATCHED,Matched via exact.
TamilNadu.pdf,PMBJK21862,Tamil Nadu,Tiruchirappalli,SOUTH_INDIA_IN_SCOPE,591.0,MATCHED,Matched via exact.
TamilNadu.pdf,PMBJK21863,Tamil Nadu,Coimbatore,SOUTH_INDIA_IN_SCOPE,569.0,MATCHED,Matched via exact.
TamilNadu.pdf,PMBJK21865,Tamil Nadu,Cuddalore,SOUTH_INDIA_IN_SCOPE,570.0,MATCHED,Matched via exact.
TamilNadu.pdf,PMBJK21933,Tamil Nadu,Vellore,SOUTH_INDIA_IN_SCOPE,595.0,MATCHED,Matched via exact.
TamilNadu.pdf,PMBJK21934,Tamil Nadu,Ramanathapuram,SOUTH_INDIA_IN_SCOPE,583.0,MATCHED,Matched via exact.
TamilNadu.pdf,PMBJK21947,Tamil Nadu,Chennai,SOUTH_INDIA_IN_SCOPE,568.0,MATCHED,Matched via exact.
TamilNadu.pdf,PMBJK22014,Tamil Nadu,Madurai,SOUTH_INDIA_IN_SCOPE,578.0,MATCHED,Matched via exact.
TamilNadu.pdf,PMBJK22015,Tamil Nadu,Thiruvarur,SOUTH_INDIA_IN_SCOPE,590.0,MATCHED,Matched via exact.
TamilNadu.pdf,PMBJK22018,Tamil Nadu,Tenkasi,SOUTH_INDIA_IN_SCOPE,733.0,MATCHED,Matched via split.
TamilNadu.pdf,PMBJK22055,Tamil Nadu,Salem,SOUTH_INDIA_IN_SCOPE,584.0,MATCHED,Matched via exact.
TamilNadu.pdf,PMBJK22057,Tamil Nadu,Tiruchirappalli,SOUTH_INDIA_IN_SCOPE,591.0,MATCHED,Matched via exact.
TamilNadu.pdf,PMBJK22081,Tamil Nadu,Chennai,SOUTH_INDIA_IN_SCOPE,568.0,MATCHED,Matched via exact.
TamilNadu.pdf,PMBJK22082,Tamil Nadu,Madurai,SOUTH_INDIA_IN_SCOPE,578.0,MATCHED,Matched via exact.
TamilNadu.pdf,PMBJK22083,Tamil Nadu,Thoothukkudi,SOUTH_INDIA_IN_SCOPE,594.0,MATCHED,Matched via exact.
TamilNadu.pdf,PMBJK22144,Tamil Nadu,Mayiladuthurai,SOUTH_INDIA_IN_SCOPE,735.0,MATCHED,Matched via split.
TamilNadu.pdf,PMBJK22147,Tamil Nadu,Tiruppur,SOUTH_INDIA_IN_SCOPE,634.0,MATCHED,Matched via exact.
TamilNadu.pdf,PMBJK22161,Tamil Nadu,Tiruchirappalli,SOUTH_INDIA_IN_SCOPE,591.0,MATCHED,Matched via exact.
TamilNadu.pdf,PMBJK22182,Tamil Nadu,Madurai,SOUTH_INDIA_IN_SCOPE,578.0,MATCHED,Matched via exact.
TamilNadu.pdf,PMBJK22183,Tamil Nadu,Dindigul,SOUTH_INDIA_IN_SCOPE,572.0,MATCHED,Matched via exact.
TamilNadu.pdf,PMBJK22191,Tamil Nadu,Coimbatore,SOUTH_INDIA_IN_SCOPE,569.0,MATCHED,Matched via exact.
TamilNadu.pdf,PMBJK22224,Tamil Nadu,Coimbatore,SOUTH_INDIA_IN_SCOPE,569.0,MATCHED,Matched via exact.
TamilNadu.pdf,PMBJK22225,Tamil Nadu,Thanjavur,SOUTH_INDIA_IN_SCOPE,586.0,MATCHED,Matched via exact.
TamilNadu.pdf,PMBJK22354,Tamil Nadu,Coimbatore,SOUTH_INDIA_IN_SCOPE,569.0,MATCHED,Matched via exact.
TamilNadu.pdf,PMBJK22355,Tamil Nadu,Cuddalore,SOUTH_INDIA_IN_SCOPE,570.0,MATCHED,Matched via exact.
TamilNadu.pdf,PMBJK22356,Tamil Nadu,Chennai,SOUTH_INDIA_IN_SCOPE,568.0,MATCHED,Matched via exact.
TamilNadu.pdf,PMBJK22359,Tamil Nadu,Thoothukkudi,SOUTH_INDIA_IN_SCOPE,594.0,MATCHED,Matched via exact.
TamilNadu.pdf,PMBJK22362,Tamil Nadu,Vellore,SOUTH_INDIA_IN_SCOPE,595.0,MATCHED,Matched via exact.
TamilNadu.pdf,PMBJK22363,Tamil Nadu,Tiruchirappalli,SOUTH_INDIA_IN_SCOPE,591.0,MATCHED,Matched via exact.
TamilNadu.pdf,PMBJK22364,Tamil Nadu,Tiruppur,SOUTH_INDIA_IN_SCOPE,634.0,MATCHED,Matched via exact.
TamilNadu.pdf,PMBJK22389,Tamil Nadu,Chennai,SOUTH_INDIA_IN_SCOPE,568.0,MATCHED,Matched via exact.
TamilNadu.pdf,PMBJK22422,Tamil Nadu,Erode,SOUTH_INDIA_IN_SCOPE,573.0,MATCHED,Matched via exact.
TamilNadu.pdf,PMBJK22423,Tamil Nadu,Mayiladuthurai,SOUTH_INDIA_IN_SCOPE,735.0,MATCHED,Matched via split.
TamilNadu.pdf,PMBJK22443,Tamil Nadu,Tiruchirappalli,SOUTH_INDIA_IN_SCOPE,591.0,MATCHED,Matched via exact.
TamilNadu.pdf,PMBJK22450,Tamil Nadu,Chennai,SOUTH_INDIA_IN_SCOPE,568.0,MATCHED,Matched via exact.
TamilNadu.pdf,PMBJK22458,Tamil Nadu,Chennai,SOUTH_INDIA_IN_SCOPE,568.0,MATCHED,Matched via exact.
TamilNadu.pdf,PMBJK22535,Tamil Nadu,Coimbatore,SOUTH_INDIA_IN_SCOPE,569.0,MATCHED,Matched via exact.
TamilNadu.pdf,PMBJK22553,Tamil Nadu,Ramanathapuram,SOUTH_INDIA_IN_SCOPE,583.0,MATCHED,Matched via exact.
TamilNadu.pdf,PMBJK22557,Tamil Nadu,Coimbatore,SOUTH_INDIA_IN_SCOPE,569.0,MATCHED,Matched via exact.
TamilNadu.pdf,PMBJK22582,Tamil Nadu,Sivaganga,SOUTH_INDIA_IN_SCOPE,585.0,MATCHED,Matched via exact.
TamilNadu.pdf,PMBJK22617,Tamil Nadu,Chengalpattu,SOUTH_INDIA_IN_SCOPE,730.0,MATCHED,Matched via split.
TamilNadu.pdf,PMBJK22634,Tamil Nadu,Chengalpattu,SOUTH_INDIA_IN_SCOPE,730.0,MATCHED,Matched via split.
TamilNadu.pdf,PMBJK22635,Tamil Nadu,Thiruvallur,SOUTH_INDIA_IN_SCOPE,589.0,MATCHED,Matched via exact.
TamilNadu.pdf,PMBJK22651,Tamil Nadu,Chennai,SOUTH_INDIA_IN_SCOPE,568.0,MATCHED,Matched via exact.
TamilNadu.pdf,PMBJK22661,Tamil Nadu,Erode,SOUTH_INDIA_IN_SCOPE,573.0,MATCHED,Matched via exact.
TamilNadu.pdf,PMBJK22675,Tamil Nadu,Kanniyakumari,SOUTH_INDIA_IN_SCOPE,575.0,MATCHED,Matched via exact.
TamilNadu.pdf,PMBJK22706,Tamil Nadu,Kancheepuram,SOUTH_INDIA_IN_SCOPE,574.0,MATCHED,Matched via exact.
TamilNadu.pdf,PMBJK22733,Tamil Nadu,Dindigul,SOUTH_INDIA_IN_SCOPE,572.0,MATCHED,Matched via exact.
TamilNadu.pdf,PMBJK22763,Tamil Nadu,Chennai,SOUTH_INDIA_IN_SCOPE,568.0,MATCHED,Matched via exact.
TamilNadu.pdf,PMBJK22798,Tamil Nadu,Coimbatore,SOUTH_INDIA_IN_SCOPE,569.0,MATCHED,Matched via exact.
TamilNadu.pdf,PMBJK22840,Tamil Nadu,Tirunelveli,SOUTH_INDIA_IN_SCOPE,592.0,MATCHED,Matched via exact.
TamilNadu.pdf,PMBJK22877,Tamil Nadu,Tiruchirappalli,SOUTH_INDIA_IN_SCOPE,591.0,MATCHED,Matched via exact.
TamilNadu.pdf,PMBJK22896,Tamil Nadu,Kanniyakumari,SOUTH_INDIA_IN_SCOPE,575.0,MATCHED,Matched via exact.
TamilNadu.pdf,PMBJK22897,Tamil Nadu,Thiruvallur,SOUTH_INDIA_IN_SCOPE,589.0,MATCHED,Matched via exact.
TamilNadu.pdf,PMBJK22898,Tamil Nadu,Thanjavur,SOUTH_INDIA_IN_SCOPE,586.0,MATCHED,Matched via exact.
TamilNadu.pdf,PMBJK22910,Tamil Nadu,Tiruvannamalai,SOUTH_INDIA_IN_SCOPE,593.0,MATCHED,Matched via exact.
TamilNadu.pdf,PMBJK22913,Tamil Nadu,Salem,SOUTH_INDIA_IN_SCOPE,584.0,MATCHED,Matched via exact.
TamilNadu.pdf,PMBJK22924,Tamil Nadu,Chennai,SOUTH_INDIA_IN_SCOPE,568.0,MATCHED,Matched via exact.
TamilNadu.pdf,PMBJK22973,Tamil Nadu,Madurai,SOUTH_INDIA_IN_SCOPE,578.0,MATCHED,Matched via exact.
TamilNadu.pdf,PMBJK22974,Tamil Nadu,Salem,SOUTH_INDIA_IN_SCOPE,584.0,MATCHED,Matched via exact.
TamilNadu.pdf,PMBJK23011,Tamil Nadu,Krishnagiri,SOUTH_INDIA_IN_SCOPE,577.0,MATCHED,Matched via exact.
TamilNadu.pdf,PMBJK23012,Tamil Nadu,Tirupathur,SOUTH_INDIA_IN_SCOPE,732.0,MATCHED,Matched via split.
TamilNadu.pdf,PMBJK23049,Tamil Nadu,Thanjavur,SOUTH_INDIA_IN_SCOPE,586.0,MATCHED,Matched via exact.
TamilNadu.pdf,PMBJK23068,Tamil Nadu,Tenkasi,SOUTH_INDIA_IN_SCOPE,733.0,MATCHED,Matched via split.
TamilNadu.pdf,PMBJK23123,Tamil Nadu,Chennai,SOUTH_INDIA_IN_SCOPE,568.0,MATCHED,Matched via exact.
TamilNadu.pdf,PMBJK23158,Tamil Nadu,Sivaganga,SOUTH_INDIA_IN_SCOPE,585.0,MATCHED,Matched via exact.
TamilNadu.pdf,PMBJK23185,Tamil Nadu,Coimbatore,SOUTH_INDIA_IN_SCOPE,569.0,MATCHED,Matched via exact.
TamilNadu.pdf,PMBJK23253,Tamil Nadu,Coimbatore,SOUTH_INDIA_IN_SCOPE,569.0,MATCHED,Matched via exact.
TamilNadu.pdf,PMBJK23254,Tamil Nadu,Nagapattinam,SOUTH_INDIA_IN_SCOPE,579.0,MATCHED,Matched via exact.
TamilNadu.pdf,PMBJK23290,Tamil Nadu,Tiruchirappalli,SOUTH_INDIA_IN_SCOPE,591.0,MATCHED,Matched via exact.
TamilNadu.pdf,PMBJK23339,Tamil Nadu,Chennai,SOUTH_INDIA_IN_SCOPE,568.0,MATCHED,Matched via exact.
TamilNadu.pdf,PMBJK23340,Tamil Nadu,Tiruchirappalli,SOUTH_INDIA_IN_SCOPE,591.0,MATCHED,Matched via exact.
TamilNadu.pdf,PMBJK23383,Tamil Nadu,Ranipet,SOUTH_INDIA_IN_SCOPE,731.0,MATCHED,Matched via split.
TamilNadu.pdf,PMBJK23401,Tamil Nadu,Tirunelveli,SOUTH_INDIA_IN_SCOPE,592.0,MATCHED,Matched via exact.
TamilNadu.pdf,PMBJK23414,Tamil Nadu,Tiruchirappalli,SOUTH_INDIA_IN_SCOPE,591.0,MATCHED,Matched via exact.
TamilNadu.pdf,PMBJK23416,Tamil Nadu,Chennai,SOUTH_INDIA_IN_SCOPE,568.0,MATCHED,Matched via exact.
TamilNadu.pdf,PMBJK23439,Tamil Nadu,Thoothukkudi,SOUTH_INDIA_IN_SCOPE,594.0,MATCHED,Matched via exact.
TamilNadu.pdf,PMBJK23440,Tamil Nadu,Madurai,SOUTH_INDIA_IN_SCOPE,578.0,MATCHED,Matched via exact.
TamilNadu.pdf,PMBJK23477,Tamil Nadu,Kanniyakumari,SOUTH_INDIA_IN_SCOPE,575.0,MATCHED,Matched via exact.
TamilNadu.pdf,PMBJK23479,Tamil Nadu,Kanniyakumari,SOUTH_INDIA_IN_SCOPE,575.0,MATCHED,Matched via exact.
TamilNadu.pdf,PMBJK23490,Tamil Nadu,Thiruvallur,SOUTH_INDIA_IN_SCOPE,589.0,MATCHED,Matched via exact.
TamilNadu.pdf,PMBJK23491,Tamil Nadu,Tiruchirappalli,SOUTH_INDIA_IN_SCOPE,591.0,MATCHED,Matched via exact.
TamilNadu.pdf,PMBJK23492,Tamil Nadu,Chennai,SOUTH_INDIA_IN_SCOPE,568.0,MATCHED,Matched via exact.
TamilNadu.pdf,PMBJK23530,Tamil Nadu,Thiruvallur,SOUTH_INDIA_IN_SCOPE,589.0,MATCHED,Matched via exact.
TamilNadu.pdf,PMBJK23532,Tamil Nadu,Pudukkottai,SOUTH_INDIA_IN_SCOPE,582.0,MATCHED,Matched via exact.
TamilNadu.pdf,PMBJK23543,Tamil Nadu,Salem,SOUTH_INDIA_IN_SCOPE,584.0,MATCHED,Matched via exact.
TamilNadu.pdf,PMBJK23544,Tamil Nadu,Tiruchirappalli,SOUTH_INDIA_IN_SCOPE,591.0,MATCHED,Matched via exact.
TamilNadu.pdf,PMBJK23545,Tamil Nadu,Madurai,SOUTH_INDIA_IN_SCOPE,578.0,MATCHED,Matched via exact.
TamilNadu.pdf,PMBJK23607,Tamil Nadu,Coimbatore,SOUTH_INDIA_IN_SCOPE,569.0,MATCHED,Matched via exact.
TamilNadu.pdf,PMBJK23608,Tamil Nadu,Chennai,SOUTH_INDIA_IN_SCOPE,568.0,MATCHED,Matched via exact.
TamilNadu.pdf,PMBJK23623,Tamil Nadu,Salem,SOUTH_INDIA_IN_SCOPE,584.0,MATCHED,Matched via exact.
TamilNadu.pdf,PMBJK23624,Tamil Nadu,Cuddalore,SOUTH_INDIA_IN_SCOPE,570.0,MATCHED,Matched via exact.
TamilNadu.pdf,PMBJK23625,Tamil Nadu,Tiruchirappalli,SOUTH_INDIA_IN_SCOPE,591.0,MATCHED,Matched via exact.
TamilNadu.pdf,PMBJK23634,Tamil Nadu,Karur,SOUTH_INDIA_IN_SCOPE,576.0,MATCHED,Matched via exact.
TamilNadu.pdf,PMBJK23657,Tamil Nadu,Thiruvallur,SOUTH_INDIA_IN_SCOPE,589.0,MATCHED,Matched via exact.
TamilNadu.pdf,PMBJK23683,Tamil Nadu,Erode,SOUTH_INDIA_IN_SCOPE,573.0,MATCHED,Matched via exact.
TamilNadu.pdf,PMBJK23684,Tamil Nadu,Tiruchirappalli,SOUTH_INDIA_IN_SCOPE,591.0,MATCHED,Matched via exact.
TamilNadu.pdf,PMBJK23716,Tamil Nadu,Madurai,SOUTH_INDIA_IN_SCOPE,578.0,MATCHED,Matched via exact.
TamilNadu.pdf,PMBJK23717,Tamil Nadu,Cuddalore,SOUTH_INDIA_IN_SCOPE,570.0,MATCHED,Matched via exact.
TamilNadu.pdf,PMBJK23738,Tamil Nadu,Kanniyakumari,SOUTH_INDIA_IN_SCOPE,575.0,MATCHED,Matched via exact.
TamilNadu.pdf,PMBJK23739,Tamil Nadu,Chennai,SOUTH_INDIA_IN_SCOPE,568.0,MATCHED,Matched via exact.
TamilNadu.pdf,PMBJK23754,Tamil Nadu,Chengalpattu,SOUTH_INDIA_IN_SCOPE,730.0,MATCHED,Matched via split.
TamilNadu.pdf,PMBJK23840,Tamil Nadu,Thiruvallur,SOUTH_INDIA_IN_SCOPE,589.0,MATCHED,Matched via exact.
TamilNadu.pdf,PMBJK23841,Tamil Nadu,Chennai,SOUTH_INDIA_IN_SCOPE,568.0,MATCHED,Matched via exact.
TamilNadu.pdf,PMBJK23882,Tamil Nadu,Coimbatore,SOUTH_INDIA_IN_SCOPE,569.0,MATCHED,Matched via exact.
TamilNadu.pdf,PMBJK23898,Tamil Nadu,Pudukkottai,SOUTH_INDIA_IN_SCOPE,582.0,MATCHED,Matched via exact.
TamilNadu.pdf,PMBJK23921,Tamil Nadu,Thanjavur,SOUTH_INDIA_IN_SCOPE,586.0,MATCHED,Matched via exact.
TamilNadu.pdf,PMBJK23922,Tamil Nadu,Chengalpattu,SOUTH_INDIA_IN_SCOPE,730.0,MATCHED,Matched via split.
TamilNadu.pdf,PMBJK23923,Tamil Nadu,Tiruppur,SOUTH_INDIA_IN_SCOPE,634.0,MATCHED,Matched via exact.
TamilNadu.pdf,PMBJK23924,Tamil Nadu,Vellore,SOUTH_INDIA_IN_SCOPE,595.0,MATCHED,Matched via exact.
TamilNadu.pdf,PMBJK23939,Tamil Nadu,Thanjavur,SOUTH_INDIA_IN_SCOPE,586.0,MATCHED,Matched via exact.
TamilNadu.pdf,PMBJK23940,Tamil Nadu,Thiruvarur,SOUTH_INDIA_IN_SCOPE,590.0,MATCHED,Matched via exact.
Telangana.pdf,PMBJK02125,Telangana,Adilabad,SOUTH_INDIA_IN_SCOPE,501.0,MATCHED,Matched via exact.
Telangana.pdf,PMBJK02126,Telangana,Hyderabad,SOUTH_INDIA_IN_SCOPE,507.0,MATCHED,Matched via exact.
Telangana.pdf,PMBJK02128,Telangana,Nirmal,SOUTH_INDIA_IN_SCOPE,680.0,MATCHED,Matched via split.
Telangana.pdf,PMBJK02129,Telangana,Hyderabad,SOUTH_INDIA_IN_SCOPE,507.0,MATCHED,Matched via exact.
Telangana.pdf,PMBJK02137,Telangana,Jagitial,SOUTH_INDIA_IN_SCOPE,681.0,MATCHED,Matched via split.
Telangana.pdf,PMBJK02138,Telangana,Jagitial,SOUTH_INDIA_IN_SCOPE,681.0,MATCHED,Matched via split.
Telangana.pdf,PMBJK02139,Telangana,Jagitial,SOUTH_INDIA_IN_SCOPE,681.0,MATCHED,Matched via split.
Telangana.pdf,PMBJK02141,Telangana,Jagitial,SOUTH_INDIA_IN_SCOPE,681.0,MATCHED,Matched via split.
Telangana.pdf,PMBJK02144,Telangana,Mulugu,SOUTH_INDIA_IN_SCOPE,720.0,MATCHED,Matched via split.
Telangana.pdf,PMBJK02147,Telangana,Mulugu,SOUTH_INDIA_IN_SCOPE,720.0,MATCHED,Matched via split.
Telangana.pdf,PMBJK02149,Telangana,Kamareddy,SOUTH_INDIA_IN_SCOPE,685.0,MATCHED,Matched via split.
Telangana.pdf,PMBJK02151,Telangana,Karimnagar,SOUTH_INDIA_IN_SCOPE,508.0,MATCHED,Matched via exact.
Telangana.pdf,PMBJK02152,Telangana,Jagitial,SOUTH_INDIA_IN_SCOPE,681.0,MATCHED,Matched via split.
Telangana.pdf,PMBJK02154,Telangana,Rajanna Sircilla,SOUTH_INDIA_IN_SCOPE,683.0,MATCHED,Matched via split.
Telangana.pdf,PMBJK02155,Telangana,Khammam,SOUTH_INDIA_IN_SCOPE,509.0,MATCHED,Matched via exact.
Telangana.pdf,PMBJK02158,Telangana,Nagarkurnool,SOUTH_INDIA_IN_SCOPE,694.0,MATCHED,Matched via split.
Telangana.pdf,PMBJK02160,Telangana,Mahabubnagar,SOUTH_INDIA_IN_SCOPE,512.0,MATCHED,Matched via exact.
Telangana.pdf,PMBJK02162,Telangana,Medchal Malkajgiri,SOUTH_INDIA_IN_SCOPE,700.0,MATCHED,Matched via alias.
Telangana.pdf,PMBJK02163,Telangana,Siddipet,SOUTH_INDIA_IN_SCOPE,692.0,MATCHED,Matched via split.
Telangana.pdf,PMBJK02164,Telangana,Nalgonda,SOUTH_INDIA_IN_SCOPE,514.0,MATCHED,Matched via exact.
Telangana.pdf,PMBJK02166,Telangana,Suryapet,SOUTH_INDIA_IN_SCOPE,696.0,MATCHED,Matched via split.
Telangana.pdf,PMBJK02168,Telangana,Nalgonda,SOUTH_INDIA_IN_SCOPE,514.0,MATCHED,Matched via exact.
Telangana.pdf,PMBJK02169,Telangana,Nizamabad,SOUTH_INDIA_IN_SCOPE,516.0,MATCHED,Matched via exact.
Telangana.pdf,PMBJK02170,Telangana,Nizamabad,SOUTH_INDIA_IN_SCOPE,516.0,MATCHED,Matched via exact.
Telangana.pdf,PMBJK02172,Telangana,Peddapalli,SOUTH_INDIA_IN_SCOPE,682.0,MATCHED,Matched via split.
Telangana.pdf,PMBJK02179,Telangana,Ranga Reddy,SOUTH_INDIA_IN_SCOPE,518.0,MATCHED,Matched via exact.
Telangana.pdf,PMBJK02180,Telangana,Ranga Reddy,SOUTH_INDIA_IN_SCOPE,518.0,MATCHED,Matched via exact.
Telangana.pdf,PMBJK02181,Telangana,Warangal,SOUTH_INDIA_IN_SCOPE,522.0,MATCHED,Matched via exact.
Telangana.pdf,PMBJK02182,Telangana,Hanumakonda,SOUTH_INDIA_IN_SCOPE,686.0,MATCHED,Matched via split.
Telangana.pdf,PMBJK02184,Telangana,Hanumakonda,SOUTH_INDIA_IN_SCOPE,686.0,MATCHED,Matched via split.
Telangana.pdf,PMBJK02185,Telangana,Medchal Malkajgiri,SOUTH_INDIA_IN_SCOPE,700.0,MATCHED,Matched via alias.
Telangana.pdf,PMBJK02186,Telangana,Jangoan,SOUTH_INDIA_IN_SCOPE,689.0,MATCHED,Matched via split.
Telangana.pdf,PMBJK02820,Telangana,Nagarkurnool,SOUTH_INDIA_IN_SCOPE,694.0,MATCHED,Matched via split.
Telangana.pdf,PMBJK02871,Telangana,Jogulamba Gadwal,SOUTH_INDIA_IN_SCOPE,695.0,MATCHED,Matched via split.
Telangana.pdf,PMBJK03022,Telangana,Hyderabad,SOUTH_INDIA_IN_SCOPE,507.0,MATCHED,Matched via exact.
Telangana.pdf,PMBJK03037,Telangana,Jangoan,SOUTH_INDIA_IN_SCOPE,689.0,MATCHED,Matched via split.
Telangana.pdf,PMBJK03055,Telangana,Jogulamba Gadwal,SOUTH_INDIA_IN_SCOPE,695.0,MATCHED,Matched via split.
Telangana.pdf,PMBJK03071,Telangana,Mahabubabad,SOUTH_INDIA_IN_SCOPE,688.0,MATCHED,Matched via split.
Telangana.pdf,PMBJK03104,Telangana,Narayanpet,SOUTH_INDIA_IN_SCOPE,721.0,MATCHED,Matched via split.
Telangana.pdf,PMBJK03456,Telangana,Medak,SOUTH_INDIA_IN_SCOPE,513.0,MATCHED,Matched via exact.
Telangana.pdf,PMBJK03531,Telangana,Bhadradri Kothagudem,SOUTH_INDIA_IN_SCOPE,690.0,MATCHED,Matched via split.
Telangana.pdf,PMBJK03558,Telangana,Medchal Malkajgiri,SOUTH_INDIA_IN_SCOPE,700.0,MATCHED,Matched via alias.
Telangana.pdf,PMBJK03591,Telangana,Hyderabad,SOUTH_INDIA_IN_SCOPE,507.0,MATCHED,Matched via exact.
Telangana.pdf,PMBJK03628,Telangana,Mahabubnagar,SOUTH_INDIA_IN_SCOPE,512.0,MATCHED,Matched via exact.
Telangana.pdf,PMBJK03860,Telangana,Ranga Reddy,SOUTH_INDIA_IN_SCOPE,518.0,MATCHED,Matched via exact.
Telangana.pdf,PMBJK04038,Telangana,Medchal Malkajgiri,SOUTH_INDIA_IN_SCOPE,700.0,MATCHED,Matched via alias.
Telangana.pdf,PMBJK04039,Telangana,Medchal Malkajgiri,SOUTH_INDIA_IN_SCOPE,700.0,MATCHED,Matched via alias.
Telangana.pdf,PMBJK04105,Telangana,Hyderabad,SOUTH_INDIA_IN_SCOPE,507.0,MATCHED,Matched via exact.
Telangana.pdf,PMBJK04289,Telangana,Yadadri Bhuvanagiri,SOUTH_INDIA_IN_SCOPE,697.0,MATCHED,Matched via split.
Telangana.pdf,PMBJK04298,Telangana,Mahabubabad,SOUTH_INDIA_IN_SCOPE,688.0,MATCHED,Matched via split.
Telangana.pdf,PMBJK04525,Telangana,Jagitial,SOUTH_INDIA_IN_SCOPE,681.0,MATCHED,Matched via split.
Telangana.pdf,PMBJK04526,Telangana,Nirmal,SOUTH_INDIA_IN_SCOPE,680.0,MATCHED,Matched via split.
Telangana.pdf,PMBJK04728,Telangana,Mancherial,SOUTH_INDIA_IN_SCOPE,684.0,MATCHED,Matched via split.
Telangana.pdf,PMBJK04859,Telangana,Mahabubnagar,SOUTH_INDIA_IN_SCOPE,512.0,MATCHED,Matched via exact.
Telangana.pdf,PMBJK04872,Telangana,Warangal,SOUTH_INDIA_IN_SCOPE,522.0,MATCHED,Matched via exact.
Telangana.pdf,PMBJK04873,Telangana,Vikarabad,SOUTH_INDIA_IN_SCOPE,698.0,MATCHED,Matched via split.
Telangana.pdf,PMBJK05021,Telangana,Warangal,SOUTH_INDIA_IN_SCOPE,522.0,MATCHED,Matched via exact.
Telangana.pdf,PMBJK05045,Telangana,Warangal,SOUTH_INDIA_IN_SCOPE,522.0,MATCHED,Matched via exact.
Telangana.pdf,PMBJK05102,Telangana,Jangoan,SOUTH_INDIA_IN_SCOPE,689.0,MATCHED,Matched via split.
Telangana.pdf,PMBJK05167,Telangana,Warangal,SOUTH_INDIA_IN_SCOPE,522.0,MATCHED,Matched via exact.
Telangana.pdf,PMBJK05168,Telangana,Warangal,SOUTH_INDIA_IN_SCOPE,522.0,MATCHED,Matched via exact.
Telangana.pdf,PMBJK05337,Telangana,Bhadradri Kothagudem,SOUTH_INDIA_IN_SCOPE,690.0,MATCHED,Matched via split.
Telangana.pdf,PMBJK05338,Telangana,Jangoan,SOUTH_INDIA_IN_SCOPE,689.0,MATCHED,Matched via split.
Telangana.pdf,PMBJK05341,Telangana,Adilabad,SOUTH_INDIA_IN_SCOPE,501.0,MATCHED,Matched via exact.
Telangana.pdf,PMBJK05485,Telangana,Khammam,SOUTH_INDIA_IN_SCOPE,509.0,MATCHED,Matched via exact.
Telangana.pdf,PMBJK05564,Telangana,Kumuram Bheem Asifabad,SOUTH_INDIA_IN_SCOPE,699.0,MATCHED,Matched via split.
Telangana.pdf,PMBJK05616,Telangana,Nirmal,SOUTH_INDIA_IN_SCOPE,680.0,MATCHED,Matched via split.
Telangana.pdf,PMBJK05673,Telangana,Nizamabad,SOUTH_INDIA_IN_SCOPE,516.0,MATCHED,Matched via exact.
Telangana.pdf,PMBJK05698,Telangana,Vikarabad,SOUTH_INDIA_IN_SCOPE,698.0,MATCHED,Matched via split.
Telangana.pdf,PMBJK05764,Telangana,Warangal,SOUTH_INDIA_IN_SCOPE,522.0,MATCHED,Matched via exact.
Telangana.pdf,PMBJK06140,Telangana,Hyderabad,SOUTH_INDIA_IN_SCOPE,507.0,MATCHED,Matched via exact.
Telangana.pdf,PMBJK06241,Telangana,Hyderabad,SOUTH_INDIA_IN_SCOPE,507.0,MATCHED,Matched via exact.
Telangana.pdf,PMBJK06245,Telangana,Peddapalli,SOUTH_INDIA_IN_SCOPE,682.0,MATCHED,Matched via split.
Telangana.pdf,PMBJK06334,Telangana,Ranga Reddy,SOUTH_INDIA_IN_SCOPE,518.0,MATCHED,Matched via exact.
Telangana.pdf,PMBJK06479,Telangana,Sangareddy,SOUTH_INDIA_IN_SCOPE,691.0,MATCHED,Matched via split.
Telangana.pdf,PMBJK06582,Telangana,Wanaparthy,SOUTH_INDIA_IN_SCOPE,693.0,MATCHED,Matched via split.
Telangana.pdf,PMBJK06604,Telangana,Mancherial,SOUTH_INDIA_IN_SCOPE,684.0,MATCHED,Matched via split.
Telangana.pdf,PMBJK06775,Telangana,Mancherial,SOUTH_INDIA_IN_SCOPE,684.0,MATCHED,Matched via split.
Telangana.pdf,PMBJK06801,Telangana,Jayashankar Bhupalapally,SOUTH_INDIA_IN_SCOPE,687.0,MATCHED,Matched via split.
Telangana.pdf,PMBJK06802,Telangana,Nirmal,SOUTH_INDIA_IN_SCOPE,680.0,MATCHED,Matched via split.
Telangana.pdf,PMBJK06803,Telangana,Peddapalli,SOUTH_INDIA_IN_SCOPE,682.0,MATCHED,Matched via split.
Telangana.pdf,PMBJK06831,Telangana,Jangoan,SOUTH_INDIA_IN_SCOPE,689.0,MATCHED,Matched via split.
Telangana.pdf,PMBJK07024,Telangana,Nizamabad,SOUTH_INDIA_IN_SCOPE,516.0,MATCHED,Matched via exact.
Telangana.pdf,PMBJK07025,Telangana,Mancherial,SOUTH_INDIA_IN_SCOPE,684.0,MATCHED,Matched via split.
Telangana.pdf,PMBJK07067,Telangana,Ranga Reddy,SOUTH_INDIA_IN_SCOPE,518.0,MATCHED,Matched via exact.
Telangana.pdf,PMBJK07068,Telangana,Jagitial,SOUTH_INDIA_IN_SCOPE,681.0,MATCHED,Matched via split.
Telangana.pdf,PMBJK07342,Telangana,Ranga Reddy,SOUTH_INDIA_IN_SCOPE,518.0,MATCHED,Matched via exact.
Telangana.pdf,PMBJK07427,Telangana,Nizamabad,SOUTH_INDIA_IN_SCOPE,516.0,MATCHED,Matched via exact.
Telangana.pdf,PMBJK07489,Telangana,Ranga Reddy,SOUTH_INDIA_IN_SCOPE,518.0,MATCHED,Matched via exact.
Telangana.pdf,PMBJK07490,Telangana,Ranga Reddy,SOUTH_INDIA_IN_SCOPE,518.0,MATCHED,Matched via exact.
Telangana.pdf,PMBJK07491,Telangana,Adilabad,SOUTH_INDIA_IN_SCOPE,501.0,MATCHED,Matched via exact.
Telangana.pdf,PMBJK07766,Telangana,Nizamabad,SOUTH_INDIA_IN_SCOPE,516.0,MATCHED,Matched via exact.
Telangana.pdf,PMBJK07872,Telangana,Hyderabad,SOUTH_INDIA_IN_SCOPE,507.0,MATCHED,Matched via exact.
Telangana.pdf,PMBJK07891,Telangana,Siddipet,SOUTH_INDIA_IN_SCOPE,692.0,MATCHED,Matched via split.
Telangana.pdf,PMBJK07892,Telangana,Hyderabad,SOUTH_INDIA_IN_SCOPE,507.0,MATCHED,Matched via exact.
Telangana.pdf,PMBJK07995,Telangana,Hyderabad,SOUTH_INDIA_IN_SCOPE,507.0,MATCHED,Matched via exact.
Telangana.pdf,PMBJK08305,Telangana,Hyderabad,SOUTH_INDIA_IN_SCOPE,507.0,MATCHED,Matched via exact.
Telangana.pdf,PMBJK08314,Telangana,Adilabad,SOUTH_INDIA_IN_SCOPE,501.0,MATCHED,Matched via exact.
Telangana.pdf,PMBJK08315,Telangana,Ranga Reddy,SOUTH_INDIA_IN_SCOPE,518.0,MATCHED,Matched via exact.
Telangana.pdf,PMBJK08354,Telangana,Vikarabad,SOUTH_INDIA_IN_SCOPE,698.0,MATCHED,Matched via split.
Telangana.pdf,PMBJK08509,Telangana,Ranga Reddy,SOUTH_INDIA_IN_SCOPE,518.0,MATCHED,Matched via exact.
Telangana.pdf,PMBJK08520,Telangana,Peddapalli,SOUTH_INDIA_IN_SCOPE,682.0,MATCHED,Matched via split.
Telangana.pdf,PMBJK08539,Telangana,Hyderabad,SOUTH_INDIA_IN_SCOPE,507.0,MATCHED,Matched via exact.
Telangana.pdf,PMBJK08593,Telangana,Ranga Reddy,SOUTH_INDIA_IN_SCOPE,518.0,MATCHED,Matched via exact.
Telangana.pdf,PMBJK08655,Telangana,Medchal Malkajgiri,SOUTH_INDIA_IN_SCOPE,700.0,MATCHED,Matched via alias.
Telangana.pdf,PMBJK08661,Telangana,Mahabubnagar,SOUTH_INDIA_IN_SCOPE,512.0,MATCHED,Matched via exact.
Telangana.pdf,PMBJK08677,Telangana,Hyderabad,SOUTH_INDIA_IN_SCOPE,507.0,MATCHED,Matched via exact.
Telangana.pdf,PMBJK08832,Telangana,Jagitial,SOUTH_INDIA_IN_SCOPE,681.0,MATCHED,Matched via split.
Telangana.pdf,PMBJK08842,Telangana,Adilabad,SOUTH_INDIA_IN_SCOPE,501.0,MATCHED,Matched via exact.
Telangana.pdf,PMBJK09174,Telangana,Kumuram Bheem Asifabad,SOUTH_INDIA_IN_SCOPE,699.0,MATCHED,Matched via split.
Telangana.pdf,PMBJK09175,Telangana,Medchal Malkajgiri,SOUTH_INDIA_IN_SCOPE,700.0,MATCHED,Matched via alias.
Telangana.pdf,PMBJK09310,Telangana,Mancherial,SOUTH_INDIA_IN_SCOPE,684.0,MATCHED,Matched via split.
Telangana.pdf,PMBJK09360,Telangana,Kumuram Bheem Asifabad,SOUTH_INDIA_IN_SCOPE,699.0,MATCHED,Matched via split.
Telangana.pdf,PMBJK09401,Telangana,Medchal Malkajgiri,SOUTH_INDIA_IN_SCOPE,700.0,MATCHED,Matched via alias.
Telangana.pdf,PMBJK09441,Telangana,Jagitial,SOUTH_INDIA_IN_SCOPE,681.0,MATCHED,Matched via split.
Telangana.pdf,PMBJK09524,Telangana,Suryapet,SOUTH_INDIA_IN_SCOPE,696.0,MATCHED,Matched via split.
Telangana.pdf,PMBJK09554,Telangana,Jayashankar Bhupalapally,SOUTH_INDIA_IN_SCOPE,687.0,MATCHED,Matched via split.
Telangana.pdf,PMBJK09559,Telangana,Sangareddy,SOUTH_INDIA_IN_SCOPE,691.0,MATCHED,Matched via split.
Telangana.pdf,PMBJK09667,Telangana,Medchal,SOUTH_INDIA_IN_SCOPE,,UNRESOLVED_ROW,Multiline table split or unmatched spelling.
Telangana.pdf,,Telangana,Malkajgiri,SOUTH_INDIA_IN_SCOPE,,UNRESOLVED_ROW,Multiline table split or unmatched spelling.
Telangana.pdf,PMBJK09713,Telangana,Medchal Malkajgiri,SOUTH_INDIA_IN_SCOPE,700.0,MATCHED,Matched via alias.
Telangana.pdf,PMBJK09773,Telangana,Medchal Malkajgiri,SOUTH_INDIA_IN_SCOPE,700.0,MATCHED,Matched via alias.
Telangana.pdf,PMBJK09774,Telangana,Medchal Malkajgiri,SOUTH_INDIA_IN_SCOPE,700.0,MATCHED,Matched via alias.
Telangana.pdf,PMBJK09775,Telangana,Hyderabad,SOUTH_INDIA_IN_SCOPE,507.0,MATCHED,Matched via exact.
Telangana.pdf,PMBJK09795,Telangana,Medchal Malkajgiri,SOUTH_INDIA_IN_SCOPE,700.0,MATCHED,Matched via alias.
Telangana.pdf,PMBJK09796,Telangana,Sangareddy,SOUTH_INDIA_IN_SCOPE,691.0,MATCHED,Matched via split.
Telangana.pdf,PMBJK09797,Telangana,Medchal Malkajgiri,SOUTH_INDIA_IN_SCOPE,700.0,MATCHED,Matched via alias.
Telangana.pdf,PMBJK09804,Telangana,Sangareddy,SOUTH_INDIA_IN_SCOPE,691.0,MATCHED,Matched via split.
Telangana.pdf,PMBJK09829,Telangana,Mancherial,SOUTH_INDIA_IN_SCOPE,684.0,MATCHED,Matched via split.
Telangana.pdf,PMBJK09856,Telangana,Medchal Malkajgiri,SOUTH_INDIA_IN_SCOPE,700.0,MATCHED,Matched via alias.
Telangana.pdf,PMBJK09967,Telangana,Hyderabad,SOUTH_INDIA_IN_SCOPE,507.0,MATCHED,Matched via exact.
Telangana.pdf,PMBJK10010,Telangana,Nizamabad,SOUTH_INDIA_IN_SCOPE,516.0,MATCHED,Matched via exact.
Telangana.pdf,PMBJK10143,Telangana,Medchal Malkajgiri,SOUTH_INDIA_IN_SCOPE,700.0,MATCHED,Matched via alias.
Telangana.pdf,PMBJK10187,Telangana,Ranga Reddy,SOUTH_INDIA_IN_SCOPE,518.0,MATCHED,Matched via exact.
Telangana.pdf,PMBJK10210,Telangana,Medchal Malkajgiri,SOUTH_INDIA_IN_SCOPE,700.0,MATCHED,Matched via alias.
Telangana.pdf,PMBJK10375,Telangana,Jogulamba Gadwal,SOUTH_INDIA_IN_SCOPE,695.0,MATCHED,Matched via split.
Telangana.pdf,PMBJK10848,Telangana,Ranga Reddy,SOUTH_INDIA_IN_SCOPE,518.0,MATCHED,Matched via exact.
Telangana.pdf,PMBJK10942,Telangana,Medchal Malkajgiri,SOUTH_INDIA_IN_SCOPE,700.0,MATCHED,Matched via alias.
Telangana.pdf,PMBJK10946,Telangana,Sangareddy,SOUTH_INDIA_IN_SCOPE,691.0,MATCHED,Matched via split.
Telangana.pdf,PMBJK11162,Telangana,Adilabad,SOUTH_INDIA_IN_SCOPE,501.0,MATCHED,Matched via exact.
Telangana.pdf,PMBJK11201,Telangana,Nizamabad,SOUTH_INDIA_IN_SCOPE,516.0,MATCHED,Matched via exact.
Telangana.pdf,PMBJK11234,Telangana,Medchal Malkajgiri,SOUTH_INDIA_IN_SCOPE,700.0,MATCHED,Matched via alias.
Telangana.pdf,PMBJK11238,Telangana,Ranga Reddy,SOUTH_INDIA_IN_SCOPE,518.0,MATCHED,Matched via exact.
Telangana.pdf,PMBJK11639,Telangana,Medchal Malkajgiri,SOUTH_INDIA_IN_SCOPE,700.0,MATCHED,Matched via alias.
Telangana.pdf,PMBJK11645,Telangana,Sangareddy,SOUTH_INDIA_IN_SCOPE,691.0,MATCHED,Matched via split.
Telangana.pdf,PMBJK11717,Telangana,Hyderabad,SOUTH_INDIA_IN_SCOPE,507.0,MATCHED,Matched via exact.
Telangana.pdf,PMBJK11860,Telangana,Hyderabad,SOUTH_INDIA_IN_SCOPE,507.0,MATCHED,Matched via exact.
Telangana.pdf,PMBJK11876,Telangana,Hanumakonda,SOUTH_INDIA_IN_SCOPE,686.0,MATCHED,Matched via split.
Telangana.pdf,PMBJK12026,Telangana,Medchal Malkajgiri,SOUTH_INDIA_IN_SCOPE,700.0,MATCHED,Matched via alias.
Telangana.pdf,PMBJK12058,Telangana,Nizamabad,SOUTH_INDIA_IN_SCOPE,516.0,MATCHED,Matched via exact.
Telangana.pdf,PMBJK12377,Telangana,Medchal Malkajgiri,SOUTH_INDIA_IN_SCOPE,700.0,MATCHED,Matched via alias.
Telangana.pdf,PMBJK12421,Telangana,Hanumakonda,SOUTH_INDIA_IN_SCOPE,686.0,MATCHED,Matched via split.
Telangana.pdf,PMBJK12599,Telangana,Medchal Malkajgiri,SOUTH_INDIA_IN_SCOPE,700.0,MATCHED,Matched via alias.
Telangana.pdf,PMBJK12976,Telangana,Nizamabad,SOUTH_INDIA_IN_SCOPE,516.0,MATCHED,Matched via exact.
Telangana.pdf,PMBJK12999,Telangana,Mancherial,SOUTH_INDIA_IN_SCOPE,684.0,MATCHED,Matched via split.
Telangana.pdf,PMBJK13061,Telangana,Ranga Reddy,SOUTH_INDIA_IN_SCOPE,518.0,MATCHED,Matched via exact.
Telangana.pdf,PMBJK13212,Telangana,Mahabubnagar,SOUTH_INDIA_IN_SCOPE,512.0,MATCHED,Matched via exact.
Telangana.pdf,PMBJK13439,Telangana,Yadadri Bhuvanagiri,SOUTH_INDIA_IN_SCOPE,697.0,MATCHED,Matched via split.
Telangana.pdf,PMBJK13681,Telangana,Medchal Malkajgiri,SOUTH_INDIA_IN_SCOPE,700.0,MATCHED,Matched via alias.
Telangana.pdf,PMBJK13999,Telangana,Vikarabad,SOUTH_INDIA_IN_SCOPE,698.0,MATCHED,Matched via split.
Telangana.pdf,PMBJK14186,Telangana,Jagitial,SOUTH_INDIA_IN_SCOPE,681.0,MATCHED,Matched via split.
Telangana.pdf,PMBJK14219,Telangana,Nizamabad,SOUTH_INDIA_IN_SCOPE,516.0,MATCHED,Matched via exact.
Telangana.pdf,PMBJK14225,Telangana,Kumuram Bheem Asifabad,SOUTH_INDIA_IN_SCOPE,699.0,MATCHED,Matched via split.
Telangana.pdf,PMBJK14621,Telangana,Adilabad,SOUTH_INDIA_IN_SCOPE,501.0,MATCHED,Matched via exact.
Telangana.pdf,PMBJK14770,Telangana,Adilabad,SOUTH_INDIA_IN_SCOPE,501.0,MATCHED,Matched via exact.
Telangana.pdf,PMBJK14831,Telangana,Vikarabad,SOUTH_INDIA_IN_SCOPE,698.0,MATCHED,Matched via split.
Telangana.pdf,PMBJK14900,Telangana,Jagitial,SOUTH_INDIA_IN_SCOPE,681.0,MATCHED,Matched via split.
Telangana.pdf,PMBJK14910,Telangana,Adilabad,SOUTH_INDIA_IN_SCOPE,501.0,MATCHED,Matched via exact.
Telangana.pdf,PMBJK14984,Telangana,Karimnagar,SOUTH_INDIA_IN_SCOPE,508.0,MATCHED,Matched via exact.
Telangana.pdf,PMBJK15301,Telangana,Mahabubnagar,SOUTH_INDIA_IN_SCOPE,512.0,MATCHED,Matched via exact.
Telangana.pdf,PMBJK15319,Telangana,Hyderabad,SOUTH_INDIA_IN_SCOPE,507.0,MATCHED,Matched via exact.
Telangana.pdf,PMBJK15443,Telangana,Medchal Malkajgiri,SOUTH_INDIA_IN_SCOPE,700.0,MATCHED,Matched via alias.
Telangana.pdf,PMBJK15535,Telangana,Wanaparthy,SOUTH_INDIA_IN_SCOPE,693.0,MATCHED,Matched via split.
Telangana.pdf,PMBJK15537,Telangana,Bhadradri Kothagudem,SOUTH_INDIA_IN_SCOPE,690.0,MATCHED,Matched via split.
Telangana.pdf,PMBJK15684,Telangana,Ranga Reddy,SOUTH_INDIA_IN_SCOPE,518.0,MATCHED,Matched via exact.
Telangana.pdf,PMBJK15715,Telangana,Jagitial,SOUTH_INDIA_IN_SCOPE,681.0,MATCHED,Matched via split.
Telangana.pdf,PMBJK15758,Telangana,Nizamabad,SOUTH_INDIA_IN_SCOPE,516.0,MATCHED,Matched via exact.
Telangana.pdf,PMBJK15860,Telangana,Medchal Malkajgiri,SOUTH_INDIA_IN_SCOPE,700.0,MATCHED,Matched via alias.
Telangana.pdf,PMBJK16166,Telangana,Medchal Malkajgiri,SOUTH_INDIA_IN_SCOPE,700.0,MATCHED,Matched via alias.
Telangana.pdf,PMBJK16204,Telangana,Karimnagar,SOUTH_INDIA_IN_SCOPE,508.0,MATCHED,Matched via exact.
Telangana.pdf,PMBJK16262,Telangana,Yadadri Bhuvanagiri,SOUTH_INDIA_IN_SCOPE,697.0,MATCHED,Matched via split.
Telangana.pdf,PMBJK16389,Telangana,Hyderabad,SOUTH_INDIA_IN_SCOPE,507.0,MATCHED,Matched via exact.
Telangana.pdf,PMBJK16577,Telangana,Siddipet,SOUTH_INDIA_IN_SCOPE,692.0,MATCHED,Matched via split.
Telangana.pdf,PMBJK17416,Telangana,Adilabad,SOUTH_INDIA_IN_SCOPE,501.0,MATCHED,Matched via exact.
Telangana.pdf,PMBJK18102,Telangana,Hanumakonda,SOUTH_INDIA_IN_SCOPE,686.0,MATCHED,Matched via split.
Telangana.pdf,PMBJK18698,Telangana,Khammam,SOUTH_INDIA_IN_SCOPE,509.0,MATCHED,Matched via exact.
Telangana.pdf,PMBJK18763,Telangana,Jangoan,SOUTH_INDIA_IN_SCOPE,689.0,MATCHED,Matched via split.
Telangana.pdf,PMBJK18929,Telangana,Medchal Malkajgiri,SOUTH_INDIA_IN_SCOPE,700.0,MATCHED,Matched via alias.
Telangana.pdf,PMBJK19149,Telangana,Jagitial,SOUTH_INDIA_IN_SCOPE,681.0,MATCHED,Matched via split.
Telangana.pdf,PMBJK19208,Telangana,Ranga Reddy,SOUTH_INDIA_IN_SCOPE,518.0,MATCHED,Matched via exact.
Telangana.pdf,PMBJK19573,Telangana,Medchal Malkajgiri,SOUTH_INDIA_IN_SCOPE,700.0,MATCHED,Matched via alias.
Telangana.pdf,PMBJK19575,Telangana,Hyderabad,SOUTH_INDIA_IN_SCOPE,507.0,MATCHED,Matched via exact.
Telangana.pdf,PMBJK19576,Telangana,Ranga Reddy,SOUTH_INDIA_IN_SCOPE,518.0,MATCHED,Matched via exact.
Telangana.pdf,PMBJK19608,Telangana,Adilabad,SOUTH_INDIA_IN_SCOPE,501.0,MATCHED,Matched via exact.
Telangana.pdf,PMBJK19732,Telangana,Hyderabad,SOUTH_INDIA_IN_SCOPE,507.0,MATCHED,Matched via exact.
Telangana.pdf,PMBJK19737,Telangana,Mulugu,SOUTH_INDIA_IN_SCOPE,720.0,MATCHED,Matched via split.
Telangana.pdf,PMBJK20001,Telangana,Medchal Malkajgiri,SOUTH_INDIA_IN_SCOPE,700.0,MATCHED,Matched via alias.
Telangana.pdf,PMBJK20007,Telangana,Nizamabad,SOUTH_INDIA_IN_SCOPE,516.0,MATCHED,Matched via exact.
Telangana.pdf,PMBJK20057,Telangana,Mahabubnagar,SOUTH_INDIA_IN_SCOPE,512.0,MATCHED,Matched via exact.
Telangana.pdf,PMBJK20070,Telangana,Hyderabad,SOUTH_INDIA_IN_SCOPE,507.0,MATCHED,Matched via exact.
Telangana.pdf,PMBJK20118,Telangana,Hyderabad,SOUTH_INDIA_IN_SCOPE,507.0,MATCHED,Matched via exact.
Telangana.pdf,PMBJK20193,Telangana,Jangoan,SOUTH_INDIA_IN_SCOPE,689.0,MATCHED,Matched via split.
Telangana.pdf,PMBJK20291,Telangana,Mahabubabad,SOUTH_INDIA_IN_SCOPE,688.0,MATCHED,Matched via split.
Telangana.pdf,PMBJK20333,Telangana,Medchal Malkajgiri,SOUTH_INDIA_IN_SCOPE,700.0,MATCHED,Matched via alias.
Telangana.pdf,PMBJK20474,Telangana,Wanaparthy,SOUTH_INDIA_IN_SCOPE,693.0,MATCHED,Matched via split.
Telangana.pdf,PMBJK20574,Telangana,Suryapet,SOUTH_INDIA_IN_SCOPE,696.0,MATCHED,Matched via split.
Telangana.pdf,PMBJK20647,Telangana,Jangoan,SOUTH_INDIA_IN_SCOPE,689.0,MATCHED,Matched via split.
Telangana.pdf,PMBJK20648,Telangana,Wanaparthy,SOUTH_INDIA_IN_SCOPE,693.0,MATCHED,Matched via split.
Telangana.pdf,PMBJK20815,Telangana,Vikarabad,SOUTH_INDIA_IN_SCOPE,698.0,MATCHED,Matched via split.
Telangana.pdf,PMBJK20832,Telangana,Jagitial,SOUTH_INDIA_IN_SCOPE,681.0,MATCHED,Matched via split.
Telangana.pdf,PMBJK20847,Telangana,Ranga Reddy,SOUTH_INDIA_IN_SCOPE,518.0,MATCHED,Matched via exact.
Telangana.pdf,PMBJK21033,Telangana,Medchal Malkajgiri,SOUTH_INDIA_IN_SCOPE,700.0,MATCHED,Matched via alias.
Telangana.pdf,PMBJK21103,Telangana,Medchal Malkajgiri,SOUTH_INDIA_IN_SCOPE,700.0,MATCHED,Matched via alias.
Telangana.pdf,PMBJK21188,Telangana,Hyderabad,SOUTH_INDIA_IN_SCOPE,507.0,MATCHED,Matched via exact.
Telangana.pdf,PMBJK21315,Telangana,Medchal Malkajgiri,SOUTH_INDIA_IN_SCOPE,700.0,MATCHED,Matched via alias.
Telangana.pdf,PMBJK21374,Telangana,Karimnagar,SOUTH_INDIA_IN_SCOPE,508.0,MATCHED,Matched via exact.
Telangana.pdf,PMBJK21477,Telangana,Mahabubnagar,SOUTH_INDIA_IN_SCOPE,512.0,MATCHED,Matched via exact.
Telangana.pdf,PMBJK21502,Telangana,Mahabubabad,SOUTH_INDIA_IN_SCOPE,688.0,MATCHED,Matched via split.
Telangana.pdf,PMBJK21503,Telangana,Medchal Malkajgiri,SOUTH_INDIA_IN_SCOPE,700.0,MATCHED,Matched via alias.
Telangana.pdf,PMBJK21589,Telangana,Ranga Reddy,SOUTH_INDIA_IN_SCOPE,518.0,MATCHED,Matched via exact.
Telangana.pdf,PMBJK21611,Telangana,Hyderabad,SOUTH_INDIA_IN_SCOPE,507.0,MATCHED,Matched via exact.
Telangana.pdf,PMBJK21620,Telangana,Jagitial,SOUTH_INDIA_IN_SCOPE,681.0,MATCHED,Matched via split.
Telangana.pdf,PMBJK21682,Telangana,Medchal Malkajgiri,SOUTH_INDIA_IN_SCOPE,700.0,MATCHED,Matched via alias.
Telangana.pdf,PMBJK21683,Telangana,Nizamabad,SOUTH_INDIA_IN_SCOPE,516.0,MATCHED,Matched via exact.
Telangana.pdf,PMBJK21684,Telangana,Medchal Malkajgiri,SOUTH_INDIA_IN_SCOPE,700.0,MATCHED,Matched via alias.
Telangana.pdf,PMBJK21723,Telangana,Mahabubabad,SOUTH_INDIA_IN_SCOPE,688.0,MATCHED,Matched via split.
Telangana.pdf,PMBJK21724,Telangana,Jagitial,SOUTH_INDIA_IN_SCOPE,681.0,MATCHED,Matched via split.
Telangana.pdf,PMBJK21726,Telangana,Warangal,SOUTH_INDIA_IN_SCOPE,522.0,MATCHED,Matched via exact.
Telangana.pdf,PMBJK21727,Telangana,Mahabubabad,SOUTH_INDIA_IN_SCOPE,688.0,MATCHED,Matched via split.
Telangana.pdf,PMBJK21770,Telangana,Khammam,SOUTH_INDIA_IN_SCOPE,509.0,MATCHED,Matched via exact.
Telangana.pdf,PMBJK21822,Telangana,Suryapet,SOUTH_INDIA_IN_SCOPE,696.0,MATCHED,Matched via split.
Telangana.pdf,PMBJK22024,Telangana,Medchal Malkajgiri,SOUTH_INDIA_IN_SCOPE,700.0,MATCHED,Matched via alias.
Telangana.pdf,PMBJK22056,Telangana,Yadadri Bhuvanagiri,SOUTH_INDIA_IN_SCOPE,697.0,MATCHED,Matched via split.
Telangana.pdf,PMBJK22058,Telangana,Khammam,SOUTH_INDIA_IN_SCOPE,509.0,MATCHED,Matched via exact.
Telangana.pdf,PMBJK22160,Telangana,Jangoan,SOUTH_INDIA_IN_SCOPE,689.0,MATCHED,Matched via split.
Telangana.pdf,PMBJK22275,Telangana,Sangareddy,SOUTH_INDIA_IN_SCOPE,691.0,MATCHED,Matched via split.
Telangana.pdf,PMBJK22303,Telangana,Jagitial,SOUTH_INDIA_IN_SCOPE,681.0,MATCHED,Matched via split.
Telangana.pdf,PMBJK22361,Telangana,Mahabubabad,SOUTH_INDIA_IN_SCOPE,688.0,MATCHED,Matched via split.
Telangana.pdf,PMBJK22424,Telangana,Nizamabad,SOUTH_INDIA_IN_SCOPE,516.0,MATCHED,Matched via exact.
Telangana.pdf,PMBJK22530,Telangana,Medchal Malkajgiri,SOUTH_INDIA_IN_SCOPE,700.0,MATCHED,Matched via alias.
Telangana.pdf,PMBJK22551,Telangana,Sangareddy,SOUTH_INDIA_IN_SCOPE,691.0,MATCHED,Matched via split.
Telangana.pdf,PMBJK22599,Telangana,Hyderabad,SOUTH_INDIA_IN_SCOPE,507.0,MATCHED,Matched via exact.
Telangana.pdf,PMBJK22705,Telangana,Nizamabad,SOUTH_INDIA_IN_SCOPE,516.0,MATCHED,Matched via exact.
Telangana.pdf,PMBJK22903,Telangana,Jagitial,SOUTH_INDIA_IN_SCOPE,681.0,MATCHED,Matched via split.
Telangana.pdf,PMBJK22912,Telangana,Medchal Malkajgiri,SOUTH_INDIA_IN_SCOPE,700.0,MATCHED,Matched via alias.
Telangana.pdf,PMBJK22926,Telangana,Mahabubnagar,SOUTH_INDIA_IN_SCOPE,512.0,MATCHED,Matched via exact.
Telangana.pdf,PMBJK23214,Telangana,Nizamabad,SOUTH_INDIA_IN_SCOPE,516.0,MATCHED,Matched via exact.
Telangana.pdf,PMBJK23255,Telangana,Vikarabad,SOUTH_INDIA_IN_SCOPE,698.0,MATCHED,Matched via split.
Telangana.pdf,PMBJK23289,Telangana,Adilabad,SOUTH_INDIA_IN_SCOPE,501.0,MATCHED,Matched via exact.
Telangana.pdf,PMBJK23306,Telangana,Hyderabad,SOUTH_INDIA_IN_SCOPE,507.0,MATCHED,Matched via exact.
Telangana.pdf,PMBJK23382,Telangana,Jagitial,SOUTH_INDIA_IN_SCOPE,681.0,MATCHED,Matched via split.
Telangana.pdf,PMBJK23478,Telangana,Medchal Malkajgiri,SOUTH_INDIA_IN_SCOPE,700.0,MATCHED,Matched via alias.
Telangana.pdf,PMBJK23603,Telangana,Adilabad,SOUTH_INDIA_IN_SCOPE,501.0,MATCHED,Matched via exact.
Telangana.pdf,PMBJK23642,Telangana,Medchal Malkajgiri,SOUTH_INDIA_IN_SCOPE,700.0,MATCHED,Matched via alias.
Telangana.pdf,PMBJK23753,Telangana,Karimnagar,SOUTH_INDIA_IN_SCOPE,508.0,MATCHED,Matched via exact.
