CIN,CompanyName,CompanyStatus,NIC_Code,Classification_Category,Assigned_LGD_Code,PaidupCapital,State
U26600AP2025PTC119790,MYTHRI MEDTECH SOLUTIONS PRIVATE LIMITED,Active,26600.0,PHARMA_RELATED_MANUFACTURER,520,100000.0,Andhra Pradesh
AAF-1639,FEDORA HEALTHCARE LLP,Under process of striking off,nan,NAME_BASED_MATCH,520,0.0,Andhra Pradesh
ACE-5440,HOMI BHABHA CALIBRATION LABORATORIES LLP,Active,nan,PHARMA_CORPORATE_ENTITY,505,0.0,Andhra Pradesh
AAO-8056,IRS PHARMA LLP,Active,nan,PHARMA_CORPORATE_ENTITY,520,0.0,Andhra Pradesh
AAY-1190,VIZAG HEALTHCARE LLP,Active,nan,NAME_BASED_MATCH,520,0.0,Andhra Pradesh
U01100AP2017PTC105161,ACCURATE BIOTECH SEED INDIA PRIVATE LIMITED,Active,1100.0,PHARMA_CORPORATE_ENTITY,506,1500000.0,Andhra Pradesh
U01119AP1997PTC026380,VISAKHA AGRO-BIOTECH FARMS PRIVATE LIMITED,Active,1119.0,PHARMA_CORPORATE_ENTITY,520,0.0,Andhra Pradesh
U01119AP2005PTC047841,BLUE STONE LIFE SCIENCES PRIVATE LIMITED,Active,1119.0,PHARMA_CORPORATE_ENTITY,510,100000.0,Andhra Pradesh
U52520AP1989PTC010465,PHARMAN MARKETING PVT LTD,Strike Off,52520.0,PHARMA_CORPORATE_ENTITY,517,0.0,Andhra Pradesh
U62020AP2025OPC122224,PIERRE PHARMA PLUS (OPC) PRIVATE LIMITED,Active,62020.0,PHARMA_CORPORATE_ENTITY,520,100000.0,Andhra Pradesh
U73100AP1995PTC020675,HIGUCHI LABORATORIES PRIVATE LIMITED,Strike Off,73100.0,PHARMA_CORPORATE_ENTITY,520,0.0,Andhra Pradesh
U74110AP2014PTC095129,SATYA KALYAN PHARMACEUTICALS PRIVATE LIMITED,Active,74110.0,PHARMA_CORPORATE_ENTITY,520,100000.0,Andhra Pradesh
U51900AP2022PTC120954,EXPRESSIVE MEDICAL AND HEALTHCARE SERVICES PRIVATE LIMITED,Active,51900.0,NAME_BASED_MATCH,517,100000.0,Andhra Pradesh
U51909AP2017PTC106865,CHANDRAHASH LIFE SCIENCES PRIVATE LIMITED,Strike Off,51909.0,PHARMA_CORPORATE_ENTITY,520,100000.0,Andhra Pradesh
U52100AP2022PTC120769,SRIKARA AYURVEDIC INDIA PRIVATE LIMITED,Active,52100.0,NAME_BASED_MATCH,505,10000.0,Andhra Pradesh
U85110AP2004PTC043050,SEVENHILLS HEALTHCARE PRIVATE LIMITED,Active,85110.0,NAME_BASED_MATCH,520,34255039480.0,Andhra Pradesh
U85110AP2020PTC115650,QUATORZAINS HEALTHCARE PRIVATE LIMITED,Active,85110.0,NAME_BASED_MATCH,510,100000.0,Andhra Pradesh
U85191AP1998PLC030427,SREE GOWTHAMA SRINIVASDA AYURVEDA ASHRAM AM LIMITED,Strike Off,85191.0,NAME_BASED_MATCH,520,0.0,Andhra Pradesh
U86905AP2023PTC110747,NEGEN DIAGNOSTICS PRIVATE LIMITED,Active,86905.0,NAME_BASED_MATCH,510,1000000.0,Andhra Pradesh
U99999AP1994PLC018329,ASWINI BIOPHARMA LIMITED,Strike Off,99999.0,PHARMA_CORPORATE_ENTITY,520,0.0,Andhra Pradesh
U46497AP2024PTC115374,RIVAAN HEALTHCARE PRIVATE LIMITED,Active,46497.0,NAME_BASED_MATCH,510,1500000.0,Andhra Pradesh
U47721AP2024PTC115661,HELICOID PHARMACEUTICALS PRIVATE LIMITED,Active,47721.0,PHARMA_CORPORATE_ENTITY,520,10000.0,Andhra Pradesh
AAA-7823,IRCM HEALTHCARE SOLUTION LLP,Active,nan,NAME_BASED_MATCH,511,0.0,Andhra Pradesh
AAU-6976,ADHITYA SURGICALS AND VACCINES LLP,Active,nan,NAME_BASED_MATCH,505,0.0,Andhra Pradesh
ACD-5502,SAI SIRI LABORATORIES LLP,Active,nan,PHARMA_CORPORATE_ENTITY,506,0.0,Andhra Pradesh
ACK-7969,STATURE PHARMA LLP,Active,nan,PHARMA_CORPORATE_ENTITY,520,0.0,Andhra Pradesh
L21012AP1987PLC008023,NAYAGARA PAPER PRODUCTS (INDIA) LIMITED,Active,21012.0,DIRECT_NIC_PHARMA_MANUFACTURER,520,85423000.0,Andhra Pradesh
U01110AP2017PTC105188,PROZENE BIOTECH PRIVATE LIMITED,Active,1110.0,PHARMA_CORPORATE_ENTITY,511,100000.0,Andhra Pradesh
U01122AP2000PTC034867,SRI KASI SIVA PARVATHI BIOTECH PRIVATE LIMITED,Strike Off,1122.0,PHARMA_CORPORATE_ENTITY,511,2000.0,Andhra Pradesh
U78300AP2024PTC113667,CMS LABORATORIES INDIA PRIVATE LIMITED,Active,78300.0,PHARMA_CORPORATE_ENTITY,520,100000.0,Andhra Pradesh
U85100AP2014PTC094518,DILIGENS HEALTHCARE SOLUTIONS PRIVATE LIMITED,Under process of striking off,85100.0,NAME_BASED_MATCH,511,100000.0,Andhra Pradesh
U85100AP2019PTC110131,KRR HEALTHCARE PRIVATE LIMITED,Active,85100.0,NAME_BASED_MATCH,506,100000.0,Andhra Pradesh
U85100AP2021OPC117109,ASAR BIOTECH NATURAL CARE (OPC) PRIVATE LIMITED,Active,85100.0,PHARMA_CORPORATE_ENTITY,511,20000.0,Andhra Pradesh
U85100AP2021PTC120276,VAARAHI HEALTHCARE PRIVATE LIMITED,Active,85100.0,NAME_BASED_MATCH,523,100000.0,Andhra Pradesh
U85100AP2022PTC122258,VASUVAN HEALTHCARE ENTERPRISES PRIVATE LIMITED,Active,85100.0,NAME_BASED_MATCH,517,100000.0,Andhra Pradesh
U85110AP2012PTC081144,PINNACLE DIAGNOSTICS PRIVATE LIMITED,Strike Off,85110.0,NAME_BASED_MATCH,520,100000.0,Andhra Pradesh
U85110AP2013PTC086624,G2 HEALTHCARE PRIVATE LIMITED,Active,85110.0,NAME_BASED_MATCH,752,110000000.0,Andhra Pradesh
U85110AP2021PTC117443,RAMADASU BROTHERS HEALTHCARE PRIVATE LIMITED,Strike Off,85110.0,NAME_BASED_MATCH,506,1000000.0,Andhra Pradesh
U85110AP2021PTC120008,SREEJA DIAGNOSTICS PRIVATE LIMITED,Active,85110.0,NAME_BASED_MATCH,520,100000.0,Andhra Pradesh
U85120AP2008PTC061130,PAVITHRA DIAGNOSTIC CENTRE PRIVATE LIMITED,Active,85120.0,NAME_BASED_MATCH,503,4500000.0,Andhra Pradesh
U85195AP1996PTC024960,SWARNA DIAGNOSTIC SERVICES PRIVATE LIMITED,Strike Off,85195.0,NAME_BASED_MATCH,519,500000.0,Andhra Pradesh
U85300AP2019PTC111706,PADMAVATHI VENKATA RAMANA HEALTHCARE PRIVATE LIMITED,Active,85300.0,NAME_BASED_MATCH,520,1000000.0,Andhra Pradesh
U85300AP2020PTC116805,FICIOSTUDIO HEALTHCARE & TECHNOLOGY PRIVATE LIMITED,Active,85300.0,NAME_BASED_MATCH,506,100000.0,Andhra Pradesh
U86100AP2025PTC117392,KASA HEALTHCARE PRIVATE LIMITED,Active,86100.0,NAME_BASED_MATCH,520,1000000.0,Andhra Pradesh
U86100AP2025PTC119763,IFOCUS HEALTHCARE PRIVATE LIMITED,Active,86100.0,NAME_BASED_MATCH,510,100000.0,Andhra Pradesh
U86900AP2026PTC124242,VIKA HEALTHCARE PRIVATE LIMITED,Active,86900.0,NAME_BASED_MATCH,505,10000.0,Andhra Pradesh
U90009AP2019PTC112720,RAMANI BIOTECH PRIVATE LIMITED,Active,90009.0,PHARMA_CORPORATE_ENTITY,505,100000.0,Andhra Pradesh
U10803AP2026PTC123850,SR OCEAN BIOTECH PRIVATE LIMITED,Active,10803.0,PHARMA_CORPORATE_ENTITY,523,1000000.0,Andhra Pradesh
U16003AP2014PTC095217,PSS LABORATORIES PRIVATE LIMITED,Strike Off,16003.0,PHARMA_CORPORATE_ENTITY,506,100000.0,Andhra Pradesh
U21000AP2010PTC068389,ASRITHA PAPER MILL PRIVATE LIMITED,Active,21000.0,DIRECT_NIC_PHARMA_MANUFACTURER,519,34838000.0,Andhra Pradesh
U21003AP2020PTC116669,SREE PRATHAMA AYURVEDAM PRIVATE LIMITED,Active,21003.0,DIRECT_NIC_PHARMA_MANUFACTURER,520,100000.0,Andhra Pradesh
U21003AP2025PTC122209,KASU BROTHERS SURGICALS PRIVATE LIMITED,Active,21003.0,DIRECT_NIC_PHARMA_MANUFACTURER,506,100000.0,Andhra Pradesh
U21005AP2025PTC122826,PHYTO NATURALS INDIA PRIVATE LIMITED,Active,21005.0,DIRECT_NIC_PHARMA_MANUFACTURER,506,1500000.0,Andhra Pradesh
U21006AP2024PTC113926,NEUROP PHARMA PRODUCTS PRIVATE LIMITED,Active,21006.0,DIRECT_NIC_PHARMA_MANUFACTURER,506,50000.0,Andhra Pradesh
U21006AP2025PTC122382,CHROMDX INDIA PRIVATE LIMITED,Active,21006.0,DIRECT_NIC_PHARMA_MANUFACTURER,506,100000.0,Andhra Pradesh
U21010AP2005PTC045507,SRI SAI RAJA RAJESWARI PAPER MILL PRIVATE LIMITED,Strike Off,21010.0,DIRECT_NIC_PHARMA_MANUFACTURER,520,0.0,Andhra Pradesh
U21012AP1999PTC031172,SRI SARASWATI PACKING INDUSTRIES PRIVATE LIMITED,Active,21012.0,DIRECT_NIC_PHARMA_MANUFACTURER,519,7965200.0,Andhra Pradesh
U21012AP2011PTC075177,VAZRA PAPER MILLS PRIVATE LIMITED,Strike Off,21012.0,DIRECT_NIC_PHARMA_MANUFACTURER,506,100000.0,Andhra Pradesh
U21015AP1981PLC003179,SATYAPRIYA SHAW BOARDS LTD,Active,21015.0,DIRECT_NIC_PHARMA_MANUFACTURER,520,1400.0,Andhra Pradesh
U21029AP1996PTC022779,COASTAL THERMIT ALLOYS PRIVATE LIMITED,Strike Off,21029.0,DIRECT_NIC_PHARMA_MANUFACTURER,520,0.0,Andhra Pradesh
U21090AP2012PTC081525,V N R INDUSTRIES PRIVATE LIMITED,Strike Off,21090.0,DIRECT_NIC_PHARMA_MANUFACTURER,503,360000.0,Andhra Pradesh
U21098AP1994PLC017403,CHISU INTERNATIONAL LTD,Active,21098.0,DIRECT_NIC_PHARMA_MANUFACTURER,510,3382000.0,Andhra Pradesh
U24110AP1991PTC012388,SIRIS LABORATORIES PRIVATE LIMITED,Active,24110.0,PHARMA_CORPORATE_ENTITY,519,2150000.0,Andhra Pradesh
U24110AP2017PTC105589,SNR DRUGS PRIVATE LIMITED,Active,24110.0,PHARMA_CORPORATE_ENTITY,520,100000.0,Andhra Pradesh
U24110AP2017PTC107328,HICXICA FORMULATIONS PRIVATE LIMITED,Active,24110.0,PHARMA_CORPORATE_ENTITY,506,100000.0,Andhra Pradesh
U24110AP2020PTC116596,MADE-INN HEALTHCARE PRIVATE LIMITED,Active,24110.0,NAME_BASED_MATCH,505,100000.0,Andhra Pradesh
U24230AP1984PTC005092,ASHWINI LABORATORIES PVT LTD,Strike Off,24230.0,DIRECT_NIC_PHARMA_MANUFACTURER,506,0.0,Andhra Pradesh
U21000AP1980PTC002813,IMPRESSIVE IMPRESSIONS PVT LTD,Under process of striking off,21000.0,DIRECT_NIC_PHARMA_MANUFACTURER,506,2000.0,Andhra Pradesh
U21000AP2014PTC095841,CUBE INDIA PAPER MILLS PRIVATE LIMITED,Active,21000.0,DIRECT_NIC_PHARMA_MANUFACTURER,510,93699000.0,Andhra Pradesh
U21001AP2024PTC114357,KUSALAVA THEERTHA BIO PHARMA PRIVATE LIMITED,Active,21001.0,DIRECT_NIC_PHARMA_MANUFACTURER,510,100000.0,Andhra Pradesh
U21001AP2025PTC118065,CEDAR LIFE CARE PRIVATE LIMITED,Active,21001.0,DIRECT_NIC_PHARMA_MANUFACTURER,520,1000000.0,Andhra Pradesh
U21001AP2025PTC118507,CUREDIN TX PRIVATE LIMITED,Active,21001.0,DIRECT_NIC_PHARMA_MANUFACTURER,520,100000.0,Andhra Pradesh
U21004AP2023PTC112021,HAPPYFEET INTERNATIONAL PRIVATE LIMITED,Active,21004.0,DIRECT_NIC_PHARMA_MANUFACTURER,506,100000.0,Andhra Pradesh
U21012AP2004PTC042737,JAIVIJAYA PAPER AND BOARDS PRIVATE LIMITED,Active,21012.0,DIRECT_NIC_PHARMA_MANUFACTURER,505,20000000.0,Andhra Pradesh
U24230AP1989PTC010759,DIKGRAM AVES PHARMA PVT LTD,Active,24230.0,DIRECT_NIC_PHARMA_MANUFACTURER,520,5000.0,Andhra Pradesh
U21092AP2005PTC045896,LAKSHMI GANAPATHI CRAFT BOARDS (INDIA) PRIVATE LIMITED,Strike Off,21092.0,DIRECT_NIC_PHARMA_MANUFACTURER,520,50000.0,Andhra Pradesh
U24230AP2001PLC037875,LAILA BIO NUTRACEUTICALS LIMITED,Active,24230.0,DIRECT_NIC_PHARMA_MANUFACTURER,520,500000.0,Andhra Pradesh
U24231AP2001PTC036692,VIJAYA AGENCIES PRIVATE LIMITED,Active,24231.0,DIRECT_NIC_PHARMA_MANUFACTURER,520,2500000.0,Andhra Pradesh
U24232AP1986PLC006565,TROPICAL FOOD AND PARMACEETICALS LTD.,Active,24232.0,DIRECT_NIC_PHARMA_MANUFACTURER,520,2500000.0,Andhra Pradesh
U24232AP2014PTC095084,SP LABS PRIVATE LIMITED,Amalgamated,24232.0,DIRECT_NIC_PHARMA_MANUFACTURER,519,100000.0,Andhra Pradesh
U24239AP1985PTC005817,SUMAGES PHARMA PRIVATE LIMITED,Active,24239.0,DIRECT_NIC_PHARMA_MANUFACTURER,520,1173000.0,Andhra Pradesh
U24239AP2003PTC041607,SANTHARAM PHARMACEUTICALS PRIVATE LIMITED,Strike Off,24239.0,DIRECT_NIC_PHARMA_MANUFACTURER,520,27000.0,Andhra Pradesh
U24230AP1986PLC006446,DOCTORS ORGANIC CHEMICALS LIMITED.,Amalgamated,24230.0,DIRECT_NIC_PHARMA_MANUFACTURER,523,47133300.0,Andhra Pradesh
U24230AP1995PTC021629,CLIK PHARMACEUTICALS PRIVATE LIMITED,Strike Off,24230.0,DIRECT_NIC_PHARMA_MANUFACTURER,520,0.0,Andhra Pradesh
U24230AP1997PLC028211,CHANDRAS BIOTEK LIMITED,Strike Off,24230.0,DIRECT_NIC_PHARMA_MANUFACTURER,505,6930.0,Andhra Pradesh
U24230AP1998PTC029830,MARVEL BIOTECH PRIVATE LIMITED,Strike Off,24230.0,DIRECT_NIC_PHARMA_MANUFACTURER,520,990700.0,Andhra Pradesh
U24230AP2020PTC115535,MAARTAN FINE CHEM PRIVATE LIMITED,Active,24230.0,DIRECT_NIC_PHARMA_MANUFACTURER,520,18700000.0,Andhra Pradesh
U24232AP2007PTC054961,SCION BIOMED TECHNOLOGIES PRIVATE LIMITED,Strike Off,24232.0,DIRECT_NIC_PHARMA_MANUFACTURER,752,100000.0,Andhra Pradesh
U24232AP2007PTC054963,IMMUNOTHERAPEUTICS PRIVATE LIMITED,Strike Off,24232.0,DIRECT_NIC_PHARMA_MANUFACTURER,511,0.0,Andhra Pradesh
U24232AP2008PTC059605,VINCI CHEM PRIVATE LIMITED,Active,24232.0,DIRECT_NIC_PHARMA_MANUFACTURER,746,500000.0,Andhra Pradesh
U24232AP2011PTC074845,IGNIS BIOLABS PRIVATE LIMITED,Strike Off,24232.0,DIRECT_NIC_PHARMA_MANUFACTURER,520,100000.0,Andhra Pradesh
U24232AP2011PTC076707,SPECTRA DIAGNOSTIC LABORATORIES PRIVATE LIMITED,Strike Off,24232.0,DIRECT_NIC_PHARMA_MANUFACTURER,520,200000.0,Andhra Pradesh
U24232AP2012PTC085122,ABHUSHA PHARMA PRIVATE LIMITED,Under process of striking off,24232.0,DIRECT_NIC_PHARMA_MANUFACTURER,520,100000.0,Andhra Pradesh
U24232AP2015PTC096078,GENESIS INDIA BIO PRIVATE LIMITED,Active,24232.0,DIRECT_NIC_PHARMA_MANUFACTURER,519,100000.0,Andhra Pradesh
U24239AP1993PTC016799,STEEL CITY PHARMACEUTICALS PVT LTD,Active,24239.0,DIRECT_NIC_PHARMA_MANUFACTURER,520,9611400.0,Andhra Pradesh
U24239AP1996PTC025311,PLANTECH PHARMA PRIVATE LIMITED,Strike Off,24239.0,DIRECT_NIC_PHARMA_MANUFACTURER,520,30000.0,Andhra Pradesh
U24239AP1999PTC031809,MEGAS FORMULATIONS PRIVATE LIMITED,Strike Off,24239.0,DIRECT_NIC_PHARMA_MANUFACTURER,520,301000.0,Andhra Pradesh
U24239AP2003PTC040650,CENTAURUS PHARMA PRIVATE LIMITED,Active,24239.0,DIRECT_NIC_PHARMA_MANUFACTURER,510,5279720.0,Andhra Pradesh
U24299AP2019PTC112120,AGASYA HERBAL INDIA PRIVATE LIMITED,Active,24299.0,NAME_BASED_MATCH,510,100000.0,Andhra Pradesh
U24299AP2021PTC117119,PKN LIFE SCIENCES PRIVATE LIMITED,Active,24299.0,PHARMA_CORPORATE_ENTITY,520,100000.0,Andhra Pradesh
U94990AP2024NPL116650,STERLIMAX SURGICALS ASSOCIATION,Active,94990.0,NAME_BASED_MATCH,520,100000.0,Andhra Pradesh
U01403AP2012PTC082334,ZED AGRI & AQUA BIOTECH PRIVATE LIMITED,Active,1403.0,PHARMA_CORPORATE_ENTITY,506,100000.0,Andhra Pradesh
U21003AP2023OPC112922,GANTA HERB (OPC) PRIVATE LIMITED,Active,21003.0,DIRECT_NIC_PHARMA_MANUFACTURER,506,100000.0,Andhra Pradesh
U21098AP2010PTC070083,VJK PAPER MILLS PRIVATE LIMITED,Active,21098.0,DIRECT_NIC_PHARMA_MANUFACTURER,517,34000000.0,Andhra Pradesh
U24230AP1985PTC005607,HOEILEX DRUGS PVT LTD,Strike Off,24230.0,DIRECT_NIC_PHARMA_MANUFACTURER,520,50000.0,Andhra Pradesh
U24230AP1988PTC009385,POORNA CHEMICALS AND PHARMACEUTICALS PVT LTD,Strike Off,24230.0,DIRECT_NIC_PHARMA_MANUFACTURER,503,3780500.0,Andhra Pradesh
U21093AP2022PTC121316,CELLULOSE ENTERPRISES PRIVATE LIMITED,Active,21093.0,DIRECT_NIC_PHARMA_MANUFACTURER,510,100000.0,Andhra Pradesh
U24239AP1987PTC008120,KOSSEL PHARMA PVT LTD,Strike Off,24239.0,DIRECT_NIC_PHARMA_MANUFACTURER,517,3000.0,Andhra Pradesh
U24239AP1992PTC013967,SUSEKS PHARMACEUTICALS AND CHEMICALS PRIVATE LIMITED,Strike Off,24239.0,DIRECT_NIC_PHARMA_MANUFACTURER,510,40000.0,Andhra Pradesh
U24239AP1999PLC031804,PRESTEC LABORATORIES LIMITED,Active,24239.0,DIRECT_NIC_PHARMA_MANUFACTURER,520,0.0,Andhra Pradesh
U24297AP2021PTC117017,VIVIER PHARMA PRIVATE LIMITED,Active,24297.0,PHARMA_CORPORATE_ENTITY,510,100000.0,Andhra Pradesh
U24297AP2021PTC119592,BSN LIFE SCIENCES PRIVATE LIMITED,Active,24297.0,PHARMA_CORPORATE_ENTITY,744,500000.0,Andhra Pradesh
U24299AP2020PTC116245,PORSCHA LABORATORIES PRIVATE LIMITED,Strike Off,24299.0,PHARMA_CORPORATE_ENTITY,520,100000.0,Andhra Pradesh
U24299AP2022PTC122950,PHARMELLA PHARMACEUTICALS PRIVATE LIMITED,Active,24299.0,PHARMA_CORPORATE_ENTITY,748,100000.0,Andhra Pradesh
U24304AP2018PTC108916,KALA PHARMA PRIVATE LIMITED,Strike Off,24304.0,PHARMA_CORPORATE_ENTITY,520,100000.0,Andhra Pradesh
U24304AP2021PTC120086,LITHA LIFE SCIENCES PRIVATE LIMITED,Active,24304.0,PHARMA_CORPORATE_ENTITY,520,1500000.0,Andhra Pradesh
U24100AP2018PTC108876,KISAN BIOFORMULATIONS PRIVATE LIMITED,Active,24100.0,PHARMA_CORPORATE_ENTITY,510,100000.0,Andhra Pradesh
U24110AP1987PTC007311,REMINGTON PHARMACENTICALS PVT. LTD.,Strike Off,24110.0,PHARMA_CORPORATE_ENTITY,520,0.0,Andhra Pradesh
U24110AP2021PTC117256,CHATTU PHARMA CHEMICALS PRIVATE LIMITED,Active,24110.0,PHARMA_CORPORATE_ENTITY,506,20000.0,Andhra Pradesh
U24230AP1995PTC021184,TOP NOTCH FORMULATIONS INDIA PRIVATE LIMITED,Active,24230.0,DIRECT_NIC_PHARMA_MANUFACTURER,520,100000.0,Andhra Pradesh
U24232AP2006PTC048865,AMODINI LIFESCIENCES PVT LTD,Strike Off,24232.0,DIRECT_NIC_PHARMA_MANUFACTURER,520,0.0,Andhra Pradesh
U24232AP2009PTC063122,PASS PHARMA (INDIA) PRIVATE LIMITED,Active,24232.0,DIRECT_NIC_PHARMA_MANUFACTURER,503,375000.0,Andhra Pradesh
U24232AP2015PTC105869,SYGMOS LAB PRIVATE LIMITED,Active,24232.0,DIRECT_NIC_PHARMA_MANUFACTURER,520,1000000.0,Andhra Pradesh
U24239AP1982PTC003652,HOEILEX PHARMAR LABS PVT LTD,Active,24239.0,DIRECT_NIC_PHARMA_MANUFACTURER,520,0.0,Andhra Pradesh
U24299AP2019PTC111481,ATARYAH PHARMA PRIVATE LIMITED,Strike Off,24299.0,PHARMA_CORPORATE_ENTITY,503,100000.0,Andhra Pradesh
U24299AP2019PTC112282,SRI VARADA PHARMA PRIVATE LIMITED,Active,24299.0,PHARMA_CORPORATE_ENTITY,503,100000.0,Andhra Pradesh
U24299AP2021PTC118871,MEDIVIZ HEALTHCARE PRIVATE LIMITED,Active,24299.0,NAME_BASED_MATCH,520,100000.0,Andhra Pradesh
U24299AP2021PTC119901,LEMEGO PHARMACY PRIVATE LIMITED,Active,24299.0,PHARMA_CORPORATE_ENTITY,520,500000.0,Andhra Pradesh
U24304AP2020PTC113988,IRAAHOLISTIC AYUR FORMULATION PRIVATE LIMITED,Strike Off,24304.0,PHARMA_CORPORATE_ENTITY,510,200000.0,Andhra Pradesh
U24304AP2020PTC116372,LIFE N-RICH PHARMA PRIVATE LIMITED,Active,24304.0,PHARMA_CORPORATE_ENTITY,503,150000.0,Andhra Pradesh
U33110AP2022PTC123662,ATYA PHARMA PRIVATE LIMITED,Active,33110.0,PHARMA_CORPORATE_ENTITY,520,100000.0,Andhra Pradesh
U33111AP2016PTC098575,GENEBIOSYN THERAPEUTICS PRIVATE LIMITED,Active,33111.0,PHARMA_CORPORATE_ENTITY,506,500000.0,Andhra Pradesh
U41000AP2018PTC108150,SRIPAADHA AQUA AND PHARMA PRIVATE LIMITED,Active,41000.0,PHARMA_CORPORATE_ENTITY,523,100000.0,Andhra Pradesh
U32509AP2023PTC113018,AMDESH MEDTECH PRIVATE LIMITED,Active,32509.0,PHARMA_RELATED_MANUFACTURER,520,71023980.0,Andhra Pradesh
U36999AP2020PTC114627,FELIX PHARMACHEM PRIVATE LIMITED,Active,36999.0,PHARMA_CORPORATE_ENTITY,503,900000.0,Andhra Pradesh
ABC-5847,AASRAYA HEALTHCARE LLP,Active,nan,NAME_BASED_MATCH,517,0.0,Andhra Pradesh
AAJ-6623,BLOSSOMS RESEARCH CENTER AND HEALTHCARE GUNTUR LLP,Active,nan,NAME_BASED_MATCH,506,0.0,Andhra Pradesh
ABZ-2419,WAY2HEAL PHARMA & SURGICALS LLP,Active,nan,PHARMA_CORPORATE_ENTITY,503,0.0,Andhra Pradesh
L24231AP1986PLC006339,PFIMEX PHARMACEUTICALS LIMITED,Active,24231.0,DIRECT_NIC_PHARMA_MANUFACTURER,511,137153824.0,Andhra Pradesh
ACE-4805,NALKOM LIFE SCIENCES LLP,Active,nan,PHARMA_CORPORATE_ENTITY,506,0.0,Andhra Pradesh
ACF-8093,GOLDEN ROYAL LIFE SCIENCES LLP,Active,nan,PHARMA_CORPORATE_ENTITY,510,0.0,Andhra Pradesh
U74999AP2017PTC105413,RYKER PHARMA PRIVATE LIMITED,Strike Off,74999.0,PHARMA_CORPORATE_ENTITY,510,500000.0,Andhra Pradesh
U74999AP2018PTC107830,BIGOT AYURVEDA PRIVATE LIMITED,Active,74999.0,NAME_BASED_MATCH,503,100000.0,Andhra Pradesh
ACY-7988,BABU HEALTHCARE SERVICES LLP,Active,nan,NAME_BASED_MATCH,517,0.0,Andhra Pradesh
U62099AP2025PTC119660,AXJ HEALTHCARE PRIVATE LIMITED,Active,62099.0,NAME_BASED_MATCH,520,10000.0,Andhra Pradesh
U85100AP2022PTC121694,PRO SECRETS HEALTHCARE PRIVATE LIMITED,Active,85100.0,NAME_BASED_MATCH,520,100000.0,Andhra Pradesh
U85100AP2022PTC123137,SENTINIUNIVERSAL HEALTHCARE INDIA PRIVATE LIMITED,Active,85100.0,NAME_BASED_MATCH,510,1000000.0,Andhra Pradesh
U85300AP2022PTC122716,MEKLET HEALTHCARE PRIVATE LIMITED,Active,85300.0,NAME_BASED_MATCH,520,1000000.0,Andhra Pradesh
U86201AP2023PTC112142,JPVG HEALTHCARE SERVICES PRIVATE LIMITED,Active,86201.0,NAME_BASED_MATCH,510,10000.0,Andhra Pradesh
U46497AP2025PTC119053,PASKLS PHARMA PRIVATE LIMITED,Active,46497.0,PHARMA_CORPORATE_ENTITY,503,100000.0,Andhra Pradesh
U47721AP2025PTC121033,ALPHARISE PHARMA PRIVATE LIMITED,Active,47721.0,PHARMA_CORPORATE_ENTITY,520,100000.0,Andhra Pradesh
U51397AP2021PTC119274,HIGHIND PHARMA CARE INDIA PRIVATE LIMITED,Active,51397.0,PHARMA_CORPORATE_ENTITY,503,100000.0,Andhra Pradesh
U32501AP2025PTC122138,UNICARE SURGICALS PRIVATE LIMITED,Active,32501.0,PHARMA_RELATED_MANUFACTURER,506,100000.0,Andhra Pradesh
U33111AP2015PTC096801,NEMSIS PHARMACEUTICALS (I) PRIVATE LIMITED,Active,33111.0,PHARMA_CORPORATE_ENTITY,510,100000.0,Andhra Pradesh
AAS-6340,ENDORGEN LIFE SCIENCES LLP,Active,nan,PHARMA_CORPORATE_ENTITY,520,0.0,Andhra Pradesh
ABB-8086,TIRUMALA MEDICAL DIAGNOSTIC CENTRE LLP,Active,nan,NAME_BASED_MATCH,506,0.0,Andhra Pradesh
ABC-1217,BLOSSOMS-SMILE HEALTHCARE LLP,Active,nan,NAME_BASED_MATCH,510,0.0,Andhra Pradesh
ACG-9932,KAARIS PHARMACY LLP,Active,nan,PHARMA_CORPORATE_ENTITY,505,0.0,Andhra Pradesh
U74999AP2018PTC109934,VISWA LIFE SCIENCES PRIVATE LIMITED,Active,74999.0,PHARMA_CORPORATE_ENTITY,521,100000.0,Andhra Pradesh
ACW-2631,MSN PHARMA NEEDS LLP,Active,nan,PHARMA_CORPORATE_ENTITY,520,0.0,Andhra Pradesh
U51909AP2017PTC105349,LIPPINCOTTS PHARMACEUTICALS PRIVATE LIMITED,Active,51909.0,PHARMA_CORPORATE_ENTITY,510,1500000.0,Andhra Pradesh
U73100AP2025PTC117337,IMARK PHARMACEUTICALS PRIVATE LIMITED,Active,73100.0,PHARMA_CORPORATE_ENTITY,503,10000.0,Andhra Pradesh
U51909AP2019PTC111035,CHENNUS HERBAL IMPEX PRIVATE LIMITED,Strike Off,51909.0,NAME_BASED_MATCH,510,200000.0,Andhra Pradesh
U51909AP2021PTC117637,INFINIX PHARMACEUTICALS PRIVATE LIMITED,Active,51909.0,PHARMA_CORPORATE_ENTITY,519,100000.0,Andhra Pradesh
U85100AP2021PTC118646,ANJU HEALTHCARE SERVICES INDIA PRIVATE LIMITED,Active,85100.0,NAME_BASED_MATCH,505,10000000.0,Andhra Pradesh
U85191AP2006PTC048648,LEO HERBALS PRIVATE LIMITED,Active,85191.0,NAME_BASED_MATCH,520,0.0,Andhra Pradesh
U85195AP1996PTC025058,VIZIANAGAR SCANS AND DIAGNOSTICS PRIVATE LIMITED,Active,85195.0,NAME_BASED_MATCH,521,445000.0,Andhra Pradesh
U85300AP2020PTC116512,PANACAEA HEALTHCARE PRIVATE LIMITED,Strike Off,85300.0,NAME_BASED_MATCH,520,1000000.0,Andhra Pradesh
U85300AP2021PTC117748,CAELINA BIOTECH PRIVATE LIMITED,Strike Off,85300.0,PHARMA_CORPORATE_ENTITY,520,1000.0,Andhra Pradesh
U85300AP2022NPL123250,CAARE TELEMEDICINE FOUNDATION,Active,85300.0,PHARMA_CORPORATE_ENTITY,520,100000.0,Andhra Pradesh
U85300AP2022NPL123443,SAI VIZIANAGARAM DIAGNOSTIC CENTER'S ASSOCIATION,Active,85300.0,NAME_BASED_MATCH,521,20000.0,Andhra Pradesh
U85320AP2018PTC108453,WELLSPAN HEALTHCARE PRIVATE LIMITED,Strike Off,85320.0,NAME_BASED_MATCH,744,3000000.0,Andhra Pradesh
U85500AP2023PTC111452,VENSURA PHARMA INSTITUTE PRIVATE LIMITED,Active,85500.0,PHARMA_CORPORATE_ENTITY,503,30710000.0,Andhra Pradesh
U86905AP2023PTC112092,AG MEDTECH SOLUTIONS PRIVATE LIMITED,Active,86905.0,NAME_BASED_MATCH,505,10000.0,Andhra Pradesh
U86905AP2024PTC115791,ARIKOTLA DIAGNOSTICS PRIVATE LIMITED,Active,86905.0,NAME_BASED_MATCH,506,1000000.0,Andhra Pradesh
U86905AP2025PTC119615,DISCOVEREE MEDICAL DIAGNOSTICS AND RESEARCH PRIVATE LIMITED,Active,86905.0,NAME_BASED_MATCH,520,100000.0,Andhra Pradesh
U86909AP2023PTC112746,EXOME HEALTHCARE PRIVATE LIMITED,Active,86909.0,NAME_BASED_MATCH,506,100000.0,Andhra Pradesh
U46497AP2024PTC116340,YOKO LIFE SCIENCES PRIVATE LIMITED,Active,46497.0,PHARMA_CORPORATE_ENTITY,505,50000.0,Andhra Pradesh
U46497AP2025OPC118576,LUMINARC PHARMACEUTICALS (OPC) PRIVATE LIMITED,Active,46497.0,PHARMA_CORPORATE_ENTITY,520,100000.0,Andhra Pradesh
U46497AP2025PTC118109,LANAR HEALTHCARE PRIVATE LIMITED,Active,46497.0,NAME_BASED_MATCH,511,100000.0,Andhra Pradesh
U46497AP2025PTC118235,SY MEDI HEALTHCARE SCIENCE PRIVATE LIMITED,Active,46497.0,NAME_BASED_MATCH,510,100000.0,Andhra Pradesh
U46497AP2025PTC122150,OXECURE PHARMACEUTICALS PRIVATE LIMITED,Active,46497.0,PHARMA_CORPORATE_ENTITY,510,1000000.0,Andhra Pradesh
U46497AP2025PTC123121,SETH&GREEVS PHARMACEUTICAL PRIVATE LIMITED,Active,46497.0,PHARMA_CORPORATE_ENTITY,517,100000.0,Andhra Pradesh
U46900AP2026PTC124586,AMRUTKA N FORMULATIONS PRIVATE LIMITED,Active,46900.0,PHARMA_CORPORATE_ENTITY,750,100000.0,Andhra Pradesh
U46909AP2023PTC112352,RRK FORMULATIONS PRIVATE LIMITED,Active,46909.0,PHARMA_CORPORATE_ENTITY,748,100000.0,Andhra Pradesh
U47721AP2026PTC123821,NOSHKIN PHARMA PRIVATE LIMITED,Active,47721.0,PHARMA_CORPORATE_ENTITY,520,10000.0,Andhra Pradesh
U47721AP2026PTC124831,SK PHARMA HEALTH CARE PRIVATE LIMITED,Active,47721.0,PHARMA_CORPORATE_ENTITY,520,100000.0,Andhra Pradesh
U85100AP2019PTC112203,DHAARVI HEALTHCARE PRIVATE LIMITED,Active,85100.0,NAME_BASED_MATCH,517,100000.0,Andhra Pradesh
U85191AP2012PTC079565,SURYA TEJ SURGICALS & HOSPITALS (VIZAG) PRIVATE LIMITED,Strike Off,85191.0,NAME_BASED_MATCH,520,100000.0,Andhra Pradesh
U85195AP2004PTC044223,CAVALIER HEALTHCARE PRIVATE LIMITED,Active,85195.0,NAME_BASED_MATCH,517,1650000.0,Andhra Pradesh
U85300AP2021PLC119906,MALAHARA HEALTHCARE SERVICES LIMITED,Active,85300.0,NAME_BASED_MATCH,510,9000000.0,Andhra Pradesh
U85300AP2021PTC118323,TEJASWI DIAGNOSTICS PRIVATE LIMITED,Active,85300.0,NAME_BASED_MATCH,520,13502330.0,Andhra Pradesh
U86909AP2025PTC123143,BENVA HEALTHCARE PRIVATE LIMITED,Active,86909.0,NAME_BASED_MATCH,505,10000.0,Andhra Pradesh
U93000AP2010PLC071898,BIOPRIST PHARMACEUTICALS LIMITED,Active,93000.0,PHARMA_CORPORATE_ENTITY,752,500000.0,Andhra Pradesh
U01500AP2024PTC114772,RISHIKAARA BIOTECH PRIVATE LIMITED,Active,1500.0,PHARMA_CORPORATE_ENTITY,520,50000.0,Andhra Pradesh
U05004AP2014PTC095556,VEGO BIOTECH PRIVATE LIMITED,Strike Off,5004.0,PHARMA_CORPORATE_ENTITY,519,500000.0,Andhra Pradesh
U24232AP2012PTC084644,LAKE PHARMA PRIVATE LIMITED,Strike Off,24232.0,DIRECT_NIC_PHARMA_MANUFACTURER,519,100000.0,Andhra Pradesh
U24232AP2014PTC093548,STYRAX LIFE SCIENCES PRIVATE LIMITED,Active,24232.0,DIRECT_NIC_PHARMA_MANUFACTURER,744,65660000.0,Andhra Pradesh
U24233AP2013PTC086452,K K V S AGROTECH PRIVATE LIMITED,Active,24233.0,DIRECT_NIC_PHARMA_MANUFACTURER,506,100000.0,Andhra Pradesh
U24233AP2015PTC096307,SRI SPR BIOLOGICS PRIVATE LIMITED,Active,24233.0,DIRECT_NIC_PHARMA_MANUFACTURER,510,500000.0,Andhra Pradesh
U24236AP1986PTC006874,MOLD INJE PVT. LTD.,Strike Off,24236.0,DIRECT_NIC_PHARMA_MANUFACTURER,520,200.0,Andhra Pradesh
U24239AP2000PTC034195,SIMSUNS MEGA MARKETING PRIVATE LIMITED,Strike Off,24239.0,DIRECT_NIC_PHARMA_MANUFACTURER,520,0.0,Andhra Pradesh
U24239AP2021PTC117189,OCTANEX LIFE SCIENCES PRIVATE LIMITED,Active,24239.0,DIRECT_NIC_PHARMA_MANUFACTURER,506,100000.0,Andhra Pradesh
U24239AP2021PTC117850,MEDVENTIZ PRIVATE LIMITED,Strike Off,24239.0,DIRECT_NIC_PHARMA_MANUFACTURER,510,100000.0,Andhra Pradesh
U24290AP2016PTC104315,REDDYS THERAPEUTICS PRIVATE LIMITED,Active,24290.0,PHARMA_CORPORATE_ENTITY,520,1000000.0,Andhra Pradesh
U24290AP2016PTC104375,MICRO NUTRIENT PHARMACEUTICALS PRIVATE LIMITED,Active,24290.0,PHARMA_CORPORATE_ENTITY,506,1000000.0,Andhra Pradesh
U24290AP2020PTC114970,LAVIN LABORATORIES PRIVATE LIMITED,Strike Off,24290.0,PHARMA_CORPORATE_ENTITY,520,2030000.0,Andhra Pradesh
U24304AP2017PTC106547,NARMADARIA LABORATORIES PRIVATE LIMITED,Active,24304.0,PHARMA_CORPORATE_ENTITY,506,100000.0,Andhra Pradesh
U24304AP2020PTC116352,GDM LABORATORIES PRIVATE LIMITED,Strike Off,24304.0,PHARMA_CORPORATE_ENTITY,503,200000.0,Andhra Pradesh
U26600AP2023PTC110933,PROKARE THERAPEUTICS PRIVATE LIMITED,Active,26600.0,PHARMA_RELATED_MANUFACTURER,520,500000.0,Andhra Pradesh
U32509AP2025PTC118764,BIOWEAVE HEALTHCARE PRIVATE LIMITED,Active,32509.0,PHARMA_RELATED_MANUFACTURER,520,100000.0,Andhra Pradesh
U33125AP2021PTC119451,DR. OBAC HEALTHCARE PRIVATE LIMITED,Active,33125.0,NAME_BASED_MATCH,520,20000.0,Andhra Pradesh
U33309AP2018PTC108976,REDOY PHARMA PRIVATE LIMITED,Active,33309.0,PHARMA_CORPORATE_ENTITY,510,100000.0,Andhra Pradesh
U52609AP2020PTC115048,VANYA HERBALS PRIVATE LIMITED,Active,52609.0,NAME_BASED_MATCH,517,100000.0,Andhra Pradesh
AAE-1717,MANASVI PHARMA LLP,Active,nan,PHARMA_CORPORATE_ENTITY,520,0.0,Andhra Pradesh
AAZ-1367,CAREER PHARMA ACADEMY LLP,Active,nan,PHARMA_CORPORATE_ENTITY,520,0.0,Andhra Pradesh
ACM-1368,CHARVIKA HEALTHCARE LLP,Active,nan,NAME_BASED_MATCH,520,0.0,Andhra Pradesh
ACM-4852,ANJIO MEDTECH LLP,Active,nan,NAME_BASED_MATCH,506,0.0,Andhra Pradesh
U85100AP2015PTC097920,SURAKSHITHA HEALTHCARE PRIVATE LIMITED,Active,85100.0,NAME_BASED_MATCH,511,112923000.0,Andhra Pradesh
U52599AP2022OPC121823,AKSCHAN HERBALS (OPC) PRIVATE LIMITED,Active,52599.0,NAME_BASED_MATCH,520,10000.0,Andhra Pradesh
U02102AP2000PTC120603,PEGASUS ENTERPRISES PRIVATE LIMITED,Active,2102.0,DIRECT_NIC_PHARMA_MANUFACTURER,520,83475000.0,Andhra Pradesh
U21002AP2007PTC053247,EISAI PHARMACEUTICALS INDIA PRIVATE LIMITED,Active,21002.0,DIRECT_NIC_PHARMA_MANUFACTURER,744,2708324330.0,Andhra Pradesh
U21098AP2011PTC074421,GREENTECH PAPER BOARDS PRIVATE LIMITED,Strike Off,21098.0,DIRECT_NIC_PHARMA_MANUFACTURER,520,100000.0,Andhra Pradesh
U24110AP1988PTC008552,RAYALASEEMA PHARMA AND CHEMICALS PRIVATE LIMITED,Strike Off,24110.0,PHARMA_CORPORATE_ENTITY,520,2000.0,Andhra Pradesh
U20122AP2024PTC113566,CROCUS AGRI LIFE SCIENCES PRIVATE LIMITED,Active,20122.0,PHARMA_RELATED_MANUFACTURER,520,1000000.0,Andhra Pradesh
U21000AP2012FTC103644,VITAL PAPER PRODUCTS PRIVATE LIMITED,Active,21000.0,DIRECT_NIC_PHARMA_MANUFACTURER,503,10984850.0,Andhra Pradesh
U21001AP2025PTC123025,STRIGINE HEALTHCARE PRIVATE LIMITED,Active,21001.0,DIRECT_NIC_PHARMA_MANUFACTURER,506,100000.0,Andhra Pradesh
U21012AP2006PTC049919,SINDHURA PAPER PRIVATE LIMITED,Active,21012.0,DIRECT_NIC_PHARMA_MANUFACTURER,520,540000000.0,Andhra Pradesh
U24230AP1990PTC011170,KRISHNA MOBILITY PRIVATE LIMITED,Active,24230.0,DIRECT_NIC_PHARMA_MANUFACTURER,510,7000000.0,Andhra Pradesh
U21093AP2006PTC051712,SHREENA PAPERS PRIVATE LIMITED,Strike Off,21093.0,DIRECT_NIC_PHARMA_MANUFACTURER,510,100000.0,Andhra Pradesh
U24230AP2019PTC112643,SIRIS R & D PRIVATE LIMITED,Strike Off,24230.0,DIRECT_NIC_PHARMA_MANUFACTURER,510,100000.0,Andhra Pradesh
U24231AP1984PTC004909,KALYANA CHAKRAVARTHY PHARMA PRIVATE LIMITED,Strike Off,24231.0,DIRECT_NIC_PHARMA_MANUFACTURER,503,2000.0,Andhra Pradesh
U24232AP2008PTC059563,VERDANT LIFE SCIENCES PRIVATE LIMITED,Active,24232.0,DIRECT_NIC_PHARMA_MANUFACTURER,520,203455210.0,Andhra Pradesh
U24232AP2012PTC080356,SRI KRISHNA SAI BIO PRODUCTS PRIVATE LIMITED,Active,24232.0,DIRECT_NIC_PHARMA_MANUFACTURER,519,7208000.0,Andhra Pradesh
U24233AP2015PTC097164,APPLOMB PHARMA PRIVATE LIMITED,Strike Off,24233.0,DIRECT_NIC_PHARMA_MANUFACTURER,517,50000.0,Andhra Pradesh
U24239AP2001PTC036554,SASYA BIO-REMEDIES PRIVATE LIMITED,Active,24239.0,DIRECT_NIC_PHARMA_MANUFACTURER,510,2231000.0,Andhra Pradesh
U24290AP2021PTC119680,MEDPROVEN PHARMA PRIVATE LIMITED,Active,24290.0,PHARMA_CORPORATE_ENTITY,510,100000.0,Andhra Pradesh
U24100AP2015PTC096978,JAYAHARI PHARMACEUTICALS PRIVATE LIMITED,Strike Off,24100.0,PHARMA_CORPORATE_ENTITY,520,200000.0,Andhra Pradesh
U24129AP2003PTC041848,RADAR BIOTECH PRIVATE LIMITED,Active,24129.0,PHARMA_CORPORATE_ENTITY,520,800000.0,Andhra Pradesh
U24230AP1988PTC008139,PONOORE AGENCIES PVT LTD,Strike Off,24230.0,DIRECT_NIC_PHARMA_MANUFACTURER,517,0.0,Andhra Pradesh
U24230AP1993PTC015877,SANVIT LABORATORIES PVT LTD,Amalgamated,24230.0,DIRECT_NIC_PHARMA_MANUFACTURER,520,105000.0,Andhra Pradesh
U24230AP2022PTC123038,ARTREGENENG PRIVATE LIMITED,Active,24230.0,DIRECT_NIC_PHARMA_MANUFACTURER,503,100000.0,Andhra Pradesh
U24232AP2007PTC056627,LAILA FORMULATIONS PRIVATE LIMITED,Active,24232.0,DIRECT_NIC_PHARMA_MANUFACTURER,519,100000.0,Andhra Pradesh
U24232AP2010PTC067464,GALAXI UNIORGANIX PRIVATE LIMITED,Strike Off,24232.0,DIRECT_NIC_PHARMA_MANUFACTURER,521,100000.0,Andhra Pradesh
U24233AP2013PTC090933,RAJAHMUNDRY PHARMACEUTICALS PRIVATE LIMITED,Active,24233.0,DIRECT_NIC_PHARMA_MANUFACTURER,506,1500000.0,Andhra Pradesh
U24239AP2004PTC042946,FUSION ADVANCED MATERIALS PRIVATE LIMITED,Active,24239.0,DIRECT_NIC_PHARMA_MANUFACTURER,520,1000000.0,Andhra Pradesh
U24293AP2020PTC116480,BEAUTYJOY HERBAL PRODUCTS PRIVATE LIMITED,Active,24293.0,NAME_BASED_MATCH,520,100000.0,Andhra Pradesh
U24299AP2020PTC115799,BIOFUSE LIFE SCIENCES PRIVATE LIMITED,Active,24299.0,PHARMA_CORPORATE_ENTITY,523,100000.0,Andhra Pradesh
U24299AP2020PTC115959,OAKLANDS PHARMACEUTICALS PRIVATE LIMITED,Strike Off,24299.0,PHARMA_CORPORATE_ENTITY,510,100000.0,Andhra Pradesh
U24304AP2016PTC104301,EMR LABORATORIES PRIVATE LIMITED,Active,24304.0,PHARMA_CORPORATE_ENTITY,520,1000000.0,Andhra Pradesh
ACO-4054,MESARA HEALTHCARE LLP,Active,nan,NAME_BASED_MATCH,520,0.0,Andhra Pradesh
ACT-3438,DHANVANTREYA BIOTECH LLP,Active,nan,PHARMA_CORPORATE_ENTITY,511,0.0,Andhra Pradesh
U85100AP2015PTC097596,AMORAS HEALTHCARE PRIVATE LIMITED,Active,85100.0,NAME_BASED_MATCH,519,100000.0,Andhra Pradesh
U85100AP2019PTC111037,DR.JPEE HUMAN LIFE CARE PHARMA PRIVATE LIMITED,Strike Off,85100.0,PHARMA_CORPORATE_ENTITY,520,1000000.0,Andhra Pradesh
U85100AP2021PTC119585,ESHA KURNOOL DIAGNOSTICS PRIVATE LIMITED,Active,85100.0,NAME_BASED_MATCH,511,1100000.0,Andhra Pradesh
U85110AP2005PTC047306,STEVES CANDOUR BIOTECH PRIVATE LIMITED,Strike Off,85110.0,PHARMA_CORPORATE_ENTITY,520,0.0,Andhra Pradesh
U85110AP2022OPC122192,TANVI TRINETRA HEALTHCARE (OPC) PRIVATE LIMITED,Active,85110.0,NAME_BASED_MATCH,519,100000.0,Andhra Pradesh
U85190AP2021PTC117647,KAIZEN QUALITY HEALTHCARE CONSULTANCY PRIVATE LIMITED,Active,85190.0,NAME_BASED_MATCH,506,100000.0,Andhra Pradesh
U85300AP2020PTC114440,DOCTOEVO HEALTHCARE PRIVATE LIMITED,Active,85300.0,NAME_BASED_MATCH,520,100000.0,Andhra Pradesh
U85300AP2022PTC123081,GENSYS MEDILABS AND DIAGNOSTIC CENTRE PRIVATE LIMITED,Active,85300.0,NAME_BASED_MATCH,503,50000.0,Andhra Pradesh
U86905AP2025PTC120908,ORBIT PRECISION DIAGNOSTICS PRIVATE LIMITED,Active,86905.0,NAME_BASED_MATCH,511,100000.0,Andhra Pradesh
U86909AP2023PTC112762,SOMAXON HEALTHCARE PRIVATE LIMITED,Active,86909.0,NAME_BASED_MATCH,523,100000.0,Andhra Pradesh
U86909AP2025PTC117725,SAI BABA HEALTHCARE SOLUTIONS INDIA PRIVATE LIMITED,Active,86909.0,NAME_BASED_MATCH,506,56352000.0,Andhra Pradesh
U93000AP2019PTC110216,GPD MEDPRO LIFE SCIENCES PRIVATE LIMITED,Strike Off,93000.0,PHARMA_CORPORATE_ENTITY,503,100000.0,Andhra Pradesh
AAY-1131,ORO RX HEALTHCARE LLP,Active,nan,NAME_BASED_MATCH,510,0.0,Andhra Pradesh
U74999AP2017PTC105332,SREVEDA HEALTHCARE PRIVATE LIMITED,Strike Off,74999.0,NAME_BASED_MATCH,523,100000.0,Andhra Pradesh
ACJ-5641,EVOLVIN BIOPHARMA LLP,Active,nan,PHARMA_CORPORATE_ENTITY,520,0.0,Andhra Pradesh
U01100AP2022PTC122525,ADOBS BIOTECH LABS & FARMS PRIVATE LIMITED,Active,1100.0,PHARMA_CORPORATE_ENTITY,523,100000.0,Andhra Pradesh
U73100AP2022PTC122230,SK PHARMATECH SOLUTIONS PRIVATE LIMITED,Active,73100.0,PHARMA_CORPORATE_ENTITY,520,100000.0,Andhra Pradesh
U85100AP2012PTC079792,TRIVITECH DIAGNOSTIC SOLUTIONS PRIVATE LIMITED,Active,85100.0,NAME_BASED_MATCH,520,13933330.0,Andhra Pradesh
U85100AP2022PTC122471,SREENIVAS INDUS HEALTHCARE PRIVATE LIMITED,Active,85100.0,NAME_BASED_MATCH,505,25000000.0,Andhra Pradesh
U47720AP2024OPC115261,KK HERBAL MARKETING (OPC) PRIVATE LIMITED,Active,47720.0,NAME_BASED_MATCH,520,10000.0,Andhra Pradesh
U20236AP2025PTC122722,SADGURU KRIPA AYURVEDIC LABORATORIES PRIVATE LIMITED,Active,20236.0,PHARMA_RELATED_MANUFACTURER,523,10000.0,Andhra Pradesh
U21000AP2018PTC109819,DRAKSHAYINI AGRO INDUSTRIES PRIVATE LIMITED,Active,21000.0,DIRECT_NIC_PHARMA_MANUFACTURER,506,100000.0,Andhra Pradesh
U21000AP2021PTC118272,BRANDNOVUS PAPERS PRIVATE LIMITED,Active,21000.0,DIRECT_NIC_PHARMA_MANUFACTURER,505,100000.0,Andhra Pradesh
U21001AP2024PTC114127,GLENEX PHARMACEUTICALS PRIVATE LIMITED,Active,21001.0,DIRECT_NIC_PHARMA_MANUFACTURER,506,100000.0,Andhra Pradesh
U21001AP2024PTC114582,VASAMAMBA VICTORY PHARMA INDIA PRIVATE LIMITED,Active,21001.0,DIRECT_NIC_PHARMA_MANUFACTURER,505,100000.0,Andhra Pradesh
U21001AP2025PTC119870,OPINOR HEALTH PRIVATE LIMITED,Active,21001.0,DIRECT_NIC_PHARMA_MANUFACTURER,506,100000.0,Andhra Pradesh
U21002AP2024PTC116566,BHARATI INTEGRATIVE HEALTH AND WELLNESS PRIVATE LIMITED,Active,21002.0,DIRECT_NIC_PHARMA_MANUFACTURER,520,100000.0,Andhra Pradesh
U21002AP2026PTC123904,HOTHA LINEAGE HARMONY PHARMA PRIVATE LIMITED,Active,21002.0,DIRECT_NIC_PHARMA_MANUFACTURER,520,100000.0,Andhra Pradesh
U21003AP2025PTC118866,LAILA NUTRA PRIVATE LIMITED,Active,21003.0,DIRECT_NIC_PHARMA_MANUFACTURER,510,50000000.0,Andhra Pradesh
U21003AP2025PTC121300,PANCHAPRANA HERBAL REMEDIES PRIVATE LIMITED,Active,21003.0,DIRECT_NIC_PHARMA_MANUFACTURER,505,100000.0,Andhra Pradesh
U21003AP2026PTC125332,LAILA WELLNESS PRIVATE LIMITED,Active,21003.0,DIRECT_NIC_PHARMA_MANUFACTURER,510,100000.0,Andhra Pradesh
U21010AP1975PTC001871,SURYA CHANDRA PAPER MILLS PRIVATE LIMITED,Active,21010.0,DIRECT_NIC_PHARMA_MANUFACTURER,505,78609000.0,Andhra Pradesh
U21012AP1976PTC002089,UNIQUE SPECIALITY PAPERS PVT LTD,Strike Off,21012.0,DIRECT_NIC_PHARMA_MANUFACTURER,523,1000.0,Andhra Pradesh
U21012AP1991PTC012852,JAYASHREE PAPER BOARDS PRIVATE LIMITED,Strike Off,21012.0,DIRECT_NIC_PHARMA_MANUFACTURER,520,0.0,Andhra Pradesh
U21012AP2005PTC048414,SREE SAIVENKATA PACKAGING PRIVATE LIMITED,Strike Off,21012.0,DIRECT_NIC_PHARMA_MANUFACTURER,520,50000.0,Andhra Pradesh
U21014AP1988PTC009372,BHANU PACK PVT LTD,Strike Off,21014.0,DIRECT_NIC_PHARMA_MANUFACTURER,517,0.0,Andhra Pradesh
U21020AP1993PTC016369,COASTAL CARTONS PVT LTD,Active,21020.0,DIRECT_NIC_PHARMA_MANUFACTURER,520,5886000.0,Andhra Pradesh
U21021AP1996PTC024709,SESHASAI PACKAGES PRIVATE LIMITED,Strike Off,21021.0,DIRECT_NIC_PHARMA_MANUFACTURER,520,0.0,Andhra Pradesh
U21098AP2014PTC094671,MNP PAPER PRODUCT INDUSTRIES PRIVATE LIMITED,Under process of striking off,21098.0,DIRECT_NIC_PHARMA_MANUFACTURER,520,100000.0,Andhra Pradesh
U21099AP2022OPC123678,HARSHINI PAPER PRODUCTS (OPC) PRIVATE LIMITED,Strike Off,21099.0,DIRECT_NIC_PHARMA_MANUFACTURER,503,25000.0,Andhra Pradesh
U22300AP2022PTC123285,WEDGES LIFE SCIENCES PRIVATE LIMITED,Active,22300.0,PHARMA_CORPORATE_ENTITY,506,1500000.0,Andhra Pradesh
U24100AP2009PTC064262,GAGAN BIOTECH PRIVATE LIMITED,Strike Off,24100.0,PHARMA_CORPORATE_ENTITY,519,100000.0,Andhra Pradesh
U24100AP2020PTC115695,NIKTAM PHARMA PRIVATE LIMITED,Strike Off,24100.0,PHARMA_CORPORATE_ENTITY,505,100000.0,Andhra Pradesh
U24110AP1985PTC005517,ESDEE PHARMA LABS.PVT LTD,Under process of striking off,24110.0,PHARMA_CORPORATE_ENTITY,520,2000.0,Andhra Pradesh
U24110AP2017PTC106559,GARUDA DRUGS & PHARMACEUTICALS PRIVATE LIMITED,Strike Off,24110.0,PHARMA_CORPORATE_ENTITY,520,100000.0,Andhra Pradesh
U24110AP2020PTC115235,MOMAS PHARMA PRIVATE LIMITED,Active,24110.0,PHARMA_CORPORATE_ENTITY,520,100000.0,Andhra Pradesh
U24200AP2000PTC033780,SRI SHARMILA PHARMA AND CHEMICALS PRIVATE LIMITED,Strike Off,24200.0,PHARMA_CORPORATE_ENTITY,520,0.0,Andhra Pradesh
U24230AP1985PTC005355,PHARMAN DRUGS PVT LTD,Strike Off,24230.0,DIRECT_NIC_PHARMA_MANUFACTURER,510,100000.0,Andhra Pradesh
U24230AP1995PTC021341,VYSAKHI SANDAL PLANTATIONS PRIVATE LIMITED,Strike Off,24230.0,DIRECT_NIC_PHARMA_MANUFACTURER,520,0.0,Andhra Pradesh
U24230AP2019PTC113777,ARCHIMEDIS LIFE SCIENCES PRIVATE LIMITED,Strike Off,24230.0,DIRECT_NIC_PHARMA_MANUFACTURER,510,100000.0,Andhra Pradesh
U24232AP2007PTC054385,PALACHARLA ENTERPRISES PRIVATE LIMITED,Active,24232.0,DIRECT_NIC_PHARMA_MANUFACTURER,746,2000000.0,Andhra Pradesh
U24232AP2007PTC056590,LAILA TABLETS PRIVATE LIMITED,Active,24232.0,DIRECT_NIC_PHARMA_MANUFACTURER,519,100000.0,Andhra Pradesh
U24232AP2009PTC063877,SUBHODAYA FERTILISERS PRIVATE LIMITED,Active,24232.0,DIRECT_NIC_PHARMA_MANUFACTURER,520,2400000.0,Andhra Pradesh
U24232AP2011PTC074260,GBR PHARMACEUTICALS INDIA PRIVATE LIMITED,Strike Off,24232.0,DIRECT_NIC_PHARMA_MANUFACTURER,510,500000.0,Andhra Pradesh
U24232AP2012PTC081966,VINTA LABORATORIES PRIVATE LIMITED,Active,24232.0,DIRECT_NIC_PHARMA_MANUFACTURER,520,137062500.0,Andhra Pradesh
U24232AP2013PTC087360,NEGLA LIFE SCIENCES PRIVATE LIMITED,Strike Off,24232.0,DIRECT_NIC_PHARMA_MANUFACTURER,519,1000000.0,Andhra Pradesh
U24233AP1997PTC028487,SRI SATYASAI HERBO CARE PRIVATE LIMITED,Strike Off,24233.0,DIRECT_NIC_PHARMA_MANUFACTURER,503,0.0,Andhra Pradesh
U24233AP2004PTC043790,DR. T.V.P. LABS PRIVATE LIMITED,Strike Off,24233.0,DIRECT_NIC_PHARMA_MANUFACTURER,520,110000.0,Andhra Pradesh
U24233AP2011PTC074967,CHEMOL TECHNOLOGIES INDIA PRIVATE LIMITED,Active,24233.0,DIRECT_NIC_PHARMA_MANUFACTURER,520,20500000.0,Andhra Pradesh
U24233AP2014PTC095575,MERKS DRUGS PRIVATE LIMITED,Converted to LLP,24233.0,DIRECT_NIC_PHARMA_MANUFACTURER,520,100000.0,Andhra Pradesh
U24235AP1988PTC008957,ANGEL PHARMA PRIVATE LIMITED.,Active,24235.0,DIRECT_NIC_PHARMA_MANUFACTURER,520,3789500.0,Andhra Pradesh
U24239AP1982PTC003575,TINI PHARMA PRIVATE LIMITED,Active,24239.0,DIRECT_NIC_PHARMA_MANUFACTURER,511,1000000.0,Andhra Pradesh
U24239AP1984PTC004562,COASTAL PHARMA CHEM PRIVATE LIMITED,Strike Off,24239.0,DIRECT_NIC_PHARMA_MANUFACTURER,520,15000.0,Andhra Pradesh
U24239AP1985PTC005783,SHREE TRANSFUSIONS PVT LTD,Active,24239.0,DIRECT_NIC_PHARMA_MANUFACTURER,520,604700.0,Andhra Pradesh
U24239AP1987PTC008100,MAX INTERNATIONAL INFUSIONS PVT LTD,Strike Off,24239.0,DIRECT_NIC_PHARMA_MANUFACTURER,520,200.0,Andhra Pradesh
U24239AP1994PTC017838,"RIGEL PHARMA PVT LTD,",Strike Off,24239.0,DIRECT_NIC_PHARMA_MANUFACTURER,520,0.0,Andhra Pradesh
U24239AP2003PTC041738,S.K. HEALTH CARE FORMULATIONS PRIVATE LIMITED,Active,24239.0,DIRECT_NIC_PHARMA_MANUFACTURER,505,22500000.0,Andhra Pradesh
U24239AP2019PTC111534,LAXHEALTHCARE PRIVATE LIMITED,Active,24239.0,DIRECT_NIC_PHARMA_MANUFACTURER,506,100000.0,Andhra Pradesh
U24240AP2020OPC116934,SRI DHANVANTARI MAHARAJ AYURVEDIC PHARMACEUTICALS (OPC) PRIVATE LIMITED,Strike Off,24240.0,PHARMA_CORPORATE_ENTITY,520,100000.0,Andhra Pradesh
U24290AP2019PTC111598,PHYTO BIOLOGIC PHARMACEUTICS INDIA PRIVATE LIMITED,Active,24290.0,PHARMA_CORPORATE_ENTITY,520,100000.0,Andhra Pradesh
U24299AP2018PTC109365,INTRON LIFE SCIENCES PRIVATE LIMITED,Active,24299.0,PHARMA_CORPORATE_ENTITY,749,203191630.0,Andhra Pradesh
U24303AP2012PTC078648,GLENWOOD BIOTECH PRIVATE LIMITED,Active,24303.0,PHARMA_CORPORATE_ENTITY,520,100000.0,Andhra Pradesh
U24304AP2020PTC116442,QULE PHARMA PRIVATE LIMITED,Active,24304.0,PHARMA_CORPORATE_ENTITY,520,1000000.0,Andhra Pradesh
U33110AP2021PTC117025,VARIETY BIOSOLUTION 4 RESEARCH & HEALTHCARE PRIVATE LIMITED,Active,33110.0,NAME_BASED_MATCH,520,100000.0,Andhra Pradesh
U36990AP2019PTC111318,AMARA LIFE SCIENCES PRIVATE LIMITED,Active,36990.0,PHARMA_CORPORATE_ENTITY,520,50000000.0,Andhra Pradesh
U72100AP2025PTC121609,VLAKKON THERAPEUTICS PRIVATE LIMITED,Active,72100.0,PHARMA_CORPORATE_ENTITY,506,100000.0,Andhra Pradesh
U01611AP2023PTC112424,GOMATHI VIDYA AGRI BIOTECH RESEARCH PROJECT PRIVATE LIMITED,Active,1611.0,PHARMA_CORPORATE_ENTITY,505,100000.0,Andhra Pradesh
U05000AP2019PTC112079,KOLLERU AQUA DIAGNOSTIC & RESEARCH LAB PRIVATE LIMITED,Strike Off,5000.0,NAME_BASED_MATCH,748,1000000.0,Andhra Pradesh
U15100AP2020PTC116050,VASAVI BIOTECH PRIVATE LIMITED,Active,15100.0,PHARMA_CORPORATE_ENTITY,510,20000000.0,Andhra Pradesh
U21000AP2012PTC080944,PRATHYUSHA PAPER MILLS PRIVATE LIMITED,Strike Off,21000.0,DIRECT_NIC_PHARMA_MANUFACTURER,520,100000.0,Andhra Pradesh
U21001AP2025PTC121820,BIOLYNK TECHNOLOGIES PRIVATE LIMITED,Active,21001.0,DIRECT_NIC_PHARMA_MANUFACTURER,517,10000.0,Andhra Pradesh
U21002AP2025PTC121526,VIVITAZ HEALTHCARE PRIVATE LIMITED,Active,21002.0,DIRECT_NIC_PHARMA_MANUFACTURER,520,100000.0,Andhra Pradesh
U21002AP2025PTC121915,VIRELEAF LABS PRIVATE LIMITED,Active,21002.0,DIRECT_NIC_PHARMA_MANUFACTURER,520,100000.0,Andhra Pradesh
U21003AP2025PTC119471,INDRAYA RITUALS PRIVATE LIMITED,Active,21003.0,DIRECT_NIC_PHARMA_MANUFACTURER,503,100000.0,Andhra Pradesh
U21004AP2025PTC118785,NAVAVIDA HEALTH SOLUTIONS PRIVATE LIMITED,Active,21004.0,DIRECT_NIC_PHARMA_MANUFACTURER,520,10000.0,Andhra Pradesh
U21010AP1998PTC029210,POTHURI GRAPHICS PRIVATE LIMITED,Active,21010.0,DIRECT_NIC_PHARMA_MANUFACTURER,520,146100.0,Andhra Pradesh
U21010AP2006PTC048889,SAI NARENDRA PAPER PVT LTD,Strike Off,21010.0,DIRECT_NIC_PHARMA_MANUFACTURER,520,0.0,Andhra Pradesh
U21011AP1999PTC032815,TRIMURTHY AGRO BOARDS PRIVATE LIMITED,Active,21011.0,DIRECT_NIC_PHARMA_MANUFACTURER,520,415400.0,Andhra Pradesh
U21012AP1975PTC001961,PULAVARTHY PAPER AND BOARDS PVT LTD.,Active,21012.0,DIRECT_NIC_PHARMA_MANUFACTURER,520,2000000.0,Andhra Pradesh
U21012AP2001PTC037727,MOON BOOKS PRIVATE LIMITED,Strike Off,21012.0,DIRECT_NIC_PHARMA_MANUFACTURER,520,0.0,Andhra Pradesh
U21012AP2004PTC044270,SIMHAGIRI PAPER MILLS PRIVATE LIMITED,Active,21012.0,DIRECT_NIC_PHARMA_MANUFACTURER,749,42832100.0,Andhra Pradesh
U21012AP2005PTC045187,SRI RAMADAS PAPER MILLS PRIVATE LIMITED,Strike Off,21012.0,DIRECT_NIC_PHARMA_MANUFACTURER,506,140000.0,Andhra Pradesh
U21012AP2007PTC052437,HEMA PAPER MACHINERY INDIA PRIVATE LIMITED,Active,21012.0,DIRECT_NIC_PHARMA_MANUFACTURER,520,250000.0,Andhra Pradesh
U21012AP2011PTC073992,SVVS PAPERS PRIVATE LIMITED,Strike Off,21012.0,DIRECT_NIC_PHARMA_MANUFACTURER,520,100000.0,Andhra Pradesh
U21014AP1996PTC025096,COROMANDEL EXPOPACK PRIVATE LIMITED,Active,21014.0,DIRECT_NIC_PHARMA_MANUFACTURER,520,5166920.0,Andhra Pradesh
U21020AP2005PTC045943,VENKATESVARA AGRO PAPER PRODUCTS PRIVATE LIMITED,Active,21020.0,DIRECT_NIC_PHARMA_MANUFACTURER,520,90000000.0,Andhra Pradesh
U21020AP2014PLC094836,LORDVEN INDUSTRIES LIMITED,Active,21020.0,DIRECT_NIC_PHARMA_MANUFACTURER,511,500000.0,Andhra Pradesh
U21021AP2021OPC120437,SESH 93 ACCESSORIES (OPC) PRIVATE LIMITED,Strike Off,21021.0,DIRECT_NIC_PHARMA_MANUFACTURER,520,20000.0,Andhra Pradesh
U21093AP2021PTC119365,HANUMAN PAPER MILL AND PRODUCTS INDIA PRIVATE LIMITED,Active,21093.0,DIRECT_NIC_PHARMA_MANUFACTURER,510,100000.0,Andhra Pradesh
U21099AP2002PTC038351,MULLAPUDI JUTE FIBRES PRIVATE LIMITED,Strike Off,21099.0,DIRECT_NIC_PHARMA_MANUFACTURER,523,0.0,Andhra Pradesh
U21099AP2004PTC043158,BHASKARA PAPER PRODUCTS PRIVATE LIMITED,Strike Off,21099.0,DIRECT_NIC_PHARMA_MANUFACTURER,520,1500000.0,Andhra Pradesh
U23999AP2011PTC072343,BLUE OCEAN BIOTECH PRIVATE LIMITED,Active,23999.0,PHARMA_CORPORATE_ENTITY,505,54732090.0,Andhra Pradesh
U24100AP2014PTC095114,CHEMILOIDS LIFE SCIENCES PRIVATE LIMITED,Active,24100.0,PHARMA_CORPORATE_ENTITY,519,60000000.0,Andhra Pradesh
U24100AP2014PTC095857,AROS LIFE SCIENCES PRIVATE LIMITED,Strike Off,24100.0,PHARMA_CORPORATE_ENTITY,520,100000.0,Andhra Pradesh
U24100AP2018PTC108890,ABHEESHTA LIFE SCIENCES PRIVATE LIMITED,Active,24100.0,PHARMA_CORPORATE_ENTITY,511,100000.0,Andhra Pradesh
U24100AP2022PTC122182,LAXMINARAYANA PHARMACHEM PRIVATE LIMITED,Active,24100.0,PHARMA_CORPORATE_ENTITY,521,200000.0,Andhra Pradesh
U24110AP2021PTC118519,DRUGELIS PHARMA PRIVATE LIMITED,Active,24110.0,PHARMA_CORPORATE_ENTITY,520,1000000.0,Andhra Pradesh
U24110AP2022PTC122206,SOMNI PHARMA PRIVATE LIMITED,Active,24110.0,PHARMA_CORPORATE_ENTITY,520,200000.0,Andhra Pradesh
U24200AP1996PTC025496,DIMARKS PHARMATECH PRIVATE LIMITED,Strike Off,24200.0,PHARMA_CORPORATE_ENTITY,520,0.0,Andhra Pradesh
U24211AP2014PTC094848,LILAC BIOTECH PRIVATE LIMITED,Under process of striking off,24211.0,PHARMA_CORPORATE_ENTITY,520,100000.0,Andhra Pradesh
U24230AP1967PTC011169,COASTAL CHEMICAL COMPANY PVT. LTD.,Strike Off,24230.0,DIRECT_NIC_PHARMA_MANUFACTURER,520,646000.0,Andhra Pradesh
U24230AP1987PTC007915,PAKS ORGANICS PVT LTD,Strike Off,24230.0,DIRECT_NIC_PHARMA_MANUFACTURER,520,410000.0,Andhra Pradesh
U24230AP1995PLC021384,TRIWIN PHARMACEUTICALS LIMITED,Active,24230.0,DIRECT_NIC_PHARMA_MANUFACTURER,752,500000.0,Andhra Pradesh
U24230AP1995PTC021035,JAPMO LABS PRIVATE LIMITED,Strike Off,24230.0,DIRECT_NIC_PHARMA_MANUFACTURER,752,0.0,Andhra Pradesh
U24230AP2022PLC122248,JATAS HERBALS LIMITED,Active,24230.0,DIRECT_NIC_PHARMA_MANUFACTURER,505,6000000.0,Andhra Pradesh
U24231AP1984PLC004734,NALLI STARCH AND GLUCOSE INDUSTRIES LTD.,Active,24231.0,DIRECT_NIC_PHARMA_MANUFACTURER,520,0.0,Andhra Pradesh
U24232AP1996PLC023127,GIOCON PHARMA LIMITED,Active,24232.0,DIRECT_NIC_PHARMA_MANUFACTURER,520,13236800.0,Andhra Pradesh
U24232AP2010PTC070173,SVR DRUGS PRIVATE LIMITED,Active,24232.0,DIRECT_NIC_PHARMA_MANUFACTURER,520,56067880.0,Andhra Pradesh
U24232AP2021PTC118057,PENNZYMES INTERNATIONAL PRIVATE LIMITED,Active,24232.0,DIRECT_NIC_PHARMA_MANUFACTURER,520,500000.0,Andhra Pradesh
U24232AP2021PTC118183,YAAFEH EVOLUTIONS PRIVATE LIMITED,Active,24232.0,DIRECT_NIC_PHARMA_MANUFACTURER,520,500000.0,Andhra Pradesh
U24233AP2011PTC075076,SUPER7 HERBAL PRIVATE LIMITED,Strike Off,24233.0,DIRECT_NIC_PHARMA_MANUFACTURER,520,100000.0,Andhra Pradesh
U24233AP2013PTC090751,MITTA EXIM INDIA PRIVATE LIMITED,Active,24233.0,DIRECT_NIC_PHARMA_MANUFACTURER,520,100000.0,Andhra Pradesh
U24239AP1990PTC011576,SIRI PHARMACEUTICALS PVT. LTD.,Strike Off,24239.0,DIRECT_NIC_PHARMA_MANUFACTURER,520,200000.0,Andhra Pradesh
U24239AP2017PTC106366,DILSHAR PHARMACEUTICALS PRIVATE LIMITED,Active,24239.0,DIRECT_NIC_PHARMA_MANUFACTURER,520,100000.0,Andhra Pradesh
U24241AP2019PTC113365,FRUITS AND FLOWERS AYURVEDA PRIVATE LIMITED,Active,24241.0,NAME_BASED_MATCH,503,50000.0,Andhra Pradesh
U24246AP1996PTC026072,PRIME TRUST HEALTHCARE PRIVATE LIMITED,Strike Off,24246.0,NAME_BASED_MATCH,520,200.0,Andhra Pradesh
U24290AP2020PTC116840,JCT PUNARNAVA AYURVEDA PHARMACY PRIVATE LIMITED,Strike Off,24290.0,PHARMA_CORPORATE_ENTITY,520,100000.0,Andhra Pradesh
U24290AP2021PTC117962,MEDISAVE PHARMACEUTICALS PRIVATE LIMITED,Active,24290.0,PHARMA_CORPORATE_ENTITY,503,100000.0,Andhra Pradesh
U24290AP2022PTC120773,VU PHARMA PRIVATE LIMITED,Active,24290.0,PHARMA_CORPORATE_ENTITY,520,200000.0,Andhra Pradesh
U24299AP2018PTC109632,BIOLLETS PHARMA PRIVATE LIMITED,Active,24299.0,PHARMA_CORPORATE_ENTITY,520,100000.0,Andhra Pradesh
U24299AP2021PTC117212,ZAMBAV BIO LABORATORIES PRIVATE LIMITED,Active,24299.0,PHARMA_CORPORATE_ENTITY,520,100000.0,Andhra Pradesh
U33112AP2001PTC036535,HEALTHCARE EQUIPMENTS AND AID LEVERAGES PRIVATE LIMITED,Strike Off,33112.0,NAME_BASED_MATCH,520,0.0,Andhra Pradesh
U46109AP2026PTC124114,APINEXA PHARMA SOLUTIONS PRIVATE LIMITED,Active,46109.0,PHARMA_CORPORATE_ENTITY,520,100000.0,Andhra Pradesh
U74120AP2015PTC097966,ADIUVO DIAGNOSTICS PRIVATE LIMITED,Active,74120.0,NAME_BASED_MATCH,520,221930.0,Andhra Pradesh
U74200AP2014PTC095480,ABHILASH BIOTECH PRIVATE LIMITED,Active,74200.0,PHARMA_CORPORATE_ENTITY,506,100000.0,Andhra Pradesh
U74900AP2014PTC095147,MANOJA HERBAL PRODUCTS PRIVATE LIMITED,Strike Off,74900.0,NAME_BASED_MATCH,519,100000.0,Andhra Pradesh
U74999AP2016PTC103969,RPK PHARMA PRIVATE LIMITED,Active,74999.0,PHARMA_CORPORATE_ENTITY,520,100000.0,Andhra Pradesh
U74999AP2018PTC108057,Q2RCM HEALTHCARE SOLUTIONS PRIVATE LIMITED,Active,74999.0,NAME_BASED_MATCH,520,300000.0,Andhra Pradesh
U74999AP2019PTC113738,BRINDA PHARMACY PRIVATE LIMITED,Strike Off,74999.0,PHARMA_CORPORATE_ENTITY,503,1000000.0,Andhra Pradesh
U46204AP2023OPC111771,WESLEY ANIMAL HEALTHCARE (OPC) PRIVATE LIMITED,Active,46204.0,NAME_BASED_MATCH,510,20000.0,Andhra Pradesh
U46497AP2023PTC111413,SWANSAW PHARMACEUTICALS PRIVATE LIMITED,Active,46497.0,PHARMA_CORPORATE_ENTITY,520,400000.0,Andhra Pradesh
U46497AP2023PTC111590,MY3 PHARMA PRIVATE LIMITED,Active,46497.0,PHARMA_CORPORATE_ENTITY,520,100000.0,Andhra Pradesh
U46497AP2024PTC113857,DEVI CHITRANSHI PHARMA PRIVATE LIMITED,Active,46497.0,PHARMA_CORPORATE_ENTITY,520,100000.0,Andhra Pradesh
U46497AP2025OPC121060,CHAIZE PHARMACEUTICALS (OPC) PRIVATE LIMITED,Active,46497.0,PHARMA_CORPORATE_ENTITY,510,100000.0,Andhra Pradesh
U47219AP2023PTC111811,POWER9HERBALS PRIVATE LIMITED,Active,47219.0,NAME_BASED_MATCH,506,1000000.0,Andhra Pradesh
U47721AP2024PTC113635,RAJIV SANJEEVANI GENERIC PHARMACY PRIVATE LIMITED,Active,47721.0,PHARMA_CORPORATE_ENTITY,503,100000.0,Andhra Pradesh
U51397AP2021PTC117654,CHIRAL CURE PHARMACEUTICAL PRIVATE LIMITED,Active,51397.0,PHARMA_CORPORATE_ENTITY,505,5000.0,Andhra Pradesh
U51909AP2018OPC107444,VIGA BIOTECH (OPC) PRIVATE LIMITED,Active,51909.0,PHARMA_CORPORATE_ENTITY,520,100000.0,Andhra Pradesh
U51909AP2022PTC121077,ILLUMENUS PHARMA PRIVATE LIMITED,Active,51909.0,PHARMA_CORPORATE_ENTITY,506,100000.0,Andhra Pradesh
U52100AP2019OPC111476,LGREEN HEALTHCARE (OPC) PRIVATE LIMITED,Active,52100.0,NAME_BASED_MATCH,510,100000.0,Andhra Pradesh
U73200AP2019PTC111531,HIGH Q DIAGNOSTICS PRIVATE LIMITED,Strike Off,73200.0,NAME_BASED_MATCH,510,100000.0,Andhra Pradesh
U74900AP2012PTC079878,ASHLEY HEALTHCARE PRIVATE LIMITED,Strike Off,74900.0,NAME_BASED_MATCH,503,100000.0,Andhra Pradesh
U74999AP2016PTC103838,POLYANTHUS LIFE SCIENCES PRIVATE LIMITED,Active,74999.0,PHARMA_CORPORATE_ENTITY,510,100000.0,Andhra Pradesh
U46497AP2012PTC079942,ONEHUB PHARMABIZ PRIVATE LIMITED,Active,46497.0,PHARMA_CORPORATE_ENTITY,749,100000.0,Andhra Pradesh
U46497AP2024PTC116616,RAN HEALTH PHARMACEUTICAL PRIVATE LIMITED,Active,46497.0,PHARMA_CORPORATE_ENTITY,520,600000.0,Andhra Pradesh
U47721AP2025PTC119435,EXPLORE PHARMACEUTICAL INDIA PRIVATE LIMITED,Active,47721.0,PHARMA_CORPORATE_ENTITY,520,100000.0,Andhra Pradesh
U47990AP2023PTC112941,CAMIN LIFE SCIENCES PRIVATE LIMITED,Active,47990.0,PHARMA_CORPORATE_ENTITY,510,100000.0,Andhra Pradesh
U51909AP2020PTC114139,SCANCARE PHARMACEUTICALS PRIVATE LIMITED,Active,51909.0,PHARMA_CORPORATE_ENTITY,510,500000.0,Andhra Pradesh
U51909AP2021PTC117486,ARYANI PHARMACEUTICALS PRIVATE LIMITED,Active,51909.0,PHARMA_CORPORATE_ENTITY,520,100000.0,Andhra Pradesh
U51909AP2022PTC122734,TAKIMO PHARMA PRIVATE LIMITED,Active,51909.0,PHARMA_CORPORATE_ENTITY,505,100000.0,Andhra Pradesh
U52100AP2019PTC112305,MAXMORE HEALTHCARE PRIVATE LIMITED,Active,52100.0,NAME_BASED_MATCH,520,200000.0,Andhra Pradesh
U62011AP2025PTC121169,MANTRANA HEALTHCARE TECHNOLOGY PRIVATE LIMITED,Active,62011.0,NAME_BASED_MATCH,520,20000.0,Andhra Pradesh
ACB-6812,RAMSENA HEALTHCARE SOLUTIONS LLP,Active,nan,NAME_BASED_MATCH,520,0.0,Andhra Pradesh
ACT-2894,BLISSFULIFE HEALTHCARE LLP,Active,nan,NAME_BASED_MATCH,520,0.0,Andhra Pradesh
U01100AP2021PTC119492,INVITRO LIFE SCIENCES PRIVATE LIMITED,Active,1100.0,PHARMA_CORPORATE_ENTITY,506,100000.0,Andhra Pradesh
U01119AP2013PTC086973,SRI MARIDI BIOTECH PRIVATE LIMITED,Active,1119.0,PHARMA_CORPORATE_ENTITY,505,5000000.0,Andhra Pradesh
U85100AP2010PTC070469,AKTINOS HEALTHCARE PRIVATE LIMITED,Amalgamated,85100.0,NAME_BASED_MATCH,520,85510200.0,Andhra Pradesh
U85100AP2011PTC072069,AAYUSH NRI LEPL HEALTHCARE PRIVATE LIMITED,Active,85100.0,NAME_BASED_MATCH,520,469512100.0,Andhra Pradesh
U85100AP2014PTC093469,MALLADI HEALTHCARE PRIVATE LIMITED,Active,85100.0,NAME_BASED_MATCH,520,100000.0,Andhra Pradesh
U85100AP2020PTC115343,PRECISION DIAGNOSTIC AND IMAGING SERVICES PRIVATE LIMITED,Active,85100.0,NAME_BASED_MATCH,520,12500000.0,Andhra Pradesh
U85110AP1993PTC016084,SUPER DIAGNOSTIC SERVICES PVT. LTD.,Strike Off,85110.0,NAME_BASED_MATCH,520,1700000.0,Andhra Pradesh
U85110AP1998PLC030685,VISAKHA HOSPITALS AND DIAGNOSTICS LIMITED,Amalgamated,85110.0,NAME_BASED_MATCH,520,4500300.0,Andhra Pradesh
U85100AP2011PTC075766,BHIMA HEALTHCARE PRIVATE LIMITED,Strike Off,85100.0,NAME_BASED_MATCH,521,100000.0,Andhra Pradesh
U85100AP2020PTC115458,GK1 AYURVEDAM PRIVATE LIMITED,Active,85100.0,NAME_BASED_MATCH,506,100000.0,Andhra Pradesh
U85100AP2022OPC122165,DERMIX HEALTHCARE (OPC) PRIVATE LIMITED,Active,85100.0,NAME_BASED_MATCH,510,50000.0,Andhra Pradesh
U85195AP1994PLC017466,WAKSMAN LABORATORIES (INDIA) LTD,Strike Off,85195.0,PHARMA_CORPORATE_ENTITY,510,0.0,Andhra Pradesh
U24230AP1987PTC008065,RECHAGAS PVT LTD,Strike Off,24230.0,DIRECT_NIC_PHARMA_MANUFACTURER,520,250.0,Andhra Pradesh
U24230AP1989PTC009937,KOVURU CHEMICALS PVT LTD.,Strike Off,24230.0,DIRECT_NIC_PHARMA_MANUFACTURER,520,300.0,Andhra Pradesh
U24230AP2020PTC115482,LATHIKA ENTERPRISES PRIVATE LIMITED,Active,24230.0,DIRECT_NIC_PHARMA_MANUFACTURER,510,500000.0,Andhra Pradesh
U24232AP2011PTC075497,CHOOSE BIO PHARMACEUTICALS PRIVATE LIMITED,Strike Off,24232.0,DIRECT_NIC_PHARMA_MANUFACTURER,511,100000.0,Andhra Pradesh
U24233AP2009PTC066004,SRI RAMADAS CHEMICALS PRIVATE LIMITED,Strike Off,24233.0,DIRECT_NIC_PHARMA_MANUFACTURER,506,123400.0,Andhra Pradesh
U24239AP1988PTC008674,VEMPA PHARMACEUTICALS PVT LTD,Strike Off,24239.0,DIRECT_NIC_PHARMA_MANUFACTURER,752,400.0,Andhra Pradesh
U24239AP2004PTC043047,PRAKRUTHI MEDICINAL AND AEROMATIC PLANT FARMS PRIVATE LIMITED,Strike Off,24239.0,DIRECT_NIC_PHARMA_MANUFACTURER,506,120000.0,Andhra Pradesh
U24290AP2021PTC118550,SRIPADMAVATHI PHARMACEUTICAL PRIVATE LIMITED,Active,24290.0,PHARMA_CORPORATE_ENTITY,506,100000.0,Andhra Pradesh
U24296AP2016PTC103902,CHATUR LIFE SCIENCES PRIVATE LIMITED,Active,24296.0,PHARMA_CORPORATE_ENTITY,520,1000000.0,Andhra Pradesh
U24230AP2014PTC093698,CLAVITA PHARMA PRIVATE LIMITED,Active,24230.0,DIRECT_NIC_PHARMA_MANUFACTURER,520,100000.0,Andhra Pradesh
U24230AP2022PTC121693,METTA'S PHARMA PRIVATE LIMITED,Active,24230.0,DIRECT_NIC_PHARMA_MANUFACTURER,520,100000.0,Andhra Pradesh
U24231AP2010PTC067069,VIRTUE HERBAL FORMULATIONS PRIVATE LIMITED,Active,24231.0,DIRECT_NIC_PHARMA_MANUFACTURER,520,100000.0,Andhra Pradesh
U24230AP2016PTC103950,SARVANI LABS PRIVATE LIMITED,Active,24230.0,DIRECT_NIC_PHARMA_MANUFACTURER,510,42125000.0,Andhra Pradesh
U24232AP2006PTC051881,CHORUS HEALTH CARE PRIVATE LIMITED,Strike Off,24232.0,DIRECT_NIC_PHARMA_MANUFACTURER,511,100000.0,Andhra Pradesh
U24232AP2014PTC095301,VALLI DRUGS AND PHARMACEUTICALS PRIVATE LIMITED,Strike Off,24232.0,DIRECT_NIC_PHARMA_MANUFACTURER,520,100000.0,Andhra Pradesh
U24233AP2013PTC085943,GODAAVARI LABS PRIVATE LIMITED,Active,24233.0,DIRECT_NIC_PHARMA_MANUFACTURER,520,550000000.0,Andhra Pradesh
U24233AP2015PTC096591,LARA GENOMIC SCIENCES PRIVATE LIMITED,Strike Off,24233.0,DIRECT_NIC_PHARMA_MANUFACTURER,510,12500000.0,Andhra Pradesh
U24234AP1997PTC028428,BABA HOMEO LABORATORIES PRIVATE LIMITED,Strike Off,24234.0,DIRECT_NIC_PHARMA_MANUFACTURER,520,1000.0,Andhra Pradesh
U24234AP1998PTC029260,SAPTHA KIRAN MEDICAL SERVICES PRIVATE LIMITED,Strike Off,24234.0,DIRECT_NIC_PHARMA_MANUFACTURER,505,2000.0,Andhra Pradesh
U24239AP2002PTC038342,GAJUWAKA PHARMACEUTICALS PRIVATE LIMITED,Active,24239.0,DIRECT_NIC_PHARMA_MANUFACTURER,520,1880000.0,Andhra Pradesh
U24299AP2022PTC122029,APT FORMULATIONS PRIVATE LIMITED,Active,24299.0,PHARMA_CORPORATE_ENTITY,520,1000000.0,Andhra Pradesh
U24230AP1991PTC012706,KAP BIO CULTURE PRIVATE LIMITED,Active,24230.0,DIRECT_NIC_PHARMA_MANUFACTURER,520,0.0,Andhra Pradesh
U24233AP2011PTC073718,SESHA SAI ORGANICS PRIVATE LIMITED,Active,24233.0,DIRECT_NIC_PHARMA_MANUFACTURER,520,300000.0,Andhra Pradesh
U24233AP2014PTC095334,DURGA BHAVANI CHEMICALS PRIVATE LIMITED,Strike Off,24233.0,DIRECT_NIC_PHARMA_MANUFACTURER,520,100000.0,Andhra Pradesh
U24236AP1993PTC015669,SIVA SIVANI SURGICAL COTTONS PVT LTD,Active,24236.0,DIRECT_NIC_PHARMA_MANUFACTURER,746,3090000.0,Andhra Pradesh
U24239AP1986PTC006826,EVE AIDS PRIVATE LIMITED,Active,24239.0,DIRECT_NIC_PHARMA_MANUFACTURER,520,5000.0,Andhra Pradesh
U24290AP2021PTC120016,PRIYAM SURGICALS PRIVATE LIMITED,Active,24290.0,NAME_BASED_MATCH,510,100000.0,Andhra Pradesh
U24304AP2020PTC115901,ESIN PHARMA PRIVATE LIMITED,Strike Off,24304.0,PHARMA_CORPORATE_ENTITY,520,100000.0,Andhra Pradesh
ACE-4710,SAIGEN PHARMA LLP,Active,nan,PHARMA_CORPORATE_ENTITY,520,0.0,Andhra Pradesh
U01119AP2005PTC045619,VIJAYADITYA AGRIBIOTECH PRIVATE LIMITED,Active,1119.0,PHARMA_CORPORATE_ENTITY,506,500000.0,Andhra Pradesh
U51909AP2016PTC103081,EUSTACIA PHARMACEUTICALS PRIVATE LIMITED,Active,51909.0,PHARMA_CORPORATE_ENTITY,520,100000.0,Andhra Pradesh
U52310AP2022PTC123740,MEDACE PHARMACEUTICALS PRIVATE LIMITED,Active,52310.0,PHARMA_CORPORATE_ENTITY,520,100000.0,Andhra Pradesh
U52500AP2016PTC103264,ARIN PHARMA PRIVATE LIMITED,Active,52500.0,PHARMA_CORPORATE_ENTITY,520,100000.0,Andhra Pradesh
U74900AP2016PTC098065,NAVANADHA PHARMA PRIVATE LIMITED,Strike Off,74900.0,PHARMA_CORPORATE_ENTITY,521,100000.0,Andhra Pradesh
U74999AP2016PTC103246,MEDHOME HEALTHCARE SERVICES PRIVATE LIMITED,Strike Off,74999.0,NAME_BASED_MATCH,520,100000.0,Andhra Pradesh
U74999AP2018PTC108940,LAZARSON BIOTECH PRIVATE LIMITED,Active,74999.0,PHARMA_CORPORATE_ENTITY,520,100000.0,Andhra Pradesh
U21000AP2008PTC059030,NEONATE PAPERS PRIVATE LIMITED,Strike Off,21000.0,DIRECT_NIC_PHARMA_MANUFACTURER,505,0.0,Andhra Pradesh
U21000AP2010PLC067424,SAMEERA PAPER INDUSTRY LIMITED,Active,21000.0,DIRECT_NIC_PHARMA_MANUFACTURER,520,102500000.0,Andhra Pradesh
U21000AP2011PTC072848,SAISIVA PACKAGING PRIVATE LIMITED,Active,21000.0,DIRECT_NIC_PHARMA_MANUFACTURER,519,100000.0,Andhra Pradesh
U21000AP2021OPC117830,LAKSHMI PRASANNA PAPER PRODUCTS (OPC) PRIVATE LIMITED,Strike Off,21000.0,DIRECT_NIC_PHARMA_MANUFACTURER,520,50000.0,Andhra Pradesh
U21000AP2025PTC120824,HITOJAS PRIVATE LIMITED,Active,21000.0,DIRECT_NIC_PHARMA_MANUFACTURER,510,50000.0,Andhra Pradesh
U21002AP2024PTC114145,MADHU REMEDIES PRIVATE LIMITED,Active,21002.0,DIRECT_NIC_PHARMA_MANUFACTURER,511,100000.0,Andhra Pradesh
U21002AP2025PTC120628,SHRI PRASHANTHI CHEMICALS PRIVATE LIMITED,Active,21002.0,DIRECT_NIC_PHARMA_MANUFACTURER,520,100000.0,Andhra Pradesh
U21002AP2025PTC121958,REGENIX PRIVATE LIMITED,Active,21002.0,DIRECT_NIC_PHARMA_MANUFACTURER,503,100000.0,Andhra Pradesh
U21003AP2024PTC113659,TN PINNACLE MARKETING PRIVATE LIMITED,Active,21003.0,DIRECT_NIC_PHARMA_MANUFACTURER,503,100000.0,Andhra Pradesh
U21003AP2025PTC121886,THRAYAM AYURVEDA PRIVATE LIMITED,Active,21003.0,DIRECT_NIC_PHARMA_MANUFACTURER,510,1500000.0,Andhra Pradesh
U21003AP2025PTC122115,NEURO MED SURGICALS PRIVATE LIMITED,Active,21003.0,DIRECT_NIC_PHARMA_MANUFACTURER,506,100000.0,Andhra Pradesh
U21004AP2026PTC124580,JOHA LIFE WELLNESS INDIA PRIVATE LIMITED,Active,21004.0,DIRECT_NIC_PHARMA_MANUFACTURER,510,100000.0,Andhra Pradesh
U21012AP1995PTC020314,SRI RAMALINGESWARA PAPER PRODUCTS PRIVATE LIMITED,Active,21012.0,DIRECT_NIC_PHARMA_MANUFACTURER,505,22950000.0,Andhra Pradesh
U21012AP2004PTC044268,ONGOLE PAPER MILLS PRIVATE LIMITED,Strike Off,21012.0,DIRECT_NIC_PHARMA_MANUFACTURER,749,6200000.0,Andhra Pradesh
U21012AP2005PTC047240,OMKAR KRAFT PAPER PRIVATE LIMITED,Strike Off,21012.0,DIRECT_NIC_PHARMA_MANUFACTURER,520,0.0,Andhra Pradesh
U21012AP2005PTC048394,VIJAIVANTH PACKAGING PRIVATE LIMITED,Active,21012.0,DIRECT_NIC_PHARMA_MANUFACTURER,520,100000.0,Andhra Pradesh
U21014AP1973PTC001605,PACKAGING PRODUCTS PVT LTD,Active,21014.0,DIRECT_NIC_PHARMA_MANUFACTURER,520,266400.0,Andhra Pradesh
U21020AP2014PTC095355,ASARA PAPER MILLS PRIVATE LIMITED,Under process of striking off,21020.0,DIRECT_NIC_PHARMA_MANUFACTURER,748,100000.0,Andhra Pradesh
U21093AP1983PTC003821,KAVACHA PACKAGES PVT LTD,Active,21093.0,DIRECT_NIC_PHARMA_MANUFACTURER,520,436700.0,Andhra Pradesh
U21093AP2020PTC116044,DRN CORRUGATED MANUFACTURERS PRIVATE LIMITED,Strike Off,21093.0,DIRECT_NIC_PHARMA_MANUFACTURER,520,500000.0,Andhra Pradesh
U21099AP2002PTC038352,ACHAMAMBA JUTE FABRIC PRIVATE LIMITED,Strike Off,21099.0,DIRECT_NIC_PHARMA_MANUFACTURER,523,100000.0,Andhra Pradesh
U21099AP2022PTC123044,ISRC ENTERPRISES PRIVATE LIMITED,Active,21099.0,DIRECT_NIC_PHARMA_MANUFACTURER,750,10000.0,Andhra Pradesh
U24100AP2016PTC104521,NEOSEKHMET PHARMACEUTICALS PRIVATE LIMITED,Active,24100.0,PHARMA_CORPORATE_ENTITY,506,200000.0,Andhra Pradesh
U24100AP2017PTC111480,RUI LABORATORIES PRIVATE LIMITED,Active,24100.0,PHARMA_CORPORATE_ENTITY,520,296150000.0,Andhra Pradesh
U24110AP2021PTC118087,LUCETTE BIO LABORATORIES PRIVATE LIMITED,Active,24110.0,PHARMA_CORPORATE_ENTITY,520,100000.0,Andhra Pradesh
U24230AP1981PTC003314,COASTEL DRUGS AND PHARMACEUITICALS PVT.LTD.,Strike Off,24230.0,DIRECT_NIC_PHARMA_MANUFACTURER,520,0.0,Andhra Pradesh
U24230AP1985PTC005666,DORLAND DURGS AND PHARMACEUTICALS PVT LT D,Strike Off,24230.0,DIRECT_NIC_PHARMA_MANUFACTURER,510,239000.0,Andhra Pradesh
U24230AP1991PTC012957,VIKLIK COSMO PRIVATE LIMITED,Strike Off,24230.0,DIRECT_NIC_PHARMA_MANUFACTURER,506,0.0,Andhra Pradesh
U24230AP1996PTC023397,SEVEN STAR PHARMA PRIVATE LIMITED,Strike Off,24230.0,DIRECT_NIC_PHARMA_MANUFACTURER,521,400000.0,Andhra Pradesh
U24230AP1998PTC028828,SRI SRINIVASA HERBLEX PRIVATE LIMITED,Active,24230.0,DIRECT_NIC_PHARMA_MANUFACTURER,520,5591000.0,Andhra Pradesh
U24230AP1998PTC028899,KAILASH WATER PROCESS PRIVATE LIMITED,Active,24230.0,DIRECT_NIC_PHARMA_MANUFACTURER,510,2000.0,Andhra Pradesh
U24230AP2002PTC039807,GEXENE PHARMA PRIVATE LIMITED,Active,24230.0,DIRECT_NIC_PHARMA_MANUFACTURER,520,5000000.0,Andhra Pradesh
U24230AP2019PTC110122,GGK LABS INDIA PRIVATE LIMITED,Active,24230.0,DIRECT_NIC_PHARMA_MANUFACTURER,506,100000.0,Andhra Pradesh
U24230AP2021OPC118579,DHANGENE BIOPHARMACEUTICALS (OPC) PRIVATE LIMITED,Active,24230.0,DIRECT_NIC_PHARMA_MANUFACTURER,503,10000.0,Andhra Pradesh
U24230AP2021PTC117530,BADARI LIFE SCIENCES PRIVATE LIMITED,Active,24230.0,DIRECT_NIC_PHARMA_MANUFACTURER,520,100000.0,Andhra Pradesh
U24231AP2007PTC111852,BELL FLAVORS & FRAGRANCES (INDIA) PRIVATE LIMITED,Active,24231.0,DIRECT_NIC_PHARMA_MANUFACTURER,503,179724810.0,Andhra Pradesh
U24231AP2020PTC115393,ZOOK SOAP WORKS PRIVATE LIMITED,Active,24231.0,DIRECT_NIC_PHARMA_MANUFACTURER,517,5000000.0,Andhra Pradesh
U24232AP2007PTC053849,ECO MART SHOP ORGANICS INDIA PRIVATE LIMITED,Strike Off,24232.0,DIRECT_NIC_PHARMA_MANUFACTURER,520,0.0,Andhra Pradesh
U24232AP2010PTC071023,KSR PHARMA PRIVATE LIMITED,Strike Off,24232.0,DIRECT_NIC_PHARMA_MANUFACTURER,519,100000.0,Andhra Pradesh
U24232AP2010PTC071768,JAHNAVI CHEM PRODUCTS PRIVATE LIMITED,Active,24232.0,DIRECT_NIC_PHARMA_MANUFACTURER,510,100000.0,Andhra Pradesh
U24232AP2010PTC071886,PROMODH BIO-TECH PRIVATE LIMITED,Strike Off,24232.0,DIRECT_NIC_PHARMA_MANUFACTURER,503,100000.0,Andhra Pradesh
U24232AP2011PTC073445,SRIABHAYA PHARMACEUTICALS PRIVATE LIMITED,Strike Off,24232.0,DIRECT_NIC_PHARMA_MANUFACTURER,748,200000.0,Andhra Pradesh
U24232AP2012PTC081814,PAWARDYS HEALTH CARE INDIA PRIVATE LIMITED,Strike Off,24232.0,DIRECT_NIC_PHARMA_MANUFACTURER,506,100000.0,Andhra Pradesh
U24232AP2014PTC094952,CONNEX PHARMA PRIVATE LIMITED,Active,24232.0,DIRECT_NIC_PHARMA_MANUFACTURER,520,40000000.0,Andhra Pradesh
U24232AP2014PTC095173,YELLOW PHARMACEUTICALS PRIVATE LIMITED,Under process of striking off,24232.0,DIRECT_NIC_PHARMA_MANUFACTURER,520,100000.0,Andhra Pradesh
U24233AP2000PTC034263,SRINIJA DRUGS PRIVATE LIMITED,Active,24233.0,DIRECT_NIC_PHARMA_MANUFACTURER,520,6000000.0,Andhra Pradesh
U24233AP2014PTC095769,WELL CARE SPECIALTY MEDICAL CENTRE PRIVATE LIMITED,Strike Off,24233.0,DIRECT_NIC_PHARMA_MANUFACTURER,520,100000.0,Andhra Pradesh
U24239AP1988PTC008880,AYYAPPA DERMOTOLOGICAL RESEARCH LABORATORIES PVT LTD.,Strike Off,24239.0,DIRECT_NIC_PHARMA_MANUFACTURER,520,101800.0,Andhra Pradesh
U24239AP1992PTC014249,KRISHNA PRIYA BIO PHARMACY PRIVATE LIMITED,Strike Off,24239.0,DIRECT_NIC_PHARMA_MANUFACTURER,520,9000.0,Andhra Pradesh
U24239AP2003PTC041173,NICD PHARMACEUTICALS PRIVATE LIMITED,Active,24239.0,DIRECT_NIC_PHARMA_MANUFACTURER,506,1600000.0,Andhra Pradesh
U24239AP2003PTC042229,VIYATH PHARMACEUTICALS PRIVATE LIMITED,Strike Off,24239.0,DIRECT_NIC_PHARMA_MANUFACTURER,520,200000.0,Andhra Pradesh
U24239AP2008PTC057730,VIRAJITHA PHARMACEUTICALS PRIVATE LIMITED,Strike Off,24239.0,DIRECT_NIC_PHARMA_MANUFACTURER,749,0.0,Andhra Pradesh
U24290AP2016PTC103314,YENOVUS PHARMA PRIVATE LIMITED,Active,24290.0,PHARMA_CORPORATE_ENTITY,520,49635000.0,Andhra Pradesh
U24290AP2017PTC105698,AKHIL PHARMA PRIVATE LIMITED,Active,24290.0,PHARMA_CORPORATE_ENTITY,510,500000.0,Andhra Pradesh
U24290AP2020PTC114754,PRAMEELA LABORATORIES PRIVATE LIMITED,Active,24290.0,PHARMA_CORPORATE_ENTITY,517,100000.0,Andhra Pradesh
U24290AP2021PTC120367,KSHITI PHARMA PRIVATE LIMITED,Active,24290.0,PHARMA_CORPORATE_ENTITY,520,100000.0,Andhra Pradesh
U24299AP2023PTC123881,FELIZ LIFE SCIENCES PRIVATE LIMITED,Active,24299.0,PHARMA_CORPORATE_ENTITY,506,1500000.0,Andhra Pradesh
U24302AP2021PTC119226,PHARMACOP INDIA PRIVATE LIMITED,Active,24302.0,PHARMA_CORPORATE_ENTITY,503,100000.0,Andhra Pradesh
U24303AP2018PTC109081,MYELOID PHARMA PRIVATE LIMITED,Active,24303.0,PHARMA_CORPORATE_ENTITY,510,500000.0,Andhra Pradesh
U24304AP2016PTC103065,YONTUS LIFE SCIENCES PRIVATE LIMITED,Active,24304.0,PHARMA_CORPORATE_ENTITY,506,12000000.0,Andhra Pradesh
U24304AP2017PTC105543,AIM FORMULATIONS EXIMS PRIVATE LIMITED,Active,24304.0,PHARMA_CORPORATE_ENTITY,510,100000.0,Andhra Pradesh
U24304AP2019PTC111612,CORVANTIS PHARMA PRIVATE LIMITED,Strike Off,24304.0,PHARMA_CORPORATE_ENTITY,510,100000.0,Andhra Pradesh
U24304AP2021PTC117538,DINESH PHARMA LABS PRIVATE LIMITED,Active,24304.0,PHARMA_CORPORATE_ENTITY,517,100000.0,Andhra Pradesh
U63022AP1995PTC022123,SRI LAKSHMI DRUGA GANESH COLD STORAGE PRIVATE LIMITED,Strike Off,63022.0,PHARMA_CORPORATE_ENTITY,506,0.0,Andhra Pradesh
U85110AP2013PTC087898,SAIVASUJA HEALTHCARE PRIVATE LIMITED,Active,85110.0,NAME_BASED_MATCH,520,3400000.0,Andhra Pradesh
U47721AP2023PTC112084,ASTRALIC LIFE SCIENCES PRIVATE LIMITED,Active,47721.0,PHARMA_CORPORATE_ENTITY,521,200000.0,Andhra Pradesh
U51900AP2016PTC098011,STEDWIN LIFE SCIENCES PRIVATE LIMITED,Strike Off,51900.0,PHARMA_CORPORATE_ENTITY,519,1000000.0,Andhra Pradesh
U85320AP2016PTC104378,HYDERABAD MAX FERTILITY HEALTHCARE PRIVATE LIMITED,Active,85320.0,NAME_BASED_MATCH,520,35392390.0,Andhra Pradesh
U32506AP2025PTC120895,ORTHOPURE HEALTHCARE PRIVATE LIMITED,Active,32506.0,PHARMA_RELATED_MANUFACTURER,520,10000.0,Andhra Pradesh
U47219AP2024PTC116167,PROMANUER LIFE SCIENCES MARKETING PRIVATE LIMITED,Active,47219.0,PHARMA_CORPORATE_ENTITY,506,10000.0,Andhra Pradesh
U51397AP2014PTC093702,PRV PHARMA PRIVATE LIMITED,Under process of striking off,51397.0,PHARMA_CORPORATE_ENTITY,520,100000.0,Andhra Pradesh
U25200AP2022PTC123099,AVENIR BIOTECH PRIVATE LIMITED,Active,25200.0,PHARMA_CORPORATE_ENTITY,520,100000.0,Andhra Pradesh
U26516AP2026PTC125734,CMDS ADVANCED MEDICAL AND HEALTHCARE SOLUTIONS PRIVATE LIMITED,Active,26516.0,NAME_BASED_MATCH,521,500000.0,Andhra Pradesh
U32509AP2023PTC113103,ARUMEDEA MEDTECH PRIVATE LIMITED,Active,32509.0,PHARMA_RELATED_MANUFACTURER,520,6000000.0,Andhra Pradesh
U32509AP2024PTC113717,VARIVODA MEDTECH PRIVATE LIMITED,Active,32509.0,PHARMA_RELATED_MANUFACTURER,520,10000.0,Andhra Pradesh
U33116AP2014PTC095396,NOVACEL THERAPEUTICS PRIVATE LIMITED,Active,33116.0,PHARMA_CORPORATE_ENTITY,506,100000.0,Andhra Pradesh
U33119AP2022PTC122994,SVARA MEDTECH PRIVATE LIMITED,Active,33119.0,NAME_BASED_MATCH,510,1000000.0,Andhra Pradesh
U85110AP2008PTC061013,KONACC DIAGNOSTICS PRIVATE LIMITED,Active,85110.0,NAME_BASED_MATCH,519,3868690.0,Andhra Pradesh
U85300AP2017PTC106347,MUKUNDA HEALTHCARE PRIVATE LIMITED,Active,85300.0,NAME_BASED_MATCH,523,9100000.0,Andhra Pradesh
U86201AP2023PTC112133,MEDICTRON MEDICAL HEALTHCARE SOLUTIONS PRIVATE LIMITED,Active,86201.0,NAME_BASED_MATCH,505,10000.0,Andhra Pradesh
U86201AP2024PTC116630,SREE VENKATADRI HEALTHCARE PRIVATE LIMITED,Active,86201.0,NAME_BASED_MATCH,520,100000.0,Andhra Pradesh
U86900AP2025PTC117833,PROTAKTIS HEALTHCARE TECHNOLOGIES PRIVATE LIMITED,Active,86900.0,NAME_BASED_MATCH,520,359000.0,Andhra Pradesh
U92111AP1989PTC009868,SAI COLOUR LABORATORIES PVT LTD,Under process of striking off,92111.0,PHARMA_CORPORATE_ENTITY,520,0.0,Andhra Pradesh
U24230AP1995PTC022057,SALESHA PHARMA PRIVATE LIMITED,Active,24230.0,DIRECT_NIC_PHARMA_MANUFACTURER,520,923000.0,Andhra Pradesh
U24230AP1996PTC024137,ABEL PHARMACEUTICALS PRIVATE LIMITED,Strike Off,24230.0,DIRECT_NIC_PHARMA_MANUFACTURER,520,20000.0,Andhra Pradesh
U24232AP2012PTC084422,CHALASANI BIO-PHARMA PRIVATE LIMITED,Active,24232.0,DIRECT_NIC_PHARMA_MANUFACTURER,520,100000.0,Andhra Pradesh
U24233AP2012PTC081199,RATHNAM PHARMACEUTICALS PRIVATE LIMITED,Active,24233.0,DIRECT_NIC_PHARMA_MANUFACTURER,752,57300000.0,Andhra Pradesh
U24233AP2014PTC092411,STERILOOK PHARMA PRIVATE LIMITED,Active,24233.0,DIRECT_NIC_PHARMA_MANUFACTURER,519,100000.0,Andhra Pradesh
U24233AP2016PTC098557,EAGLE COATS PRIVATE LIMITED,Active,24233.0,DIRECT_NIC_PHARMA_MANUFACTURER,510,47200000.0,Andhra Pradesh
U24239AP2000PTC035130,PAL REMEDIES PRIVATE LIMITED,Strike Off,24239.0,DIRECT_NIC_PHARMA_MANUFACTURER,506,20000.0,Andhra Pradesh
U24290AP2022PTC122556,RAVILLA PHARMACEUTICALS PRIVATE LIMITED,Active,24290.0,PHARMA_CORPORATE_ENTITY,503,100000.0,Andhra Pradesh
U24299AP2020PTC116128,SRI CHITTIPYDITALLAMMA PHARMA LABS PRIVATE LIMITED,Active,24299.0,PHARMA_CORPORATE_ENTITY,520,10300000.0,Andhra Pradesh
U24303AP2018PTC109784,GEMMED PHARMACEUTICALS PRIVATE LIMITED,Active,24303.0,PHARMA_CORPORATE_ENTITY,510,600000.0,Andhra Pradesh
U24230AP2005PTC045939,SUGEN LIFE SCIENCES PRIVATE LIMITED,Active,24230.0,DIRECT_NIC_PHARMA_MANUFACTURER,520,3239000.0,Andhra Pradesh
U24230AP2021PTC118743,DAARWIN IMPORTS & EXPORTS PRIVATE LIMITED,Active,24230.0,DIRECT_NIC_PHARMA_MANUFACTURER,510,100000.0,Andhra Pradesh
U24232AP2011PTC074012,GOKUL LABORATORIES PRIVATE LIMITED,Strike Off,24232.0,DIRECT_NIC_PHARMA_MANUFACTURER,520,1000000.0,Andhra Pradesh
U24233AP2009PTC066192,ELLOW LABORATORIES PRIVATE LIMITED,Strike Off,24233.0,DIRECT_NIC_PHARMA_MANUFACTURER,520,100000.0,Andhra Pradesh
U24239AP1990PTC011337,WINSETT PHARMACEUTICALS PVT. LTD.,Active,24239.0,DIRECT_NIC_PHARMA_MANUFACTURER,746,2500.0,Andhra Pradesh
U24239AP2003PTC042066,BEZWADA BIOMEDICAL RESEARCH PRIVATE LIMITED,Active,24239.0,DIRECT_NIC_PHARMA_MANUFACTURER,520,11733000.0,Andhra Pradesh
U24290AP2021PTC117350,VANASAMUDRA HERBALS IMPEX PRIVATE LIMITED,Strike Off,24290.0,NAME_BASED_MATCH,506,100000.0,Andhra Pradesh
U24290AP2022PTC122712,KLR PHARMA CHEM PRIVATE LIMITED,Active,24290.0,PHARMA_CORPORATE_ENTITY,519,100000.0,Andhra Pradesh
U24299AP2020PTC116222,HASEENA PHARMACEUTICALS PRIVATE LIMITED,Active,24299.0,PHARMA_CORPORATE_ENTITY,510,100000.0,Andhra Pradesh
U85300AP2021PTC119180,SAPTA ZAILA HEALTHCARE PRIVATE LIMITED,Active,85300.0,NAME_BASED_MATCH,503,50000.0,Andhra Pradesh
U86100AP2023PTC110590,SREE VIJAYA VAARAHI HEALTHCARE PRIVATE LIMITED,Active,86100.0,NAME_BASED_MATCH,505,15000000.0,Andhra Pradesh
U86100AP2023PTC113285,TARUFO PHARMA PRIVATE LIMITED,Active,86100.0,PHARMA_CORPORATE_ENTITY,511,100000.0,Andhra Pradesh
U86905AP2023NPL110607,SPANDANA SCANS DIAGNOSTICS ASSOCIATION,Active,86905.0,NAME_BASED_MATCH,505,100000.0,Andhra Pradesh
U99999AP2000PTC902594,BIO CEVTIC LABORATORIES PVT. LTD.,Inactive for e-filing,99999.0,PHARMA_CORPORATE_ENTITY,520,0.0,Andhra Pradesh
U24230AP1989PTC009687,FYTOMED FORMULATIONS PRIVATE LIMITED,Active,24230.0,DIRECT_NIC_PHARMA_MANUFACTURER,520,30100.0,Andhra Pradesh
U24230AP2005PTC045426,VAKAPI CHEMICALS PRIVATE LIMITED,Strike Off,24230.0,DIRECT_NIC_PHARMA_MANUFACTURER,510,10000.0,Andhra Pradesh
U24232AP2012PTC081912,DISCOVRX NATURALS PRIVATE LIMITED,Active,24232.0,DIRECT_NIC_PHARMA_MANUFACTURER,520,100000.0,Andhra Pradesh
U24232AP2015PTC096762,VEDYA PHARMACEUTICALS PRIVATE LIMITED,Active,24232.0,DIRECT_NIC_PHARMA_MANUFACTURER,520,1000000.0,Andhra Pradesh
U24233AP2011PTC077177,GARUDA MINERALIA PRIVATE LIMITED,Active,24233.0,DIRECT_NIC_PHARMA_MANUFACTURER,503,85000000.0,Andhra Pradesh
U24239AP1993PTC015515,VASAVI HOMOEO PHARMACY PVT.LTD.,Active,24239.0,DIRECT_NIC_PHARMA_MANUFACTURER,520,15000.0,Andhra Pradesh
U24239AP2021PTC118268,PROCULE LABORATORIES PRIVATE LIMITED,Active,24239.0,DIRECT_NIC_PHARMA_MANUFACTURER,520,30000000.0,Andhra Pradesh
U24304AP2020PTC114375,JAYATHI PHARMA PRIVATE LIMITED,Active,24304.0,PHARMA_CORPORATE_ENTITY,520,100000.0,Andhra Pradesh
U24230AP1991PTC013541,SK PARENTARALS PRIVATE LIMITED,Active,24230.0,DIRECT_NIC_PHARMA_MANUFACTURER,520,3500000.0,Andhra Pradesh
U24230AP2009PTC063186,HAYAGREEVA BIO ORGANICS PRIVATE LIMITED,Active,24230.0,DIRECT_NIC_PHARMA_MANUFACTURER,510,100000.0,Andhra Pradesh
U24230AP2021PTC119065,LAKSHMI ANNAPURNA MEDICAL DISTRIBUTORS PRIVATE LIMITED,Active,24230.0,DIRECT_NIC_PHARMA_MANUFACTURER,506,1000000.0,Andhra Pradesh
U24231AP1995PTC019108,MEHAR REMEDIES PRIVATE LIMITED,Active,24231.0,DIRECT_NIC_PHARMA_MANUFACTURER,520,430.0,Andhra Pradesh
U24232AP2007PTC055815,SRI VASUDEVA PHARMACHEM PRIVATE LIMITED,Strike Off,24232.0,DIRECT_NIC_PHARMA_MANUFACTURER,511,0.0,Andhra Pradesh
U24232AP2010PTC066710,UNICORN BIOTECH PRIVATE LIMITED,Strike Off,24232.0,DIRECT_NIC_PHARMA_MANUFACTURER,506,100000.0,Andhra Pradesh
U24232AP2012PTC083900,INDO-AMERICAN REMEDIES PRIVATE LIMITED,Strike Off,24232.0,DIRECT_NIC_PHARMA_MANUFACTURER,752,800000.0,Andhra Pradesh
U24233AP2014PTC095279,SIDDARTHA ENERGIES PRIVATE LIMITED,Strike Off,24233.0,DIRECT_NIC_PHARMA_MANUFACTURER,511,100000.0,Andhra Pradesh
U24239AP1984PTC004493,BESTON PHARMS PVT LTD,Strike Off,24239.0,DIRECT_NIC_PHARMA_MANUFACTURER,520,1500.0,Andhra Pradesh
U24239AP2002PTC039130,PRESTEC HEALTH CARE PRIVATE LIMITED,Strike Off,24239.0,DIRECT_NIC_PHARMA_MANUFACTURER,520,0.0,Andhra Pradesh
U46497AP2025PTC117713,RIDE CURE PHARMACEUTICALS PRIVATE LIMITED,Active,46497.0,PHARMA_CORPORATE_ENTITY,520,100000.0,Andhra Pradesh
U47720AP2025PTC120700,VARIS PHARMACEUTICAL PRIVATE LIMITED,Active,47720.0,PHARMA_CORPORATE_ENTITY,506,100000.0,Andhra Pradesh
U51397AP2020PTC113947,REXCURE PHARMACEUTICALS PRIVATE LIMITED,Active,51397.0,PHARMA_CORPORATE_ENTITY,510,100000.0,Andhra Pradesh
U73100AP2012PTC083014,ORO LIFE SCIENCES PRIVATE LIMITED,Strike Off,73100.0,PHARMA_CORPORATE_ENTITY,520,100000.0,Andhra Pradesh
U74110AP2016PTC103846,RYON PHARMA AND INFRA PRIVATE LIMITED,Active,74110.0,PHARMA_CORPORATE_ENTITY,503,100000.0,Andhra Pradesh
U74999AP2017PTC104778,KRSNA DIAGNOSTICS (AP) PRIVATE LIMITED,Strike Off,74999.0,NAME_BASED_MATCH,520,100000.0,Andhra Pradesh
U46596AP2023PTC111348,OCTA DIAGNOSTICS (INDIA) PRIVATE LIMITED,Active,46596.0,NAME_BASED_MATCH,520,100000.0,Andhra Pradesh
U46596AP2026PTC125385,SRIVEDA LIFE SCIENCES TECHNOLOGIES PRIVATE LIMITED,Active,46596.0,PHARMA_CORPORATE_ENTITY,506,1000000.0,Andhra Pradesh
U47721AP2023PTC112183,REKOLO PHARMACEUTICALS PRIVATE LIMITED,Active,47721.0,PHARMA_CORPORATE_ENTITY,505,10000.0,Andhra Pradesh
U47721AP2025PTC120119,PSR PHARMA PRIVATE LIMITED,Active,47721.0,PHARMA_CORPORATE_ENTITY,503,100000.0,Andhra Pradesh
U51397AP2022PTC122529,AZEOL PHARMA PRIVATE LIMITED,Active,51397.0,PHARMA_CORPORATE_ENTITY,748,100000.0,Andhra Pradesh
U51909AP2020PTC115059,SRI SADHVI PHARMA DISTRIBUTORS PRIVATE LIMITED,Strike Off,51909.0,PHARMA_CORPORATE_ENTITY,505,1000000.0,Andhra Pradesh
U51909AP2020PTC115364,OITOSE PHARMACY PRIVATE LIMITED,Active,51909.0,PHARMA_CORPORATE_ENTITY,503,50000.0,Andhra Pradesh
U52100AP2019PTC112835,HUMANIQE BIOPHARMACEUTICALS PRIVATE LIMITED,Active,52100.0,PHARMA_CORPORATE_ENTITY,520,1100000.0,Andhra Pradesh
U52310AP2018PTC110047,JAYATI PHARMA PRIVATE LIMITED,Active,52310.0,PHARMA_CORPORATE_ENTITY,506,1000000.0,Andhra Pradesh
U52609AP2018PTC109659,AVNK PHARMACY PRIVATE LIMITED,Active,52609.0,PHARMA_CORPORATE_ENTITY,506,100000.0,Andhra Pradesh
U51909AP2019PTC111822,SHOPITAL HEALTHCARE PRIVATE LIMITED,Active,51909.0,NAME_BASED_MATCH,748,200000.0,Andhra Pradesh
AAW-1970,AIRA IMAGING & DIAGNOSTIC CENTER LLP,Active,nan,NAME_BASED_MATCH,506,0.0,Andhra Pradesh
ACP-4798,GUDISAY WINSAM HEALTHCARE LLP,Active,nan,NAME_BASED_MATCH,523,0.0,Andhra Pradesh
F01765,TYCO HEALTHCARE PTE LTD,Active,nan,NAME_BASED_MATCH,520,0.0,Andhra Pradesh
U15209AP1998PTC029753,PRAKASAM DIAGNOSTIC SERVICES PRIVATE LIMITED,Active,15209.0,NAME_BASED_MATCH,511,0.0,Andhra Pradesh
U21000AP2008PTC061520,SAMATHA PAPER MILLS PRIVATE LIMITED,Strike Off,21000.0,DIRECT_NIC_PHARMA_MANUFACTURER,520,175000.0,Andhra Pradesh
U21009AP2026PTC123590,YAMAIRA HEALTH CARE PRIVATE LIMITED,Active,21009.0,DIRECT_NIC_PHARMA_MANUFACTURER,510,100000.0,Andhra Pradesh
U21012AP1991PTC106174,SRI RAMADAS PAPER BOARDS PRIVATE LIMITED,Active,21012.0,DIRECT_NIC_PHARMA_MANUFACTURER,505,116260600.0,Andhra Pradesh
U02109AP2025PTC123059,SRI PRASANNA ANJANEYA WOOD FARMERS PRODUCER COMPANY LIMITED,Active,2109.0,DIRECT_NIC_PHARMA_MANUFACTURER,510,10000.0,Andhra Pradesh
U85110AP2012PTC082893,GUDILOVA MEDICALS & DIAGNOSTICS PRIVATE LIMITED,Strike Off,85110.0,NAME_BASED_MATCH,520,100000.0,Andhra Pradesh
U85110AP2021PTC117440,MATHRUTHVA FERTILITY & HEALTHCARE PRIVATE LIMITED,Active,85110.0,NAME_BASED_MATCH,503,100000.0,Andhra Pradesh
U86909AP2023PTC110909,UTERX HEALTHCARE PRIVATE LIMITED,Active,86909.0,NAME_BASED_MATCH,506,100000.0,Andhra Pradesh
U33100AP2017PTC105179,ADITYA VISWA PHARMACY PRIVATE LIMITED,Strike Off,33100.0,PHARMA_CORPORATE_ENTITY,505,100000.0,Andhra Pradesh
U33209AP2017PTC105347,BIDDLE SAWYER PHARMA INDIA PRIVATE LIMITED,Strike Off,33209.0,PHARMA_CORPORATE_ENTITY,510,100000.0,Andhra Pradesh
U73200AP2018PTC109213,SATKRIYA PHARMA EXPORTS PRIVATE LIMITED,Active,73200.0,PHARMA_CORPORATE_ENTITY,520,100000.0,Andhra Pradesh
AAO-2064,PALNADU HEALTHCARE LLP,Active,nan,NAME_BASED_MATCH,506,0.0,Andhra Pradesh
ACQ-8329,ANESRA HEALTHCARE LLP,Active,nan,NAME_BASED_MATCH,520,0.0,Andhra Pradesh
ACV-7026,SHRI VEDA AGRISYN BIOTECH LLP,Active,nan,PHARMA_CORPORATE_ENTITY,520,0.0,Andhra Pradesh
U74900AP2015FTC096297,QUAGEN PHARMA INDIA PRIVATE LIMITED,Active,74900.0,PHARMA_CORPORATE_ENTITY,520,324405620.0,Andhra Pradesh
U85110AP2021PTC117400,AMRITAA DIAGNOSTICS PRIVATE LIMITED,Active,85110.0,NAME_BASED_MATCH,510,10000000.0,Andhra Pradesh
U86909AP2020PTC115632,SAFEHANDS HEALTHCARE PRIVATE LIMITED,Active,86909.0,NAME_BASED_MATCH,517,8000000.0,Andhra Pradesh
U46497AP2025PTC117762,VLCURE PHARMACEUTICALS PRIVATE LIMITED,Active,46497.0,PHARMA_CORPORATE_ENTITY,503,20000.0,Andhra Pradesh
AAG-1122,SRI SAI LAKSHMI VENKATESWARA HEALTHCARE LLP,Active,nan,NAME_BASED_MATCH,520,0.0,Andhra Pradesh
AAJ-4173,KEN LABORATORIES LLP,Active,nan,PHARMA_CORPORATE_ENTITY,520,0.0,Andhra Pradesh
AAK-9546,PURVAJA HEALTHCARE SUPPLIES LLP,Strike Off,nan,NAME_BASED_MATCH,520,0.0,Andhra Pradesh
AAR-5363,RENOV DIAGNOSTICS LLP,Active,nan,NAME_BASED_MATCH,520,0.0,Andhra Pradesh
ABC-2308,JATAS AYURVEDIC HEALTH CARE SYSTEMS LLP,Active,nan,NAME_BASED_MATCH,505,0.0,Andhra Pradesh
ACG-4927,TRIGIN LIFE SCIENCES LLP,Active,nan,PHARMA_CORPORATE_ENTITY,505,0.0,Andhra Pradesh
ACH-4636,KVS HEALTHCARE SOLUTIONS LLP,Active,nan,NAME_BASED_MATCH,503,0.0,Andhra Pradesh
ACI-9902,WELL THROUGH PHARMA LLP,Active,nan,PHARMA_CORPORATE_ENTITY,520,0.0,Andhra Pradesh
ACK-2978,T5 PHARMA & DIAGNOSTICS LLP,Active,nan,PHARMA_CORPORATE_ENTITY,510,0.0,Andhra Pradesh
ACN-7179,RITHRAYMEDTECH LLP,Active,nan,NAME_BASED_MATCH,505,0.0,Andhra Pradesh
ACP-5197,PROTEUS FORMULATIONS LLP,Active,nan,PHARMA_CORPORATE_ENTITY,510,0.0,Andhra Pradesh
ACY-4243,SYENICA BIOTECH LLP,Active,nan,PHARMA_CORPORATE_ENTITY,520,0.0,Andhra Pradesh
U51909AP2011PTC072793,DR CARE PHARMA RETAIL PRIVATE LIMITED,Strike Off,51909.0,PHARMA_CORPORATE_ENTITY,520,100000.0,Andhra Pradesh
U52190AP2018PTC109442,DR. KING'S PHARMACEUTICALS PRIVATE LIMITED,Active,52190.0,PHARMA_CORPORATE_ENTITY,503,500000.0,Andhra Pradesh
U52390AP2011PTC076226,LAYA HEALTHCARE PRIVATE LIMITED,Active,52390.0,NAME_BASED_MATCH,520,64236120.0,Andhra Pradesh
U52399AP2016PTC104200,AMARAVATI LIFE CARE & PHARMA PRIVATE LIMITED,Active,52399.0,PHARMA_CORPORATE_ENTITY,506,100000.0,Andhra Pradesh
U62013AP2026PTC125500,AI HEALTHCARE SOLUTIONS INDIA PRIVATE LIMITED,Active,62013.0,NAME_BASED_MATCH,503,100000.0,Andhra Pradesh
U85100AP2010FTC070677,ALEXANDRIA HEALTHCARE INDIA II PRIVATE LIMITED,Strike Off,85100.0,NAME_BASED_MATCH,520,226480.0,Andhra Pradesh
U85100AP2011PTC077826,KALIDINDI HEALTHCARE PRIVATE LIMITED,Strike Off,85100.0,NAME_BASED_MATCH,506,100000.0,Andhra Pradesh
U85110AP2022PTC123095,KANALA MEDTECH SOLUTIONS PRIVATE LIMITED,Active,85110.0,NAME_BASED_MATCH,511,100000.0,Andhra Pradesh
U85300AP2023NPL123916,AADHYA DIAGNOSTIC CENTRE OF NANDYAL ASSOCIATION,Active,85300.0,NAME_BASED_MATCH,511,20000.0,Andhra Pradesh
U33110AP2010PTC069501,VIJAYALAKSHMI HEALTH & SURGICALS PRIVATE LIMITED,Active,33110.0,NAME_BASED_MATCH,517,29000000.0,Andhra Pradesh
U36999AP2017PTC106903,AVYAKTA PHARMA PRIVATE LIMITED,Strike Off,36999.0,PHARMA_CORPORATE_ENTITY,510,100000.0,Andhra Pradesh
U74900AP2015PTC096856,SANDIA PHARMA PRIVATE LIMITED,Strike Off,74900.0,PHARMA_CORPORATE_ENTITY,519,100000.0,Andhra Pradesh
U46497AP2024PTC114406,SRI MADHAVI PHARMA PRIVATE LIMITED,Active,46497.0,PHARMA_CORPORATE_ENTITY,520,100000.0,Andhra Pradesh
U73200AP2019PTC111412,AJ PHARMA RESEARCH PRIVATE LIMITED,Active,73200.0,PHARMA_CORPORATE_ENTITY,521,200000.0,Andhra Pradesh
U74999AP2016PTC104029,SPECTROID PHARMA PRIVATE LIMITED,Strike Off,74999.0,PHARMA_CORPORATE_ENTITY,520,1000000.0,Andhra Pradesh
U46497AP2025PTC119264,MEDIGRID PHARMACEUTICALS PRIVATE LIMITED,Active,46497.0,PHARMA_CORPORATE_ENTITY,510,600000.0,Andhra Pradesh
U47721AP2025PTC118800,TEJA MEDICALS AND SURGICALS PRIVATE LIMITED,Active,47721.0,NAME_BASED_MATCH,520,2000000.0,Andhra Pradesh
U51507AP2021PTC119724,OAKSTRIDES PHARMACEUTICALS PRIVATE LIMITED,Active,51507.0,PHARMA_CORPORATE_ENTITY,505,10000.0,Andhra Pradesh
U62013AP2026PTC124391,HIMAJA HEALTHCARE PRIVATE LIMITED,Active,62013.0,NAME_BASED_MATCH,520,100000.0,Andhra Pradesh
AAH-4060,SAIDAM LABORATORIES LLP,Strike Off,nan,PHARMA_CORPORATE_ENTITY,520,0.0,Andhra Pradesh
AAX-3398,SEAVIEW HEALTHCARE SERVICES LLP,Active,nan,NAME_BASED_MATCH,520,0.0,Andhra Pradesh
ACW-5709,MACROTECH BIOPHARMA LLP,Active,nan,PHARMA_CORPORATE_ENTITY,520,0.0,Andhra Pradesh
L24239AP1977PLC002170,COROMANDEL PHARMACEUTICALS LIMITED,Under Liquidation,24239.0,DIRECT_NIC_PHARMA_MANUFACTURER,520,59286000.0,Andhra Pradesh
U21015AP1981PTC003125,COASTAL AGRO INDUSTRIES PRIVATE LIMITED,Active,21015.0,DIRECT_NIC_PHARMA_MANUFACTURER,520,13780000.0,Andhra Pradesh
U21093AP2007PTC056726,CHAITANYA SAI PAPER MILLS (INDIA) PRIVATE LIMITED,Active,21093.0,DIRECT_NIC_PHARMA_MANUFACTURER,510,65720000.0,Andhra Pradesh
U24100AP2012PTC079521,SUGUNA LIFE SCIENCES PRIVATE LIMITED,Active,24100.0,PHARMA_CORPORATE_ENTITY,506,100000.0,Andhra Pradesh
U05000AP2014PTC095039,INDIGAE BIOTECH PRIVATE LIMITED,Under process of striking off,5000.0,PHARMA_CORPORATE_ENTITY,520,500000.0,Andhra Pradesh
U85190AP2022PTC120750,RMTS HEALTHCARE PRIVATE LIMITED,Active,85190.0,NAME_BASED_MATCH,523,25000000.0,Andhra Pradesh
U85300AP2022PTC123531,PRASHANTH HOSPITALS AND HEALTHCARE PRIVATE LIMITED,Active,85300.0,NAME_BASED_MATCH,510,100000.0,Andhra Pradesh
U85310AP1995PTC020696,R.K.DIAGNOSTIC SERVICES PRIVATE LIMITED,Active,85310.0,NAME_BASED_MATCH,506,1410000.0,Andhra Pradesh
U86905AP2025PTC118861,VEENUZ MEDICAL DIAGNOSTICS PRIVATE LIMITED,Active,86905.0,NAME_BASED_MATCH,520,100000.0,Andhra Pradesh
U21001AP2023PTC112721,LIFEMED MARKETING PRIVATE LIMITED,Active,21001.0,DIRECT_NIC_PHARMA_MANUFACTURER,510,100000.0,Andhra Pradesh
U21001AP2024PTC113524,TUNES THERAPEUTICS PRIVATE LIMITED,Active,21001.0,DIRECT_NIC_PHARMA_MANUFACTURER,506,50000.0,Andhra Pradesh
U21006AP2025PTC122031,SREE VANITHAA SURGICALS & COTTON PRIVATE LIMITED,Active,21006.0,DIRECT_NIC_PHARMA_MANUFACTURER,510,100000.0,Andhra Pradesh
U21012AP1991PTC013215,INDO GULF PAPER BOARD PRODUCTS PRIVATE LIMITED,Strike Off,21012.0,DIRECT_NIC_PHARMA_MANUFACTURER,520,2000000.0,Andhra Pradesh
U21012AP2011PTC078062,GLENCOL COLOURS PRIVATE LIMITED,Active,21012.0,DIRECT_NIC_PHARMA_MANUFACTURER,506,13950000.0,Andhra Pradesh
U21099AP2021PTC117755,VIVASVAT GRAPHIC INDUSTRIES PRIVATE LIMITED,Strike Off,21099.0,DIRECT_NIC_PHARMA_MANUFACTURER,521,100000.0,Andhra Pradesh
U24100AP2016PTC098568,NEW LINE MEDICINES PRIVATE LIMITED,Active,24100.0,PHARMA_CORPORATE_ENTITY,510,3100000.0,Andhra Pradesh
U24100AP2022PTC120724,VASAVI AYURVEDA PRIVATE LIMITED,Active,24100.0,NAME_BASED_MATCH,510,100000.0,Andhra Pradesh
U24200AP1995PTC020265,HANSA SURGICALS PRIVATE LIMITED,Active,24200.0,NAME_BASED_MATCH,511,10000000.0,Andhra Pradesh
U73100AP2010PTC066668,ORANGE LIFE SCIENCES PRIVATE LIMITED,Strike Off,73100.0,PHARMA_CORPORATE_ENTITY,520,1000000.0,Andhra Pradesh
U74999AP2017PTC105406,JASMINE HEALTHCARE INDIA PRIVATE LIMITED,Strike Off,74999.0,NAME_BASED_MATCH,520,100000.0,Andhra Pradesh
U74999AP2019PTC110265,YBRMITRA PHARMA TRADE PRIVATE LIMITED,Active,74999.0,PHARMA_CORPORATE_ENTITY,510,100000.0,Andhra Pradesh
U74999AP2019PTC111333,SAFE HEALTH LIFE SCIENCES PRIVATE LIMITED,Active,74999.0,PHARMA_CORPORATE_ENTITY,510,100000.0,Andhra Pradesh
U02101AP2023PTC112670,UESS GLOBAL SERVICES PRIVATE LIMITED,Active,2101.0,DIRECT_NIC_PHARMA_MANUFACTURER,520,100000.0,Andhra Pradesh
U21001AP2024PTC115756,INVICTUS BIO CARE PRIVATE LIMITED,Active,21001.0,DIRECT_NIC_PHARMA_MANUFACTURER,506,200000.0,Andhra Pradesh
U21003AP2024PTC114376,SAI MADHAVA PRASANNA HERBALS PRIVATE LIMITED,Active,21003.0,DIRECT_NIC_PHARMA_MANUFACTURER,503,100000.0,Andhra Pradesh
U21015AP1997PTC026519,SRI LUXMI TULASI AGRO PAPER PRIVATE LIMITED,Active,21015.0,DIRECT_NIC_PHARMA_MANUFACTURER,510,45001500.0,Andhra Pradesh
U21020AP1988PTC008695,SV PACKAGING PVT LTD,Strike Off,21020.0,DIRECT_NIC_PHARMA_MANUFACTURER,523,74500.0,Andhra Pradesh
U21099AP2017PTC106684,RVM PAPER PRODUCTS PRIVATE LIMITED,Active,21099.0,DIRECT_NIC_PHARMA_MANUFACTURER,520,100000.0,Andhra Pradesh
U24100AP2015PTC097738,KBK BIOTECH PRIVATE LIMITED,Active,24100.0,PHARMA_CORPORATE_ENTITY,505,163080000.0,Andhra Pradesh
U24231AP1999PTC031986,SUSMITHA AYURVEDIC FORMULATIONS PRIVATE LIMITED,Strike Off,24231.0,DIRECT_NIC_PHARMA_MANUFACTURER,506,0.0,Andhra Pradesh
U24231AP2007PLC113311,INDUS GENE EXPRESSIONS LIMITED,Active,24231.0,DIRECT_NIC_PHARMA_MANUFACTURER,520,928318500.0,Andhra Pradesh
U24232AP2010PTC071439,VASISHTA PESTICIDES PRIVATE LIMITED,Active,24232.0,DIRECT_NIC_PHARMA_MANUFACTURER,747,22500000.0,Andhra Pradesh
U24232AP2013PTC088745,CENTURY PHARMALABS INDIA PRIVATE LIMITED,Active,24232.0,DIRECT_NIC_PHARMA_MANUFACTURER,510,2000000.0,Andhra Pradesh
U24233AP2003PTC040660,PATANJALI YOGA KENDRA PRIVATE LIMITED,Strike Off,24233.0,DIRECT_NIC_PHARMA_MANUFACTURER,520,0.0,Andhra Pradesh
U24233AP2008PTC060817,KAREEMUNNISA BEGUM HERBALS PRIVATE LIMITED,Active,24233.0,DIRECT_NIC_PHARMA_MANUFACTURER,520,100000.0,Andhra Pradesh
U24233AP2013PTC090285,HALE CORPORATION PRIVATE LIMITED,Active,24233.0,DIRECT_NIC_PHARMA_MANUFACTURER,520,100000.0,Andhra Pradesh
U24239AP1999PLC031480,SRAVANTI PHARMA LIMITED,Active,24239.0,DIRECT_NIC_PHARMA_MANUFACTURER,520,4690000.0,Andhra Pradesh
U24239AP2002PTC121365,SRIAM LABS PRIVATE LIMITED,Active,24239.0,DIRECT_NIC_PHARMA_MANUFACTURER,744,142033630.0,Andhra Pradesh
U24239AP2005PTC047677,SUNEETH PHARMA PRIVATE LIMITED,Strike Off,24239.0,DIRECT_NIC_PHARMA_MANUFACTURER,505,0.0,Andhra Pradesh
U24239AP2019PTC111083,RUSHI AGRICARE PRIVATE LIMITED,Active,24239.0,DIRECT_NIC_PHARMA_MANUFACTURER,519,200000.0,Andhra Pradesh
U24290AP2022PTC122080,TTD PHARMA PRIVATE LIMITED,Active,24290.0,PHARMA_CORPORATE_ENTITY,520,100000.0,Andhra Pradesh
U24297AP2016PTC103082,PRANAVI LIFE SCIENCES PRIVATE LIMITED,Active,24297.0,PHARMA_CORPORATE_ENTITY,506,100000.0,Andhra Pradesh
U24299AP2019PTC112437,VIGROEI PHARMACEUTICALS PRIVATE LIMITED,Active,24299.0,PHARMA_CORPORATE_ENTITY,521,100000.0,Andhra Pradesh
U24304AP2017PTC106711,SLV LIFE SCIENCES PRIVATE LIMITED,Active,24304.0,PHARMA_CORPORATE_ENTITY,506,100000.0,Andhra Pradesh
U24304AP2022PTC122016,ARMSTRONG LIFE SCIENCESS PRIVATE LIMITED,Active,24304.0,PHARMA_CORPORATE_ENTITY,520,100000.0,Andhra Pradesh
U33110AP2014PTC094021,RAGA LIFE SCIENCES PRIVATE LIMITED,Under process of striking off,33110.0,PHARMA_CORPORATE_ENTITY,519,100000.0,Andhra Pradesh
U33132AP2024PTC115110,UNIVIV IMAGING MEDTECH PRIVATE LIMITED,Active,33132.0,NAME_BASED_MATCH,520,1000000.0,Andhra Pradesh
U72900AP2016OPC103675,APISOL (OPC) PRIVATE LIMITED,Active,72900.0,PHARMA_CORPORATE_ENTITY,503,100000.0,Andhra Pradesh
U74999AP2021PTC117441,APSIN LIFE SCIENCES PRIVATE LIMITED,Active,74999.0,PHARMA_CORPORATE_ENTITY,506,300000.0,Andhra Pradesh
U46497AP2026PTC125459,HEALPRO PHARMACEUTICAL PRIVATE LIMITED,Active,46497.0,PHARMA_CORPORATE_ENTITY,520,100000.0,Andhra Pradesh
U73100AP2010PTC071491,KR INSTITUTE OF PHARMACEUTICAL RESEARCH & TRAINING PRIVATE LIMITED,Strike Off,73100.0,PHARMA_CORPORATE_ENTITY,511,100000.0,Andhra Pradesh
AAC-6859,BLUES DIAGNOSTICS LLP,Active,nan,NAME_BASED_MATCH,520,0.0,Andhra Pradesh
ABB-1917,UNINATURAL HEALTHCARE LLP,Active,nan,NAME_BASED_MATCH,510,0.0,Andhra Pradesh
AAX-9755,STAR PHARMACY LLP,Active,nan,PHARMA_CORPORATE_ENTITY,503,0.0,Andhra Pradesh
ACE-2583,MLR PHARMA LLP,Active,nan,PHARMA_CORPORATE_ENTITY,506,0.0,Andhra Pradesh
ACJ-1814,ORBIT GLOBAL HEALTHCARE LLP,Active,nan,NAME_BASED_MATCH,511,0.0,Andhra Pradesh
ACJ-9084,APPLE HEALTHCARE SOLUTIONS LLP,Active,nan,NAME_BASED_MATCH,520,0.0,Andhra Pradesh
ACK-6223,TRISAKTHI DIAGNOSTIC SOLUTIONS LLP,Active,nan,NAME_BASED_MATCH,520,0.0,Andhra Pradesh
U01100AP2018PTC109346,GWON BIOTECH PRIVATE LIMITED,Active,1100.0,PHARMA_CORPORATE_ENTITY,519,100000.0,Andhra Pradesh
ACE-3098,PRIMARIA HEALTHCARE LLP,Active,nan,NAME_BASED_MATCH,506,0.0,Andhra Pradesh
ACG-7757,MANASA HEALTHCARE SERVICES LLP,Active,nan,NAME_BASED_MATCH,748,0.0,Andhra Pradesh
ACM-3664,HAVIMID PHARMACEUTICALS LLP,Active,nan,PHARMA_CORPORATE_ENTITY,520,0.0,Andhra Pradesh
U01119AP2007PTC056517,SAI SREEJA HERBAL EXTRACTS PRIVATE LIMITED,Strike Off,1119.0,NAME_BASED_MATCH,520,0.0,Andhra Pradesh
U21001AP2023PTC110969,MML BIOTECH PRIVATE LIMITED,Active,21001.0,DIRECT_NIC_PHARMA_MANUFACTURER,506,1000000.0,Andhra Pradesh
U21003AP2024OPC115720,INDIRA HEALING HERBS (OPC) PRIVATE LIMITED,Active,21003.0,DIRECT_NIC_PHARMA_MANUFACTURER,520,200000.0,Andhra Pradesh
U24230AP1985PTC005230,PRONTOSIL PHARMACEUTICALS PRIVATE LIMITED,Active,24230.0,DIRECT_NIC_PHARMA_MANUFACTURER,520,970000.0,Andhra Pradesh
U85195AP2009PTC066477,BEST IMAGING AND DIAGNOSTICS PRIVATE LIMITED,Active,85195.0,NAME_BASED_MATCH,520,10000000.0,Andhra Pradesh
U15490AP2018PTC109904,CHARAKA LIFE SCIENCES PRIVATE LIMITED,Active,15490.0,PHARMA_CORPORATE_ENTITY,520,100000.0,Andhra Pradesh
U20237AP2025PTC120870,KREAN FORMULATION PRIVATE LIMITED,Active,20237.0,PHARMA_RELATED_MANUFACTURER,520,100000.0,Andhra Pradesh
U21001AP2023PTC110922,JALANIDHI PHARMA INDUSTRIES PRIVATE LIMITED,Active,21001.0,DIRECT_NIC_PHARMA_MANUFACTURER,520,100000.0,Andhra Pradesh
U21002AP2026PTC125831,SSD AYURVEDA NILAYAM PRIVATE LIMITED,Active,21002.0,DIRECT_NIC_PHARMA_MANUFACTURER,520,10000.0,Andhra Pradesh
U21003AP2026PTC125408,ARUNA PHYTOCHEM PRIVATE LIMITED,Active,21003.0,DIRECT_NIC_PHARMA_MANUFACTURER,510,100000.0,Andhra Pradesh
U21012AP2005PTC047530,VELAGAPUDI PAPERS PRIVATE LIMITED,Strike Off,21012.0,DIRECT_NIC_PHARMA_MANUFACTURER,520,0.0,Andhra Pradesh
U21015AP1981PTC003311,VICTORY STRAW BOARDS PRIVATE LIMITED,Active,21015.0,DIRECT_NIC_PHARMA_MANUFACTURER,523,396200.0,Andhra Pradesh
U21020AP1999PTC031476,RAJ KAMAL PACKERS AND MOVERS PRIVATE LIMITED,Strike Off,21020.0,DIRECT_NIC_PHARMA_MANUFACTURER,520,0.0,Andhra Pradesh
U21094AP2009PTC064757,AKULA PAPER MILLS (INDIA) PRIVATE LIMITED,Active,21094.0,DIRECT_NIC_PHARMA_MANUFACTURER,520,16770000.0,Andhra Pradesh
U21099AP2021PTC118051,SEUNGHYUN PACKAGING PRIVATE LIMITED,Active,21099.0,DIRECT_NIC_PHARMA_MANUFACTURER,520,100000.0,Andhra Pradesh
U23104AP2025PTC120122,MYPRELLA PHARMACEUTICALS PRIVATE LIMITED,Active,23104.0,PHARMA_CORPORATE_ENTITY,520,100000.0,Andhra Pradesh
U24100AP2014PTC095749,DEVIN'S HEALTHCARE PRIVATE LIMITED,Active,24100.0,NAME_BASED_MATCH,510,1000000.0,Andhra Pradesh
U24100AP2019PTC111877,CETRENO PHARMACEUTICALS PRIVATE LIMITED,Active,24100.0,PHARMA_CORPORATE_ENTITY,510,700000.0,Andhra Pradesh
U24100AP2020PTC116039,DEVI PHARMATECH PRIVATE LIMITED,Active,24100.0,PHARMA_CORPORATE_ENTITY,520,680000000.0,Andhra Pradesh
U24110AP2008PTC058665,MEDI-CHEM PHARMA REMEDIES PRIVATE LIMITED,Active,24110.0,PHARMA_CORPORATE_ENTITY,510,100000.0,Andhra Pradesh
U74900AP2014PTC095211,BEYNON PHARMA PRIVATE LIMITED,Active,74900.0,PHARMA_CORPORATE_ENTITY,520,180000.0,Andhra Pradesh
U74999AP2017PTC106540,GNEXT HERBAL PRODUCTS MANUFACTURING PRIVATE LIMITED,Strike Off,74999.0,NAME_BASED_MATCH,520,1000000.0,Andhra Pradesh
ACE-0586,SHIVINDRA DIAGNOSTICS LLP,Active,nan,NAME_BASED_MATCH,520,0.0,Andhra Pradesh
U21000AP2024PTC116104,CHILUKOTI HEALTH CARE & PHARMA PRIVATE LIMITED,Active,21000.0,DIRECT_NIC_PHARMA_MANUFACTURER,520,500000.0,Andhra Pradesh
U21000AP2024PTC116919,AIZEN AYUR PHARMA CHEMICALS PRIVATE LIMITED,Active,21000.0,DIRECT_NIC_PHARMA_MANUFACTURER,503,1000000.0,Andhra Pradesh
U21001AP2024OPC115356,HYDRON PERFORMANCE PRODUCTS (OPC) PRIVATE LIMITED,Active,21001.0,DIRECT_NIC_PHARMA_MANUFACTURER,520,50000.0,Andhra Pradesh
U21012AP1990PLC012039,VAMSHADHARA BOARDS AND PAPERS LIMITED,Active,21012.0,DIRECT_NIC_PHARMA_MANUFACTURER,519,2000000.0,Andhra Pradesh
U21020AP1993PLC016692,A P AGRO BOARDS LTD,Active,21020.0,DIRECT_NIC_PHARMA_MANUFACTURER,510,0.0,Andhra Pradesh
U21022AP2005PTC046087,SHREE ABHIKRISHNA PAPERS PRIVATE LIMITED,Active,21022.0,DIRECT_NIC_PHARMA_MANUFACTURER,505,6860000.0,Andhra Pradesh
U05000AP2014PTC095791,GROWEL LIFE SCIENCES PRIVATE LIMITED,Active,5000.0,PHARMA_CORPORATE_ENTITY,510,400000.0,Andhra Pradesh
U24110AP2020PTC114207,SSD PHARMACEUTICALS PRIVATE LIMITED,Active,24110.0,PHARMA_CORPORATE_ENTITY,505,100000.0,Andhra Pradesh
U24111AP2018PTC108979,SONIKS LIFE SCIENCES PRIVATE LIMITED,Active,24111.0,PHARMA_CORPORATE_ENTITY,520,100000.0,Andhra Pradesh
U85100AP2020PTC114978,BPK HEALTHCARE PRIVATE LIMITED,Active,85100.0,NAME_BASED_MATCH,503,900000.0,Andhra Pradesh
U85110AP2000PTC034523,VENKAT SAI HEALTHCARE PRIVATE LIMITED,Active,85110.0,NAME_BASED_MATCH,520,10000000.0,Andhra Pradesh
U85190AP2010PTC069411,SARVA AROGYA HEALTHCARE PRIVATE LIMITED,Active,85190.0,NAME_BASED_MATCH,520,24000000.0,Andhra Pradesh
U85300AP2020PTC115781,VIHANA SCANNING AND DIAGNOSTIC CENTER PRIVATE LIMITED,Strike Off,85300.0,NAME_BASED_MATCH,520,1000000.0,Andhra Pradesh
U86909AP2023PTC110770,BLOSSOMS RESEARCH CENTER AND HEALTHCARE VIJAYAWADA PRIVATE LIMITED,Active,86909.0,NAME_BASED_MATCH,510,1000000.0,Andhra Pradesh
U86909AP2025PTC120454,NOVOCLINIX HEALTHCARE PRIVATE LIMITED,Active,86909.0,NAME_BASED_MATCH,506,10000.0,Andhra Pradesh
U21004AP2026PTC124851,NATURALES PHYTO EXTRACTS INDIA PRIVATE LIMITED,Active,21004.0,DIRECT_NIC_PHARMA_MANUFACTURER,506,100000.0,Andhra Pradesh
U21012AP1995PTC020751,A.S.R.PAPER MILLS PRIVATE LIMITED,Active,21012.0,DIRECT_NIC_PHARMA_MANUFACTURER,523,0.0,Andhra Pradesh
U21012AP2014PTC095736,SESHASAYEE PUBLICATIONS PRIVATE LIMITED,Strike Off,21012.0,DIRECT_NIC_PHARMA_MANUFACTURER,519,100000.0,Andhra Pradesh
U21098AP2010PTC069184,MOUNICA PAPER MILLS PRIVATE LIMITED,Strike Off,21098.0,DIRECT_NIC_PHARMA_MANUFACTURER,506,100000.0,Andhra Pradesh
U24100AP2021PTC118108,VIRTUEUX LIFE SCIENCES PRIVATE LIMITED,Active,24100.0,PHARMA_CORPORATE_ENTITY,520,900000.0,Andhra Pradesh
U24219AP2002PTC039566,SHIPAR BIOTECHNOLOGIES PRIVATE LIMITED,Strike Off,24219.0,PHARMA_CORPORATE_ENTITY,520,0.0,Andhra Pradesh
U85300AP2022PTC122518,DR.TULASI'S KDC DIAGNOSTICS AND CLINICS PRIVATE LIMITED,Active,85300.0,NAME_BASED_MATCH,517,100000.0,Andhra Pradesh
U86100AP2024PTC117183,WMNMAX HEALTHCARE PRIVATE LIMITED,Active,86100.0,NAME_BASED_MATCH,520,100000.0,Andhra Pradesh
U46497AP2024PTC113563,RYANWELL INDIA PHARMA PRIVATE LIMITED,Active,46497.0,PHARMA_CORPORATE_ENTITY,506,1000000.0,Andhra Pradesh
U46497AP2025PTC119649,SUNRICH PHARMACEUTICALS PRIVATE LIMITED,Active,46497.0,PHARMA_CORPORATE_ENTITY,520,100000.0,Andhra Pradesh
U47721AP2024PTC113590,INSIGNIA PHARMA PRIVATE LIMITED,Active,47721.0,PHARMA_CORPORATE_ENTITY,510,100000.0,Andhra Pradesh
U47721AP2026PTC125840,ABHAYAPLUS PHARMACY PRIVATE LIMITED,Active,47721.0,PHARMA_CORPORATE_ENTITY,520,1000000.0,Andhra Pradesh
U47890AP2023OPC111343,HERBALPRO INTERNATIONAL (OPC) PRIVATE LIMITED,Active,47890.0,NAME_BASED_MATCH,520,100000.0,Andhra Pradesh
U85110AP2011PTC074586,VISAKHA HEALTHCARE (INDIA) PRIVATE LIMITED,Active,85110.0,NAME_BASED_MATCH,510,2350000.0,Andhra Pradesh
U85110AP2013PTC087231,ONETAB PHARMACEUTICALS PRIVATE LIMITED,Active,85110.0,PHARMA_CORPORATE_ENTITY,520,4000000.0,Andhra Pradesh
U86100AP2026OPC125721,SUPREME MEDICAL AND SURGICAL AGENCIES (OPC) PRIVATE LIMITED,Active,86100.0,NAME_BASED_MATCH,511,30000.0,Andhra Pradesh
U86905AP2025PTC119663,CERTIGO LABORATORIES PRIVATE LIMITED,Active,86905.0,PHARMA_CORPORATE_ENTITY,520,100000.0,Andhra Pradesh
U33309AP2020PTC114664,HERVIK HEALTHCARE PRIVATE LIMITED,Active,33309.0,NAME_BASED_MATCH,503,100000.0,Andhra Pradesh
U46497AP2026PTC123877,HELVION PHARMACEUTICAL PRIVATE LIMITED,Active,46497.0,PHARMA_CORPORATE_ENTITY,510,100000.0,Andhra Pradesh
U47721AP2023PTC112988,AMAZEUS LIFE SCIENCES PRIVATE LIMITED,Active,47721.0,PHARMA_CORPORATE_ENTITY,520,100000.0,Andhra Pradesh
U36900AP2019PTC111256,MANNA ORGANIC AND HERBAL COSMETICS PRIVATE LIMITED,Active,36900.0,NAME_BASED_MATCH,520,20000.0,Andhra Pradesh
AAC-9725,NSR HERBALS LLP,Active,nan,NAME_BASED_MATCH,520,0.0,Andhra Pradesh
AAR-2330,DNB PHARMACEUTICALS LLP,Active,nan,PHARMA_CORPORATE_ENTITY,520,0.0,Andhra Pradesh
ABB-8025,TINY TOTS HEALTHCARE LLP,Active,nan,NAME_BASED_MATCH,503,0.0,Andhra Pradesh
ABC-1972,EPIRUS PHARMA LLP,Active,nan,PHARMA_CORPORATE_ENTITY,520,0.0,Andhra Pradesh
U74900AP2015PTC097455,MICCO LABORATORIES PRIVATE LIMITED,Active,74900.0,PHARMA_CORPORATE_ENTITY,520,2881000.0,Andhra Pradesh
U74999AP2017OPC106728,RHYNDINETIC BIOTECH (OPC) PRIVATE LIMITED,Strike Off,74999.0,PHARMA_CORPORATE_ENTITY,510,100000.0,Andhra Pradesh
U21000AP2020OPC114284,SRI HARIKRISHNA MARKETING (OPC) PRIVATE LIMITED,Active,21000.0,DIRECT_NIC_PHARMA_MANUFACTURER,749,100000.0,Andhra Pradesh
U21001AP2025OPC122144,NOLAN LIFE SCIENCES (OPC) PRIVATE LIMITED,Active,21001.0,DIRECT_NIC_PHARMA_MANUFACTURER,520,100000.0,Andhra Pradesh
U21003AP2014PTC094661,DEVADARU HERBALS PRIVATE LIMITED,Active,21003.0,DIRECT_NIC_PHARMA_MANUFACTURER,748,500000.0,Andhra Pradesh
U21003AP2015PTC096042,GRAM TARANG AYURVEDA WELLNESS PRIVATE LIMITED,Active,21003.0,DIRECT_NIC_PHARMA_MANUFACTURER,520,100000.0,Andhra Pradesh
U21010AP2013PTC091814,SAI PAPER CORP PRIVATE LIMITED,Active,21010.0,DIRECT_NIC_PHARMA_MANUFACTURER,505,23544900.0,Andhra Pradesh
U21012AP1998PTC028859,SIMANI PAPERS PRIVATE LIMITED,Strike Off,21012.0,DIRECT_NIC_PHARMA_MANUFACTURER,520,0.0,Andhra Pradesh
U21015AP2003PTC041054,SBS PAPER BOARDS PRIVATE LIMITED,Active,21015.0,DIRECT_NIC_PHARMA_MANUFACTURER,520,21284500.0,Andhra Pradesh
U21098AP1998PTC029991,ANDHRA DATA FORM PRIVATE LIMITED,Active,21098.0,DIRECT_NIC_PHARMA_MANUFACTURER,520,4622500.0,Andhra Pradesh
U24100AP2013PTC092038,REDOX LABORATORIES (INDIA) PRIVATE LIMITED,Active,24100.0,PHARMA_CORPORATE_ENTITY,520,100000.0,Andhra Pradesh
U24100AP2014PTC094942,LEVIN PHARMACEUTICALS PRIVATE LIMITED,Strike Off,24100.0,PHARMA_CORPORATE_ENTITY,519,300000.0,Andhra Pradesh
U24200AP1987PLC007320,RAYAN PHARMA LIMITED,Active,24200.0,PHARMA_CORPORATE_ENTITY,505,4655000.0,Andhra Pradesh
U24230AP2022PTC123431,IBAADHI NATURE CURE PRIVATE LIMITED,Active,24230.0,DIRECT_NIC_PHARMA_MANUFACTURER,520,100000.0,Andhra Pradesh
U24232AP2010PTC066909,ASPEN CONSUMER EQUIPMENTS PRIVATE LIMITED,Strike Off,24232.0,DIRECT_NIC_PHARMA_MANUFACTURER,520,100000.0,Andhra Pradesh
U24232AP2011PTC076715,HUT & NESTREE PHARMACEUTICALS PRIVATE LIMITED,Strike Off,24232.0,DIRECT_NIC_PHARMA_MANUFACTURER,503,100000.0,Andhra Pradesh
U24232AP2012PTC082739,CHROMO MEDCARE PRIVATE LIMITED,Active,24232.0,DIRECT_NIC_PHARMA_MANUFACTURER,503,53200000.0,Andhra Pradesh
U24232AP2013PTC089565,GROWMATE FERTILIZERS PRIVATE LIMITED,Strike Off,24232.0,DIRECT_NIC_PHARMA_MANUFACTURER,506,100000.0,Andhra Pradesh
U24233AP2008PTC058536,SAI PHARMA MARKETING PRIVATE LIMITED,Active,24233.0,DIRECT_NIC_PHARMA_MANUFACTURER,520,7900000.0,Andhra Pradesh
U24233AP2013PTC086024,KORNCHEM LABS PRIVATE LIMITED,Strike Off,24233.0,DIRECT_NIC_PHARMA_MANUFACTURER,519,100000.0,Andhra Pradesh
U24233AP2016PTC098281,PEEPAL PHARMACEUTICALS PRIVATE LIMITED,Strike Off,24233.0,DIRECT_NIC_PHARMA_MANUFACTURER,520,100000.0,Andhra Pradesh
U24239AP1999PTC032448,ANANDADAYINI PHARMA PRIVATE LIMITED,Strike Off,24239.0,DIRECT_NIC_PHARMA_MANUFACTURER,520,0.0,Andhra Pradesh
U24239AP2003PTC041369,VAANI CARBOXY PRIVATE LIMITED,Active,24239.0,DIRECT_NIC_PHARMA_MANUFACTURER,503,15000000.0,Andhra Pradesh
U24290AP2022PTC121158,SUNSRI LABORATORIES PRIVATE LIMITED,Active,24290.0,PHARMA_CORPORATE_ENTITY,520,17500000.0,Andhra Pradesh
U24299AP2019PTC112905,IROS PHARMA PRIVATE LIMITED,Active,24299.0,PHARMA_CORPORATE_ENTITY,510,499960.0,Andhra Pradesh
U24299AP2021PTC119621,ELEVAR LIFE SCIENCES PRIVATE LIMITED,Active,24299.0,PHARMA_CORPORATE_ENTITY,505,50000.0,Andhra Pradesh
U24304AP2017PTC106397,SASI PHARMACY PRIVATE LIMITED,Strike Off,24304.0,PHARMA_CORPORATE_ENTITY,506,100000.0,Andhra Pradesh
U24304AP2018PTC109072,FAIRY PHARMACEUTICALS PRIVATE LIMITED,Active,24304.0,PHARMA_CORPORATE_ENTITY,520,400000.0,Andhra Pradesh
U24304AP2019PTC113701,LANLOTUS HEALTHCARE PRIVATE LIMITED,Active,24304.0,NAME_BASED_MATCH,506,100000.0,Andhra Pradesh
U33110AP2015PTC096479,INUUS HEALTHCARE PRIVATE LIMITED,Active,33110.0,NAME_BASED_MATCH,520,100000.0,Andhra Pradesh
U73100AP1992PTC014526,RAYALASEEMA DIAGNOSTIC AND REASEARCH CENTRE PRIVATE LIMITED,Under process of striking off,73100.0,NAME_BASED_MATCH,511,900000.0,Andhra Pradesh
U74140AP2013PLC086653,NEOPRIDE PHARMACEUTICALS LIMITED,Active,74140.0,PHARMA_CORPORATE_ENTITY,520,45500000.0,Andhra Pradesh
AAF-6632,AMARAVATHI PHARMACEUTICALS LLP,Strike Off,nan,PHARMA_CORPORATE_ENTITY,506,0.0,Andhra Pradesh
AAK-3799,VYPA LABORATORIES LLP,Active,nan,PHARMA_CORPORATE_ENTITY,511,0.0,Andhra Pradesh
AAX-9539,ANANDAIAH AYURVEDA LLP,Active,nan,NAME_BASED_MATCH,520,0.0,Andhra Pradesh
ABZ-0140,AASHRAYA HEALTHCARE LLP,Active,nan,NAME_BASED_MATCH,517,0.0,Andhra Pradesh
ACA-3711,ADIMULAM BIOTECH LLP,Active,nan,PHARMA_CORPORATE_ENTITY,520,0.0,Andhra Pradesh
ACA-7972,37 DEGREE PHARMACY LLP,Active,nan,PHARMA_CORPORATE_ENTITY,520,0.0,Andhra Pradesh
U74900AP2019OPC111185,BIOSTAR HERBAL EXPORTS (OPC) PRIVATE LIMITED,Active,74900.0,NAME_BASED_MATCH,520,100000.0,Andhra Pradesh
U74999AP2016PTC104239,AVACA PHARMA PRIVATE LIMITED,Active,74999.0,PHARMA_CORPORATE_ENTITY,506,119665400.0,Andhra Pradesh
U74999AP2016PTC104381,RIOZEN PHARMACEUTICAL PRIVATE LIMITED,Active,74999.0,PHARMA_CORPORATE_ENTITY,520,2500000.0,Andhra Pradesh
U74999AP2017PTC105299,MATHIGROW PHARMACEUTICALS PRIVATE LIMITED,Active,74999.0,PHARMA_CORPORATE_ENTITY,506,100000.0,Andhra Pradesh
U74999AP2018PTC108902,JLEBANON LABORATORIES PRIVATE LIMITED,Active,74999.0,PHARMA_CORPORATE_ENTITY,520,1000000.0,Andhra Pradesh
U31909TG2006PTC049370,DR.RAJU'S INSTITUTE OF AYURVEDA PRIVATE LIMITED,Active,31909.0,NAME_BASED_MATCH,520,1100000.0,Andhra Pradesh
U32509AP2025PTC121808,URONOVA MEDTECH PRIVATE LIMITED,Active,32509.0,PHARMA_RELATED_MANUFACTURER,520,100000.0,Andhra Pradesh
U85100AP2017PTC106817,SUBIKSHA HEALTHCARE PRIVATE LIMITED,Active,85100.0,NAME_BASED_MATCH,520,6000000.0,Andhra Pradesh
U85100AP2020PTC114369,KAUSTUBAMANI HEALTHCARE PRIVATE LIMITED,Strike Off,85100.0,NAME_BASED_MATCH,749,100000.0,Andhra Pradesh
U85100AP2022PTC120707,SANKO BIOTECH PRIVATE LIMITED,Active,85100.0,PHARMA_CORPORATE_ENTITY,510,100000.0,Andhra Pradesh
U85110AP1993PTC015966,MEDICARE DIAGNOSTICS PVT. LTD.,Active,85110.0,NAME_BASED_MATCH,520,1799000.0,Andhra Pradesh
U85110AP2000PTC035792,SIBAR DIAGNOSTICS PRIVATE LIMITED,Strike Off,85110.0,NAME_BASED_MATCH,520,0.0,Andhra Pradesh
U85110AP2003PTC041842,TENALI CT SCAN AND DIAGNOSTICS CENTRE PRIVATE LIMITED,Active,85110.0,NAME_BASED_MATCH,506,4137500.0,Andhra Pradesh
U85110AP2018PTC108743,INSIGNIA HEALTHCARE PRIVATE LIMITED,Active,85110.0,NAME_BASED_MATCH,506,482014820.0,Andhra Pradesh
U85190AP2016PTC104177,PADMAGOWRI HEALTHCARE PRIVATE LIMITED,Active,85190.0,NAME_BASED_MATCH,749,100000.0,Andhra Pradesh
U85190AP2016SGC103153,ANDHRA PRADESH MEDTECH ZONE LIMITED,Active,85190.0,NAME_BASED_MATCH,520,100000.0,Andhra Pradesh
U85300AP2019PTC111319,GTV HEALTHCARE PRIVATE LIMITED,Active,85300.0,NAME_BASED_MATCH,520,100000.0,Andhra Pradesh
U85300AP2020PTC115609,EPIRON ANIMAL HEALTHCARE PRIVATE LIMITED,Active,85300.0,NAME_BASED_MATCH,510,100000.0,Andhra Pradesh
U85300AP2021PTC118378,DOCKART HEALTHCARE PRIVATE LIMITED,Active,85300.0,NAME_BASED_MATCH,503,500000.0,Andhra Pradesh
U86100AP2024PTC117215,ADDURI HEALTHCARE SOLUTIONS PRIVATE LIMITED,Active,86100.0,NAME_BASED_MATCH,510,100000.0,Andhra Pradesh
U86201AP2026PTC125350,OMVARAHI GLOBAL HEALTHCARE PRIVATE LIMITED,Active,86201.0,NAME_BASED_MATCH,520,100000.0,Andhra Pradesh
U18100AP1990PTC012132,ADITYA SURGICAL COTTON AND AGRO PRODUCTS PRIVATE LIMITED,Strike Off,18100.0,NAME_BASED_MATCH,520,10000.0,Andhra Pradesh
U86909AP2006PTC050885,SIDWIN HEALTHCARE AND IT SOLUTIONS PRIVATE LIMITED,Active,86909.0,NAME_BASED_MATCH,506,4977030.0,Andhra Pradesh
U46497AP2023PTC112436,ELIPSO PHARMA PRIVATE LIMITED,Active,46497.0,PHARMA_CORPORATE_ENTITY,510,100000.0,Andhra Pradesh
U46497AP2024PTC116482,BESTIN PHARMACEUTICALS PRIVATE LIMITED,Active,46497.0,PHARMA_CORPORATE_ENTITY,519,100000.0,Andhra Pradesh
U51397AP2020PTC116159,SRI SNEHA GENERIC & GENERAL PHARMACY PRIVATE LIMITED,Active,51397.0,PHARMA_CORPORATE_ENTITY,505,2380000.0,Andhra Pradesh
U85190AP2021PTC120400,BREATHE LIFE HOSPITALS AND HEALTHCARE PRIVATE LIMITED,Active,85190.0,NAME_BASED_MATCH,510,100000.0,Andhra Pradesh
U51909AP2020PTC116569,HILIFE WELLNESS PHARMACEUTICALS PRIVATE LIMITED,Active,51909.0,PHARMA_CORPORATE_ENTITY,506,100000.0,Andhra Pradesh
U21000AP2024PTC117096,SISIRA PHARMACEUTICALS PRIVATE LIMITED,Active,21000.0,DIRECT_NIC_PHARMA_MANUFACTURER,517,1000000.0,Andhra Pradesh
U21001AP2024PTC116652,ALTRIVA PHARMA PRIVATE LIMITED,Active,21001.0,DIRECT_NIC_PHARMA_MANUFACTURER,520,100000.0,Andhra Pradesh
U21001AP2024PTC117172,BLUESTAIN INDIA PRIVATE LIMITED,Active,21001.0,DIRECT_NIC_PHARMA_MANUFACTURER,510,100000.0,Andhra Pradesh
U21001AP2025PTC121678,QUANTIKWA PHARMA PRIVATE LIMITED,Active,21001.0,DIRECT_NIC_PHARMA_MANUFACTURER,520,20000.0,Andhra Pradesh
U21012AP2003PTC040467,SREE AGASTESVARA PAPER AND BOARD MILLS PRIVATE LIMITED,Active,21012.0,DIRECT_NIC_PHARMA_MANUFACTURER,520,11261810.0,Andhra Pradesh
U21020AP1998PTC029959,NEO HYGENIC PACKAGINGS PRIVATE LIMITED,Active,21020.0,DIRECT_NIC_PHARMA_MANUFACTURER,506,0.0,Andhra Pradesh
U24100AP2021PTC118446,S D H PHARMA PRIVATE LIMITED,Active,24100.0,PHARMA_CORPORATE_ENTITY,510,100000.0,Andhra Pradesh
U24110AP2020PTC116958,AYUSHKUTIR HEALTHCARE PRODUCTS PRIVATE LIMITED,Strike Off,24110.0,NAME_BASED_MATCH,503,100000.0,Andhra Pradesh
U24231AP1984PTC004740,VECO PHARMA PVT LTD,Strike Off,24231.0,DIRECT_NIC_PHARMA_MANUFACTURER,520,50000.0,Andhra Pradesh
U24233AP2009PTC063533,SYNDY PHARMA PRIVATE LIMITED,Strike Off,24233.0,DIRECT_NIC_PHARMA_MANUFACTURER,520,500000.0,Andhra Pradesh
U24233AP2011PTC072395,ARTIST GOLD PAINTS PRIVATE LIMITED,Active,24233.0,DIRECT_NIC_PHARMA_MANUFACTURER,519,504000.0,Andhra Pradesh
U24233AP2011PTC072861,BHANU AYURVEDIC PRIVATE LIMITED,Strike Off,24233.0,DIRECT_NIC_PHARMA_MANUFACTURER,511,100000.0,Andhra Pradesh
U24233AP2015PTC095987,PRAGNA TEST HOUSE AND ENGINEERING SERVICES PRIVATE LIMITED,Active,24233.0,DIRECT_NIC_PHARMA_MANUFACTURER,510,12000000.0,Andhra Pradesh
U24239AP1988PTC008316,SRP PHARMACEUTICALS PVT LTD,Strike Off,24239.0,DIRECT_NIC_PHARMA_MANUFACTURER,510,200.0,Andhra Pradesh
U24303AP2017PTC106934,MICH PHARMA PRIVATE LIMITED,Active,24303.0,PHARMA_CORPORATE_ENTITY,523,100000.0,Andhra Pradesh
U01403AP2008PLC062255,GREEN BIOTECH (INDIA) LIMITED,Strike Off,1403.0,PHARMA_CORPORATE_ENTITY,520,0.0,Andhra Pradesh
U21001AP2021PTC118048,PROTIGENIX LIFE SCIENCES PRIVATE LIMITED,Active,21001.0,DIRECT_NIC_PHARMA_MANUFACTURER,520,192590140.0,Andhra Pradesh
U21005AP2024PTC115888,QRATE BIOLOGICALS PRIVATE LIMITED,Active,21005.0,DIRECT_NIC_PHARMA_MANUFACTURER,520,100000.0,Andhra Pradesh
U21012AP1975PLC001930,GUARDIAN PAPERS LTD,Under Liquidation,21012.0,DIRECT_NIC_PHARMA_MANUFACTURER,510,13925625.0,Andhra Pradesh
AAV-7813,MEGA MEDICALS & SURGICALS LLP,Active,nan,NAME_BASED_MATCH,503,0.0,Andhra Pradesh
ACM-6870,HAVI HEALTHCARE LLP,Active,nan,NAME_BASED_MATCH,517,0.0,Andhra Pradesh
ACX-9012,KODEASTRA HEALTHCARE LLP,Active,nan,NAME_BASED_MATCH,520,0.0,Andhra Pradesh
U21000AP2022PTC120880,VENKATA MARUTHI RAM PAPERS PRIVATE LIMITED,Active,21000.0,DIRECT_NIC_PHARMA_MANUFACTURER,510,10000000.0,Andhra Pradesh
U21000AP2022PTC121396,VANI AARADHYA PAPER MILLS PRIVATE LIMITED,Active,21000.0,DIRECT_NIC_PHARMA_MANUFACTURER,510,500000.0,Andhra Pradesh
U21012AP1996PTC025282,PADMAJA PAPER BOARDS PRIVATE LIMITED,Active,21012.0,DIRECT_NIC_PHARMA_MANUFACTURER,520,999400.0,Andhra Pradesh
U21015AP1973PTC001669,ARUNA PAPER - BOARD MILLS PRIVATE LIMITED,Active,21015.0,DIRECT_NIC_PHARMA_MANUFACTURER,523,36000000.0,Andhra Pradesh
U21019TG2006PTC049310,TAO SOLLUTIONS PRIVATE LIMITED,Strike Off,21019.0,DIRECT_NIC_PHARMA_MANUFACTURER,520,0.0,Andhra Pradesh
U21029AP2019PTC112373,SCIENCECHRONICLES SERVICES PRIVATE LIMITED,Strike Off,21029.0,DIRECT_NIC_PHARMA_MANUFACTURER,520,1000000.0,Andhra Pradesh
U85100AP2014PTC094692,AVEKSHA HEALTHCARE PRIVATE LIMITED,Under process of striking off,85100.0,NAME_BASED_MATCH,511,100000.0,Andhra Pradesh
U85110AP2022PTC123458,MOKSHAVANI HEALTHCARE PRIVATE LIMITED,Active,85110.0,NAME_BASED_MATCH,505,100000.0,Andhra Pradesh
U24230AP1996PTC023386,WEST GODAVARI AGENCIES PRIVATE LIMITED,Strike Off,24230.0,DIRECT_NIC_PHARMA_MANUFACTURER,748,200000.0,Andhra Pradesh
U24232AP2008PTC057312,SAVIOUR THERAPEUTICS PRIVATE LIMITED,Strike Off,24232.0,DIRECT_NIC_PHARMA_MANUFACTURER,506,200000.0,Andhra Pradesh
U24232AP2011PTC073447,SRI ABHAYAGOLD ORGANICS (INDIA) PRIVATE LIMITED,Strike Off,24232.0,DIRECT_NIC_PHARMA_MANUFACTURER,748,100000.0,Andhra Pradesh
U24232AP2012PTC079367,SIRI DRUGS INDIA PRIVATE LIMITED,Amalgamated,24232.0,DIRECT_NIC_PHARMA_MANUFACTURER,520,73400000.0,Andhra Pradesh
U24239AP1986PTC006729,VIN PHARMA PVT. LTD.,Active,24239.0,DIRECT_NIC_PHARMA_MANUFACTURER,520,200000.0,Andhra Pradesh
U24239AP2021PTC118297,FRAMCO PHARMACEUTICALS PRIVATE LIMITED,Active,24239.0,DIRECT_NIC_PHARMA_MANUFACTURER,506,400000.0,Andhra Pradesh
U24299AP2021PTC118538,ZOWIN LIFE SCIENCES PRIVATE LIMITED,Active,24299.0,PHARMA_CORPORATE_ENTITY,506,100000.0,Andhra Pradesh
U73100AP2022PLC122816,VISAKHA PHARMA INNOVATION AND INCUBATION LIMITED,Active,73100.0,PHARMA_CORPORATE_ENTITY,520,500000.0,Andhra Pradesh
U74999AP2017PTC106396,SAHASRA HEALTHCARE TECHNOLOGIES PRIVATE LIMITED,Strike Off,74999.0,NAME_BASED_MATCH,520,100000.0,Andhra Pradesh
U33208AP2022PTC121285,PRIMECURE MEDTECH PRIVATE LIMITED,Active,33208.0,NAME_BASED_MATCH,510,100000.0,Andhra Pradesh
U46497AP2023PTC112811,RUPIKIND PHARMACEUTICAL PRIVATE LIMITED,Active,46497.0,PHARMA_CORPORATE_ENTITY,520,100000.0,Andhra Pradesh
U46909AP2024PTC115772,SPAIRA PHARMACEUTICALS PRIVATE LIMITED,Active,46909.0,PHARMA_CORPORATE_ENTITY,520,100000.0,Andhra Pradesh
U51909AP2016PTC104558,CATO PHARMACEUTICALS PRIVATE LIMITED,Active,51909.0,PHARMA_CORPORATE_ENTITY,505,390000.0,Andhra Pradesh
U51909AP2022PTC121271,ATLA PHARMACEUTICALS PRIVATE LIMITED,Active,51909.0,PHARMA_CORPORATE_ENTITY,506,10000.0,Andhra Pradesh
AAJ-6332,BLOSSOMS RESEARCH CENTER AND HEALTHCARE VIJAYAWADA LLP,Converted and Dissolved,nan,NAME_BASED_MATCH,510,0.0,Andhra Pradesh
U15400AP2012PLC078665,SREE VISWAAS AGRO BIOTECH INDIA LIMITED,Active,15400.0,PHARMA_CORPORATE_ENTITY,752,23124000.0,Andhra Pradesh
U21000AP1996PLC023871,JAYA KALI PRASAD PAPERS LIMITED,Strike Off,21000.0,DIRECT_NIC_PHARMA_MANUFACTURER,506,0.0,Andhra Pradesh
U21000AP2012PTC082238,SRI MAITRIYA BUDDHA PAPERS PRIVATE LIMITED,Strike Off,21000.0,DIRECT_NIC_PHARMA_MANUFACTURER,505,100000.0,Andhra Pradesh
U21000AP2025PTC118778,FEED HEALTHCARE PRIVATE LIMITED,Active,21000.0,DIRECT_NIC_PHARMA_MANUFACTURER,510,100000.0,Andhra Pradesh
U21001AP2026PTC123520,AIRMA BIOPHARMA PRIVATE LIMITED,Active,21001.0,DIRECT_NIC_PHARMA_MANUFACTURER,520,100000.0,Andhra Pradesh
U21003AP2023PTC111529,SUNRAYS KAMBUTATA INDIA PRIVATE LIMITED,Active,21003.0,DIRECT_NIC_PHARMA_MANUFACTURER,520,100000.0,Andhra Pradesh
U21003AP2023PTC111661,NATURAYS MARKETING PRIVATE LIMITED,Active,21003.0,DIRECT_NIC_PHARMA_MANUFACTURER,510,2200000.0,Andhra Pradesh
U21003AP2025PTC122995,AROGYA HEALTH HUB PRIVATE LIMITED,Active,21003.0,DIRECT_NIC_PHARMA_MANUFACTURER,521,100000.0,Andhra Pradesh
U21012AP1979PLC002449,VASAVI PAPER MILLS LTD,Under process of striking off,21012.0,DIRECT_NIC_PHARMA_MANUFACTURER,520,0.0,Andhra Pradesh
U21012AP2005PLC046890,WHITEFIELD PAPER MILLS LIMITED,Active,21012.0,DIRECT_NIC_PHARMA_MANUFACTURER,523,235786000.0,Andhra Pradesh
U21013AP2009PTC062674,HI-TECH PAPER MILLS (AP) PRIVATE LIMITED,Strike Off,21013.0,DIRECT_NIC_PHARMA_MANUFACTURER,520,100000.0,Andhra Pradesh
U21015AP1996PLC024806,SIVAKALYANI PAPERS LIMITED,Active,21015.0,DIRECT_NIC_PHARMA_MANUFACTURER,520,42008240.0,Andhra Pradesh
U21020AP1988PLC008729,PRUDENTIAL AMMANA SUGARS LIMITED,Active,21020.0,DIRECT_NIC_PHARMA_MANUFACTURER,503,51000000.0,Andhra Pradesh
U21020AP2001PTC036229,KANHAN PAPERSS PRIVATE LIMITED,Strike Off,21020.0,DIRECT_NIC_PHARMA_MANUFACTURER,520,0.0,Andhra Pradesh
U21023AP2010PTC071986,ASMITA PACKAGING PRIVATE LIMITED,Strike Off,21023.0,DIRECT_NIC_PHARMA_MANUFACTURER,520,100000.0,Andhra Pradesh
U24100AP2013PTC088131,SELDOM PHARMA PRIVATE LIMITED,Active,24100.0,PHARMA_CORPORATE_ENTITY,505,27460000.0,Andhra Pradesh
U24200AP1995PTC020462,PENNAR DRUGS PRIVATE LIMITED,Strike Off,24200.0,PHARMA_CORPORATE_ENTITY,520,0.0,Andhra Pradesh
U24200AP1995PTC020792,ASCENT DRUGS AND PHARMACEUTICALS (INDIA) PRIVATE LIMITED,Strike Off,24200.0,PHARMA_CORPORATE_ENTITY,520,0.0,Andhra Pradesh
U24230AP1985PTC005234,RAJ LABORATORIES PVT LTD,Strike Off,24230.0,DIRECT_NIC_PHARMA_MANUFACTURER,520,200.0,Andhra Pradesh
U24230AP1993PTC015771,L.K. PHARMACEUTICALS PVT. LTD.,Active,24230.0,DIRECT_NIC_PHARMA_MANUFACTURER,505,973000.0,Andhra Pradesh
U24230AP1996PTC023547,SURAKSHA DRUGS PRIVATE LIMITED,Strike Off,24230.0,DIRECT_NIC_PHARMA_MANUFACTURER,520,0.0,Andhra Pradesh
U24230AP1996PTC023821,TUNGABADRA AQUA MINERALS PRIVATE LIMITED,Strike Off,24230.0,DIRECT_NIC_PHARMA_MANUFACTURER,511,500000.0,Andhra Pradesh
U24230AP2005PTC048424,C S K BIO IT REMEDIES PRIVATE LIMITED,Strike Off,24230.0,DIRECT_NIC_PHARMA_MANUFACTURER,520,0.0,Andhra Pradesh
U24230AP2020PTC114967,LIQUIDFINE CHEMICALS AND PHARMACEUTICALS PRIVATE LIMITED,Active,24230.0,DIRECT_NIC_PHARMA_MANUFACTURER,510,100000.0,Andhra Pradesh
U24230AP2021PTC117693,PLANTAE LIFESCIENCES PRIVATE LIMITED,Active,24230.0,DIRECT_NIC_PHARMA_MANUFACTURER,506,10000000.0,Andhra Pradesh
U24231AP1965PLC001039,HINDUSTAN ALLIED CHEMICALS LIMITED,Active,24231.0,DIRECT_NIC_PHARMA_MANUFACTURER,523,1062620.0,Andhra Pradesh
U24232AP2008PTC057417,SIONC PHARMACEUTICALS PRIVATE LIMITED,Active,24232.0,DIRECT_NIC_PHARMA_MANUFACTURER,520,121458000.0,Andhra Pradesh
U24232AP2010PTC070722,GLOCELL CHEMICAL INDUSTRIES PRIVATE LIMITED,Active,24232.0,DIRECT_NIC_PHARMA_MANUFACTURER,749,36000000.0,Andhra Pradesh
U24232AP2011PTC072388,SRI HIMAJA FERTILIZERS AND CHEMICALS PRIVATE LIMITED,Strike Off,24232.0,DIRECT_NIC_PHARMA_MANUFACTURER,520,45000000.0,Andhra Pradesh
U24232AP2011PTC076728,ALCANDER PHARMA PRIVATE LIMITED,Strike Off,24232.0,DIRECT_NIC_PHARMA_MANUFACTURER,520,100000.0,Andhra Pradesh
U24232AP2013PTC088722,SRI BHARGAVI AMMONIA & CHEMICALS PRIVATE LIMITED,Active,24232.0,DIRECT_NIC_PHARMA_MANUFACTURER,520,7224420.0,Andhra Pradesh
U24232AP2014PTC094950,ENERGENE LIFE SCIENCES PRIVATE LIMITED,Strike Off,24232.0,DIRECT_NIC_PHARMA_MANUFACTURER,519,100000.0,Andhra Pradesh
U24232AP2014PTC095477,MIK DRUGS & PHARMACEUTICALS PRIVATE LIMITED,Strike Off,24232.0,DIRECT_NIC_PHARMA_MANUFACTURER,519,100000.0,Andhra Pradesh
U24233AP2008PTC059985,EVER HEALTH LIFE SCIENCES PRIVATE LIMITED,Active,24233.0,DIRECT_NIC_PHARMA_MANUFACTURER,520,67200000.0,Andhra Pradesh
U24233AP2012PTC085034,GARUDA BARIUM SALTS PRIVATE LIMITED,Strike Off,24233.0,DIRECT_NIC_PHARMA_MANUFACTURER,752,100000.0,Andhra Pradesh
U24234AP1990PTC011245,SOUTH INDIA REMEDIES PVT LTD,Strike Off,24234.0,DIRECT_NIC_PHARMA_MANUFACTURER,517,0.0,Andhra Pradesh
U24236AP1993PTC015794,DOCTORS SURGICAL COTTON COMPANY PVT. LTD.,Active,24236.0,DIRECT_NIC_PHARMA_MANUFACTURER,520,447000.0,Andhra Pradesh
U24239AP1991PTC012889,OSLER LABORATORIES PRIVATE LIMITED,Active,24239.0,DIRECT_NIC_PHARMA_MANUFACTURER,520,925000.0,Andhra Pradesh
U24239AP1994PTC016773,AKRON PARENTARALS PRIVATE LIMITED,Active,24239.0,DIRECT_NIC_PHARMA_MANUFACTURER,506,99900000.0,Andhra Pradesh
U24239AP1994PTC017608,CLEMSON PHARMA PRIVATE LIMITED,Strike Off,24239.0,DIRECT_NIC_PHARMA_MANUFACTURER,523,330000.0,Andhra Pradesh
U24239AP2006PLC048778,TRIVENI FORMULATIONS LIMITED,Active,24239.0,DIRECT_NIC_PHARMA_MANUFACTURER,510,44358000.0,Andhra Pradesh
U24239TG2004PTC043904,INDU PHARMA PRIVATE LIMITED,Amalgamated,24239.0,DIRECT_NIC_PHARMA_MANUFACTURER,520,8100000.0,Andhra Pradesh
U24290AP2019PTC113094,ABET PHARMACEUTICAL PRIVATE LIMITED,Active,24290.0,PHARMA_CORPORATE_ENTITY,520,100000.0,Andhra Pradesh
U24290AP2020PTC115932,SANTEZ HEALTHCARE PRIVATE LIMITED,Active,24290.0,NAME_BASED_MATCH,505,900000.0,Andhra Pradesh
U24290AP2021PTC119856,BIORIGHTS LIFE SCIENCES PRIVATE LIMITED,Active,24290.0,PHARMA_CORPORATE_ENTITY,510,100000.0,Andhra Pradesh
U24290AP2021PTC119879,VIRAG PHARMACEUTICALS PRIVATE LIMITED,Active,24290.0,PHARMA_CORPORATE_ENTITY,506,100000.0,Andhra Pradesh
U24299AP2019PTC111316,SQUATINA PHARMACEUTICAL PRIVATE LIMITED,Active,24299.0,PHARMA_CORPORATE_ENTITY,506,100000.0,Andhra Pradesh
U24301AP2013PTC085858,CHARMVERA HEALTHCARE PRIVATE LIMITED,Strike Off,24301.0,NAME_BASED_MATCH,519,100000.0,Andhra Pradesh
U24304AP2017PTC106202,ARANOX PHARMA PRIVATE LIMITED,Active,24304.0,PHARMA_CORPORATE_ENTITY,505,100000.0,Andhra Pradesh
U24304AP2020PTC115751,BRACKS PHARMACEUTICALS PRIVATE LIMITED,Active,24304.0,PHARMA_CORPORATE_ENTITY,506,100000.0,Andhra Pradesh
U72900AP2019PTC113005,DOXIVA HEALTHCARE SOLUTIONS PRIVATE LIMITED,Active,72900.0,NAME_BASED_MATCH,503,400000.0,Andhra Pradesh
U74120AP2016PTC098334,MASTERS DIAGNOSTICS PRIVATE LIMITED,Active,74120.0,NAME_BASED_MATCH,510,100000.0,Andhra Pradesh
U74900AP2013PTC091376,MEDIVIZ PHARMA SERVICES PRIVATE LIMITED,Active,74900.0,PHARMA_CORPORATE_ENTITY,520,25100000.0,Andhra Pradesh
U74900AP2015OPC095967,JOHN & FRANKIE PHARMA PRIVATE LIMITED (OPC),Active,74900.0,PHARMA_CORPORATE_ENTITY,748,100000.0,Andhra Pradesh
U74900AP2015PTC097980,AKSHARA DIAGNOSTIC CENTER PRIVATE LIMITED,Active,74900.0,NAME_BASED_MATCH,511,100000.0,Andhra Pradesh
U74900AP2016PTC098376,MARTHA HEALTHCARE SERVICES PRIVATE LIMITED,Active,74900.0,NAME_BASED_MATCH,510,10200000.0,Andhra Pradesh
U74999AP2017PTC105701,MANCHINENI PHARMACEUTICALS PRIVATE LIMITED,Active,74999.0,PHARMA_CORPORATE_ENTITY,506,100000.0,Andhra Pradesh
U46100AP2018PTC108783,PNR LIFE SCIENCES PRIVATE LIMITED,Active,46100.0,PHARMA_CORPORATE_ENTITY,520,1000000.0,Andhra Pradesh
U46497AP2025PTC122627,VEKRA HEALTHCARE PRIVATE LIMITED,Active,46497.0,NAME_BASED_MATCH,506,1000000.0,Andhra Pradesh
U46596AP2026PTC124627,HEALTH E WORLD SURGICAL AND SERVICES PRIVATE LIMITED,Active,46596.0,NAME_BASED_MATCH,520,100000.0,Andhra Pradesh
U85100AP2013PTC088204,NELLORE HEALTHCARE AND RESEARCH INSTITUTE PRIVATE LIMITED,Active,85100.0,NAME_BASED_MATCH,520,100000.0,Andhra Pradesh
U85100AP2020PTC115538,SUNLIVIGO DIAGNOSTIC CENTRE PRIVATE LIMITED,Active,85100.0,NAME_BASED_MATCH,511,1000000.0,Andhra Pradesh
U85100AP2021PTC119230,RBAN HEALTHCARE AND HOSPITALITY PRIVATE LIMITED,Active,85100.0,NAME_BASED_MATCH,520,50000.0,Andhra Pradesh
U85100AP2022PTC121382,SRESHTA HEALTHCARE PRIVATE LIMITED,Active,85100.0,NAME_BASED_MATCH,506,97500000.0,Andhra Pradesh
U85101AP1989PTC010235,JANAKI DIAGNOSTICS PVT. LTD.,Strike Off,85101.0,NAME_BASED_MATCH,505,0.0,Andhra Pradesh
U85110AP1994PLC017303,BHIMAVARAM DIAGNOSTICS LIMITED,Active,85110.0,NAME_BASED_MATCH,520,8873500.0,Andhra Pradesh
U85110AP2014PTC095783,ARIC HEALTHCARE PRIVATE LIMITED,Active,85110.0,NAME_BASED_MATCH,520,100000.0,Andhra Pradesh
U85300AP2019PTC112077,LENOLIVE HEALTHCARE PRIVATE LIMITED,Active,85300.0,NAME_BASED_MATCH,520,1000000.0,Andhra Pradesh
U51909AP2022PTC122338,KORNI PHARMACEUTICALS PRIVATE LIMITED,Active,51909.0,PHARMA_CORPORATE_ENTITY,505,100000.0,Andhra Pradesh
U52100AP2019PTC113265,PHARMAPRIX PRIVATE LIMITED,Strike Off,52100.0,PHARMA_CORPORATE_ENTITY,520,100000.0,Andhra Pradesh
U52520AP2022PTC120514,SAMHITHA PHARMACY PRIVATE LIMITED,Active,52520.0,PHARMA_CORPORATE_ENTITY,520,200000.0,Andhra Pradesh
U86100AP2026PTC123854,TRILOKA HEALTHCARE PRIVATE LIMITED,Active,86100.0,NAME_BASED_MATCH,511,100000.0,Andhra Pradesh
U24232AP2012PTC082087,HARSHA INGREDIENTS PRIVATE LIMITED,Active,24232.0,DIRECT_NIC_PHARMA_MANUFACTURER,521,15000000.0,Andhra Pradesh
U24233AP2011PTC117217,AJINOMOTO BIO-PHARMA SERVICES INDIA PRIVATE LIMITED,Active,24233.0,DIRECT_NIC_PHARMA_MANUFACTURER,520,857619340.0,Andhra Pradesh
U24239AP1987PTC007158,UNI LEO PHARMA AND FINANCE PVT. LTD.,Strike Off,24239.0,DIRECT_NIC_PHARMA_MANUFACTURER,506,50000.0,Andhra Pradesh
U24239AP1992PTC014630,RAJKAMAL PHARMA DISTRIBUTORS PVT. LTD.,Active,24239.0,DIRECT_NIC_PHARMA_MANUFACTURER,744,2915000.0,Andhra Pradesh
U24239AP1999PTC031675,A.S.R. DRUGS AND ORGANICS PRIVATE LIMITED,Strike Off,24239.0,DIRECT_NIC_PHARMA_MANUFACTURER,520,2000.0,Andhra Pradesh
U24239AP2021PTC119968,SHIMOGA PHARMA PRIVATE LIMITED,Active,24239.0,DIRECT_NIC_PHARMA_MANUFACTURER,506,100000.0,Andhra Pradesh
U24290AP2016PTC103772,MAKSEVER HEALTHCARE PRIVATE LIMITED,Active,24290.0,NAME_BASED_MATCH,523,100000.0,Andhra Pradesh
ACC-9529,BIORESP PHARMACEUTICALS LLP,Active,nan,PHARMA_CORPORATE_ENTITY,510,0.0,Andhra Pradesh
ACW-7044,MERKS DRUGS LLP,Active,nan,PHARMA_CORPORATE_ENTITY,523,0.0,Andhra Pradesh
U01112AP2018PTC108461,ANANDITHA BIOTECH PRIVATE LIMITED,Active,1112.0,PHARMA_CORPORATE_ENTITY,506,900000.0,Andhra Pradesh
U21000AP2025PTC119873,BRL PHARMA PRIVATE LIMITED,Active,21000.0,DIRECT_NIC_PHARMA_MANUFACTURER,511,100000.0,Andhra Pradesh
U21001AP2024PTC115881,NOVERT LABS PRIVATE LIMITED,Active,21001.0,DIRECT_NIC_PHARMA_MANUFACTURER,520,100000.0,Andhra Pradesh
U21001AP2025PTC118308,OASIS AP HEALTHCARE PRIVATE LIMITED,Active,21001.0,DIRECT_NIC_PHARMA_MANUFACTURER,520,1000000.0,Andhra Pradesh
U21016AP2013PTC085918,SWATHI KRAFT PAPERS PRIVATE LIMITED,Strike Off,21016.0,DIRECT_NIC_PHARMA_MANUFACTURER,520,1310000.0,Andhra Pradesh
U21090AP2016OPC104615,SREENIDHI ECO PRODUCTS (OPC) PRIVATE LIMITED,Active,21090.0,DIRECT_NIC_PHARMA_MANUFACTURER,503,100000.0,Andhra Pradesh
U85100AP2021PTC118093,FOXIE HEALTHCARE & INFOTECH SERVICES PRIVATE LIMITED,Active,85100.0,NAME_BASED_MATCH,506,500000.0,Andhra Pradesh
U85110AP2020PTC116408,LIVIN DIAGNOSTICS PRIVATE LIMITED,Active,85110.0,NAME_BASED_MATCH,520,1000000.0,Andhra Pradesh
U85300AP2019PTC111217,BILVU HEALTHCARE PRIVATE LIMITED,Active,85300.0,NAME_BASED_MATCH,510,10000.0,Andhra Pradesh
U24230AP2006PTC049374,GARLAPATI SAMBASIVA RAO PLANTATION PRIVATE LIMITED,Strike Off,24230.0,DIRECT_NIC_PHARMA_MANUFACTURER,520,0.0,Andhra Pradesh
U24233AP2015PTC096053,VARSHINI DRUGS PRIVATE LIMITED,Strike Off,24233.0,DIRECT_NIC_PHARMA_MANUFACTURER,505,100000.0,Andhra Pradesh
U24239AP1985PTC005624,CATALIQ PHARMACEUTICALS PVT LTD,Strike Off,24239.0,DIRECT_NIC_PHARMA_MANUFACTURER,520,347000.0,Andhra Pradesh
U24239AP1990PTC011280,STERLINE PHARMACEUTICALS PRIVATE LIMITED,Active,24239.0,DIRECT_NIC_PHARMA_MANUFACTURER,506,4900000.0,Andhra Pradesh
U24297AP2010PTC066922,PADMAJA BULK DRUGS AND INTERMEDIATES PRIVATE LIMITED,Strike Off,24297.0,PHARMA_CORPORATE_ENTITY,520,100000.0,Andhra Pradesh
U24304AP2018PTC107565,WOXIN PHARMACEUTICALS PRIVATE LIMITED,Active,24304.0,PHARMA_CORPORATE_ENTITY,511,500000.0,Andhra Pradesh
U74999AP2018PTC108079,KNR HEALTHCARE SERVICES PRIVATE LIMITED,Active,74999.0,NAME_BASED_MATCH,510,100000.0,Andhra Pradesh
U74999AP2019PTC111311,FLY MARTIN PHARMA PRIVATE LIMITED,Active,74999.0,PHARMA_CORPORATE_ENTITY,520,300000.0,Andhra Pradesh
U74999AP2020PTC116377,VANDE MEDI BHARAT HEALTHCARE SERVICES PRIVATE LIMITED,Active,74999.0,NAME_BASED_MATCH,510,100000.0,Andhra Pradesh
U86100AP2025PTC122069,BNSR SATYA HEALTHCARE SERVICES PRIVATE LIMITED,Active,86100.0,NAME_BASED_MATCH,510,1000000.0,Andhra Pradesh
U86905AP2025PTC122452,NEVRASA HEALTHCARE TECHNOLOGIES PRIVATE LIMITED,Active,86905.0,NAME_BASED_MATCH,506,10000.0,Andhra Pradesh
U33100AP2017PTC106922,WAFT PHARMA PRIVATE LIMITED,Active,33100.0,PHARMA_CORPORATE_ENTITY,505,2000000.0,Andhra Pradesh
U33309AP2019PTC112834,KRAKEL HEALTHCARE PRIVATE LIMITED,Active,33309.0,NAME_BASED_MATCH,520,100000.0,Andhra Pradesh
U74900AP2014PTC093693,IBRA PHARMACEUTICALS PRIVATE LIMITED,Under process of striking off,74900.0,PHARMA_CORPORATE_ENTITY,511,100000.0,Andhra Pradesh
U74900AP2016PLC098546,HINDUSTAN AYURVEDIC RESEARCH & DEVELOPMENT LIMITED,Active,74900.0,NAME_BASED_MATCH,506,500000.0,Andhra Pradesh
U74999AP2017OPC106080,JEMAN PHARMACEUTICAL (OPC) PRIVATE LIMITED,Active,74999.0,PHARMA_CORPORATE_ENTITY,748,100000.0,Andhra Pradesh
U74999AP2020PTC113958,CHB HEALTHCARE PRIVATE LIMITED,Active,74999.0,NAME_BASED_MATCH,510,100000.0,Andhra Pradesh
U29219AP1995PTC020054,ARAVINDRAJA BIOTECHNICKS PRIVATE LIMITED,Active,29219.0,PHARMA_CORPORATE_ENTITY,520,300000.0,Andhra Pradesh
U74999AP2017PTC106505,BATTU HEALTHCARE PRIVATE LIMITED,Strike Off,74999.0,NAME_BASED_MATCH,506,100000.0,Andhra Pradesh
U33111AP2016PTC098166,GOOGOLPLEX HEALTHCARE PRIVATE LIMITED,Active,33111.0,NAME_BASED_MATCH,519,100000.0,Andhra Pradesh
U26516AP2023PTC112068,LABNOVA DIAGNOSTICS PRIVATE LIMITED,Active,26516.0,NAME_BASED_MATCH,505,200000.0,Andhra Pradesh
U51909AP2020PTC115190,SHAKOTNUL HEALTHCARE INDIAN PHARMA PRIVATE LIMITED,Active,51909.0,PHARMA_CORPORATE_ENTITY,511,10000.0,Andhra Pradesh
U46497AP2024PTC117189,QT MED PHARMACEUTICALS PRIVATE LIMITED,Active,46497.0,PHARMA_CORPORATE_ENTITY,521,100000.0,Andhra Pradesh
U46497AP2025PTC120463,SHEALICS FORMULATIONS PRIVATE LIMITED,Active,46497.0,PHARMA_CORPORATE_ENTITY,520,100000.0,Andhra Pradesh
U52100AP2020PTC114462,SRI KARTIKEYA FORMULATIONS PRIVATE LIMITED,Active,52100.0,PHARMA_CORPORATE_ENTITY,506,100000.0,Andhra Pradesh
U01403AP2012PTC078987,SRI BHAVA BIOTECH PRIVATE LIMITED,Strike Off,1403.0,PHARMA_CORPORATE_ENTITY,748,250000.0,Andhra Pradesh
AAD-1504,HAZILITE PHARMACEUTICALS LLP,Strike Off,nan,PHARMA_CORPORATE_ENTITY,503,0.0,Andhra Pradesh
U05005AP1992PLC013968,COROMANDAL BIOTECH INDUSTRIES (INDIA) LIMITED,Active,5005.0,PHARMA_CORPORATE_ENTITY,520,85700000.0,Andhra Pradesh
U13995AP2026PTC125668,LAKSHMI HUMAN HEALTHCARE PRIVATE LIMITED,Active,13995.0,NAME_BASED_MATCH,520,100000.0,Andhra Pradesh
ACK-9642,ORBIT GUNTAKAL HEALTHCARE LLP,Active,nan,NAME_BASED_MATCH,520,0.0,Andhra Pradesh
U01400AP2014PTC092408,KALYAN BIOTECH PRIVATE LIMITED,Strike Off,1400.0,PHARMA_CORPORATE_ENTITY,519,100000.0,Andhra Pradesh
U73200AP2017PTC105750,CEYONE LIFE SCIENCES PRIVATE LIMITED,Active,73200.0,PHARMA_CORPORATE_ENTITY,520,99151190.0,Andhra Pradesh
U74120AP2015PTC097915,RAJAMAHENDRI HEALTHCARE PRIVATE LIMITED,Active,74120.0,NAME_BASED_MATCH,505,52009660.0,Andhra Pradesh
U74990AP2014PTC094820,VISWA DRUGS PRIVATE LIMITED,Strike Off,74990.0,PHARMA_CORPORATE_ENTITY,506,100000.0,Andhra Pradesh
U74999AP2016PTC103955,SMARTA HEALTHCARE SOLUTIONS PRIVATE LIMITED,Active,74999.0,NAME_BASED_MATCH,510,100000.0,Andhra Pradesh
U74999AP2018OPC108102,FIGSMED PHARMA (OPC) PRIVATE LIMITED,Under process of striking off,74999.0,PHARMA_CORPORATE_ENTITY,506,100000.0,Andhra Pradesh
U74999AP2018PTC107541,DRRBK'S HEALTHCARE SOLUTIONS PRIVATE LIMITED,Active,74999.0,NAME_BASED_MATCH,505,100000.0,Andhra Pradesh
U74999AP2018PTC107878,DULSE PHARMACEUTICALS PRIVATE LIMITED,Active,74999.0,PHARMA_CORPORATE_ENTITY,510,200000.0,Andhra Pradesh
U32500AP2026PTC125886,AXOMAX HEALTHCARE PRIVATE LIMITED,Active,32500.0,PHARMA_RELATED_MANUFACTURER,520,100000.0,Andhra Pradesh
U32503AP2023PTC111501,PANAKEIA MEDTECH PRIVATE LIMITED,Active,32503.0,PHARMA_RELATED_MANUFACTURER,520,100000.0,Andhra Pradesh
U32509AP2025PTC117484,FMB HEALTHCARE SYSTEMS PRIVATE LIMITED,Active,32509.0,PHARMA_RELATED_MANUFACTURER,510,300000.0,Andhra Pradesh
U33100AP2021PTC118182,INGEUS PHARMA PRIVATE LIMITED,Active,33100.0,PHARMA_CORPORATE_ENTITY,520,100000.0,Andhra Pradesh
U52311AP2022PTC122521,EMINENCE LIFE SCIENCES PRIVATE LIMITED,Active,52311.0,PHARMA_CORPORATE_ENTITY,506,100000.0,Andhra Pradesh
U52609AP2020PTC115029,LEOMARIS FORMULATIONS PRIVATE LIMITED,Active,52609.0,PHARMA_CORPORATE_ENTITY,520,10000000.0,Andhra Pradesh
U47721AP2024PTC113621,JAN SANJEEVANI GENERIC PHARMACY PRIVATE LIMITED,Active,47721.0,PHARMA_CORPORATE_ENTITY,503,100000.0,Andhra Pradesh
AAQ-6895,DR NAYUDU'S PHARMACEUTICAL LLP,Active,nan,PHARMA_CORPORATE_ENTITY,506,0.0,Andhra Pradesh
AAE-0231,AVON DIAGNOSTICS LLP,Active,nan,NAME_BASED_MATCH,505,0.0,Andhra Pradesh
U02100AP2026OPC124709,SUGANDA AROMA FARMS & ESTATES (OPC) PRIVATE LIMITED,Active,2100.0,DIRECT_NIC_PHARMA_MANUFACTURER,503,100000.0,Andhra Pradesh
ACB-5419,BLOSSOMS RESEARCH CENTER AND HEALTHCARE ELURU LLP,Active,nan,NAME_BASED_MATCH,510,0.0,Andhra Pradesh
U73100AP1996PTC025562,THEODORE LABORATORIES PRIVATE LIMITED,Active,73100.0,PHARMA_CORPORATE_ENTITY,520,900800.0,Andhra Pradesh
U74900AP2012PTC079576,AXION LABORATORIES PRIVATE LIMITED,Active,74900.0,PHARMA_CORPORATE_ENTITY,520,1281000.0,Andhra Pradesh
U73100AP1991PTC012815,TIRUPATI DIAGNOSTIC PRIVATE LIMITED,Strike Off,73100.0,NAME_BASED_MATCH,503,1000.0,Andhra Pradesh
U46596AP2026PTC124099,SK HEALTHCARE SURGICALS PRIVATE LIMITED,Active,46596.0,NAME_BASED_MATCH,520,10000000.0,Andhra Pradesh
U51909AP2018PTC108044,ELIGHANT LIFE SCIENCES PRIVATE LIMITED,Active,51909.0,PHARMA_CORPORATE_ENTITY,520,100000.0,Andhra Pradesh
U46497AP2025PTC120428,EQWELL PHARMA PRIVATE LIMITED,Active,46497.0,PHARMA_CORPORATE_ENTITY,505,100000.0,Andhra Pradesh
AAW-5970,IKSHANA HEALTHCARE LLP,Active,nan,NAME_BASED_MATCH,506,0.0,Andhra Pradesh
AAR-9092,CURITY HEALTHCARE LLP,Active,nan,NAME_BASED_MATCH,520,0.0,Andhra Pradesh
ACG-1413,ORBIT GLOBAL DIAGNOSTICS LLP,Active,nan,NAME_BASED_MATCH,511,0.0,Andhra Pradesh
ACT-1479,PRAKRIKA HERBALS LLP,Active,nan,NAME_BASED_MATCH,510,0.0,Andhra Pradesh
ACX-2310,UDAY HEALTHCARE LLP,Active,nan,NAME_BASED_MATCH,506,0.0,Andhra Pradesh
ACY-7341,TVR TRIDHA HEALTHCARE LLP,Active,nan,NAME_BASED_MATCH,506,0.0,Andhra Pradesh
L24239AP2005PLC047518,LAURUS LABS LIMITED,Active,24239.0,DIRECT_NIC_PHARMA_MANUFACTURER,744,1079713164.0,Andhra Pradesh
U01111AP2022PTC122149,ROSETHYME HERBALS AND OILS PRIVATE LIMITED,Active,1111.0,NAME_BASED_MATCH,520,100000.0,Andhra Pradesh
U01119AP2005PTC046170,VISWANATH AGRI FORMULATIONS PRIVATE LIMITED,Strike Off,1119.0,PHARMA_CORPORATE_ENTITY,520,10000.0,Andhra Pradesh
U01122AP2006PTC050673,ANNAPURNA GREEN FIELDS & BIOTECH FARMS PRIVATE LIMITED,Active,1122.0,PHARMA_CORPORATE_ENTITY,520,100000.0,Andhra Pradesh
U45200AP2005PTC046614,STILBENE BIOPHARMA PRIVATE LIMITED,Active,45200.0,PHARMA_CORPORATE_ENTITY,520,29994000.0,Andhra Pradesh
U46497AP2023PTC111741,SRIDEVI DRUGS PRIVATE LIMITED,Active,46497.0,PHARMA_CORPORATE_ENTITY,510,13100000.0,Andhra Pradesh
U46497AP2023PTC112440,THANVIN PHARMACEUTICAL PRIVATE LIMITED,Active,46497.0,PHARMA_CORPORATE_ENTITY,506,10000.0,Andhra Pradesh
U51900AP2015PTC096559,ELION HEALTHCARE PRIVATE LIMITED,Active,51900.0,NAME_BASED_MATCH,519,40000000.0,Andhra Pradesh
U46497AP2025OPC118121,YONOWK HEALTHCARE INNOVATIONS (OPC) PRIVATE LIMITED,Active,46497.0,NAME_BASED_MATCH,511,100000.0,Andhra Pradesh
U51101AP2014PTC092917,VASAVIVICTORY PHARMA INDIA PRIVATE LIMITED,Strike Off,51101.0,PHARMA_CORPORATE_ENTITY,506,4670000.0,Andhra Pradesh
U51900AP2020PTC114999,POTTIS PHARMACEUTICALS PRIVATE LIMITED,Strike Off,51900.0,PHARMA_CORPORATE_ENTITY,503,100000.0,Andhra Pradesh
U51900AP2020PTC115796,VIKAT HEALTHCARE PRIVATE LIMITED,Active,51900.0,NAME_BASED_MATCH,523,100000.0,Andhra Pradesh
AAD-8283,BVR PHARMACEUTICALS LLP,Strike Off,nan,PHARMA_CORPORATE_ENTITY,506,0.0,Andhra Pradesh
AAH-3146,BOTANEX LIFE SCIENCES LLP,Active,nan,PHARMA_CORPORATE_ENTITY,506,0.0,Andhra Pradesh
U51909AP2021PTC117397,HALDI HERBALS PRIVATE LIMITED,Strike Off,51909.0,NAME_BASED_MATCH,506,100000.0,Andhra Pradesh
U01122AP2007PTC055528,RAVI TEJA BIOTECH PRIVATE LIMITED,Strike Off,1122.0,PHARMA_CORPORATE_ENTITY,519,100000.0,Andhra Pradesh
U02101AP2023PTC113011,SAIRAM AGRO FARMS PRIVATE LIMITED,Active,2101.0,DIRECT_NIC_PHARMA_MANUFACTURER,520,100000.0,Andhra Pradesh
U05005AP1991PTC013157,TECHNO VET FORMULATION PRIVATE LIMITED,Active,5005.0,PHARMA_CORPORATE_ENTITY,520,770000.0,Andhra Pradesh
U10803AP2024PTC115837,AESEEPHARMACEUTICAL PRIVATE LIMITED,Active,10803.0,PHARMA_CORPORATE_ENTITY,506,100000.0,Andhra Pradesh
U15510AP2001PTC037003,THEJA BIOTECH PRIVATE LIMITED,Strike Off,15510.0,PHARMA_CORPORATE_ENTITY,503,100000.0,Andhra Pradesh
U32503AP2023PTC111397,YAGNAKSHA MEDTECH INDIA PRIVATE LIMITED,Active,32503.0,PHARMA_RELATED_MANUFACTURER,520,100000.0,Andhra Pradesh
U32509AP2025PTC117335,GRIVA HEALTHCARE PRIVATE LIMITED,Active,32509.0,PHARMA_RELATED_MANUFACTURER,520,100000.0,Andhra Pradesh
U33127AP2022PTC121027,GURUSIMHA LIFE SCIENCES PRIVATE LIMITED,Active,33127.0,PHARMA_CORPORATE_ENTITY,520,200000.0,Andhra Pradesh
U86909AP2024PTC114497,CHANDIRA FERTILITY AND HEALTHCARE PRIVATE LIMITED,Converted to LLP,86909.0,NAME_BASED_MATCH,511,500000.0,Andhra Pradesh
U86909AP2024PTC116940,HOMEOTHRIVE HEALTHCARE PRIVATE LIMITED,Strike Off,86909.0,NAME_BASED_MATCH,520,100000.0,Andhra Pradesh
U46497AP2025PTC118353,DIG MED PHARMACEUTICAL PRIVATE LIMITED,Active,46497.0,PHARMA_CORPORATE_ENTITY,520,100000.0,Andhra Pradesh
U85195AP1996PLC024932,AMARAVATHI DIAGNOSTICS LIMITED,Strike Off,85195.0,NAME_BASED_MATCH,506,7968000.0,Andhra Pradesh
U85300AP2022PTC122200,SULTAN LAYERS HEALTHCARE PRIVATE LIMITED,Active,85300.0,NAME_BASED_MATCH,520,100000.0,Andhra Pradesh
U85499AP2025PTC120608,VIRUPAKSHA HEALTHCARE PRIVATE LIMITED,Active,85499.0,NAME_BASED_MATCH,505,60000.0,Andhra Pradesh
U86100AP2023PTC111508,JANGAREDDYGUDEM HEALTHCARE PRIVATE LIMITED,Active,86100.0,NAME_BASED_MATCH,510,17950000.0,Andhra Pradesh
U21000AP2014PTC095826,SOUTH EASTERN KRAFT PAPER PRIVATE LIMITED,Active,21000.0,DIRECT_NIC_PHARMA_MANUFACTURER,520,100000.0,Andhra Pradesh
U21000AP2024PTC113834,DARWIN PRO FORMULATIONS PRIVATE LIMITED,Active,21000.0,DIRECT_NIC_PHARMA_MANUFACTURER,510,100000.0,Andhra Pradesh
U21003AP2024OPC117212,SERENELIFE WELLNESS (OPC) PRIVATE LIMITED,Active,21003.0,DIRECT_NIC_PHARMA_MANUFACTURER,520,100000.0,Andhra Pradesh
U21010AP1989PTC010706,NELLORE STRAW BOARDS PVT.LTD.,Active,21010.0,DIRECT_NIC_PHARMA_MANUFACTURER,520,204000.0,Andhra Pradesh
U21012AP1990PTC011444,SONI PAPER TUBE PVT.LTD.,Active,21012.0,DIRECT_NIC_PHARMA_MANUFACTURER,510,0.0,Andhra Pradesh
U21014AP1970PLC001338,HYDERABAD PACKAGING CO LTD.,Active,21014.0,DIRECT_NIC_PHARMA_MANUFACTURER,520,500000.0,Andhra Pradesh
U86900AP2025PTC117492,ABTHER BIOTECH PRIVATE LIMITED,Active,86900.0,PHARMA_CORPORATE_ENTITY,520,100000.0,Andhra Pradesh
U86905AP2023PTC112524,TAIYO DIAGNOSTIC PRIVATE LIMITED,Active,86905.0,NAME_BASED_MATCH,520,100000.0,Andhra Pradesh
U86905AP2025PTC121164,FABULOUSS DIAGNOSTICS AND HEALTHCARE SERVICES PRIVATE LIMITED,Active,86905.0,NAME_BASED_MATCH,520,10000.0,Andhra Pradesh
U21022AP1990PTC011263,RELIANCE CORUGERATION PVT LTD,Active,21022.0,DIRECT_NIC_PHARMA_MANUFACTURER,520,0.0,Andhra Pradesh
U21098AP2010PTC070876,ARIANS PAPERS PRIVATE LIMITED,Strike Off,21098.0,DIRECT_NIC_PHARMA_MANUFACTURER,511,100000.0,Andhra Pradesh
U24110AP1979PTC002402,CIFAL HERBAL PRIVATE LIMITED,Active,24110.0,NAME_BASED_MATCH,520,7500000.0,Andhra Pradesh
U24110AP1987PTC007189,NUTRINE PHARMA PRIVATE LIMITED,Strike Off,24110.0,PHARMA_CORPORATE_ENTITY,503,500000.0,Andhra Pradesh
U92490AP1994PLC018659,AMMANA BIO PHARMA LIMITED,Active,92490.0,PHARMA_CORPORATE_ENTITY,503,108500000.0,Andhra Pradesh
U24230AP1986PTC006128,R M PHARMA PVT LTD,Active,24230.0,DIRECT_NIC_PHARMA_MANUFACTURER,520,0.0,Andhra Pradesh
U24230AP1996PTC023990,WELCURE MEDI AND PLANTATION PRIVATE LIMITED,Strike Off,24230.0,DIRECT_NIC_PHARMA_MANUFACTURER,520,100000.0,Andhra Pradesh
U24230AP2005PTC045801,MARKVEL LABS PRIVATE LIMITED,Strike Off,24230.0,DIRECT_NIC_PHARMA_MANUFACTURER,520,0.0,Andhra Pradesh
U24232AP2008PTC058089,TGV PHARMA PRIVATE LIMITED,Amalgamated,24232.0,DIRECT_NIC_PHARMA_MANUFACTURER,511,14127500.0,Andhra Pradesh
U24232AP2008PTC062032,APPLE MEDICALS & REMEDIES PRIVATE LIMITED,Active,24232.0,DIRECT_NIC_PHARMA_MANUFACTURER,511,500000.0,Andhra Pradesh
U24233AP2012PTC078974,SANTHIRAM CHEMICALS PRIVATE LIMITED,Active,24233.0,DIRECT_NIC_PHARMA_MANUFACTURER,755,100000.0,Andhra Pradesh
U62011AP2024PTC113540,STHITHA PRAGNA INNOVATIVE RESEARCH LABORATORIES PRIVATE LIMITED,Under process of striking off,62011.0,PHARMA_CORPORATE_ENTITY,754,100000.0,Andhra Pradesh
U24239AP2002PTC038764,UKKUNAGAR PHARMACEUTICALS PRIVATE LIMITED,Active,24239.0,DIRECT_NIC_PHARMA_MANUFACTURER,520,1395000.0,Andhra Pradesh
U24239AP2005PTC047086,RAFFLES MEDICARE PRIVATE LIMITED,Strike Off,24239.0,DIRECT_NIC_PHARMA_MANUFACTURER,752,0.0,Andhra Pradesh
U24290AP2021OPC117578,YKAR MEDICINES (OPC) PRIVATE LIMITED,Strike Off,24290.0,PHARMA_CORPORATE_ENTITY,506,20000.0,Andhra Pradesh
U24297AP2007PTC071494,PHARMAZELL R & D (INDIA) PRIVATE LIMITED,Dissolved (Liquidated),24297.0,PHARMA_CORPORATE_ENTITY,520,35131000.0,Andhra Pradesh
U01134AP1999PTC031366,VIJAYA SARADHI BIOTECH PRIVATE LIMITED,Strike Off,1134.0,PHARMA_CORPORATE_ENTITY,520,2000.0,Andhra Pradesh
U21001AP2024PTC115901,MAIRA LABS PRIVATE LIMITED,Active,21001.0,DIRECT_NIC_PHARMA_MANUFACTURER,520,100000.0,Andhra Pradesh
U21004AP2024PTC113927,ADERFIA PHARMACEUTICAL PRIVATE LIMITED,Active,21004.0,DIRECT_NIC_PHARMA_MANUFACTURER,520,100000.0,Andhra Pradesh
U21012AP2008PTC056918,GREENCITY PAPER INDUSTRIES PRIVATE LIMITED,Strike Off,21012.0,DIRECT_NIC_PHARMA_MANUFACTURER,520,0.0,Andhra Pradesh
U21020AP2013PTC088120,HARSHITHA CARTONS PRIVATE LIMITED,Active,21020.0,DIRECT_NIC_PHARMA_MANUFACTURER,520,2230000.0,Andhra Pradesh
U21029AP1982PTC003458,PURNA CARBON INDUSTRY PVT LTD,Strike Off,21029.0,DIRECT_NIC_PHARMA_MANUFACTURER,520,1000.0,Andhra Pradesh
U21093AP2019OPC112128,LEELAMANUSHA ENTERPRISE (OPC) PRIVATE LIMITED,Strike Off,21093.0,DIRECT_NIC_PHARMA_MANUFACTURER,510,100000.0,Andhra Pradesh
U24100AP2009PTC111540,NATSOL LABORATORIES PRIVATE LIMITED,Active,24100.0,PHARMA_CORPORATE_ENTITY,520,193544000.0,Andhra Pradesh
U85100AP2022PTC123056,VAKGEN PHARMA PRIVATE LIMITED,Active,85100.0,PHARMA_CORPORATE_ENTITY,503,1000000.0,Andhra Pradesh
U24230AP1989PTC010464,PHARMAN LABORATORIES PRIVATE LIMITED,Strike Off,24230.0,DIRECT_NIC_PHARMA_MANUFACTURER,517,280923.0,Andhra Pradesh
U85300AP2020PTC116638,ABHAY LAL HEALTHCARE PRIVATE LIMITED,Strike Off,85300.0,NAME_BASED_MATCH,520,100000.0,Andhra Pradesh
U24231AP1984PLC004694,RAGHUNATH STRACH PRODUCTS LTD,Strike Off,24231.0,DIRECT_NIC_PHARMA_MANUFACTURER,511,70.0,Andhra Pradesh
U24232AP2014PTC095520,KSVRL CURE PHARMA PRIVATE LIMITED,Strike Off,24232.0,DIRECT_NIC_PHARMA_MANUFACTURER,520,300000.0,Andhra Pradesh
U24233AP2009PTC065969,ANDHRA MEDI PHARMA INDIA PRIVATE LIMITED,Active,24233.0,DIRECT_NIC_PHARMA_MANUFACTURER,520,22500000.0,Andhra Pradesh
U24233AP2012PTC084875,MAHI DRUGS PRIVATE LIMITED,Active,24233.0,DIRECT_NIC_PHARMA_MANUFACTURER,744,70726500.0,Andhra Pradesh
U24239AP1992PTC014282,VIKRAM DYE-CHEM PRIVATE LIMITED,Active,24239.0,DIRECT_NIC_PHARMA_MANUFACTURER,511,4837500.0,Andhra Pradesh
U24239AP1997PTC027457,GANGOTRI PHARMA PRIVATE LIMITED,Active,24239.0,DIRECT_NIC_PHARMA_MANUFACTURER,506,200000.0,Andhra Pradesh
U24239AP2021PTC119772,HANIES LIFE SCIENCES PRIVATE LIMITED,Active,24239.0,DIRECT_NIC_PHARMA_MANUFACTURER,510,200000.0,Andhra Pradesh
U24296AP2021PTC119345,SRINIVASA PHARMA DISTRIBUTORS PRIVATE LIMITED,Active,24296.0,PHARMA_CORPORATE_ENTITY,506,1000000.0,Andhra Pradesh
U73100AP2013PTC087027,EMBIOSYS DIAGNOSTICS & MOLECULAR RESEARCH PRIVATE LIMITED,Active,73100.0,NAME_BASED_MATCH,506,100000.0,Andhra Pradesh
U73200AP2012PTC078429,AQUA WAVE BIOTECH PRIVATE LIMITED,Active,73200.0,PHARMA_CORPORATE_ENTITY,750,35500000.0,Andhra Pradesh
U73200AP2021PTC119810,CHARUHASA BIOTECHNOLOGIES PRIVATE LIMITED,Active,73200.0,PHARMA_CORPORATE_ENTITY,520,10000.0,Andhra Pradesh
U85100AP2018PTC108181,LAKSHMI AARUSH HEALTHCARE PRIVATE LIMITED,Active,85100.0,NAME_BASED_MATCH,510,10400000.0,Andhra Pradesh
U85101AP1997PTC027051,SHANTI NIKETHAN DIAGNOSTIC CENTRE PRIVATE LIMITED,Active,85101.0,NAME_BASED_MATCH,511,5960500.0,Andhra Pradesh
U85110AP2005PTC046469,VEGLON LABORATORIES PRIVATE LIMITED,Active,85110.0,PHARMA_CORPORATE_ENTITY,520,1665000.0,Andhra Pradesh
U85110AP2009PTC063267,SRI KANAKADURGA DIAGNOSTICS PRIVATE LIMITED,Strike Off,85110.0,NAME_BASED_MATCH,517,100000.0,Andhra Pradesh
U85190AP2016PTC103490,KURNOOL MAX FERTILITY HEALTHCARE PRIVATE LIMITED,Active,85190.0,NAME_BASED_MATCH,511,10000000.0,Andhra Pradesh
U85300AP2022NPL123409,KURNOOL DIAGNOSTIC CENTRE'S ASSOCIATION,Active,85300.0,NAME_BASED_MATCH,511,20000.0,Andhra Pradesh
U86100AP2025PTC118054,DAR AL-SHIFA HEALTHCARE PRIVATE LIMITED,Active,86100.0,NAME_BASED_MATCH,520,1000000.0,Andhra Pradesh
U21000AP2010PTC070425,GOPI BOOK MAKERS PRIVATE LIMITED,Active,21000.0,DIRECT_NIC_PHARMA_MANUFACTURER,503,9615000.0,Andhra Pradesh
U86201AP2024PTC114388,MEDAVENEW HEALTHCARE PRIVATE LIMITED,Active,86201.0,NAME_BASED_MATCH,503,300000.0,Andhra Pradesh
U21000AP2019PTC112541,VENKATA SAI DURGA PAPER PRODUCTS PRIVATE LIMITED,Active,21000.0,DIRECT_NIC_PHARMA_MANUFACTURER,506,100000.0,Andhra Pradesh
U21000AP2023PTC113081,I THIRST LABS PRIVATE LIMITED,Active,21000.0,DIRECT_NIC_PHARMA_MANUFACTURER,510,100000.0,Andhra Pradesh
U21001AP2023PTC112620,BHARATHI PHARMACEUTICALS PRIVATE LIMITED,Active,21001.0,DIRECT_NIC_PHARMA_MANUFACTURER,520,100000.0,Andhra Pradesh
U21012AP2007PTC052376,SRI VYUHALAKSHMI PAPERS PRIVATE LIMITED,Active,21012.0,DIRECT_NIC_PHARMA_MANUFACTURER,520,41608800.0,Andhra Pradesh
U21020AP1981PTC003281,THE WORRIOR PACKAGING PVT LTD,Strike Off,21020.0,DIRECT_NIC_PHARMA_MANUFACTURER,520,0.0,Andhra Pradesh
U86904AP2024PTC114269,TRIHAYA MEDICONSULTS HEALTHCARE AND RESEARCH PRIVATE LIMITED,Active,86904.0,NAME_BASED_MATCH,520,100000.0,Andhra Pradesh
U21099AP2023PTC123868,FOURLEAF PAGE MAKERS PRIVATE LIMITED,Active,21099.0,DIRECT_NIC_PHARMA_MANUFACTURER,521,100000.0,Andhra Pradesh
U24100AP2016PTC121863,STYRAX LABORATORIES PRIVATE LIMITED,Active,24100.0,PHARMA_CORPORATE_ENTITY,520,97600000.0,Andhra Pradesh
U24230AP1995PTC098146,STYRAX PHARMA PRIVATE LIMITED,Active,24230.0,DIRECT_NIC_PHARMA_MANUFACTURER,520,131188660.0,Andhra Pradesh
U24230AP2020PTC115182,SUGUNAVATHI HEALTH CARE SERVICES PRIVATE LIMITED,Active,24230.0,DIRECT_NIC_PHARMA_MANUFACTURER,510,10000.0,Andhra Pradesh
U24232AP2019PTC113135,ADITYA AKSHAYA BIO PHARMA PRIVATE LIMITED,Active,24232.0,DIRECT_NIC_PHARMA_MANUFACTURER,520,500000.0,Andhra Pradesh
U24239AP2004PLC044487,SIPRO PHARMA LIMITED,Strike Off,24239.0,DIRECT_NIC_PHARMA_MANUFACTURER,520,500000.0,Andhra Pradesh
U24290AP2019PTC111761,KEYDOC PHARMA PRIVATE LIMITED,Active,24290.0,PHARMA_CORPORATE_ENTITY,510,100000.0,Andhra Pradesh
U21001AP2023PTC110452,BRASIL PHARMACEUTICALS PRIVATE LIMITED,Active,21001.0,DIRECT_NIC_PHARMA_MANUFACTURER,520,100000.0,Andhra Pradesh
U21002AP2023PTC112049,ARAHSKA GENESIS PRIVATE LIMITED,Active,21002.0,DIRECT_NIC_PHARMA_MANUFACTURER,520,100000.0,Andhra Pradesh
U21005AP2024PTC115923,VETPAW PHARMA PRIVATE LIMITED,Active,21005.0,DIRECT_NIC_PHARMA_MANUFACTURER,520,100000.0,Andhra Pradesh
U21012AP1991PTC012940,SEVEN HILLS PAPERS PRIVATE LIMITED,Active,21012.0,DIRECT_NIC_PHARMA_MANUFACTURER,520,48081500.0,Andhra Pradesh
U21012AP1997PTC026229,KRUSHI NOTE BOOK WORKS PRIVATE LIMITED,Under process of striking off,21012.0,DIRECT_NIC_PHARMA_MANUFACTURER,520,0.0,Andhra Pradesh
U21012AP2008PTC057507,JAI BHAVANI BAMBOO PRODUCTS PRIVATE LIMITED,Strike Off,21012.0,DIRECT_NIC_PHARMA_MANUFACTURER,511,0.0,Andhra Pradesh
U21014AP2003PTC041322,MURALIKRISHNA PAPER PACKING PRIVATE LIMITED,Strike Off,21014.0,DIRECT_NIC_PHARMA_MANUFACTURER,520,0.0,Andhra Pradesh
U21019AP2002PTC039349,ARUNODAYA NOTEBOOK MANUFACTURERS PRIVATE LIMITED,Active,21019.0,DIRECT_NIC_PHARMA_MANUFACTURER,510,9750880.0,Andhra Pradesh
U21019TG2003PTC041091,VENKATANAGA LAKSHMI PAPER MILLS PRIVATE LIMITED,Active,21019.0,DIRECT_NIC_PHARMA_MANUFACTURER,748,32700000.0,Andhra Pradesh
U21090AP2011PTC073561,SSV FLEX (INDIA) PRIVATE LIMITED,Strike Off,21090.0,DIRECT_NIC_PHARMA_MANUFACTURER,519,100000.0,Andhra Pradesh
U21090AP2012PTC081760,SRI KAKATIYA PAPERS PRIVATE LIMITED,Active,21090.0,DIRECT_NIC_PHARMA_MANUFACTURER,519,45143700.0,Andhra Pradesh
U21090AP2013PTC089160,MADHIRA INFRASTRUCTURE PRIVATE LIMITED,Strike Off,21090.0,DIRECT_NIC_PHARMA_MANUFACTURER,506,100000.0,Andhra Pradesh
U21093AP2011PTC072666,SSV METALEX (INDIA) PRIVATE LIMITED,Strike Off,21093.0,DIRECT_NIC_PHARMA_MANUFACTURER,520,100000.0,Andhra Pradesh
U21099AP2020PTC114672,THINKGREEN GLOBAL PACKING INDIA PRIVATE LIMITED,Active,21099.0,DIRECT_NIC_PHARMA_MANUFACTURER,503,100000.0,Andhra Pradesh
U24100AP2011PTC077215,NRI PHARMA PRIVATE LIMITED,Strike Off,24100.0,PHARMA_CORPORATE_ENTITY,519,100000.0,Andhra Pradesh
U24100AP2016PTC098260,ADVANCE AQUA BIOTECHNOLOGIES INDIA PRIVATE LIMITED,Active,24100.0,PHARMA_CORPORATE_ENTITY,520,13500000.0,Andhra Pradesh
U24100AP2016PTC098348,SRIPHAL LIFE SCIENCES PRIVATE LIMITED,Active,24100.0,PHARMA_CORPORATE_ENTITY,503,35600000.0,Andhra Pradesh
U24110AP2015PTC096458,AIZANT PHARMACEUTICALS PRIVATE LIMITED,Active,24110.0,PHARMA_CORPORATE_ENTITY,520,100000.0,Andhra Pradesh
U24110TG1996PLC022816,RA CHEM PHARMA LIMITED,Amalgamated,24110.0,PHARMA_CORPORATE_ENTITY,520,85011050.0,Andhra Pradesh
U24120AP2001PTC036884,TACT BIOTECH PRIVATE LIMITED,Strike Off,24120.0,PHARMA_CORPORATE_ENTITY,520,0.0,Andhra Pradesh
U24230AP1980PTC002643,TRAVAR DISTILLERIES PVT LTD,Under process of striking off,24230.0,DIRECT_NIC_PHARMA_MANUFACTURER,511,8000.0,Andhra Pradesh
U24230AP1987PTC007637,CRIPS DRUGS PVT LTD,Strike Off,24230.0,DIRECT_NIC_PHARMA_MANUFACTURER,520,20000.0,Andhra Pradesh
U24230AP1991PTC013534,STERILE SPECIALITIES INDIA PRIVATE LIMITED,Active,24230.0,DIRECT_NIC_PHARMA_MANUFACTURER,520,4400000.0,Andhra Pradesh
U24230AP1995PLC020680,GEMINI COSMETICS AND CHEMICALS LIMITED,Active,24230.0,DIRECT_NIC_PHARMA_MANUFACTURER,520,0.0,Andhra Pradesh
U24230AP1998PTC029012,EFFEN LABORATORIES PRIVATE LIMITED,Strike Off,24230.0,DIRECT_NIC_PHARMA_MANUFACTURER,520,0.0,Andhra Pradesh
U24230AP2019PTC113575,DEEPAK NEXGEN BIOTECH PRIVATE LIMITED,Active,24230.0,DIRECT_NIC_PHARMA_MANUFACTURER,510,100000.0,Andhra Pradesh
U24230AP2020PTC115309,SUDHATEJ PRIVATE LIMITED,Active,24230.0,DIRECT_NIC_PHARMA_MANUFACTURER,503,200000.0,Andhra Pradesh
U24232AP2007PTC054352,YALBENTIS PHARMA PRIVATE LIMITED,Strike Off,24232.0,DIRECT_NIC_PHARMA_MANUFACTURER,748,0.0,Andhra Pradesh
U24232AP2009PTC064641,KAVM AGRO TECH PRIVATE LIMITED,Active,24232.0,DIRECT_NIC_PHARMA_MANUFACTURER,510,100000.0,Andhra Pradesh
U24232AP2011PTC075113,MAKTY PHARMA PRIVATE LIMITED,Strike Off,24232.0,DIRECT_NIC_PHARMA_MANUFACTURER,521,135000.0,Andhra Pradesh
U24232AP2020PTC114373,DELHA PHARMACEUTICALS PRIVATE LIMITED,Active,24232.0,DIRECT_NIC_PHARMA_MANUFACTURER,510,1098900.0,Andhra Pradesh
U24233AP2007PTC052659,VEEGA BIOFARMS INDIA PRIVATE LIMITED,Strike Off,24233.0,DIRECT_NIC_PHARMA_MANUFACTURER,520,500000.0,Andhra Pradesh
U24233AP2008PTC059418,KASINA LAILA INNOVA PHARMACEUTICALS PRIVATE LIMITED,Active,24233.0,DIRECT_NIC_PHARMA_MANUFACTURER,519,100000.0,Andhra Pradesh
U24233AP2015PTC097794,GENOMIX CARL PRIVATE LIMITED,Active,24233.0,DIRECT_NIC_PHARMA_MANUFACTURER,505,100000.0,Andhra Pradesh
U24233AP2015PTC097801,BIOSTEM BOTANICALS PRIVATE LIMITED,Strike Off,24233.0,DIRECT_NIC_PHARMA_MANUFACTURER,519,11000000.0,Andhra Pradesh
U24233AP2015PTC097822,SANPRA SYNTHESIS PRIVATE LIMITED,Active,24233.0,DIRECT_NIC_PHARMA_MANUFACTURER,520,92500000.0,Andhra Pradesh
U24233TG2012PTC078664,UNIGEN BIO-SCIENCES PRIVATE LIMITED,Strike Off,24233.0,DIRECT_NIC_PHARMA_MANUFACTURER,520,100000.0,Andhra Pradesh
U24236AP1986PTC006798,PRIYANKA SURGICALS PRIVATE LIMITED,Strike Off,24236.0,DIRECT_NIC_PHARMA_MANUFACTURER,520,110000.0,Andhra Pradesh
U24239AP1980PTC002731,UNI-TABULS PVT LTD,Active,24239.0,DIRECT_NIC_PHARMA_MANUFACTURER,520,590500.0,Andhra Pradesh
U24239AP1980PTC002856,PULAYARTI CHEMICALS AND PHARMACEUTICALS PVT LTD,Active,24239.0,DIRECT_NIC_PHARMA_MANUFACTURER,520,0.0,Andhra Pradesh
U24239AP1983PTC004034,FAIRCHILD LABORATORIES PVT LTD,Strike Off,24239.0,DIRECT_NIC_PHARMA_MANUFACTURER,520,2187100.0,Andhra Pradesh
U24239AP1991PTC012395,TRACO PHARMA PRIVATE LIMITED,Strike Off,24239.0,DIRECT_NIC_PHARMA_MANUFACTURER,511,0.0,Andhra Pradesh
U24239AP1997PTC028384,BRACCOMED PRIVATE LIMITED,Strike Off,24239.0,DIRECT_NIC_PHARMA_MANUFACTURER,520,700000.0,Andhra Pradesh
U24239AP2002PTC039157,SUSARLA THERAPEUTICS PRIVATE LIMITED,Strike Off,24239.0,DIRECT_NIC_PHARMA_MANUFACTURER,520,100000.0,Andhra Pradesh
U24239AP2003PTC042331,RALPH HARRIS MEDICARE PRIVATE LIMITED,Strike Off,24239.0,DIRECT_NIC_PHARMA_MANUFACTURER,519,100000.0,Andhra Pradesh
U24290AP2017PTC106770,DNF PHARMACEUTICALS INDIA PRIVATE LIMITED,Active,24290.0,PHARMA_CORPORATE_ENTITY,510,200000.0,Andhra Pradesh
U24290AP2019PTC111881,RANCET PHARMA PRIVATE LIMITED,Strike Off,24290.0,PHARMA_CORPORATE_ENTITY,503,1000000.0,Andhra Pradesh
U24290AP2020PTC114617,VAKATI BIOREON LABORATORIES PRIVATE LIMITED,Strike Off,24290.0,PHARMA_CORPORATE_ENTITY,520,1000000.0,Andhra Pradesh
U24290AP2020PTC115825,CEYONE LABORATORIES PRIVATE LIMITED,Strike Off,24290.0,PHARMA_CORPORATE_ENTITY,520,100000.0,Andhra Pradesh
U24290AP2020PTC116895,SRI RAMANJANEYA PHARMACHEM PRIVATE LIMITED,Active,24290.0,PHARMA_CORPORATE_ENTITY,520,20000.0,Andhra Pradesh
U24290AP2021PTC119217,DILRAZ PHARMA PRIVATE LIMITED,Active,24290.0,PHARMA_CORPORATE_ENTITY,520,500000.0,Andhra Pradesh
U24297AP2012PTC081711,CHINTHALA BIOTECH PRIVATE LIMITED,Strike Off,24297.0,PHARMA_CORPORATE_ENTITY,755,100000.0,Andhra Pradesh
U24297AP2015PTC096994,VASISTA PHARMA CHEM PRIVATE LIMITED,Active,24297.0,PHARMA_CORPORATE_ENTITY,520,90000000.0,Andhra Pradesh
U24297AP2018PTC109498,RIOCURE PHARMACEUTICALS PRIVATE LIMITED,Active,24297.0,PHARMA_CORPORATE_ENTITY,520,1000000.0,Andhra Pradesh
U24297AP2020PTC115640,MAHYS PHARMACEUTICALS PRIVATE LIMITED,Strike Off,24297.0,PHARMA_CORPORATE_ENTITY,506,300000.0,Andhra Pradesh
U24299AP2019PTC111549,STIRA PHARMA PRIVATE LIMITED,Active,24299.0,PHARMA_CORPORATE_ENTITY,510,7550000.0,Andhra Pradesh
U24303AP2017PTC106297,SRIVATSA LAKSHMI BIO-PHARMA PRIVATE LIMITED,Strike Off,24303.0,PHARMA_CORPORATE_ENTITY,520,100000.0,Andhra Pradesh
U24304AP2019PTC113420,ARUNACHALA LIFE SCIENCES PRIVATE LIMITED,Active,24304.0,PHARMA_CORPORATE_ENTITY,520,100000.0,Andhra Pradesh
U24304AP2020PTC115633,INGENTIS PHARMA PRIVATE LIMITED,Active,24304.0,PHARMA_CORPORATE_ENTITY,510,7000000.0,Andhra Pradesh
U25199AP1993PTC015223,JMS RUBBER FORMULATIONS PVT LTD,Strike Off,25199.0,PHARMA_CORPORATE_ENTITY,520,0.0,Andhra Pradesh
U11011AP2026PTC125557,TEJA BIOTECH PRIVATE LIMITED,Active,11011.0,PHARMA_CORPORATE_ENTITY,503,100000.0,Andhra Pradesh
ACO-5876,NIVARA MEDTECH LLP,Active,nan,NAME_BASED_MATCH,520,0.0,Andhra Pradesh
U78100AP2026PTC125804,MEDPACT HEALTHCARE PRIVATE LIMITED,Active,78100.0,NAME_BASED_MATCH,506,100000.0,Andhra Pradesh
U21098AP2009PTC066487,SAISHAKTI KRAFT PAPERS PRIVATE LIMITED,Active,21098.0,DIRECT_NIC_PHARMA_MANUFACTURER,503,80000000.0,Andhra Pradesh
U85100AP2021PTC118158,DRCSREDDY HEALTHCARE PRIVATE LIMITED,Active,85100.0,NAME_BASED_MATCH,511,100000.0,Andhra Pradesh
U24200AP1989PTC010582,CENTUM PHARMA PVT LTD,Strike Off,24200.0,PHARMA_CORPORATE_ENTITY,520,0.0,Andhra Pradesh
U24230AP1986PLC006711,INDICARE MEDICAL DISPOSABLES LIMITED.,Strike Off,24230.0,DIRECT_NIC_PHARMA_MANUFACTURER,520,7000.0,Andhra Pradesh
U24230AP1988PTC009355,ENDOC PHARMACEUTICALS PVT LTD,Strike Off,24230.0,DIRECT_NIC_PHARMA_MANUFACTURER,503,0.0,Andhra Pradesh
U24230AP1995PTC021976,CHOICE PHARMACEUTICALS PRIVATE LIMITED,Strike Off,24230.0,DIRECT_NIC_PHARMA_MANUFACTURER,520,3000.0,Andhra Pradesh
U24230AP2019PTC111592,VERTUS PHARMA CHEM PRIVATE LIMITED,Active,24230.0,DIRECT_NIC_PHARMA_MANUFACTURER,520,99500000.0,Andhra Pradesh
U85300AP2021PTC120228,SRIVAMSI HEALTHCARE PRIVATE LIMITED,Active,85300.0,NAME_BASED_MATCH,523,1000000.0,Andhra Pradesh
U24231AP1999PTC031928,S S P COMPOSITES PRIVATE LIMITED,Strike Off,24231.0,DIRECT_NIC_PHARMA_MANUFACTURER,519,0.0,Andhra Pradesh
U24232AP2014PTC094698,AARVYN HERBOCHEM PRIVATE LIMITED,Active,24232.0,DIRECT_NIC_PHARMA_MANUFACTURER,520,100000.0,Andhra Pradesh
U24232AP2020PTC114976,PHARMASYN DRUGS & INTERMEDIATES PRIVATE LIMITED,Active,24232.0,DIRECT_NIC_PHARMA_MANUFACTURER,510,1000000.0,Andhra Pradesh
U24233AP2015PTC097002,DR.YASARLA LIFE SCIENCES PRIVATE LIMITED,Strike Off,24233.0,DIRECT_NIC_PHARMA_MANUFACTURER,519,100000.0,Andhra Pradesh
U24234AP2008PLC058581,JVK BIOSCIENCES LIMITED,Active,24234.0,DIRECT_NIC_PHARMA_MANUFACTURER,520,502000.0,Andhra Pradesh
U24239AP1975PLC001915,CHLORETE INDIA LTD,Active,24239.0,DIRECT_NIC_PHARMA_MANUFACTURER,503,1202000.0,Andhra Pradesh
U24239AP1983PTC004050,NEELIMA PHARMACEUTICALS PVT LTD,Strike Off,24239.0,DIRECT_NIC_PHARMA_MANUFACTURER,520,2000.0,Andhra Pradesh
U24239AP2004PTC043021,SHARANAA PHARMA PRIVATE LIMITED,Strike Off,24239.0,DIRECT_NIC_PHARMA_MANUFACTURER,510,40000000.0,Andhra Pradesh
U46497AP2023PTC110425,H2O DRUGS PRIVATE LIMITED,Active,46497.0,PHARMA_CORPORATE_ENTITY,506,100000.0,Andhra Pradesh
U62011AP2025PTC122935,HYGIEIA AI MEDTECH PRIVATE LIMITED,Active,62011.0,NAME_BASED_MATCH,521,100000.0,Andhra Pradesh
ABB-1430,SRI SESHA SAI PHARMA LLP,Strike Off,nan,PHARMA_CORPORATE_ENTITY,520,0.0,Andhra Pradesh
L85110AP1991PLC012297,AMAR DIAGNOSTIC CENTRE AND HOSPITAL LIMITED,Under Liquidation,85110.0,NAME_BASED_MATCH,510,0.0,Andhra Pradesh
U01100AP2020PTC115500,SUBRAMANYA AGRO AND PHARMACEUTICAL PRIVATE LIMITED,Active,1100.0,PHARMA_CORPORATE_ENTITY,520,100000.0,Andhra Pradesh
U86100AP2024PTC114990,TOPMAKE HEALTHCARE PRIVATE LIMITED,Active,86100.0,NAME_BASED_MATCH,520,1000000.0,Andhra Pradesh
U46497AP2023PTC110782,LAVUS PHARMACEUTICAL PRIVATE LIMITED,Active,46497.0,PHARMA_CORPORATE_ENTITY,520,100000.0,Andhra Pradesh
ABZ-4291,INNOVIND PHARMA LLP,Active,nan,PHARMA_CORPORATE_ENTITY,510,0.0,Andhra Pradesh
ACU-8201,CURENZ PHARMA LLP,Active,nan,PHARMA_CORPORATE_ENTITY,510,0.0,Andhra Pradesh
ACW-3056,VIDDHI PHARMACEUTICAL LLP,Active,nan,PHARMA_CORPORATE_ENTITY,510,0.0,Andhra Pradesh
ACY-6018,APEX HEALTH CARE AND DIAGNOSTICS LLP,Active,nan,NAME_BASED_MATCH,520,0.0,Andhra Pradesh
L21010AP1964PLC001008,ANDHRA PAPER LIMITED,Active,21010.0,DIRECT_NIC_PHARMA_MANUFACTURER,505,397700390.0,Andhra Pradesh
U01100AP2022PTC123157,APSA AGRI BIOTECH PRIVATE LIMITED,Active,1100.0,PHARMA_CORPORATE_ENTITY,506,100000.0,Andhra Pradesh
U01119AP2002PTC039559,SAIMAHALAKSHMI BIOTECH PRIVATE LIMITED,Strike Off,1119.0,PHARMA_CORPORATE_ENTITY,746,0.0,Andhra Pradesh
U01119AP2003PTC040234,MIRACLE BIO-PHARMA PRIVATE LIMITED,Dormant under section 455,1119.0,PHARMA_CORPORATE_ENTITY,520,100000.0,Andhra Pradesh
U79110AP2023PTC111364,RAPISHIFT TRAVELS PRIVATE LIMITED,Active,79110.0,PHARMA_CORPORATE_ENTITY,510,100000.0,Andhra Pradesh
U85100AP2008PTC058513,SRI ANNAPURNA (AP) DRUGS PRIVATE LIMITED,Active,85100.0,PHARMA_CORPORATE_ENTITY,520,9000000.0,Andhra Pradesh
U85100AP2021PTC119903,MEDQUEST BHIMAVARAM DIAGNOSTICS PRIVATE LIMITED,Strike Off,85100.0,NAME_BASED_MATCH,505,100000.0,Andhra Pradesh
U85110AP2011PTC073896,MEDIFINE HEALTHCARE PRIVATE LIMITED,Active,85110.0,NAME_BASED_MATCH,510,76341900.0,Andhra Pradesh
U85110AP2018PTC109855,MAHATHI IMAGING AND DIAGNOSTICS PRIVATE LIMITED,Active,85110.0,NAME_BASED_MATCH,503,200000.0,Andhra Pradesh
U85191AP2015PTC096012,SEVEN STAR HOSPITALS AND DIAGNOSTICS PRIVATE LIMITED,Active,85191.0,NAME_BASED_MATCH,520,100000.0,Andhra Pradesh
U85191AP2016PTC098069,SRI DHATRIKRISHNA HEALTHCARE PRIVATE LIMITED,Active,85191.0,NAME_BASED_MATCH,520,100000.0,Andhra Pradesh
U85300AP2017PTC106768,VAKULA AYURVEDA HOSPITAL PRIVATE LIMITED,Active,85300.0,NAME_BASED_MATCH,503,100000.0,Andhra Pradesh
U85320AP2019PTC112401,AAROGYA VARADHI HEALTHCARE INDIA PRIVATE LIMITED,Active,85320.0,NAME_BASED_MATCH,503,1000000.0,Andhra Pradesh
U47721AP2025PTC122130,MEDIXIA PHARMACEUTICAL PRIVATE LIMITED,Active,47721.0,PHARMA_CORPORATE_ENTITY,520,100000.0,Andhra Pradesh
U51909AP2020OPC115720,CHRISTAL GLOBAL HEALTHCARE (OPC) PRIVATE LIMITED,Active,51909.0,NAME_BASED_MATCH,506,100000.0,Andhra Pradesh
U51909AP2020PTC115272,GRANDIL LIFE SCIENCES PRIVATE LIMITED,Active,51909.0,PHARMA_CORPORATE_ENTITY,510,100000.0,Andhra Pradesh
U85100AP2019PTC112009,PARATPARA INTEGRATED HEALTHCARE PRIVATE LIMITED,Active,85100.0,NAME_BASED_MATCH,520,200000.0,Andhra Pradesh
U85100AP2022PTC123407,RAMETI HEALTHCARE PRIVATE LIMITED,Active,85100.0,NAME_BASED_MATCH,510,100000.0,Andhra Pradesh
U85120AP2016PTC103888,MEDSULE HEALTHCARE PRIVATE LIMITED,Active,85120.0,NAME_BASED_MATCH,503,100000.0,Andhra Pradesh
U85190AP2016PTC103117,INTERA HEALTHCARE PRIVATE LIMITED,Active,85190.0,NAME_BASED_MATCH,506,100000.0,Andhra Pradesh
U85191AP2010PTC069901,SRI SRI ARS AROGYA PHARMACY PRIVATE LIMITED,Strike Off,85191.0,PHARMA_CORPORATE_ENTITY,748,100000.0,Andhra Pradesh
U85300AP2022PTC121758,BRIHATHI LIFE SCIENCES PRIVATE LIMITED,Active,85300.0,PHARMA_CORPORATE_ENTITY,510,1000000.0,Andhra Pradesh
U85320AP2018PTC108477,ASHVAT PHARMA PLUS PRIVATE LIMITED,Active,85320.0,PHARMA_CORPORATE_ENTITY,520,700000.0,Andhra Pradesh
U86905AP2024PTC113539,RADORS DOCTOR'S DIAGNOSTICS SERVICES PRIVATE LIMITED,Active,86905.0,NAME_BASED_MATCH,506,100000.0,Andhra Pradesh
U86905AP2025OPC120852,KOMMULAS SRI VIJAYA DIAGNOSTICS (OPC) PRIVATE LIMITED,Active,86905.0,NAME_BASED_MATCH,523,100000.0,Andhra Pradesh
U46497AP2023PTC112630,GOBINDO PHARMA PRIVATE LIMITED,Strike Off,46497.0,PHARMA_CORPORATE_ENTITY,520,100000.0,Andhra Pradesh
U46497AP2026PTC125191,LURA PHARMACEUTICALS PRIVATE LIMITED,Active,46497.0,PHARMA_CORPORATE_ENTITY,520,100000.0,Andhra Pradesh
U46596AP2025PTC122396,KONDEPATI INTERNATIONAL SURGICALS PRIVATE LIMITED,Active,46596.0,NAME_BASED_MATCH,506,100000.0,Andhra Pradesh
U33119AP2002PTC039379,S.Q.L SURGICALS (INDIA) PRIVATE LIMITED,Active,33119.0,NAME_BASED_MATCH,510,8311000.0,Andhra Pradesh
U24239AP2006PTC050802,SUNMAX LABORATORIES PRIVATE LIMITED,Active,24239.0,DIRECT_NIC_PHARMA_MANUFACTURER,505,100000.0,Andhra Pradesh
U24239AP2019PTC111645,LLT PHARMACEUTICALS PRIVATE LIMITED,Active,24239.0,DIRECT_NIC_PHARMA_MANUFACTURER,511,500000.0,Andhra Pradesh
U24290AP2016PTC104316,HANDAN PHARMACEUTICALS PRIVATE LIMITED,Active,24290.0,PHARMA_CORPORATE_ENTITY,520,100000.0,Andhra Pradesh
U24290AP2022PTC123300,STANTON BIOTECH(INDIA) PRIVATE LIMITED,Active,24290.0,PHARMA_CORPORATE_ENTITY,520,10000.0,Andhra Pradesh
U24299AP2020PTC116443,LYFIUS PHARMA PRIVATE LIMITED,Active,24299.0,PHARMA_CORPORATE_ENTITY,520,1000000.0,Andhra Pradesh
U24304AP2022PTC121829,BDV PHARMA SOLUTIONS PRIVATE LIMITED,Active,24304.0,PHARMA_CORPORATE_ENTITY,744,100000.0,Andhra Pradesh
U33309AP2017PTC107210,ACCURA HEALTHCARE PRIVATE LIMITED,Active,33309.0,NAME_BASED_MATCH,510,500000.0,Andhra Pradesh
U01403AP2013PTC091656,GAMA BIOTECH FARMS PRIVATE LIMITED,Active,1403.0,PHARMA_CORPORATE_ENTITY,519,5948000.0,Andhra Pradesh
U10802AP2024PTC114692,MADHU'S HERBAL FARMS PRIVATE LIMITED,Active,10802.0,NAME_BASED_MATCH,506,1000000.0,Andhra Pradesh
U15400AP2020PTC114710,MGR BIOTECH PRIVATE LIMITED,Strike Off,15400.0,PHARMA_CORPORATE_ENTITY,520,100000.0,Andhra Pradesh
U15549AP2018PTC108007,COASTAL HERBAL PRIVATE LIMITED,Active,15549.0,NAME_BASED_MATCH,510,1000000.0,Andhra Pradesh
U21000AP2014PTC095628,WINDSON PAPERS PRIVATE LIMITED,Active,21000.0,DIRECT_NIC_PHARMA_MANUFACTURER,749,50000000.0,Andhra Pradesh
U21000AP2019PTC113221,ELEVEN CREDENCE EXPORTS PRIVATE LIMITED,Active,21000.0,DIRECT_NIC_PHARMA_MANUFACTURER,510,500000.0,Andhra Pradesh
U21000AP2020PTC114931,VENKATPADMA CARTONS PRIVATE LIMITED,Strike Off,21000.0,DIRECT_NIC_PHARMA_MANUFACTURER,520,100000.0,Andhra Pradesh
U21000AP2022PTC122088,NEW MAHAL PAPER SOLUTIONS PRIVATE LIMITED,Active,21000.0,DIRECT_NIC_PHARMA_MANUFACTURER,520,100000.0,Andhra Pradesh
U21000AP2024PTC113615,KANNADA PHARMAPROCESS PRIVATE LIMITED,Active,21000.0,DIRECT_NIC_PHARMA_MANUFACTURER,520,150000.0,Andhra Pradesh
U21000AP2026PTC124117,INGEN BIOLOGICS PRIVATE LIMITED,Active,21000.0,DIRECT_NIC_PHARMA_MANUFACTURER,520,10000.0,Andhra Pradesh
U21002AP2025PTC122232,BSR PHARMACEUTICAL INDUSTRY PRIVATE LIMITED,Active,21002.0,DIRECT_NIC_PHARMA_MANUFACTURER,520,100000.0,Andhra Pradesh
U21003AP2023OPC113151,ALSHIFAA HERBALS (OPC) PRIVATE LIMITED,Active,21003.0,DIRECT_NIC_PHARMA_MANUFACTURER,520,20000.0,Andhra Pradesh
U21003AP2026PTC125194,RAJAVAIDYA PRIVATE LIMITED,Active,21003.0,DIRECT_NIC_PHARMA_MANUFACTURER,520,100000.0,Andhra Pradesh
U21009AP2023PTC110650,YMCO PHARMACEUTICALS PRIVATE LIMITED,Active,21009.0,DIRECT_NIC_PHARMA_MANUFACTURER,506,100000.0,Andhra Pradesh
U21011AP1979PTC002459,AMARAVATHI ELECTRODES PVT LTD,Active,21011.0,DIRECT_NIC_PHARMA_MANUFACTURER,520,0.0,Andhra Pradesh
U21012AP1981PLC002946,SRI PADMAVATI PAPER MILLS LTD,Under process of striking off,21012.0,DIRECT_NIC_PHARMA_MANUFACTURER,520,412570.0,Andhra Pradesh
U21012AP1982PLC003559,NANDYAL PULP AND PAPERS LIMITED,Strike Off,21012.0,DIRECT_NIC_PHARMA_MANUFACTURER,755,23000.0,Andhra Pradesh
U21012AP1995PTC022593,RAMYA PAPER MILLS PRIVATE LIMITED,Strike Off,21012.0,DIRECT_NIC_PHARMA_MANUFACTURER,520,0.0,Andhra Pradesh
U21012AP2002PTC039054,PARAMESWARI PAPER BOARDS PRIVATE LIMITED,Strike Off,21012.0,DIRECT_NIC_PHARMA_MANUFACTURER,520,100000.0,Andhra Pradesh
U21012AP2006PTC050043,CHERUKURI VEERRAJU INDUSTRIES PRIVATE LIMITED,Active,21012.0,DIRECT_NIC_PHARMA_MANUFACTURER,520,36388200.0,Andhra Pradesh
U21014AP1986PTC006415,MARUTIRAJ POLYPACK PRIVATE LIMITED,Active,21014.0,DIRECT_NIC_PHARMA_MANUFACTURER,752,3600000.0,Andhra Pradesh
U21014AP1991PTC013275,SRIKANTH PACKAGING PRIVATE LIMITED,Active,21014.0,DIRECT_NIC_PHARMA_MANUFACTURER,523,500000.0,Andhra Pradesh
U21015AP1981PTC003046,JUPITER STRAW BOARDS PVT LTD,Strike Off,21015.0,DIRECT_NIC_PHARMA_MANUFACTURER,510,134700.0,Andhra Pradesh
U21015AP1996PTC024426,SHREE CHAKRA PAPERS PRIVATE LIMITED,Amalgamated,21015.0,DIRECT_NIC_PHARMA_MANUFACTURER,520,49930000.0,Andhra Pradesh
U21020AP1999PTC031273,KEERTHI PACKAGINGS PRIVATE LIMITED,Strike Off,21020.0,DIRECT_NIC_PHARMA_MANUFACTURER,506,0.0,Andhra Pradesh
U21022AP1990PTC011367,DINAKAR PROCESS PVT. LTD.,Active,21022.0,DIRECT_NIC_PHARMA_MANUFACTURER,510,4490000.0,Andhra Pradesh
U21023AP1995PTC021483,TITAN AGRO BOARDS AND PRODUCTS PRIVATE LIMITED,Active,21023.0,DIRECT_NIC_PHARMA_MANUFACTURER,520,0.0,Andhra Pradesh
U21023AP2002PTC040115,JAI MAAKALI PAPER MOULDED PRODUCTS PRIVATE LIMITED,Strike Off,21023.0,DIRECT_NIC_PHARMA_MANUFACTURER,520,923000.0,Andhra Pradesh
U21093AP2001PTC036753,BHAIRAVI CARTONS PRIVATE LIMITED,Active,21093.0,DIRECT_NIC_PHARMA_MANUFACTURER,520,1000000.0,Andhra Pradesh
U21099AP2016PTC104587,VY GLOBAL PAPER BAGS PRIVATE LIMITED,Active,21099.0,DIRECT_NIC_PHARMA_MANUFACTURER,503,100000.0,Andhra Pradesh
U21099AP2017PTC105811,SSPM INTERNATIONAL PAPERS PRIVATE LIMITED,Active,21099.0,DIRECT_NIC_PHARMA_MANUFACTURER,523,1000000.0,Andhra Pradesh
U21099AP2020PTC116287,DOMINIQUE PAPERPULP PRIVATE LIMITED,Strike Off,21099.0,DIRECT_NIC_PHARMA_MANUFACTURER,510,1000000.0,Andhra Pradesh
U24100AP2012PTC083388,INNOWELL FORMULATIONS PRIVATE LIMITED,Strike Off,24100.0,PHARMA_CORPORATE_ENTITY,505,100000.0,Andhra Pradesh
U24100AP2015PTC096530,SAVITA BIOTECH PRIVATE LIMITED,Active,24100.0,PHARMA_CORPORATE_ENTITY,519,2500000.0,Andhra Pradesh
U24100AP2019PTC111683,ANAJIVA BIOPHARMA PRIVATE LIMITED,Active,24100.0,PHARMA_CORPORATE_ENTITY,520,100000.0,Andhra Pradesh
U24119AP2010PTC068013,GROW WELL BIOTECH PRIVATE LIMITED,Active,24119.0,PHARMA_CORPORATE_ENTITY,510,5000000.0,Andhra Pradesh
U24230AP1986PTC006626,SATYA PRASAD CHEMICALS PVT LTD,Active,24230.0,DIRECT_NIC_PHARMA_MANUFACTURER,520,454500.0,Andhra Pradesh
U24230AP1986PTC006646,KRISHNALATHA FARM AIDS PVT LTD,Strike Off,24230.0,DIRECT_NIC_PHARMA_MANUFACTURER,520,700000.0,Andhra Pradesh
U24230AP1990PTC011298,OMNICARE INDUSTRIES PRIVATE LIMITED.,Active,24230.0,DIRECT_NIC_PHARMA_MANUFACTURER,520,9362000.0,Andhra Pradesh
U24230AP1992PLC015047,VECO DRUGS INDIA LTD,Strike Off,24230.0,DIRECT_NIC_PHARMA_MANUFACTURER,520,0.0,Andhra Pradesh
U24230AP1993PTC015564,WAVE DRUGS AND FORMULATIONS [INDIA] PRIVATE LIMITED,Strike Off,24230.0,DIRECT_NIC_PHARMA_MANUFACTURER,520,40000.0,Andhra Pradesh
U24230AP1993PTC015692,DHANVANTARI CHEMICALS PRIVATE LIMITED,Strike Off,24230.0,DIRECT_NIC_PHARMA_MANUFACTURER,520,5000000.0,Andhra Pradesh
U24230AP1995PTC021603,RAJKAMAL CHEMICALS PRIVATE LIMITED,Strike Off,24230.0,DIRECT_NIC_PHARMA_MANUFACTURER,520,200000.0,Andhra Pradesh
U24230AP1996PTC025387,VAIBHAV DRUGS PRIVATE LIMITED,Active,24230.0,DIRECT_NIC_PHARMA_MANUFACTURER,520,1500000.0,Andhra Pradesh
U24230AP1997PTC027888,SREEKANTH FORMULATIONS PRIVATE LIMITED,Strike Off,24230.0,DIRECT_NIC_PHARMA_MANUFACTURER,520,100000.0,Andhra Pradesh
U24230AP1999PTC031145,WEISMANNA HEALTH CARE PRIVATE LIMITED,Active,24230.0,DIRECT_NIC_PHARMA_MANUFACTURER,520,3943700.0,Andhra Pradesh
U24231AP1986PTC006317,SAROVAR CHEMICALS P LTD,Strike Off,24231.0,DIRECT_NIC_PHARMA_MANUFACTURER,510,15000.0,Andhra Pradesh
U24231AP2003PTC041030,DEE VEE BIOMED PRIVATE LIMITED,Active,24231.0,DIRECT_NIC_PHARMA_MANUFACTURER,520,1000000.0,Andhra Pradesh
U24232AP2011PTC077149,BIOLIBRA FORMULATIONS PRIVATE LIMITED,Active,24232.0,DIRECT_NIC_PHARMA_MANUFACTURER,520,430000.0,Andhra Pradesh
U24232AP2012PTC079492,MAANIKYA HAIRS PRIVATE LIMITED,Strike Off,24232.0,DIRECT_NIC_PHARMA_MANUFACTURER,520,500000.0,Andhra Pradesh
U24232AP2012PTC084393,B&B SPECIALITIES INDIA PRIVATE LIMITED,Active,24232.0,DIRECT_NIC_PHARMA_MANUFACTURER,510,4000000.0,Andhra Pradesh
U24232AP2019PTC112475,DHRUVA HEALTH SCIENCE PRIVATE LIMITED,Strike Off,24232.0,DIRECT_NIC_PHARMA_MANUFACTURER,510,1000000.0,Andhra Pradesh
U24233AP2014PTC093574,MAYERNMEDIK PHARMA PRIVATE LIMITED,Active,24233.0,DIRECT_NIC_PHARMA_MANUFACTURER,510,100000.0,Andhra Pradesh
U24233AP2015PTC097521,SRI NETTO SURGICALS AND PHARMA PRIVATE LIMITED,Active,24233.0,DIRECT_NIC_PHARMA_MANUFACTURER,520,100000.0,Andhra Pradesh
U24233AP2020PTC115053,AUSHADHA BIOCHEM PRIVATE LIMITED,Active,24233.0,DIRECT_NIC_PHARMA_MANUFACTURER,510,100000.0,Andhra Pradesh
U24236AP2019PTC113063,VLADIMIR PHARMA PRIVATE LIMITED,Active,24236.0,DIRECT_NIC_PHARMA_MANUFACTURER,510,100000.0,Andhra Pradesh
U24239AP1982PTC003646,SADPAR SALES PVT LTD,Strike Off,24239.0,DIRECT_NIC_PHARMA_MANUFACTURER,510,300.0,Andhra Pradesh
U24239AP1995PLC019615,PEEVEE PHARMA AND FEEDS LIMITED,Active,24239.0,DIRECT_NIC_PHARMA_MANUFACTURER,520,2500000.0,Andhra Pradesh
U24239AP1999PTC031687,MS GENERICS PRIVATE LIMITED,Strike Off,24239.0,DIRECT_NIC_PHARMA_MANUFACTURER,520,0.0,Andhra Pradesh
U24239AP2000PTC034472,NERKIN'S NOVA LABS PRIVATE LIMITED,Strike Off,24239.0,DIRECT_NIC_PHARMA_MANUFACTURER,506,100000.0,Andhra Pradesh
U24239AP2004PTC043807,MANOHARI CHEMICALS PRIVATE LIMITED,Strike Off,24239.0,DIRECT_NIC_PHARMA_MANUFACTURER,520,0.0,Andhra Pradesh
U24239AP2021PTC119773,EESHAN LIFESCIENCES PRIVATE LIMITED,Strike Off,24239.0,DIRECT_NIC_PHARMA_MANUFACTURER,506,500000.0,Andhra Pradesh
U24239TG2006PTC049181,UNIFRANCO LIFE SCIENCES PVT LTD,Active,24239.0,DIRECT_NIC_PHARMA_MANUFACTURER,520,150000.0,Andhra Pradesh
U24290AP2017PTC106077,WASSER BIOTECH PRIVATE LIMITED,Strike Off,24290.0,PHARMA_CORPORATE_ENTITY,523,100000.0,Andhra Pradesh
U24299AP2016PTC103244,G.D.M PHARMACEUTICALS PRIVATE LIMITED,Active,24299.0,PHARMA_CORPORATE_ENTITY,503,15000000.0,Andhra Pradesh
U24299AP2020PTC116233,VAGWI PHARMA PRIVATE LIMITED,Active,24299.0,PHARMA_CORPORATE_ENTITY,520,100000.0,Andhra Pradesh
U24304AP2019OPC113501,ASARA AYUR PHARMA (OPC) PRIVATE LIMITED,Active,24304.0,PHARMA_CORPORATE_ENTITY,506,1000000.0,Andhra Pradesh
U24304AP2020PTC114104,SRINIVASA LIFE SCIENCES PRIVATE LIMITED,Active,24304.0,PHARMA_CORPORATE_ENTITY,523,100000.0,Andhra Pradesh
U24239AP1995PTC019421,HEAL BIOMEDICS PRIVATE LIMITED,Strike Off,24239.0,DIRECT_NIC_PHARMA_MANUFACTURER,520,0.0,Andhra Pradesh
U24239AP2021PTC119044,POORNIMA MEDICAL AGENCIES PRIVATE LIMITED,Active,24239.0,DIRECT_NIC_PHARMA_MANUFACTURER,506,1000000.0,Andhra Pradesh
U24299AP2021PTC117064,SIONC LABORATORIES PRIVATE LIMITED,Active,24299.0,PHARMA_CORPORATE_ENTITY,520,33100000.0,Andhra Pradesh
U24304AP2018PTC108231,NDX PHARMA LABS PRIVATE LIMITED,Active,24304.0,PHARMA_CORPORATE_ENTITY,506,100000.0,Andhra Pradesh
U73100AP2021OPC118984,HRID BIOTECH (OPC) PRIVATE LIMITED,Active,73100.0,PHARMA_CORPORATE_ENTITY,520,100000.0,Andhra Pradesh
U74900AP2008PTC060930,EVUM LIFE SCIENCES PRIVATE LIMITED,Strike Off,74900.0,PHARMA_CORPORATE_ENTITY,519,100000.0,Andhra Pradesh
U74999AP2011PTC075278,BANDARUPALLY PHARMACEUTICALS PRIVATE LIMITED,Strike Off,74999.0,PHARMA_CORPORATE_ENTITY,506,100000.0,Andhra Pradesh
U73100AP1995PTC020841,MEDI-GUARD LABORATORIES PRIVATE LIMITED,Strike Off,73100.0,PHARMA_CORPORATE_ENTITY,520,0.0,Andhra Pradesh
U73100AP2019FTC112638,ENVEDA THERAPEUTICS INDIA PRIVATE LIMITED,Active,73100.0,PHARMA_CORPORATE_ENTITY,520,4962720.0,Andhra Pradesh
U74900AP2015PTC096172,BLOOMESS HEALTHCARE (INDIA) PRIVATE LIMITED,Active,74900.0,NAME_BASED_MATCH,519,100000.0,Andhra Pradesh
U51909AP2018PTC109009,THEJESWINI PHARMA PRIVATE LIMITED,Active,51909.0,PHARMA_CORPORATE_ENTITY,510,100000.0,Andhra Pradesh
U74900AP2015PTC096840,MACTO PHARMACEUTICALS PRIVATE LIMITED,Active,74900.0,PHARMA_CORPORATE_ENTITY,520,300000.0,Andhra Pradesh
U51909AP2020PTC116479,R3 HEALTH CARE AND LIFE SCIENCES PRIVATE LIMITED,Active,51909.0,PHARMA_CORPORATE_ENTITY,520,142720.0,Andhra Pradesh
U52603AP2021PTC120402,RAPHAH MEDICALS AND SURGICALS PRIVATE LIMITED,Active,52603.0,NAME_BASED_MATCH,505,100000.0,Andhra Pradesh
AAC-0523,VIABLE INITIATIVE SERVICES PHARMACHEM LLP,Strike Off,nan,PHARMA_CORPORATE_ENTITY,506,0.0,Andhra Pradesh
AAT-9028,PURELY HERBAL LLP,Active,nan,NAME_BASED_MATCH,520,0.0,Andhra Pradesh
ACX-6971,MAYSTONE LIFE SCIENCES LLP,Active,nan,PHARMA_CORPORATE_ENTITY,520,0.0,Andhra Pradesh
U86100AP2023PTC112321,VASUDHA HEALTHCARE PRIVATE LIMITED,Active,86100.0,NAME_BASED_MATCH,520,5000000.0,Andhra Pradesh
U24239AP2019PTC111206,KK LABORATORIES PRIVATE LIMITED,Active,24239.0,DIRECT_NIC_PHARMA_MANUFACTURER,510,100000.0,Andhra Pradesh
U24290AP2020PTC115438,NYMISHA LIFE SCIENCES PRIVATE LIMITED,Active,24290.0,PHARMA_CORPORATE_ENTITY,744,100000.0,Andhra Pradesh
U24304AP2017PTC105836,SHANKARA PHARMACEUTICALS PRIVATE LIMITED,Strike Off,24304.0,PHARMA_CORPORATE_ENTITY,503,100000.0,Andhra Pradesh
U24304AP2017PTC107179,ATCHUTA LABORATORIES PRIVATE LIMITED,Active,24304.0,PHARMA_CORPORATE_ENTITY,520,42100000.0,Andhra Pradesh
U45200AP2004PTC044896,SBP DIAGNOSTICS PRIVATE LIMITED,Strike Off,45200.0,NAME_BASED_MATCH,520,100000.0,Andhra Pradesh
U46109AP2025PTC118046,LEADERSORGANICHERBALS PRIVATE LIMITED,Active,46109.0,NAME_BASED_MATCH,510,100000.0,Andhra Pradesh
U01403AP2008PTC061298,SUNMARG BIOTECH PRIVATE LIMITED,Strike Off,1403.0,PHARMA_CORPORATE_ENTITY,520,0.0,Andhra Pradesh
U70200AP2022PTC121761,THREED PHARMA COMPLIANCE SOLUTIONS PRIVATE LIMITED,Active,70200.0,PHARMA_CORPORATE_ENTITY,510,100000.0,Andhra Pradesh
U72100AP2026PTC124608,VISITE LIFE SCIENCES PRIVATE LIMITED,Active,72100.0,PHARMA_CORPORATE_ENTITY,511,40000.0,Andhra Pradesh
U21000AP2020OPC116232,KOKA TISSUES (OPC) PRIVATE LIMITED,Strike Off,21000.0,DIRECT_NIC_PHARMA_MANUFACTURER,510,100000.0,Andhra Pradesh
U21000AP2022PTC121653,SKML WASTE PAPER MANAGEMENT PRIVATE LIMITED,Active,21000.0,DIRECT_NIC_PHARMA_MANUFACTURER,520,100000.0,Andhra Pradesh
U21001AP2023PTC111644,ABHIS BIOSYSTEMS PRIVATE LIMITED,Active,21001.0,DIRECT_NIC_PHARMA_MANUFACTURER,523,100000.0,Andhra Pradesh
U21001AP2024PTC116532,TPT DRUGS PRIVATE LIMITED,Active,21001.0,DIRECT_NIC_PHARMA_MANUFACTURER,503,100000.0,Andhra Pradesh
U21001AP2025PTC119051,HACQUA LINKS PRIVATE LIMITED,Active,21001.0,DIRECT_NIC_PHARMA_MANUFACTURER,503,10000.0,Andhra Pradesh
U21001AP2026PTC125175,VINCA LIFE SCIENCES PRIVATE LIMITED,Active,21001.0,DIRECT_NIC_PHARMA_MANUFACTURER,505,200000.0,Andhra Pradesh
U21002AP2025PTC120444,MITRA GENIX LIFE SCIENCES PRIVATE LIMITED,Active,21002.0,DIRECT_NIC_PHARMA_MANUFACTURER,520,100000.0,Andhra Pradesh
U21003AP2025PTC120983,ROVYN GROUP PRIVATE LIMITED,Active,21003.0,DIRECT_NIC_PHARMA_MANUFACTURER,520,100000.0,Andhra Pradesh
U21009AP2026PTC125995,DHAKSHAYANI REGENERATIVE MEDICINE PRIVATE LIMITED,Active,21009.0,DIRECT_NIC_PHARMA_MANUFACTURER,505,50000.0,Andhra Pradesh
U21014AP1971PTC001436,TECHNO INFRATECH PROJECTS (INDIA) PRIVATE LIMITED,Active,21014.0,DIRECT_NIC_PHARMA_MANUFACTURER,520,15849170.0,Andhra Pradesh
U21090AP2011PTC076706,J & J PAPER ECO PRODUCTS PRIVATE LIMITED,Strike Off,21090.0,DIRECT_NIC_PHARMA_MANUFACTURER,520,100000.0,Andhra Pradesh
U21093AP2020PTC116825,VENKATA KRISHNA INDUSTRIES PRIVATE LIMITED,Active,21093.0,DIRECT_NIC_PHARMA_MANUFACTURER,523,100000.0,Andhra Pradesh
U21096AP2019PTC113007,VIJAY CHANDRA INDUSTRIES PRIVATE LIMITED,Strike Off,21096.0,DIRECT_NIC_PHARMA_MANUFACTURER,520,1000000.0,Andhra Pradesh
U21099AP2021PTC118605,FUTURE GREEN INNOVATION PRIVATE LIMITED,Active,21099.0,DIRECT_NIC_PHARMA_MANUFACTURER,520,600000.0,Andhra Pradesh
U21099AP2021PTC119509,AMJR PACKS INDIA PRIVATE LIMITED,Active,21099.0,DIRECT_NIC_PHARMA_MANUFACTURER,510,100000.0,Andhra Pradesh
U24100AP2010PTC070362,COASTAL LABORATORIES PRIVATE LIMITED,Active,24100.0,PHARMA_CORPORATE_ENTITY,520,1000000.0,Andhra Pradesh
U24100AP2014PTC092298,CIRAGUS PHARMA PRIVATE LIMITED,Active,24100.0,PHARMA_CORPORATE_ENTITY,503,100000.0,Andhra Pradesh
U24100AP2014PTC093610,MANNE LABORATORIES PRIVATE LIMITED,Amalgamated,24100.0,PHARMA_CORPORATE_ENTITY,520,129500000.0,Andhra Pradesh
U24100AP2015PTC096930,ABASH PHARMA PRIVATE LIMITED,Strike Off,24100.0,PHARMA_CORPORATE_ENTITY,520,200000.0,Andhra Pradesh
U24110AP2017PTC106873,LORVEN THERAPEUTICS PRIVATE LIMITED,Active,24110.0,PHARMA_CORPORATE_ENTITY,519,100000.0,Andhra Pradesh
U24230AP2020PTC113967,KVR DRUGS PRIVATE LIMITED,Active,24230.0,DIRECT_NIC_PHARMA_MANUFACTURER,748,100000.0,Andhra Pradesh
U24230AP2020PTC114509,ARRAN SCIENTIFIC PRIVATE LIMITED,Active,24230.0,DIRECT_NIC_PHARMA_MANUFACTURER,503,100000.0,Andhra Pradesh
U24230AP2020PTC116504,ARKAS LIFE CARE PHARMA PRIVATE LIMITED,Strike Off,24230.0,DIRECT_NIC_PHARMA_MANUFACTURER,520,10000.0,Andhra Pradesh
U24231AP1995PTC019580,DURACHEM PHARMACEUTICALS PRIVATE LIMITED,Strike Off,24231.0,DIRECT_NIC_PHARMA_MANUFACTURER,520,0.0,Andhra Pradesh
U24231AP1999PTC032066,SYMET DRUGS PRIVATE LIMITED,Strike Off,24231.0,DIRECT_NIC_PHARMA_MANUFACTURER,511,562700.0,Andhra Pradesh
U24232AP2009PTC066297,SYNTHTRIX PHARMALABS (INDIA) PRIVATE LIMITED,Active,24232.0,DIRECT_NIC_PHARMA_MANUFACTURER,510,40000000.0,Andhra Pradesh
U24232AP2010PTC069031,AMODA PHARMACEUTICALS PRIVATE LIMITED,Strike Off,24232.0,DIRECT_NIC_PHARMA_MANUFACTURER,510,100000.0,Andhra Pradesh
U24232AP2011PTC073544,CHAITANYA BARIUM (INDIA) PRIVATE LIMITED,Active,24232.0,DIRECT_NIC_PHARMA_MANUFACTURER,520,500000.0,Andhra Pradesh
U24232AP2012PTC083803,PVS INNOVATIONS INDIA PRIVATE LIMITED,Active,24232.0,DIRECT_NIC_PHARMA_MANUFACTURER,506,43235000.0,Andhra Pradesh
U24239AP1966PLC001136,SIRIS LIMITED,Active,24239.0,DIRECT_NIC_PHARMA_MANUFACTURER,506,280000000.0,Andhra Pradesh
U24239AP1967PTC001163,ESMARK PHARMACEUTICALS PVT LTD,Under process of striking off,24239.0,DIRECT_NIC_PHARMA_MANUFACTURER,506,25000.0,Andhra Pradesh
U24239AP2004PTC043384,SRIRAM GOPAL RAJU PHARMA PRIVATE LIMITED,Active,24239.0,DIRECT_NIC_PHARMA_MANUFACTURER,503,100000.0,Andhra Pradesh
U24299AP2021PTC118246,D2V LABORATORIES PRIVATE LIMITED,Active,24299.0,PHARMA_CORPORATE_ENTITY,520,100000.0,Andhra Pradesh
U24304AP2017PTC105431,CHEMINGER BIOTECH PRIVATE LIMITED,Strike Off,24304.0,PHARMA_CORPORATE_ENTITY,503,100000.0,Andhra Pradesh
U74120AP2016PTC098137,AUDI PHARMACEUTICALS PRIVATE LIMITED,Active,74120.0,PHARMA_CORPORATE_ENTITY,505,500000.0,Andhra Pradesh
U74999AP2016PTC103971,VARMA PHARMA PRIVATE LIMITED,Active,74999.0,PHARMA_CORPORATE_ENTITY,510,100000.0,Andhra Pradesh
U74999AP2016PTC104136,SANGANI BIOTECH PRIVATE LIMITED,Active,74999.0,PHARMA_CORPORATE_ENTITY,506,100000.0,Andhra Pradesh
U74999AP2018PTC109399,NALLAMALA HERBALS AND AYURVEDIC PRODUCTS PRIVATE LIMITED,Active,74999.0,NAME_BASED_MATCH,511,100000.0,Andhra Pradesh
U74999AP2020PTC116136,BIOS HEALTHCARE LOGISTICS PRIVATE LIMITED,Active,74999.0,NAME_BASED_MATCH,505,100000.0,Andhra Pradesh
AAJ-5653,RAO'S HERBAL MARKETERS LLP,Active,nan,NAME_BASED_MATCH,510,0.0,Andhra Pradesh
AAL-5980,SRI ANNAMAYA HEALTHCARE SOLUTIONS LLP,Active,nan,NAME_BASED_MATCH,520,0.0,Andhra Pradesh
ACC-6902,PHARMAPRIX PHARMACY LLP,Active,nan,PHARMA_CORPORATE_ENTITY,520,0.0,Andhra Pradesh
ACH-7535,GOLDEN RIPPLES HEALTHCARE LLP,Active,nan,NAME_BASED_MATCH,505,0.0,Andhra Pradesh
L24239AP2002PLC039449,SAAMYA BIOTECH (INDIA) LIMITED,Active,24239.0,DIRECT_NIC_PHARMA_MANUFACTURER,520,248825000.0,Andhra Pradesh
U72900AP2020PTC114358,MEDIBOOK HEALTHCARE PRIVATE LIMITED,Strike Off,72900.0,NAME_BASED_MATCH,510,1000000.0,Andhra Pradesh
U47720AP2024PTC114204,BOVEJA PHARMACEUTICALS PRIVATE LIMITED,Active,47720.0,PHARMA_CORPORATE_ENTITY,517,100000.0,Andhra Pradesh
U47721AP2026PTC125066,AN PHARMA GLOBAL LIFESCIENCES PRIVATE LIMITED,Active,47721.0,PHARMA_CORPORATE_ENTITY,519,100000.0,Andhra Pradesh
U51397AP2003PTC042217,KOSTAL PHARMA LABS PRIVATE LIMITED,Active,51397.0,PHARMA_CORPORATE_ENTITY,520,14100000.0,Andhra Pradesh
U74900AP2015PTC096688,SRI KAUSTUBHA HEALTHCARE PRIVATE LIMITED,Active,74900.0,NAME_BASED_MATCH,511,100000.0,Andhra Pradesh
U74999AP2016PTC103275,GANDU PHARMACEUTICALS PRIVATE LIMITED,Strike Off,74999.0,PHARMA_CORPORATE_ENTITY,510,100000.0,Andhra Pradesh
U52500AP2021PTC118759,VIBRANT GENERIC PHARMACIES PRIVATE LIMITED,Active,52500.0,PHARMA_CORPORATE_ENTITY,506,1000000.0,Andhra Pradesh
U74999AP2018PTC108089,HMK PHARMA PRIVATE LIMITED,Active,74999.0,PHARMA_CORPORATE_ENTITY,520,500000.0,Andhra Pradesh
U74999AP2018PTC109924,PALOMA PHARMACEUTICALS PRIVATE LIMITED,Active,74999.0,PHARMA_CORPORATE_ENTITY,505,1000000.0,Andhra Pradesh
AAD-3419,4C DRUG SAFETY SERVICES LLP,Active,nan,PHARMA_CORPORATE_ENTITY,510,0.0,Andhra Pradesh
U85100AP2009PTC063182,GRO WIN HERBAL CARE PRIVATE LIMITED,Strike Off,85100.0,NAME_BASED_MATCH,520,100000.0,Andhra Pradesh
U85110AP2009PTC065476,SRI SAI DHANWANTHARI HEALTHCARE PRIVATE LIMITED,Strike Off,85110.0,NAME_BASED_MATCH,520,14040000.0,Andhra Pradesh
U85300AP2022PTC120872,SARVANI DIAGNOSTICS PRIVATE LIMITED,Active,85300.0,NAME_BASED_MATCH,510,600000.0,Andhra Pradesh
U47721AP2024OPC116189,CGLS PHARMACY (OPC) PRIVATE LIMITED,Active,47721.0,PHARMA_CORPORATE_ENTITY,520,100000.0,Andhra Pradesh
U51909AP2021PTC119387,SREEKARA MEDICINE HOUSE PRIVATE LIMITED,Active,51909.0,PHARMA_CORPORATE_ENTITY,510,1500000.0,Andhra Pradesh
U85100AP2016PTC104148,AYURVEDA MEDICINAL RESEARCH PRIVATE LIMITED,Strike Off,85100.0,NAME_BASED_MATCH,506,100000.0,Andhra Pradesh
U85100AP2020PTC114460,IMBK HEALTHCARE MANAGEMENT SERVICES PRIVATE LIMITED,Active,85100.0,NAME_BASED_MATCH,503,100000.0,Andhra Pradesh
U85100AP2022PTC122508,EYECONIC HEALTHCARE PRIVATE LIMITED,Active,85100.0,NAME_BASED_MATCH,510,500000.0,Andhra Pradesh
U85110AP2021PTC120289,VIJAYA RAMA HEALTHCARE PRIVATE LIMITED,Active,85110.0,NAME_BASED_MATCH,505,100000.0,Andhra Pradesh
U85300AP2019FTC113466,JANSEN INDIA MEDTECH PRIVATE LIMITED,Active,85300.0,NAME_BASED_MATCH,520,100000.0,Andhra Pradesh
U86100AP2025PTC120558,ZENORIGIN HEALTHCARE PRIVATE LIMITED,Active,86100.0,NAME_BASED_MATCH,520,10000.0,Andhra Pradesh
U86100AP2025PTC122448,JAYA SUPER SPECIALITY HEALTHCARE PRIVATE LIMITED,Active,86100.0,NAME_BASED_MATCH,510,100000.0,Andhra Pradesh
U86900AP2025PTC120569,PRIMARIA HEALTHCARE SERVICES PRIVATE LIMITED,Active,86900.0,NAME_BASED_MATCH,506,100000.0,Andhra Pradesh
U46497AP2024PTC113583,CHIRANJEEVI LIFE SCIENCES PRIVATE LIMITED,Active,46497.0,PHARMA_CORPORATE_ENTITY,523,100000.0,Andhra Pradesh
U46497AP2026PTC125695,JTR PHARMACEUTICAL PRIVATE LIMITED,Active,46497.0,PHARMA_CORPORATE_ENTITY,511,1000000.0,Andhra Pradesh
U46596AP2025PTC123117,SARAAR BIOTECH PRIVATE LIMITED,Active,46596.0,PHARMA_CORPORATE_ENTITY,520,100000.0,Andhra Pradesh
U21000AP2015OPC097652,TRYAKSA NOTEBOOKS PRIVATE LIMITED (OPC),Strike Off,21000.0,DIRECT_NIC_PHARMA_MANUFACTURER,521,100000.0,Andhra Pradesh
U21001AP2023PTC111221,RBC PHARMACEUTICALS PRIVATE LIMITED,Active,21001.0,DIRECT_NIC_PHARMA_MANUFACTURER,748,100000.0,Andhra Pradesh
U21001AP2023PTC111878,TOPRX PHARMACEUTICALS PRIVATE LIMITED,Active,21001.0,DIRECT_NIC_PHARMA_MANUFACTURER,520,500000.0,Andhra Pradesh
U21001AP2026PTC125006,ETHICAL PHARMA PRODUCTS PRIVATE LIMITED,Active,21001.0,DIRECT_NIC_PHARMA_MANUFACTURER,520,10000.0,Andhra Pradesh
U21003AP2024PTC113900,SAACHIKA HERBAL PRODUCTS PRIVATE LIMITED,Active,21003.0,DIRECT_NIC_PHARMA_MANUFACTURER,748,100000.0,Andhra Pradesh
U21003AP2024PTC117073,CHENNUS NEUTRACUTICALS PRIVATE LIMITED,Active,21003.0,DIRECT_NIC_PHARMA_MANUFACTURER,510,200000.0,Andhra Pradesh
U21009AP2025PTC119049,DHANVATH SUTRA ENTREPRENEUR PRIVATE LIMITED,Active,21009.0,DIRECT_NIC_PHARMA_MANUFACTURER,503,10000.0,Andhra Pradesh
U21011AP1991PTC012972,NAGA CHANDRA LIME BRIQUETEES PRIVATE LIMITED,Active,21011.0,DIRECT_NIC_PHARMA_MANUFACTURER,520,6000000.0,Andhra Pradesh
U21012AP1997PTC027308,JAYALAKSHMI STRAW BOARDS PRIVATE LIMITED,Strike Off,21012.0,DIRECT_NIC_PHARMA_MANUFACTURER,520,0.0,Andhra Pradesh
U21029AP1983PTC004182,NELLORE CARBIDES PVT LTD,Strike Off,21029.0,DIRECT_NIC_PHARMA_MANUFACTURER,520,2000.0,Andhra Pradesh
U21090AP2019PTC113490,MAMG PAPER PRIVATE LIMITED,Active,21090.0,DIRECT_NIC_PHARMA_MANUFACTURER,506,100000.0,Andhra Pradesh
U24110AP1998PTC029047,SET HERBAL FORMULATIONS PRIVATE LIMITED,Strike Off,24110.0,PHARMA_CORPORATE_ENTITY,520,300000.0,Andhra Pradesh
U24120AP1995PTC021113,MATRIMA AGRI-BIOTECH PRIVATE LIMITED,Strike Off,24120.0,PHARMA_CORPORATE_ENTITY,520,3000.0,Andhra Pradesh
U24230AP1995PTC022098,CORPORATE PHARMA PRIVATE LIMITED,Active,24230.0,DIRECT_NIC_PHARMA_MANUFACTURER,520,1000000.0,Andhra Pradesh
U24230AP2021PTC120355,SREE BLISS PHARMA PRIVATE LIMITED,Active,24230.0,DIRECT_NIC_PHARMA_MANUFACTURER,510,100000.0,Andhra Pradesh
U24230AP2022PTC123271,SLDR PHARMA PRIVATE LIMITED,Active,24230.0,DIRECT_NIC_PHARMA_MANUFACTURER,520,1000000.0,Andhra Pradesh
U24232AP2008PTC057293,SREE SATCHITAANANDA CHEMICALS PRIVATE LIMITED,Strike Off,24232.0,DIRECT_NIC_PHARMA_MANUFACTURER,520,100000.0,Andhra Pradesh
U24232AP2010PTC068855,EUCAALYPTUS HEALTH CARE PRIVATE LIMITED,Strike Off,24232.0,DIRECT_NIC_PHARMA_MANUFACTURER,752,100000.0,Andhra Pradesh
U24232AP2010PTC071965,BIO-LEO ANALYTICAL LABS INDIA PRIVATE LIMITED,Active,24232.0,DIRECT_NIC_PHARMA_MANUFACTURER,520,2795000.0,Andhra Pradesh
U24232AP2015PTC096049,SREE SATYA MADHAVA LIFE SCIENCES PRIVATE LIMITED,Strike Off,24232.0,DIRECT_NIC_PHARMA_MANUFACTURER,520,100000.0,Andhra Pradesh
U24239AP1985PTC005574,G.V. NECTO PHARMA PVT LTD,Active,24239.0,DIRECT_NIC_PHARMA_MANUFACTURER,520,280000.0,Andhra Pradesh
U24239AP1987PTC007943,DR. RAO'S HERBAL PHARMA PVT LTD,Active,24239.0,DIRECT_NIC_PHARMA_MANUFACTURER,520,401270.0,Andhra Pradesh
U24239AP2003PTC041881,KARYON LABORATORIES PRIVATE LIMITED,Active,24239.0,DIRECT_NIC_PHARMA_MANUFACTURER,520,50000.0,Andhra Pradesh
U24239AP2021PTC119545,SRI SATYADEVA NURSERY PRIVATE LIMITED,Active,24239.0,DIRECT_NIC_PHARMA_MANUFACTURER,505,100000.0,Andhra Pradesh
U24290AP2020PTC114765,DR.MADHAV PHARMA PRIVATE LIMITED,Active,24290.0,PHARMA_CORPORATE_ENTITY,506,500000.0,Andhra Pradesh
U24297AP2009PTC066381,NANDINI PHARMA PRIVATE LIMITED,Strike Off,24297.0,PHARMA_CORPORATE_ENTITY,520,100000.0,Andhra Pradesh
U24304AP2017PTC105103,AINESH PHARMA PRIVATE LIMITED,Active,24304.0,PHARMA_CORPORATE_ENTITY,510,21565500.0,Andhra Pradesh
U73100AP2009PTC064734,A 1 DRUG DISCOVERY TECHNOLOGIES PRIVATE LIMITED,Active,73100.0,PHARMA_CORPORATE_ENTITY,519,100000.0,Andhra Pradesh
U51397AP2009PTC064584,DARWIN PHARMA PRIVATE LIMITED,Active,51397.0,PHARMA_CORPORATE_ENTITY,519,915000.0,Andhra Pradesh
U74999AP2011PTC074662,ANJUNANDHINI AYURVEDA AND COSMETICS PRIVATE LIMITED,Strike Off,74999.0,NAME_BASED_MATCH,505,100000.0,Andhra Pradesh
AAN-7710,SREEVINDA LABORATORIES LLP,Active,nan,PHARMA_CORPORATE_ENTITY,503,0.0,Andhra Pradesh
U85100AP2000PTC035290,SOS HEALTHCARE SERVICES PRIVATE LIMITED,Strike Off,85100.0,NAME_BASED_MATCH,520,1000.0,Andhra Pradesh
U85100AP2020PTC114733,CHEELLA HEALTHCARE PRIVATE LIMITED,Active,85100.0,NAME_BASED_MATCH,505,100000.0,Andhra Pradesh
U85110AP2011PTC077603,AGRIVEST FOODS & HEALTHCARE PRIVATE LIMITED,Strike Off,85110.0,NAME_BASED_MATCH,520,120000.0,Andhra Pradesh
U85110AP2022PTC122630,SUMANVI HEALTHCARE AND RESEARCH PRIVATE LIMITED,Active,85110.0,NAME_BASED_MATCH,505,100000.0,Andhra Pradesh
U85191AP2013PTC087269,PML HEALTHCARE PRIVATE LIMITED,Strike Off,85191.0,NAME_BASED_MATCH,520,150000.0,Andhra Pradesh
U85195AP1977PTC002143,FARICHEM LABORATORIES PVT LTD,Under process of striking off,85195.0,PHARMA_CORPORATE_ENTITY,520,0.0,Andhra Pradesh
U86100AP2024PTC115722,RXPRANA HEALTHCARE PRIVATE LIMITED,Active,86100.0,NAME_BASED_MATCH,520,100000.0,Andhra Pradesh
U86100AP2025PTC121258,MEDJUVENATE HEALTHCARE ENTERPRISES PRIVATE LIMITED,Active,86100.0,NAME_BASED_MATCH,510,100000.0,Andhra Pradesh
U46497AP2023PTC113304,NAVANTE PHARMACEUTICALS PRIVATE LIMITED,Active,46497.0,PHARMA_CORPORATE_ENTITY,510,10000.0,Andhra Pradesh
U85100AP2020PTC114944,ARRAN HEALTHCARE PRIVATE LIMITED,Strike Off,85100.0,NAME_BASED_MATCH,503,100000.0,Andhra Pradesh
U85195AP1997PLC027392,PVS LABORATORIES LIMITED,Active,85195.0,PHARMA_CORPORATE_ENTITY,506,86514000.0,Andhra Pradesh
U85300AP2020PTC116866,ADUSUMILLI HEALTHCARE AND INFRATECH PRIVATE LIMITED,Active,85300.0,NAME_BASED_MATCH,520,100000.0,Andhra Pradesh
U86100AP2023PTC112026,MANASVIKA HEALTHCARE PRIVATE LIMITED,Active,86100.0,NAME_BASED_MATCH,520,100000.0,Andhra Pradesh
U86100AP2023PTC112404,AVYAYA HEALTHCARE SOLUTIONS PRIVATE LIMITED,Active,86100.0,NAME_BASED_MATCH,510,400000.0,Andhra Pradesh
U86201AP2025PTC119377,KSR AI MEDITECH HEALTHCARE PRIVATE LIMITED,Active,86201.0,NAME_BASED_MATCH,510,10000.0,Andhra Pradesh
U46596AP2025PTC120187,MED GENUINE HEALTHCARE PRIVATE LIMITED,Active,46596.0,NAME_BASED_MATCH,510,100000.0,Andhra Pradesh
U63120AP2026PTC124787,GENRUSH HEALTHCARE PRIVATE LIMITED,Active,63120.0,NAME_BASED_MATCH,506,10000.0,Andhra Pradesh
U32509AP2026PTC125483,LEVOMEDTECH IND PRIVATE LIMITED,Active,32509.0,PHARMA_RELATED_MANUFACTURER,520,100000.0,Andhra Pradesh
U33300AP2017PTC105458,CHROMGENE BIOTECH PRIVATE LIMITED,Active,33300.0,PHARMA_CORPORATE_ENTITY,506,100000.0,Andhra Pradesh
U24239AP2004PLC043349,DR. D.N. RAO'S SAKTHI AYUR CONCEPTS LIMITED,Active,24239.0,DIRECT_NIC_PHARMA_MANUFACTURER,520,7550000.0,Andhra Pradesh
U24290AP2020PTC115608,ASCHM HERBALS PRIVATE LIMITED,Active,24290.0,NAME_BASED_MATCH,506,100000.0,Andhra Pradesh
U85191AP2012PTC078666,KUGLER HEALTHCARE CLUSTER SERVICES PRIVATE LIMITED,Strike Off,85191.0,NAME_BASED_MATCH,506,100000.0,Andhra Pradesh
U85300AP2022OPC121783,YASHVEDH HEALTHCARE SERVICES INDIA (OPC) PRIVATE LIMITED,Active,85300.0,NAME_BASED_MATCH,505,100000.0,Andhra Pradesh
U86100AP2026PTC126105,TANUHITHA AYURVEDIC SUPER SPECIALITY HOSPITALS PRIVATE LIMITED,Active,86100.0,NAME_BASED_MATCH,748,100000.0,Andhra Pradesh
U86900AP2024PTC114844,KRISHAND HEALTHCARE PRIVATE LIMITED,Active,86900.0,NAME_BASED_MATCH,506,10000.0,Andhra Pradesh
U47721AP2023OPC112121,SHEAFFER HEALTHCARE (OPC) PRIVATE LIMITED,Active,47721.0,NAME_BASED_MATCH,506,10000.0,Andhra Pradesh
U51909AP2017PTC105760,RAAJADHANI GENERIC MEDICINES PRIVATE LIMITED,Active,51909.0,PHARMA_CORPORATE_ENTITY,506,100000.0,Andhra Pradesh
U51909AP2021PTC118582,MEDIFLEX PHARMA PRIVATE LIMITED,Active,51909.0,PHARMA_CORPORATE_ENTITY,510,100000.0,Andhra Pradesh
U51909AP2021PTC119928,R.K.MEDICAL AND SURGICAL DISTRIBUTORS PRIVATE LIMITED,Active,51909.0,NAME_BASED_MATCH,503,100000.0,Andhra Pradesh
U72900AP2022PTC122931,AUTUMN HEALTHCARE PRIVATE LIMITED,Active,72900.0,NAME_BASED_MATCH,511,4000000.0,Andhra Pradesh
U73100AP2021PTC118207,HEGA BIOTECH PRIVATE LIMITED,Active,73100.0,PHARMA_CORPORATE_ENTITY,520,10000.0,Andhra Pradesh
U74999TG2006PTC051670,MAHALAKSHMI LABORATORIES PRIVATE LIMITED,Active,74999.0,PHARMA_CORPORATE_ENTITY,520,300000000.0,Andhra Pradesh
U21003AP2024PTC114157,SRI SREEDEVI GAU SERVICES PRIVATE LIMITED,Active,21003.0,DIRECT_NIC_PHARMA_MANUFACTURER,510,100000.0,Andhra Pradesh
U21012AP1984PTC004856,VIJAYA DECORATE BOARDS PVT.LTD.,Strike Off,21012.0,DIRECT_NIC_PHARMA_MANUFACTURER,520,0.0,Andhra Pradesh
U21012AP1998PTC030781,VISWAKANT PAPER MILLS PRIVATE LIMITED,Strike Off,21012.0,DIRECT_NIC_PHARMA_MANUFACTURER,519,0.0,Andhra Pradesh
U21014AP2013PTC091069,SRI PADA PACKAGINGS PRIVATE LIMITED,Active,21014.0,DIRECT_NIC_PHARMA_MANUFACTURER,506,200000.0,Andhra Pradesh
U21020AP2001PTC036140,SRI BUTCHI INDUSTRIES PRIVATE LIMITED,Active,21020.0,DIRECT_NIC_PHARMA_MANUFACTURER,520,20800000.0,Andhra Pradesh
U21099AP2017PTC105435,VENKATESWARA PAPER PRODUCTS PRIVATE LIMITED,Active,21099.0,DIRECT_NIC_PHARMA_MANUFACTURER,510,177859000.0,Andhra Pradesh
U22219AP2021PTC117028,SRINMSHA HEALTHCARE PUBLISHERS PRIVATE LIMITED,Strike Off,22219.0,NAME_BASED_MATCH,511,10000.0,Andhra Pradesh
U24100AP2014PTC095548,MYLIN PHARMACEUTICALS PRIVATE LIMITED,Active,24100.0,PHARMA_CORPORATE_ENTITY,510,100000.0,Andhra Pradesh
U24100AP2022PTC122437,VARADHEE LABORATORIES PRIVATE LIMITED,Active,24100.0,PHARMA_CORPORATE_ENTITY,520,100000.0,Andhra Pradesh
U24230AP1997PTC026567,GEETHA DRUGS PRIVATE LIMITED,Strike Off,24230.0,DIRECT_NIC_PHARMA_MANUFACTURER,520,0.0,Andhra Pradesh
U24230AP2020PTC114108,REDMAPLE GENETICS PRIVATE LIMITED,Active,24230.0,DIRECT_NIC_PHARMA_MANUFACTURER,505,100000.0,Andhra Pradesh
U24231AP2000PTC107751,PLUTUS TECHLABS PRIVATE LIMITED,Active,24231.0,DIRECT_NIC_PHARMA_MANUFACTURER,523,2874000.0,Andhra Pradesh
U24232AP2011PTC075625,KSR LIFE SCIENCES PRIVATE LIMITED,Strike Off,24232.0,DIRECT_NIC_PHARMA_MANUFACTURER,506,100000.0,Andhra Pradesh
U24232AP2013PTC088975,SOUTH INDIA GUMS PRIVATE LIMITED,Strike Off,24232.0,DIRECT_NIC_PHARMA_MANUFACTURER,520,100000.0,Andhra Pradesh
U24232AP2014PTC095743,SRI DASA PRINTPACK PRIVATE LIMITED,Strike Off,24232.0,DIRECT_NIC_PHARMA_MANUFACTURER,520,500000.0,Andhra Pradesh
U24233AP1996PTC023619,INDICA HEALTH PRODUCTS PRIVATE LIMITED,Active,24233.0,DIRECT_NIC_PHARMA_MANUFACTURER,520,3500000.0,Andhra Pradesh
U24239AP1993PLC015983,SRI RAMCHANDRA PHARMACEUTICALS LTD.,Strike Off,24239.0,DIRECT_NIC_PHARMA_MANUFACTURER,520,700000.0,Andhra Pradesh
AAD-2505,ALOCON PHARMA LLP,Active,nan,PHARMA_CORPORATE_ENTITY,506,0.0,Andhra Pradesh
AAO-2089,SRESHTA RESEARCH AND DIAGNOSTICS LLP,Active,nan,NAME_BASED_MATCH,510,0.0,Andhra Pradesh
ACK-3946,CHANDIRA FERTILITY AND HEALTHCARE LLP,Active,nan,NAME_BASED_MATCH,511,0.0,Andhra Pradesh
L21012AP1974PLC001822,COASTAL PAPER LTD,Amalgamated,21012.0,DIRECT_NIC_PHARMA_MANUFACTURER,505,30000000.0,Andhra Pradesh
U66000AP2011PTC076893,NAVATA ACCIDENT HEALTHCARE SERVICES PRIVATE LIMITED,Strike Off,66000.0,NAME_BASED_MATCH,520,100000.0,Andhra Pradesh
U85100AP2010PTC067796,IMPERIAL DIAGNOSTICS AND HEALTH CARE INDIA PRIVATE LIMITED,Active,85100.0,NAME_BASED_MATCH,520,7930000.0,Andhra Pradesh
U85100AP2016PTC104519,SMILON HEALTH HOSPITALS AND LIFE SCIENCES PRIVATE LIMITED,Active,85100.0,PHARMA_CORPORATE_ENTITY,520,100000.0,Andhra Pradesh
U85100AP2019PTC112028,LITTLE STARS HEALTHCARE RAJAMAHENDRI PRIVATE LIMITED,Active,85100.0,NAME_BASED_MATCH,505,67285000.0,Andhra Pradesh
U85100AP2019PTC112180,ANANDHI DIAGNOSTICS PRIVATE LIMITED,Active,85100.0,NAME_BASED_MATCH,506,53856000.0,Andhra Pradesh
U85100AP2021PTC120047,PRASHAMA HEALTHCARE PRIVATE LIMITED,Active,85100.0,NAME_BASED_MATCH,505,100000.0,Andhra Pradesh
U85100AP2022PTC122202,SATSUKI GLOBAL HEALTHCARE PRIVATE LIMITED,Active,85100.0,NAME_BASED_MATCH,520,100000.0,Andhra Pradesh
U85100AP2023PTC123890,VISTASMART LABORATORIES PRIVATE LIMITED,Active,85100.0,PHARMA_CORPORATE_ENTITY,505,100000.0,Andhra Pradesh
U85110AP2003PTC040254,DONEPUDI HEALTHCARE PRIVATE LIMITED,Strike Off,85110.0,NAME_BASED_MATCH,520,100000.0,Andhra Pradesh
U85110AP2021PTC119822,DECAGON LIFE SCIENCES PRIVATE LIMITED,Active,85110.0,PHARMA_CORPORATE_ENTITY,510,100000.0,Andhra Pradesh
U85110TG2011PTC073240,PREETHIKA HEALTHCARE PRIVATE LIMITED,Active,85110.0,NAME_BASED_MATCH,520,108000.0,Andhra Pradesh
U85191AP2014PTC092535,SATHAYUSH AYURVEDIC INDIA PRIVATE LIMITED,Active,85191.0,NAME_BASED_MATCH,506,100000.0,Andhra Pradesh
U85300AP2019OPC113336,VSHEALTHCARE (OPC) PRIVATE LIMITED,Strike Off,85300.0,NAME_BASED_MATCH,520,1000.0,Andhra Pradesh
U85300AP2021PTC119009,ACCURA IMAGING & DIAGNOSTICS PRIVATE LIMITED,Active,85300.0,NAME_BASED_MATCH,510,1000000.0,Andhra Pradesh
U86100AP2024PTC114019,VARAHI SURGICAL SPECIALITIES PRIVATE LIMITED,Active,86100.0,NAME_BASED_MATCH,520,500000.0,Andhra Pradesh
U86100AP2024PTC114943,PMC HEALTHCARE PRIVATE LIMITED,Active,86100.0,NAME_BASED_MATCH,520,100000.0,Andhra Pradesh
U86100AP2024PTC115940,BRIGHTSOUL HEALTHCARE PRIVATE LIMITED,Active,86100.0,NAME_BASED_MATCH,523,100000.0,Andhra Pradesh
U86100AP2024PTC116089,CAPSULE LIFE CARE & PHARMA PRIVATE LIMITED,Active,86100.0,PHARMA_CORPORATE_ENTITY,520,500000.0,Andhra Pradesh
U86100AP2026PTC124136,ALPHA & OMEGA PHARMACEUTICALS & HEALTH CARE PRIVATE LIMITED,Active,86100.0,PHARMA_CORPORATE_ENTITY,511,10000.0,Andhra Pradesh
U86900AP2024PTC114227,ADHYA MULTISPECIALITY HEALTHCARE PRIVATE LIMITED,Active,86900.0,NAME_BASED_MATCH,506,100000.0,Andhra Pradesh
U86905AP2024OPC113664,RAGHU DIAGNOSTICS (OPC) PRIVATE LIMITED,Active,86905.0,NAME_BASED_MATCH,521,100000.0,Andhra Pradesh
ACC-6009,MOUNT MERU HEALTHCARE LLP,Active,nan,NAME_BASED_MATCH,520,0.0,Andhra Pradesh
ACH-3204,KAION PHARMACEUTICALS LLP,Active,nan,PHARMA_CORPORATE_ENTITY,520,0.0,Andhra Pradesh
ACH-3313,SANREY DIAGNOSTICS LLP,Active,nan,NAME_BASED_MATCH,510,0.0,Andhra Pradesh
ACM-4322,ARTHIMEND HERBALS LLP,Active,nan,NAME_BASED_MATCH,748,0.0,Andhra Pradesh
ACW-7808,G1 BIOTECH SOLUTIONS LLP,Active,nan,PHARMA_CORPORATE_ENTITY,503,0.0,Andhra Pradesh
ACW-8540,SGVK PRIME DIAGNOSTICS LLP,Active,nan,NAME_BASED_MATCH,521,0.0,Andhra Pradesh
ACW-9136,KYVALYA DIAGNOSTIC SOLUTIONS LLP,Active,nan,NAME_BASED_MATCH,520,0.0,Andhra Pradesh
ACY-2362,SIRA HEALTHCARE LLP,Active,nan,NAME_BASED_MATCH,521,0.0,Andhra Pradesh
U01134AP1999PTC031364,JHANSI BIOTECH PRIVATE LIMITED,Strike Off,1134.0,PHARMA_CORPORATE_ENTITY,520,2000.0,Andhra Pradesh
U85100AP2021PTC118437,MEDBANK PHARMACY PRIVATE LIMITED,Active,85100.0,PHARMA_CORPORATE_ENTITY,520,100000.0,Andhra Pradesh
U85190AP2022PTC120909,MRINAL HEALTHCARE PRIVATE LIMITED,Active,85190.0,NAME_BASED_MATCH,523,100000.0,Andhra Pradesh
U85191AP2016PTC098307,VIVIFY HEALTHCARE PRIVATE LIMITED,Active,85191.0,NAME_BASED_MATCH,520,100000.0,Andhra Pradesh
U85300AP2019PTC113682,HOPE AND HEAL HEALTHCARE SOLUTIONS PRIVATE LIMITED,Strike Off,85300.0,NAME_BASED_MATCH,510,100000.0,Andhra Pradesh
U46497AP2026PTC124782,SY MED PHARMA PRIVATE LIMITED,Active,46497.0,PHARMA_CORPORATE_ENTITY,510,50000.0,Andhra Pradesh
U47720AP2025PTC121462,ROSAYA'S PHARMACEUTICAL PRIVATE LIMITED,Active,47720.0,PHARMA_CORPORATE_ENTITY,520,100000.0,Andhra Pradesh
U47721AP2025PTC122883,SHATAVARI AYURVEDIC AND PHARMACEUTICAL PRIVATE LIMITED,Active,47721.0,PHARMA_CORPORATE_ENTITY,503,100000.0,Andhra Pradesh
U47912AP2025PTC120041,NEXIMMUNE PHARMA PRIVATE LIMITED,Active,47912.0,PHARMA_CORPORATE_ENTITY,520,10000.0,Andhra Pradesh
U51909AP2021PTC117014,GLOBEL VETCARE PHARMACEUTICAL PRIVATE LIMITED,Active,51909.0,PHARMA_CORPORATE_ENTITY,510,100000.0,Andhra Pradesh
U52602AP2020OPC115005,U L M HERBAL NETWORK (OPC) PRIVATE LIMITED,Active,52602.0,NAME_BASED_MATCH,506,100000.0,Andhra Pradesh
U52603AP2020PTC115780,PTANS LIFE SCIENCES PRIVATE LIMITED,Strike Off,52603.0,PHARMA_CORPORATE_ENTITY,520,700000.0,Andhra Pradesh
U46204AP2024PTC115575,PHERMICA BIOTECHNOLOGY INDIA PRIVATE LIMITED,Active,46204.0,PHARMA_CORPORATE_ENTITY,510,100000.0,Andhra Pradesh
U46497AP2023PTC111204,ROSONYX PHARMACEUTICALS PRIVATE LIMITED,Active,46497.0,PHARMA_CORPORATE_ENTITY,511,100000.0,Andhra Pradesh
U46497AP2024PTC116526,LUCEE LIFE SCIENCES PRIVATE LIMITED,Active,46497.0,PHARMA_CORPORATE_ENTITY,510,100000.0,Andhra Pradesh
U62090AP2026PTC123887,TEST EASY DIAGNOSTIC SERVICES PRIVATE LIMITED,Active,62090.0,NAME_BASED_MATCH,510,10000.0,Andhra Pradesh
U51909AP2018PTC109873,NATURISTA PHARMA PRIVATE LIMITED,Active,51909.0,PHARMA_CORPORATE_ENTITY,520,100000.0,Andhra Pradesh
U24100AP2015PTC097083,SAMMITHA FORMULATIONS PRIVATE LIMITED,Active,24100.0,PHARMA_CORPORATE_ENTITY,519,100000.0,Andhra Pradesh
U24100AP2018PTC109088,REOKEM PHARMACEUTICALS PRIVATE LIMITED,Active,24100.0,PHARMA_CORPORATE_ENTITY,506,100000.0,Andhra Pradesh
U24230AP1971PLC001455,AGRIMMCOR LIMITED,Active,24230.0,DIRECT_NIC_PHARMA_MANUFACTURER,506,7500000.0,Andhra Pradesh
U24230AP1987PTC007576,PADMAJA PHARMA AND COSMO PVT. LTD,Strike Off,24230.0,DIRECT_NIC_PHARMA_MANUFACTURER,520,6000.0,Andhra Pradesh
U24230AP1994PTC019088,MITOTECH PHARMACEUTICALS PRIVATE LIMITED,Active,24230.0,DIRECT_NIC_PHARMA_MANUFACTURER,506,1500000.0,Andhra Pradesh
U24230AP2021PTC117229,SOUWLEZ HEALTH CARE PRIVATE LIMITED,Active,24230.0,DIRECT_NIC_PHARMA_MANUFACTURER,520,100000.0,Andhra Pradesh
U24232AP2011PLC076378,PARAMESU BIOTECH LIMITED,Active,24232.0,DIRECT_NIC_PHARMA_MANUFACTURER,523,1312900000.0,Andhra Pradesh
U24232AP2013PTC090442,ASSURGEN PHARMA PRIVATE LIMITED,Active,24232.0,DIRECT_NIC_PHARMA_MANUFACTURER,520,754601930.0,Andhra Pradesh
U24233AP2007PTC055495,SRI SAPTAGIRI INDUSTRIAL CHEMICALS PRIVATE LIMITED,Active,24233.0,DIRECT_NIC_PHARMA_MANUFACTURER,520,4450000.0,Andhra Pradesh
U24233AP2011PTC072662,STRIDE LIFE SCIENCES PRIVATE LIMITED,Strike Off,24233.0,DIRECT_NIC_PHARMA_MANUFACTURER,520,100000.0,Andhra Pradesh
U24239AP1988PTC008307,BE PHARMA PVT LTD,Strike Off,24239.0,DIRECT_NIC_PHARMA_MANUFACTURER,520,20000.0,Andhra Pradesh
U74994AP2018PTC108036,RANSH PHARMA PRIVATE LIMITED,Active,74994.0,PHARMA_CORPORATE_ENTITY,520,109400000.0,Andhra Pradesh
U74999AP2016PTC104007,CUREGENIC PHARMA PRIVATE LIMITED,Active,74999.0,PHARMA_CORPORATE_ENTITY,503,100000.0,Andhra Pradesh
U74999AP2017OPC106871,PRAKRUTHIKA HERBALS (OPC) PRIVATE LIMITED,Active,74999.0,NAME_BASED_MATCH,510,100000.0,Andhra Pradesh
U74999AP2017PTC106463,VELANGI HERBAL CARE PRIVATE LIMITED,Strike Off,74999.0,NAME_BASED_MATCH,520,200000.0,Andhra Pradesh
AAX-6967,ARNA PHARMA LLP,Converted and Dissolved,nan,PHARMA_CORPORATE_ENTITY,520,0.0,Andhra Pradesh
U74999AP2020PTC114555,LUKE HEALTHCARE PRIVATE LIMITED,Active,74999.0,NAME_BASED_MATCH,506,100000.0,Andhra Pradesh
U05000AP2020OPC115402,RKS NATURE BIOTECH (OPC) PRIVATE LIMITED,Active,5000.0,PHARMA_CORPORATE_ENTITY,510,100000.0,Andhra Pradesh
U10621AP2023PTC110456,SRI VENKATESWARA BIOTECH PRIVATE LIMITED,Active,10621.0,PHARMA_CORPORATE_ENTITY,748,270000000.0,Andhra Pradesh
U21000AP2019PTC111137,SRI SAI CHARANA PAPER MILLS PRIVATE LIMITED,Active,21000.0,DIRECT_NIC_PHARMA_MANUFACTURER,506,30000000.0,Andhra Pradesh
U21002AP2025PTC123056,GENVIDA PHARMA PRIVATE LIMITED,Active,21002.0,DIRECT_NIC_PHARMA_MANUFACTURER,505,100000.0,Andhra Pradesh
U21009AP2024PTC113821,SEVAABHIPRAYA HOSPITAL PRIVATE LIMITED,Active,21009.0,DIRECT_NIC_PHARMA_MANUFACTURER,520,100000.0,Andhra Pradesh
U21009AP2025PTC118475,HEMKRISH ABI AVADHA BHOOVAN PRIVATE LIMITED,Active,21009.0,DIRECT_NIC_PHARMA_MANUFACTURER,505,500000.0,Andhra Pradesh
U21009AP2025PTC121301,VAARAHI SCIENCES NUTRACEUTICALS PRIVATE LIMITED,Active,21009.0,DIRECT_NIC_PHARMA_MANUFACTURER,520,100000.0,Andhra Pradesh
U21011AP1998PTC028891,LINKS STEVEDORES PRIVATE LIMITED,Strike Off,21011.0,DIRECT_NIC_PHARMA_MANUFACTURER,520,0.0,Andhra Pradesh
U21011AP2002PTC039151,SWARNANDHRA JUTE MILLS PRIVATE LIMITED,Active,21011.0,DIRECT_NIC_PHARMA_MANUFACTURER,519,30800000.0,Andhra Pradesh
U21012AP1975PLC001875,JAYALAKSHMI PAPER AND GENERAL MILLS LIMITED,Strike Off,21012.0,DIRECT_NIC_PHARMA_MANUFACTURER,520,206000.0,Andhra Pradesh
U21020AP2009PTC064719,SRI KANAKAMAHALAKSHMI PAPER MILLS INDIA PRIVATE LIMITED,Strike Off,21020.0,DIRECT_NIC_PHARMA_MANUFACTURER,520,200000.0,Andhra Pradesh
U21029AP1976PTC001996,COROMANDEL CARTONS AND CONTAINERS PVT LTD,Active,21029.0,DIRECT_NIC_PHARMA_MANUFACTURER,520,12215000.0,Andhra Pradesh
U21029AP2013PTC087207,DEEPTHI KRAFTS & PAPER PRODUCTS PRIVATE LIMITED,Active,21029.0,DIRECT_NIC_PHARMA_MANUFACTURER,520,7480000.0,Andhra Pradesh
U21098AP2016PTC098363,SRI SOWBHAGYA PAPER INDUSTRIES PRIVATE LIMITED,Active,21098.0,DIRECT_NIC_PHARMA_MANUFACTURER,506,10000000.0,Andhra Pradesh
U24200AP2022PTC121807,SIFLON PHARMA PRIVATE LIMITED,Active,24200.0,PHARMA_CORPORATE_ENTITY,520,440690700.0,Andhra Pradesh
U24230AP2019PTC111536,VIRTUSO PHARMACEUTICAL INDUSTRIES PRIVATE LIMITED,Active,24230.0,DIRECT_NIC_PHARMA_MANUFACTURER,520,100000.0,Andhra Pradesh
U24232AP2006PTC050204,PREVENTIS CHEM INDIA PRIVATE LIMITED,Active,24232.0,DIRECT_NIC_PHARMA_MANUFACTURER,510,50000000.0,Andhra Pradesh
U24233AP2011PTC077927,GLOBAL PHOSPHATIX INDIA PRIVATE LIMITED,Strike Off,24233.0,DIRECT_NIC_PHARMA_MANUFACTURER,519,300000.0,Andhra Pradesh
U24239AP1956PTC000559,AMAR PHARMA PVT LTD,Active,24239.0,DIRECT_NIC_PHARMA_MANUFACTURER,520,0.0,Andhra Pradesh
AAD-9503,ECLEAF PHARMACEUTICALS LLP,Active,nan,PHARMA_CORPORATE_ENTITY,520,0.0,Andhra Pradesh
ABC-9296,AURA HEALTHCARE PHARMA LLP,Active,nan,PHARMA_CORPORATE_ENTITY,523,0.0,Andhra Pradesh
U85100AP2007PLC054466,DOCTOR'S LIFE SCIENCES (INDIA) LIMITED,Active,85100.0,PHARMA_CORPORATE_ENTITY,520,75000000.0,Andhra Pradesh
U85100AP2009PTC063284,DR.JEE HEALTHCARE PRIVATE LIMITED,Active,85100.0,NAME_BASED_MATCH,520,100000.0,Andhra Pradesh
U85100AP2015PTC097238,LAKSHMI SANDHYA HEALTHCARE PRIVATE LIMITED,Active,85100.0,NAME_BASED_MATCH,519,100000.0,Andhra Pradesh
U85100AP2015PTC097399,FRISKA HOME HEALTHCARE SERVICES PRIVATE LIMITED,Strike Off,85100.0,NAME_BASED_MATCH,519,100000.0,Andhra Pradesh
U85100AP2022PTC120916,SRIRAMA LAKSHMI HEALTHCARE PRIVATE LIMITED,Active,85100.0,NAME_BASED_MATCH,523,1000000.0,Andhra Pradesh
U85320AP2017PTC106149,CRANE HEALTHCARE PRIVATE LIMITED,Active,85320.0,NAME_BASED_MATCH,510,100000.0,Andhra Pradesh
U85320AP2019PTC113728,HALE LIFE SCIENCES PRIVATE LIMITED,Active,85320.0,PHARMA_CORPORATE_ENTITY,520,100000.0,Andhra Pradesh
U85492AP2026PTC125813,PHARMA GURU HUB PRIVATE LIMITED,Active,85492.0,PHARMA_CORPORATE_ENTITY,506,100000.0,Andhra Pradesh
U86909AP2023PTC110785,QUALITY SOURCE HEALTHCARE PRIVATE LIMITED,Active,86909.0,NAME_BASED_MATCH,506,100000.0,Andhra Pradesh
U62099AP2026PTC124486,IDMEDICO HEALTHCARE TECHNOLOGIES PRIVATE LIMITED,Active,62099.0,NAME_BASED_MATCH,506,100000.0,Andhra Pradesh
U24299AP2020PTC113931,TIBRO PHARMACEUTICALS PRIVATE LIMITED,Active,24299.0,PHARMA_CORPORATE_ENTITY,523,203275000.0,Andhra Pradesh
U24299AP2020PTC116063,OCTUM LIFE SCIENCES PRIVATE LIMITED,Active,24299.0,PHARMA_CORPORATE_ENTITY,520,190100000.0,Andhra Pradesh
U24299AP2021PTC117770,LAKSHANA BIOTECHNOLOGIES PRIVATE LIMITED,Active,24299.0,PHARMA_CORPORATE_ENTITY,517,100000.0,Andhra Pradesh
U29220AP2018PTC108972,DESPRO MINES AND MEDTECH PRIVATE LIMITED,Active,29220.0,NAME_BASED_MATCH,510,100000.0,Andhra Pradesh
U33112AP2020PTC115441,SYMBIOS MEDTECH PRIVATE LIMITED,Strike Off,33112.0,NAME_BASED_MATCH,520,100000.0,Andhra Pradesh
U74110AP2013PTC086180,TROVABO HEALTHCARE PRIVATE LIMITED,Active,74110.0,NAME_BASED_MATCH,523,500000.0,Andhra Pradesh
U74120AP2015PTC097323,A L HERBALS INDIA PRIVATE LIMITED,Strike Off,74120.0,NAME_BASED_MATCH,511,100000.0,Andhra Pradesh
U74999AP2017PTC106500,GVK HEALTHCARE PRIVATE LIMITED,Active,74999.0,NAME_BASED_MATCH,520,5850000.0,Andhra Pradesh
U74999AP2018PTC108263,PEERLESS HEALTHCARE PRIVATE LIMITED,Active,74999.0,NAME_BASED_MATCH,510,500000.0,Andhra Pradesh
U74999AP2020PTC114919,AMRUTHA ENGINEERING LABORATORIES PRIVATE LIMITED,Active,74999.0,PHARMA_CORPORATE_ENTITY,520,100000.0,Andhra Pradesh
U74999AP2021PTC118089,NEETA LIFE SCIENCES PRIVATE LIMITED,Active,74999.0,PHARMA_CORPORATE_ENTITY,520,100000.0,Andhra Pradesh
U10791AP2025PTC121271,FLAVOURITE HERBAL TEA PRIVATE LIMITED,Active,10791.0,NAME_BASED_MATCH,505,10000.0,Andhra Pradesh
U15114AP2019PTC113146,ADVANCED AGROVETS BIOTECHNOLOGIES PRIVATE LIMITED,Active,15114.0,PHARMA_CORPORATE_ENTITY,510,200000.0,Andhra Pradesh
U20120AP2025PTC119831,AGGRIMAXE BIOTECHNOLOGY PRIVATE LIMITED,Active,20120.0,PHARMA_RELATED_MANUFACTURER,503,100000.0,Andhra Pradesh
U21001AP2024PTC113587,VRAG HEALTHCARE PRIVATE LIMITED,Active,21001.0,DIRECT_NIC_PHARMA_MANUFACTURER,503,100000.0,Andhra Pradesh
U21002AP2025PTC121992,HAPLIV PHARMA (INDIA) PRIVATE LIMITED,Active,21002.0,DIRECT_NIC_PHARMA_MANUFACTURER,510,500000.0,Andhra Pradesh
U21002AP2026PTC125193,HI TECH MEDICAL STORES PRIVATE LIMITED,Active,21002.0,DIRECT_NIC_PHARMA_MANUFACTURER,505,100000.0,Andhra Pradesh
U21011AP1992PTC013993,SRI RAVI IRON AND HARDWARE PRIVATE LIMITED,Active,21011.0,DIRECT_NIC_PHARMA_MANUFACTURER,520,459000.0,Andhra Pradesh
U21012AP1979PTC002465,JAGADISH PAPER PRODUCTS PVT LTD,Active,21012.0,DIRECT_NIC_PHARMA_MANUFACTURER,520,1500000.0,Andhra Pradesh
U21012AP1985PTC005346,RELIABLE PAPER AND BOARD MILLS PVT LTD,Active,21012.0,DIRECT_NIC_PHARMA_MANUFACTURER,520,11784000.0,Andhra Pradesh
U21012AP2003PTC042273,KAMALATEJA PAPERS PRIVATE LIMITED,Strike Off,21012.0,DIRECT_NIC_PHARMA_MANUFACTURER,520,10000.0,Andhra Pradesh
U21012AP2004PTC042563,GLORY PAPER PRODUCTS PRIVATE LIMITED,Strike Off,21012.0,DIRECT_NIC_PHARMA_MANUFACTURER,520,0.0,Andhra Pradesh
U21014AP1998PTC029099,SHRI APURVA CHAIN SUPER BAZARS PRIVATE LIMITED,Strike Off,21014.0,DIRECT_NIC_PHARMA_MANUFACTURER,748,54000.0,Andhra Pradesh
U21014AP2010PTC068594,ENCOW PACKAGING PRIVATE LIMITED,Active,21014.0,DIRECT_NIC_PHARMA_MANUFACTURER,520,673000.0,Andhra Pradesh
U21015AP2005PTC047672,VISAKHA PAPER MILLS PRIVATE LIMITED,Strike Off,21015.0,DIRECT_NIC_PHARMA_MANUFACTURER,506,0.0,Andhra Pradesh
U21029AP1984PTC004502,NAGARAJA CARBIDES PVT LTD,Active,21029.0,DIRECT_NIC_PHARMA_MANUFACTURER,520,180.0,Andhra Pradesh
U21029AP2007PTC054321,SREE TIRUMALA PAPER BOARDS PRIVATE LIMITED,Strike Off,21029.0,DIRECT_NIC_PHARMA_MANUFACTURER,506,0.0,Andhra Pradesh
U21090AP2007PTC056595,SRI KANAKA DURGA EAST COAST PAPER MILLS PRIVATE LIMITED,Strike Off,21090.0,DIRECT_NIC_PHARMA_MANUFACTURER,506,0.0,Andhra Pradesh
U21093AP2007PLC052401,SRI LAKSHMI PRASANNA AGRO PAPER INDUSTRIES LIMITED,Active,21093.0,DIRECT_NIC_PHARMA_MANUFACTURER,505,87772000.0,Andhra Pradesh
U21098AP2006PTC051407,SESHADRI PAPER BOARDS PRIVATE LIMITED,Active,21098.0,DIRECT_NIC_PHARMA_MANUFACTURER,503,100000.0,Andhra Pradesh
U21098AP2012PLC079392,SRI BHARGAVI INDUSTRIES LIMITED.,Strike Off,21098.0,DIRECT_NIC_PHARMA_MANUFACTURER,520,900000.0,Andhra Pradesh
U74900AP2014PTC093024,ZYNA MEDTECH PRIVATE LIMITED,Active,74900.0,NAME_BASED_MATCH,520,9000000.0,Andhra Pradesh
U74900AP2015PTC096351,GETWELL DRUG SOLUTIONS PRIVATE LIMITED,Strike Off,74900.0,PHARMA_CORPORATE_ENTITY,510,100000.0,Andhra Pradesh
U24110AP1992PTC013673,JAGADAMBA LABORATORIES PRIVATE LIMITED,Strike Off,24110.0,PHARMA_CORPORATE_ENTITY,520,20000.0,Andhra Pradesh
U74900AP2015PTC096649,MEDILIFE HEALTHCARE SERVICES PRIVATE LIMITED,Strike Off,74900.0,NAME_BASED_MATCH,520,150000.0,Andhra Pradesh
U24110AP2009PTC081665,BARSANA PHARMA PRIVATE LIMITED,Active,24110.0,PHARMA_CORPORATE_ENTITY,520,129576620.0,Andhra Pradesh
U74900AP2015PTC097599,RICHELLE BIOTECH PRIVATE LIMITED,Strike Off,74900.0,PHARMA_CORPORATE_ENTITY,520,105000.0,Andhra Pradesh
U24200AP1986PTC006448,LUNAR PHARMA PRIVATE LIMITED,Strike Off,24200.0,PHARMA_CORPORATE_ENTITY,520,0.0,Andhra Pradesh
U24230AP1986PTC006517,NEW FARM CHEMICALS PVT. LTD.,Active,24230.0,DIRECT_NIC_PHARMA_MANUFACTURER,506,1500.0,Andhra Pradesh
U24230AP1992PLC014865,FYTOKEM FORMULATIONS LTD.,Strike Off,24230.0,DIRECT_NIC_PHARMA_MANUFACTURER,520,9900000.0,Andhra Pradesh
U24230AP2019PTC113597,STABILITAS INNOVATIVE CHEMICALS PRIVATE LIMITED,Active,24230.0,DIRECT_NIC_PHARMA_MANUFACTURER,503,30000000.0,Andhra Pradesh
U24232AP2010PTC069853,HINDUSTHAN PROTECTIVE COATINGS PRIVATE LIMITED,Strike Off,24232.0,DIRECT_NIC_PHARMA_MANUFACTURER,519,100000.0,Andhra Pradesh
U24232AP2011PTC075537,APEIRON LIFE SCIENCES PRIVATE LIMITED,Strike Off,24232.0,DIRECT_NIC_PHARMA_MANUFACTURER,520,2500000.0,Andhra Pradesh
U24232AP2013PTC086017,CIRCA PHARMACEUTICAL PRIVATE LIMITED,Strike Off,24232.0,DIRECT_NIC_PHARMA_MANUFACTURER,519,100000.0,Andhra Pradesh
U24232AP2013PTC088102,JABAN PHARMACEUTICALS (INDIA) PRIVATE LIMITED,Strike Off,24232.0,DIRECT_NIC_PHARMA_MANUFACTURER,520,100000.0,Andhra Pradesh
U24232AP2013PTC091386,HINSBERG LABORATORIES PRIVATE LIMITED,Under process of striking off,24232.0,DIRECT_NIC_PHARMA_MANUFACTURER,520,1000000.0,Andhra Pradesh
U24232AP2014PTC094562,SRI SINDHU LIFE SCIENCES PRIVATE LIMITED,Strike Off,24232.0,DIRECT_NIC_PHARMA_MANUFACTURER,520,100000.0,Andhra Pradesh
U24232AP2022PTC122334,ZEPHYR LS INDIA PRIVATE LIMITED,Active,24232.0,DIRECT_NIC_PHARMA_MANUFACTURER,505,100000.0,Andhra Pradesh
U24233AP2011PTC073586,SUNRAY NATURAL PRODUCTS PRIVATE LIMITED,Strike Off,24233.0,DIRECT_NIC_PHARMA_MANUFACTURER,506,100000.0,Andhra Pradesh
U24233AP2015PTC096626,GALLOPP NANO TECH PRIVATE LIMITED,Strike Off,24233.0,DIRECT_NIC_PHARMA_MANUFACTURER,752,100000.0,Andhra Pradesh
U24239AP1993PLC015217,JAYRIN PHARMA LIMITED,Under process of striking off,24239.0,DIRECT_NIC_PHARMA_MANUFACTURER,520,30500.0,Andhra Pradesh
U24239AP1994PTC017298,ANISH AYURVEDIC PRODUCTS PVT LTD,Strike Off,24239.0,DIRECT_NIC_PHARMA_MANUFACTURER,510,0.0,Andhra Pradesh
U74999AP2016PTC103604,MEDINOX HEALTHCARE PRIVATE LIMITED,Active,74999.0,NAME_BASED_MATCH,510,100000.0,Andhra Pradesh
U74999AP2019PTC111443,ASIAN IMAGING AND DIAGNOSTICS PRIVATE LIMITED,Active,74999.0,NAME_BASED_MATCH,510,100000.0,Andhra Pradesh
U01403AP2012PTC084525,RADIOSE BIOTECH PRIVATE LIMITED,Strike Off,1403.0,PHARMA_CORPORATE_ENTITY,510,100000.0,Andhra Pradesh
U21000AP2021PTC119369,GARUDAS PAPER INDUSTRY PRIVATE LIMITED,Active,21000.0,DIRECT_NIC_PHARMA_MANUFACTURER,505,100000.0,Andhra Pradesh
U21000AP2025PTC122057,POTTURI CHEMICALS PRIVATE LIMITED,Active,21000.0,DIRECT_NIC_PHARMA_MANUFACTURER,520,20000000.0,Andhra Pradesh
U21009AP2024PTC117144,HANSVI RX PRIVATE LIMITED,Active,21009.0,DIRECT_NIC_PHARMA_MANUFACTURER,510,100000.0,Andhra Pradesh
U21011AP1998PTC028851,L.B.P.R. ABRASIEVES PRIVATE LIMITED,Strike Off,21011.0,DIRECT_NIC_PHARMA_MANUFACTURER,520,190000.0,Andhra Pradesh
U21019AP1998PTC030519,SRIDURGA INDUSTRIAL GASES PRIVATE LIMITED,Active,21019.0,DIRECT_NIC_PHARMA_MANUFACTURER,520,2920000.0,Andhra Pradesh
U21029AP1997PTC026339,V. M. INSTRUMENTS PRIVATE LIMITED,Strike Off,21029.0,DIRECT_NIC_PHARMA_MANUFACTURER,520,0.0,Andhra Pradesh
U21093AP2003PTC041472,HARSHITHA PAPER PRODUCTS PRIVATE LIMITED,Strike Off,21093.0,DIRECT_NIC_PHARMA_MANUFACTURER,519,8000000.0,Andhra Pradesh
U21098AP2011PTC078185,SUBHAM KRAFT PAPERS PRIVATE LIMITED,Active,21098.0,DIRECT_NIC_PHARMA_MANUFACTURER,755,23638500.0,Andhra Pradesh
U24100AP2019PTC111188,HARAADHYA LABORATORIES PRIVATE LIMITED,Active,24100.0,PHARMA_CORPORATE_ENTITY,506,100000.0,Andhra Pradesh
U24230AP1988PTC009331,SIVASRI MEDI CONCERNS PVT LTD,Strike Off,24230.0,DIRECT_NIC_PHARMA_MANUFACTURER,506,0.0,Andhra Pradesh
U24230AP1994PTC019078,JAGAT PRABHU SRI VIDYARANYA PHYTO CHEMICALS PRIVATE LIMITED,Strike Off,24230.0,DIRECT_NIC_PHARMA_MANUFACTURER,520,370000.0,Andhra Pradesh
U24230AP2021PTC119820,SREEVARI MANUFACTURERS PRIVATE LIMITED,Active,24230.0,DIRECT_NIC_PHARMA_MANUFACTURER,520,100000.0,Andhra Pradesh
U24231AP2000PTC033256,SRI SAI MEDI SPARK PRIVATE LIMITED,Active,24231.0,DIRECT_NIC_PHARMA_MANUFACTURER,520,274000.0,Andhra Pradesh
U24232AP2007PTC054592,DAISI BIOONCO PRIVATE LIMITED,Strike Off,24232.0,DIRECT_NIC_PHARMA_MANUFACTURER,519,0.0,Andhra Pradesh
U24232AP2013PTC089879,COMPETENT CHEMICALS INTERNATIONAL PRIVATE LIMITED,Strike Off,24232.0,DIRECT_NIC_PHARMA_MANUFACTURER,520,100000.0,Andhra Pradesh
U24232TG2011PTC072218,SAI INNOTECH LABS PRIVATE LIMITED,Strike Off,24232.0,DIRECT_NIC_PHARMA_MANUFACTURER,520,100000.0,Andhra Pradesh
U24233AP2007PTC056587,LAILA PHARMACEUTICALS PRIVATE LIMITED,Active,24233.0,DIRECT_NIC_PHARMA_MANUFACTURER,519,100000.0,Andhra Pradesh
U24233AP2014PTC095536,FLAMINGO HYGIENE PRODUCTS PRIVATE LIMITED,Active,24233.0,DIRECT_NIC_PHARMA_MANUFACTURER,523,100000.0,Andhra Pradesh
U24235AP2000PTC035736,VET GUARD PHARMACEUTICALS PRIVATE LIMITED,Strike Off,24235.0,DIRECT_NIC_PHARMA_MANUFACTURER,510,100000.0,Andhra Pradesh
AAP-9246,SLB & SL DIAGNOSTICS LLP,Active,nan,NAME_BASED_MATCH,520,0.0,Andhra Pradesh
AAS-3009,GNEXT HEALTHCARE RCM SERVICES LLP,Active,nan,NAME_BASED_MATCH,520,0.0,Andhra Pradesh
U85194AP2015OPC097721,QUANTER HEALTHCARE SOLUTIONS (OPC) PRIVATE LIMITED,Strike Off,85194.0,NAME_BASED_MATCH,510,100000.0,Andhra Pradesh
U24239AP2006PTC048665,BIOCITI HEALTH CARE PRODUCTS INTERNATIONAL PRIVATE LIMITED,Strike Off,24239.0,DIRECT_NIC_PHARMA_MANUFACTURER,520,2741000.0,Andhra Pradesh
U24246AP2022PTC121268,MANTENA LIFE SCIENCES PRIVATE LIMITED,Active,24246.0,PHARMA_CORPORATE_ENTITY,523,100000.0,Andhra Pradesh
U24290AP2022PTC121896,URANTIIS PHARMACEUTICALS PRIVATE LIMITED,Active,24290.0,PHARMA_CORPORATE_ENTITY,503,100000.0,Andhra Pradesh
U24304AP2019PTC111700,AQUILA JANUS LABORATORIES PRIVATE LIMITED,Active,24304.0,PHARMA_CORPORATE_ENTITY,520,1000000.0,Andhra Pradesh
U24304AP2019PTC113220,PRASANNA LAKSHMI LIFE SCIENCES PRIVATE LIMITED,Active,24304.0,PHARMA_CORPORATE_ENTITY,506,100000.0,Andhra Pradesh
U32506AP2023PTC112933,AROGENE BIOTECH PRIVATE LIMITED,Active,32506.0,PHARMA_RELATED_MANUFACTURER,520,775000.0,Andhra Pradesh
U36999AP2019PTC112073,GLOGENIX PHARMA PRIVATE LIMITED,Active,36999.0,PHARMA_CORPORATE_ENTITY,503,200000.0,Andhra Pradesh
U36912AP2014PTC095356,AXA LIFE SCIENCES PRIVATE LIMITED,Active,36912.0,PHARMA_CORPORATE_ENTITY,519,1850000.0,Andhra Pradesh
U29100AP2019PTC111661,AIRTECK PHARMA SOLUTIONS PRIVATE LIMITED,Active,29100.0,PHARMA_CORPORATE_ENTITY,520,100000.0,Andhra Pradesh
U33119AP2020PTC115949,CHOOSE BIO PHARMACEUTICAL PRIVATE LIMITED,Active,33119.0,PHARMA_CORPORATE_ENTITY,511,100000.0,Andhra Pradesh
U33119AP2021PTC120339,DR.CHEEKOORI'S PHARMA PRIVATE LIMITED,Active,33119.0,PHARMA_CORPORATE_ENTITY,503,100000.0,Andhra Pradesh
U33309AP2016PTC121123,WHISTLER PHARMACEUTICALS PRIVATE LIMITED,Active,33309.0,PHARMA_CORPORATE_ENTITY,520,4800000.0,Andhra Pradesh
U46497AP2023OPC110568,ORBITAL LIFE SCIENCES (OPC) PRIVATE LIMITED,Active,46497.0,PHARMA_CORPORATE_ENTITY,520,10000.0,Andhra Pradesh
U46497AP2024PTC115404,ARKI MEDTECH PRIVATE LIMITED,Active,46497.0,NAME_BASED_MATCH,510,1500000.0,Andhra Pradesh
U46497AP2024PTC116799,ROOBA SWASTHA PHARMACEUTICALS PRIVATE LIMITED,Active,46497.0,PHARMA_CORPORATE_ENTITY,520,1000000.0,Andhra Pradesh
U47720AP2025PTC120222,CALLIOPE HEALTHCARE PRIVATE LIMITED,Active,47720.0,NAME_BASED_MATCH,520,100000.0,Andhra Pradesh
U47721AP2025PTC118270,SHREYAS PHARMACIES PRIVATE LIMITED,Active,47721.0,PHARMA_CORPORATE_ENTITY,520,10000.0,Andhra Pradesh
U51909AP2021PTC119808,AVAMED PHARMA PRIVATE LIMITED,Active,51909.0,PHARMA_CORPORATE_ENTITY,520,700000.0,Andhra Pradesh
U60200AP2020PTC115980,BIOTREC PHARMACEUTICALS AND HEALTH CARE PRIVATE LIMITED,Active,60200.0,PHARMA_CORPORATE_ENTITY,505,400000.0,Andhra Pradesh
U46596AP2023PTC112645,RMM PHARMA PRIVATE LIMITED,Active,46596.0,PHARMA_CORPORATE_ENTITY,520,32151870.0,Andhra Pradesh
U47720AP2026PTC125314,MEDI CREDAS PHARMA PRIVATE LIMITED,Active,47720.0,PHARMA_CORPORATE_ENTITY,505,100000.0,Andhra Pradesh
U51397AP2021PTC117814,WONMED PHARMA AGENCIES PRIVATE LIMITED,Active,51397.0,PHARMA_CORPORATE_ENTITY,520,100000.0,Andhra Pradesh
U51909AP2019PLC111229,PADMANJALI HERBAL LIMITED,Strike Off,51909.0,NAME_BASED_MATCH,520,500000.0,Andhra Pradesh
U51909AP2022PTC120736,MEDIKON PHARMACEUTICALS PRIVATE LIMITED,Strike Off,51909.0,PHARMA_CORPORATE_ENTITY,520,100000.0,Andhra Pradesh
U24299AP2020PTC114613,SWANRIDZ PHARMA PRIVATE LIMITED,Active,24299.0,PHARMA_CORPORATE_ENTITY,506,1000000.0,Andhra Pradesh
U24304AP2017PTC106139,MIRON PHARMACEUTICALS PRIVATE LIMITED,Active,24304.0,PHARMA_CORPORATE_ENTITY,520,100000.0,Andhra Pradesh
U47720AP2023PTC112659,BHARATH GENERIC PHARMA LIFE PRIVATE LIMITED,Active,47720.0,PHARMA_CORPORATE_ENTITY,503,100000.0,Andhra Pradesh
U47721AP2024PTC115970,SVB SAFFRON WELLCARE PHARMACY PRIVATE LIMITED,Active,47721.0,PHARMA_CORPORATE_ENTITY,520,100000.0,Andhra Pradesh
U47990AP2025PTC122127,KLINEXA PHARMA SOLUTIONS PRIVATE LIMITED,Active,47990.0,PHARMA_CORPORATE_ENTITY,750,100000.0,Andhra Pradesh
U51909AP2009PTC065534,BLOOM LIFE SCIENCES PRIVATE LIMITED,Strike Off,51909.0,PHARMA_CORPORATE_ENTITY,506,100000.0,Andhra Pradesh
U24304AP2017PTC107243,SALVIAS PHARMA PRIVATE LIMITED,Active,24304.0,PHARMA_CORPORATE_ENTITY,520,30000000.0,Andhra Pradesh
U24304AP2021PTC119909,SUMITRA LABORATORIES PRIVATE LIMITED,Active,24304.0,PHARMA_CORPORATE_ENTITY,520,43400000.0,Andhra Pradesh
U52520AP1991PTC013288,JAGITIAL-MAITHRI PHARMA DISTRIBUTORS PRIVATE LIMITED,Strike Off,52520.0,PHARMA_CORPORATE_ENTITY,520,0.0,Andhra Pradesh
U71200AP2024PTC115836,AKUNLABORATORIES PRIVATE LIMITED,Active,71200.0,PHARMA_CORPORATE_ENTITY,506,100000.0,Andhra Pradesh
U72100AP2025PTC123047,PHYTONANO THERAPEUTICS PRIVATE LIMITED,Active,72100.0,PHARMA_CORPORATE_ENTITY,506,50000.0,Andhra Pradesh
U74999AP2017PTC107118,GENETHERAPTICS PHARMA PRIVATE LIMITED,Active,74999.0,PHARMA_CORPORATE_ENTITY,506,2000000.0,Andhra Pradesh
U74999AP2018PTC108022,MELDOC HEALTHCARE TECHNOLOGIES PRIVATE LIMITED,Strike Off,74999.0,NAME_BASED_MATCH,503,300000.0,Andhra Pradesh
ABA-3323,AVIGNA LABORATORIES TIRUPATI LLP,Active,nan,PHARMA_CORPORATE_ENTITY,503,0.0,Andhra Pradesh
U85100AP2021PTC117714,ANDHRA HEALTHCARE PRIVATE LIMITED,Active,85100.0,NAME_BASED_MATCH,511,14500000.0,Andhra Pradesh
U85110AP2020PTC114704,JIYA HEALTHCARE PRIVATE LIMITED,Active,85110.0,NAME_BASED_MATCH,521,100000.0,Andhra Pradesh
U85195AP1994PTC017018,BHARGAV HOMOEO RESEARCH LABORATORIES PVT LTD,Strike Off,85195.0,PHARMA_CORPORATE_ENTITY,510,100000.0,Andhra Pradesh
U64204AP2019PTC113155,VENJAS LIFE SCIENCES PRIVATE LIMITED,Active,64204.0,PHARMA_CORPORATE_ENTITY,506,100000.0,Andhra Pradesh
U74900AP2010PTC068267,SREE NAKSHATRA PHARMACIES INDIA PRIVATE LIMITED,Strike Off,74900.0,PHARMA_CORPORATE_ENTITY,511,500000.0,Andhra Pradesh
U74900AP2012PTC083068,PARYAVIRON LIFE SCIENCES PRIVATE LIMITED,Strike Off,74900.0,PHARMA_CORPORATE_ENTITY,511,100000.0,Andhra Pradesh
U74900AP2014PTC092929,AYURSUKHA HEALTHCARE PRIVATE LIMITED,Under process of striking off,74900.0,NAME_BASED_MATCH,519,100000.0,Andhra Pradesh
U74900AP2016PTC098351,NUTRICENT HEALTHCARE PRIVATE LIMITED,Active,74900.0,NAME_BASED_MATCH,520,100000.0,Andhra Pradesh
AAT-2968,SRI SWARNODAYA HEALTHCARE LLP,Active,nan,NAME_BASED_MATCH,510,0.0,Andhra Pradesh
AAU-7722,POTLURI BIOTECH CONSULTANCY LLP,Active,nan,PHARMA_CORPORATE_ENTITY,510,0.0,Andhra Pradesh
ACF-9119,HYMA HEALTHCARE LLP,Active,nan,NAME_BASED_MATCH,506,0.0,Andhra Pradesh
ACL-0090,MEDI-APPLE PHARMA LLP,Active,nan,PHARMA_CORPORATE_ENTITY,520,0.0,Andhra Pradesh
ACO-7202,SS SHREE MEDICALS AND SURGICALS LLP,Active,nan,NAME_BASED_MATCH,510,0.0,Andhra Pradesh
U85100AP2015PTC096680,AMARAVATI HOSPITALS AND HEALTHCARE PRIVATE LIMITED,Active,85100.0,NAME_BASED_MATCH,519,50100000.0,Andhra Pradesh
U85110AP2008PTC057354,SUBHAKARI DIAGNOSTICS & HOSPITAL PRIVATE LIMITED,Strike Off,85110.0,NAME_BASED_MATCH,520,0.0,Andhra Pradesh
U85110AP2021PTC117597,MISO HEALTHCARE PRIVATE LIMITED,Active,85110.0,NAME_BASED_MATCH,510,50000000.0,Andhra Pradesh
U85191AP2018OPC109796,ANAGHA AYURVEDICS (OPC) PRIVATE LIMITED,Active,85191.0,NAME_BASED_MATCH,505,100000.0,Andhra Pradesh
U01122AP2005PTC048371,RHYTHUMITHRA AGRI BIOTECH PRIVATE LIMITED,Strike Off,1122.0,PHARMA_CORPORATE_ENTITY,520,0.0,Andhra Pradesh
U85190AP2022PTC122019,SENTINI HEALTHCARE INDIA PRIVATE LIMITED,Active,85190.0,NAME_BASED_MATCH,510,100000.0,Andhra Pradesh
U85191AP1996PLC023727,FRANKWINN FORMULATIONS LIMITED,Active,85191.0,PHARMA_CORPORATE_ENTITY,519,2000000.0,Andhra Pradesh
U24290AP2022PTC122928,NUMCURE PHARMACEUTICAL PRIVATE LIMITED,Active,24290.0,PHARMA_CORPORATE_ENTITY,517,100000.0,Andhra Pradesh
U24297AP2021PTC117649,SANUX LABORATORIES PRIVATE LIMITED,Active,24297.0,PHARMA_CORPORATE_ENTITY,520,500000.0,Andhra Pradesh
U24299AP2019PTC110142,VIJAYASAI LIFE SCIENCES PRIVATE LIMITED,Active,24299.0,PHARMA_CORPORATE_ENTITY,506,100000.0,Andhra Pradesh
U24299AP2021PTC117827,GENETIQPRO PHARMACEUTICALS PRIVATE LIMITED,Active,24299.0,PHARMA_CORPORATE_ENTITY,510,1000000.0,Andhra Pradesh
U24303AP2022PTC121072,INAKA PHARMA PRIVATE LIMITED,Active,24303.0,PHARMA_CORPORATE_ENTITY,520,100000.0,Andhra Pradesh
U51909AP2021PTC119192,ROYAL STAR HEALTHCARE INDIA PRIVATE LIMITED,Active,51909.0,NAME_BASED_MATCH,511,100000.0,Andhra Pradesh
U24304AP2023OPC123796,DR NRR LIFE SCIENCES (OPC) PRIVATE LIMITED,Active,24304.0,PHARMA_CORPORATE_ENTITY,517,100000.0,Andhra Pradesh
U52399AP2013PTC088812,BLUMA PHARMACY PRIVATE LIMITED,Strike Off,52399.0,PHARMA_CORPORATE_ENTITY,506,100000.0,Andhra Pradesh
U46497AP2025PTC121054,SERGIO SURGICALS AND PHARMA DISTRIBUTORS PRIVATE LIMITED,Active,46497.0,PHARMA_CORPORATE_ENTITY,510,100000.0,Andhra Pradesh
U46497AP2025PTC121590,GALACTIC SURGICAL PRIVATE LIMITED,Active,46497.0,NAME_BASED_MATCH,503,100000.0,Andhra Pradesh
U47721AP2025PTC119934,SANJEEVANI BIOPHARMA PRIVATE LIMITED,Active,47721.0,PHARMA_CORPORATE_ENTITY,520,100000.0,Andhra Pradesh
U51909AP2021PTC119704,HELIO STAR LIFE SCIENCES PRIVATE LIMITED,Active,51909.0,PHARMA_CORPORATE_ENTITY,505,100000.0,Andhra Pradesh
U74900AP2015PTC097342,GLOBAL PHARMA TEK INDIA PRIVATE LIMITED,Active,74900.0,PHARMA_CORPORATE_ENTITY,506,1000000.0,Andhra Pradesh
U74909AP2023PTC110995,BLOODBUDDIES HEALTHCARE PRIVATE LIMITED,Active,74909.0,NAME_BASED_MATCH,520,10000.0,Andhra Pradesh
U74994AP2019PTC113506,ROHA369 BIOTECH PRIVATE LIMITED,Active,74994.0,PHARMA_CORPORATE_ENTITY,520,112110.0,Andhra Pradesh
U74999AP2016PTC103802,MAGNA DIAGNOSTICS PRIVATE LIMITED,Strike Off,74999.0,NAME_BASED_MATCH,506,100000.0,Andhra Pradesh
U74999AP2018PTC109692,QIARIS PHARMACEUTICALS PRIVATE LIMITED,Active,74999.0,PHARMA_CORPORATE_ENTITY,520,100000.0,Andhra Pradesh
ABA-9705,AVIGNA MEDBIOTICA LABORATORIES LLP,Active,nan,PHARMA_CORPORATE_ENTITY,510,0.0,Andhra Pradesh
ABB-4602,SSRT INTERNATIONAL HEALTHCARE ASSOCIATES LLP,Active,nan,NAME_BASED_MATCH,520,0.0,Andhra Pradesh
ACF-7820,SRIANJANADRI PHARMA LLP,Active,nan,PHARMA_CORPORATE_ENTITY,510,0.0,Andhra Pradesh
ACH-1919,COVALENT BIOTECH LLP,Active,nan,PHARMA_CORPORATE_ENTITY,520,0.0,Andhra Pradesh
ACM-5896,B SANJEEV-D PHARMACEUTICALS LLP,Active,nan,PHARMA_CORPORATE_ENTITY,510,0.0,Andhra Pradesh
ACV-2092,SAVIRA HEALTHCARE SOLUTIONS LLP,Active,nan,NAME_BASED_MATCH,523,0.0,Andhra Pradesh
U85110AP2001PTC036879,SREEKAM HEALTHCARE AND RESEARCH PRIVATE LIMITED,Strike Off,85110.0,NAME_BASED_MATCH,520,100000.0,Andhra Pradesh
U85110AP2012PTC082807,FOUR HEALTHCARE (INDIA) PRIVATE LIMITED,Active,85110.0,NAME_BASED_MATCH,520,8000000.0,Andhra Pradesh
U85320AP2019PTC111708,SIVAYOGI HEALTHCARE PRIVATE LIMITED,Active,85320.0,NAME_BASED_MATCH,503,50000.0,Andhra Pradesh
U85100AP2011PTC073552,HARIGNAN BIOPHARMA PRIVATE LIMITED,Active,85100.0,PHARMA_CORPORATE_ENTITY,520,5000000.0,Andhra Pradesh
U85100AP2021PTC119368,UNOCLINIX HEALTHCARE PRIVATE LIMITED,Active,85100.0,NAME_BASED_MATCH,520,6500000.0,Andhra Pradesh
U85100AP2021PTC119538,NITHYA SANJEEVINI LIFE SCIENCES PRIVATE LIMITED,Active,85100.0,PHARMA_CORPORATE_ENTITY,520,100000.0,Andhra Pradesh
U24299AP2019PTC110260,SRITEJ LABORATORIES PRIVATE LIMITED,Strike Off,24299.0,PHARMA_CORPORATE_ENTITY,520,100000.0,Andhra Pradesh
U24299AP2019PTC112336,KVICS PHARMACEUTICALS PRIVATE LIMITED,Active,24299.0,PHARMA_CORPORATE_ENTITY,510,100000.0,Andhra Pradesh
U24304AP2017PTC105164,MYOGEN PHARMA PRIVATE LIMITED,Active,24304.0,PHARMA_CORPORATE_ENTITY,520,100000.0,Andhra Pradesh
U24304AP2017PTC106106,SASIDHAR PHARMA PRIVATE LIMITED,Strike Off,24304.0,PHARMA_CORPORATE_ENTITY,506,100000.0,Andhra Pradesh
U24304AP2019PTC112963,PHARMAXIM INDIA PRIVATE LIMITED,Strike Off,24304.0,PHARMA_CORPORATE_ENTITY,520,100000.0,Andhra Pradesh
U46497AP2020PTC115586,CLINTEK LIFE SCIENCES PRIVATE LIMITED,Active,46497.0,PHARMA_CORPORATE_ENTITY,520,100000.0,Andhra Pradesh
U46497AP2026PTC126092,MELOWIST PHARMA PRIVATE LIMITED,Active,46497.0,PHARMA_CORPORATE_ENTITY,503,50000.0,Andhra Pradesh
U46596AP2026PTC124088,TRISAKTHI HEALTHCARE SYSTEMS PRIVATE LIMITED,Active,46596.0,NAME_BASED_MATCH,520,200000.0,Andhra Pradesh
U24290AP2022PTC121870,METAN PHARMACEUTICALS PRIVATE LIMITED,Active,24290.0,PHARMA_CORPORATE_ENTITY,506,100000.0,Andhra Pradesh
U24305AP2016PTC104386,ACHUTH ARUNA PHARMACEUTICALS PRIVATE LIMITED,Active,24305.0,PHARMA_CORPORATE_ENTITY,505,100000.0,Andhra Pradesh
U46497AP2023OPC112329,BIORUT PHARMA (OPC) PRIVATE LIMITED,Active,46497.0,PHARMA_CORPORATE_ENTITY,520,10000.0,Andhra Pradesh
U46497AP2023PTC111619,KRISHAP PHARMACEUTICALS PRIVATE LIMITED,Active,46497.0,PHARMA_CORPORATE_ENTITY,510,100000.0,Andhra Pradesh
U46909AP2023PTC111051,VEDASAR HEALTHCARE PRIVATE LIMITED,Active,46909.0,NAME_BASED_MATCH,506,100000.0,Andhra Pradesh
U47721AP2024PTC115445,HUYAVA PHARMA HEALTH PRIVATE LIMITED,Active,47721.0,PHARMA_CORPORATE_ENTITY,519,100000.0,Andhra Pradesh
U51909AP2019PTC111452,ANUVEDHA HERBALS INDIA PRIVATE LIMITED,Strike Off,51909.0,NAME_BASED_MATCH,520,200000.0,Andhra Pradesh
U52311AP2020PTC115455,KAMESWARI PHARMACEUTICALS PRIVATE LIMITED,Active,52311.0,PHARMA_CORPORATE_ENTITY,520,50000.0,Andhra Pradesh
U73100AP2022PTC122090,BRYOPTERA PHARMACEUTICALS PRIVATE LIMITED,Active,73100.0,PHARMA_CORPORATE_ENTITY,503,100000.0,Andhra Pradesh
U74900AP2016PTC098180,CUDURE HEALTHCARE PRIVATE LIMITED,Active,74900.0,NAME_BASED_MATCH,520,500000.0,Andhra Pradesh
U74900AP2016PTC098458,RATNA HEALTHCARE PRIVATE LIMITED,Strike Off,74900.0,NAME_BASED_MATCH,510,100000.0,Andhra Pradesh
U74999AP2017PTC106064,OCEAAN BIO-PHARMA PRIVATE LIMITED,Active,74999.0,PHARMA_CORPORATE_ENTITY,521,100000.0,Andhra Pradesh
U74999AP2017PTC106122,TRIVIA HEALTHCARE SOLUTIONS PRIVATE LIMITED,Strike Off,74999.0,NAME_BASED_MATCH,506,100000.0,Andhra Pradesh
U74999AP2018PTC109532,AMRUTHAYUSH HEALTHCARE PRIVATE LIMITED,Active,74999.0,NAME_BASED_MATCH,506,100000.0,Andhra Pradesh
ACX-5665,GAVIAN LIFE SCIENCES LLP,Active,nan,PHARMA_CORPORATE_ENTITY,520,0.0,Andhra Pradesh
U85100AP2014PTC095265,COLABS PHARMA PRIVATE LIMITED,Active,85100.0,PHARMA_CORPORATE_ENTITY,520,100000.0,Andhra Pradesh
U85100AP2015PTC097770,LORVIN HEALTHCARE PRIVATE LIMITED,Active,85100.0,NAME_BASED_MATCH,520,100000.0,Andhra Pradesh
U85100AP2020PTC115975,MYRADON HEALTHCARE PRIVATE LIMITED,Strike Off,85100.0,NAME_BASED_MATCH,520,100000.0,Andhra Pradesh
U85110AP2007PTC055215,CLEAR DIAGNOSTIC CENTER PRIVATE LIMITED,Active,85110.0,NAME_BASED_MATCH,520,8679000.0,Andhra Pradesh
U85110AP2010FTC069766,ALEXANDRIA HEALTHCARE INDIA I PRIVATE LIMITED,Strike Off,85110.0,NAME_BASED_MATCH,520,176890.0,Andhra Pradesh
U85110AP2010PTC071542,VACHASPATI HEALTHCARE PRIVATE LIMITED,Strike Off,85110.0,NAME_BASED_MATCH,506,500000.0,Andhra Pradesh
U85190AP2022PTC123029,PRASAKTA HEALTHCARE PRIVATE LIMITED,Active,85190.0,NAME_BASED_MATCH,748,100000.0,Andhra Pradesh
U86201AP2023PTC111829,SRYS HEALTHCARE SOLUTIONS PRIVATE LIMITED,Active,86201.0,NAME_BASED_MATCH,505,10000.0,Andhra Pradesh
U85100AP2021PTC118185,SRI SUPRAJA HEALTHCARE PRIVATE LIMITED,Active,85100.0,NAME_BASED_MATCH,523,5000000.0,Andhra Pradesh
U85110AP2021PTC118398,OMICS NEXTGEN LABORATORIES PRIVATE LIMITED,Active,85110.0,PHARMA_CORPORATE_ENTITY,523,300000.0,Andhra Pradesh
U85110AP2021PTC119485,MEDQUEST KAKINADA DIAGNOSTICS PRIVATE LIMITED,Strike Off,85110.0,NAME_BASED_MATCH,505,100000.0,Andhra Pradesh
U85300AP2022PTC122020,SENTINI CLINILABS AND DIAGNOSTICS PRIVATE LIMITED,Active,85300.0,NAME_BASED_MATCH,510,100000.0,Andhra Pradesh
U85310AP2005PTC048376,KIMS GREENLEAF HEALTHCARE SERIVCES PRIVATE LIMITED,Strike Off,85310.0,NAME_BASED_MATCH,520,0.0,Andhra Pradesh
U86100AP2023PTC111727,LIBERTY HEALTHCARE PRIVATE LIMITED,Active,86100.0,NAME_BASED_MATCH,510,100000.0,Andhra Pradesh
U86201AP2023PTC112635,ENZO HEALTHCARE PRIVATE LIMITED,Active,86201.0,NAME_BASED_MATCH,520,100000.0,Andhra Pradesh
U86905AP2023PTC112979,M CARE PHARMACY PRIVATE LIMITED,Active,86905.0,PHARMA_CORPORATE_ENTITY,510,100000.0,Andhra Pradesh
U21000AP2021PTC119871,ENCASE PACKAGING PRIVATE LIMITED,Active,21000.0,DIRECT_NIC_PHARMA_MANUFACTURER,503,50000000.0,Andhra Pradesh
U21001AP2024PTC114991,SRISAIHANUMAN EXPORTS PRIVATE LIMITED,Active,21001.0,DIRECT_NIC_PHARMA_MANUFACTURER,506,100000.0,Andhra Pradesh
U21001AP2024PTC116144,NXA PHARMA PRIVATE LIMITED,Active,21001.0,DIRECT_NIC_PHARMA_MANUFACTURER,748,20000.0,Andhra Pradesh
U21002AP2025PTC121847,NUTRIZEN HEALTH SCIENCES PRIVATE LIMITED,Active,21002.0,DIRECT_NIC_PHARMA_MANUFACTURER,520,100000.0,Andhra Pradesh
U21011AP1979PTC002482,MECONS HEAT EXCHANGERS PVT LTD,Active,21011.0,DIRECT_NIC_PHARMA_MANUFACTURER,520,0.0,Andhra Pradesh
U21011AP1987PTC007259,TETALI PULP PRODUCTS PVT.LTD.,Strike Off,21011.0,DIRECT_NIC_PHARMA_MANUFACTURER,505,157500.0,Andhra Pradesh
U21012AP1998PTC030439,RAJAHMUNDRY PAPER MILLS PRIVATE LIMITED,Active,21012.0,DIRECT_NIC_PHARMA_MANUFACTURER,520,19250800.0,Andhra Pradesh
U21012AP1999PTC030828,MAHARAJA PAPER INDUSTRIES PRIVATE LIMITED,Active,21012.0,DIRECT_NIC_PHARMA_MANUFACTURER,520,68115310.0,Andhra Pradesh
U21015AP1983PTC004110,K.J. PAPER AND CHEMICALS PVT LTD,Strike Off,21015.0,DIRECT_NIC_PHARMA_MANUFACTURER,520,200.0,Andhra Pradesh
U21022AP1981PLC003292,K M G PACHAGING LIMITED,Strike Off,21022.0,DIRECT_NIC_PHARMA_MANUFACTURER,746,200000.0,Andhra Pradesh
U21022AP1983PTC003829,B V R PACKERS PVT LTD,Active,21022.0,DIRECT_NIC_PHARMA_MANUFACTURER,503,600000.0,Andhra Pradesh
U21022AP2019PTC111810,SREE RAJARAJESWARI PULP & PAPERS PRIVATE LIMITED,Active,21022.0,DIRECT_NIC_PHARMA_MANUFACTURER,520,47957500.0,Andhra Pradesh
U21090AP2020PTC114497,VISWASHAKTHI PAPERS PRIVATE LIMITED,Strike Off,21090.0,DIRECT_NIC_PHARMA_MANUFACTURER,510,100000.0,Andhra Pradesh
U21091AP2021PTC119174,BIOPACZZ SERVICES PRIVATE LIMITED,Active,21091.0,DIRECT_NIC_PHARMA_MANUFACTURER,510,100000.0,Andhra Pradesh
U21093AP2019PTC111937,SAAR PREMIER MERCANTILE INDIA PRIVATE LIMITED,Strike Off,21093.0,DIRECT_NIC_PHARMA_MANUFACTURER,520,100000.0,Andhra Pradesh
U21094AP2010PTC070994,SHREE VAARAHI MGP PRIVATE LIMITED,Active,21094.0,DIRECT_NIC_PHARMA_MANUFACTURER,506,100000.0,Andhra Pradesh
U21095AP2021PTC117103,SREE GODAVARI TRADING PRIVATE LIMITED,Strike Off,21095.0,DIRECT_NIC_PHARMA_MANUFACTURER,505,99000.0,Andhra Pradesh
U21099AP2021PTC117346,MADDALA INDUSTRIES PRIVATE LIMITED,Strike Off,21099.0,DIRECT_NIC_PHARMA_MANUFACTURER,506,100000.0,Andhra Pradesh
U21099AP2022PTC123204,SRIRAMA DUTHA PAPER MILL PRIVATE LIMITED,Active,21099.0,DIRECT_NIC_PHARMA_MANUFACTURER,510,100000.0,Andhra Pradesh
U24100AP2013PTC085951,GLYCO THERAPEUTICS PRIVATE LIMITED,Strike Off,24100.0,PHARMA_CORPORATE_ENTITY,520,100000.0,Andhra Pradesh
U24230AP1999PLC033167,DEVI CORN PRODUCTS LIMITED,Strike Off,24230.0,DIRECT_NIC_PHARMA_MANUFACTURER,505,10000.0,Andhra Pradesh
U24230AP2005PTC046520,COSY CHEMICALS PRIVATE LIMITED,Strike Off,24230.0,DIRECT_NIC_PHARMA_MANUFACTURER,520,10000.0,Andhra Pradesh
U24231AP1986PTC006299,KURNA PHARMA P LTD,Strike Off,24231.0,DIRECT_NIC_PHARMA_MANUFACTURER,520,20000.0,Andhra Pradesh
U24231AP2002PTC038841,GRACE LINE BIOTECH PRIVATE LIMITED,Active,24231.0,DIRECT_NIC_PHARMA_MANUFACTURER,520,360000.0,Andhra Pradesh
U24232AP2007PTC053369,ALGEN PHARMA PRIVATE LIMITED,Strike Off,24232.0,DIRECT_NIC_PHARMA_MANUFACTURER,510,2000000.0,Andhra Pradesh
U24233AP1996PTC023218,KAVIRAJ SWAMY AND SONNS AYURVEDIC PRIVATE LIMITED,Strike Off,24233.0,DIRECT_NIC_PHARMA_MANUFACTURER,520,0.0,Andhra Pradesh
U24233AP2008PTC057152,NICHE LABS PRIVATE LIMITED,Strike Off,24233.0,DIRECT_NIC_PHARMA_MANUFACTURER,511,0.0,Andhra Pradesh
U24233AP2011PLC076877,K.P.R.INDUSTRIES (INDIA) LIMITED,Under CIRP,24233.0,DIRECT_NIC_PHARMA_MANUFACTURER,506,1119024000.0,Andhra Pradesh
U24233AP2020PTC115298,ABMILLERS PRIVATE LIMITED,Strike Off,24233.0,DIRECT_NIC_PHARMA_MANUFACTURER,517,500000.0,Andhra Pradesh
U24239AP1990PTC011242,M.M. MARKETING PVT LTD,Active,24239.0,DIRECT_NIC_PHARMA_MANUFACTURER,520,0.0,Andhra Pradesh
U24239AP2004PTC042891,USHA CARDIAC HEALTH - CARE PRIVATE LIMITED,Strike Off,24239.0,DIRECT_NIC_PHARMA_MANUFACTURER,510,500000.0,Andhra Pradesh
U24239AP2006PTC049090,BALAJI'S BHARTI BIO-REMEDIES PRIVATE LTD,Strike Off,24239.0,DIRECT_NIC_PHARMA_MANUFACTURER,520,0.0,Andhra Pradesh
U24290AP2021PTC120046,VIVIDUS LIFE SCIENCES PRIVATE LIMITED,Active,24290.0,PHARMA_CORPORATE_ENTITY,510,500000.0,Andhra Pradesh
U24290AP2022PTC121669,HIGHRISE PHARMA SOLUTIONS PRIVATE LIMITED,Active,24290.0,PHARMA_CORPORATE_ENTITY,520,100000.0,Andhra Pradesh
U01403AP2013PTC085645,APISA BIOTECH PRIVATE LIMITED,Active,1403.0,PHARMA_CORPORATE_ENTITY,519,200000.0,Andhra Pradesh
U46101AP2026PTC125529,SREEBHILVA BIOTECH PRIVATE LIMITED,Active,46101.0,PHARMA_CORPORATE_ENTITY,510,100000.0,Andhra Pradesh
U21001AP2024PTC114684,MOLEMOON PHARMACEUTICALS PRIVATE LIMITED,Active,21001.0,DIRECT_NIC_PHARMA_MANUFACTURER,510,30000.0,Andhra Pradesh
U21001AP2026PTC124743,LARANELL LIFE SCIENCES PRIVATE LIMITED,Active,21001.0,DIRECT_NIC_PHARMA_MANUFACTURER,520,500000.0,Andhra Pradesh
U21003AP2026PTC123208,EMINENTM WELNESS PRIVATE LIMITED,Active,21003.0,DIRECT_NIC_PHARMA_MANUFACTURER,506,100000.0,Andhra Pradesh
U21012AP1978PTC002293,VIJAYA PAPER AGENCY PRIVATE LIMITED,Under process of striking off,21012.0,DIRECT_NIC_PHARMA_MANUFACTURER,523,300.0,Andhra Pradesh
U21012AP2005PTC048396,BVR PAPER INDUSTRIES (INDIA) PRIVATE LIMITED,Active,21012.0,DIRECT_NIC_PHARMA_MANUFACTURER,520,110000000.0,Andhra Pradesh
U21020AP2010PTC069498,S R NATURE FRIENDLY PAPERS PRIVATE LIMITED,Strike Off,21020.0,DIRECT_NIC_PHARMA_MANUFACTURER,506,100000.0,Andhra Pradesh
U21029AP2021PTC117320,ANIDOR PACKAGING PRIVATE LIMITED,Active,21029.0,DIRECT_NIC_PHARMA_MANUFACTURER,503,100000.0,Andhra Pradesh
U21099AP2017PTC106679,COMPHOSE PRINTERS PRIVATE LIMITED,Strike Off,21099.0,DIRECT_NIC_PHARMA_MANUFACTURER,503,100000.0,Andhra Pradesh
U21099AP2021PTC119758,SRI BILWA PAPER MILLS (INDIA) PRIVATE LIMITED,Active,21099.0,DIRECT_NIC_PHARMA_MANUFACTURER,506,20000000.0,Andhra Pradesh
U24100AP2010PTC069851,CKS PHARMA LABS PRIVATE LIMITED,Active,24100.0,PHARMA_CORPORATE_ENTITY,510,23663420.0,Andhra Pradesh
U24100AP2012PTC112863,STEREOKEM PHARMACEUTICALS PRIVATE LIMITED,Active,24100.0,PHARMA_CORPORATE_ENTITY,520,50000000.0,Andhra Pradesh
U24110AP1981PLC003240,CRIPS LABORATORIES LIMITED,Under Liquidation,24110.0,PHARMA_CORPORATE_ENTITY,520,21137000.0,Andhra Pradesh
U24110AP2020PTC115558,SREE SWATHI PHARMACEUTICALS PRIVATE LIMITED,Strike Off,24110.0,PHARMA_CORPORATE_ENTITY,520,500000.0,Andhra Pradesh
U24110AP2020PTC116481,WALLPHARMA PRIVATE LIMITED,Active,24110.0,PHARMA_CORPORATE_ENTITY,520,100000.0,Andhra Pradesh
U24110AP2020PTC116788,IKTHUS PHARMACEUTICAL PRIVATE LIMITED,Active,24110.0,PHARMA_CORPORATE_ENTITY,505,100000.0,Andhra Pradesh
U24200AP1986PLC006420,MARK PHARMACEUTICALS LTD.,Strike Off,24200.0,PHARMA_CORPORATE_ENTITY,520,0.0,Andhra Pradesh
U24230AP1992PTC014637,AJAY DRUGS PVT. LTD.,Strike Off,24230.0,DIRECT_NIC_PHARMA_MANUFACTURER,520,0.0,Andhra Pradesh
U24230AP1995PTC021403,PRASHANTH DRUGS PRIVATE LIMITED,Strike Off,24230.0,DIRECT_NIC_PHARMA_MANUFACTURER,520,0.0,Andhra Pradesh
U24230AP2012PTC080702,ACTIS GENERICS PRIVATE LIMITED,Active,24230.0,DIRECT_NIC_PHARMA_MANUFACTURER,520,74500000.0,Andhra Pradesh
U24232AP2014PTC094531,UNIVERSAL THERAPEUTICS PRIVATE LIMITED,Active,24232.0,DIRECT_NIC_PHARMA_MANUFACTURER,519,5000000.0,Andhra Pradesh
U24233AP2014PTC094633,S-KILARUZ BIOSCIENCE PRIVATE LIMITED,Under process of striking off,24233.0,DIRECT_NIC_PHARMA_MANUFACTURER,519,100000.0,Andhra Pradesh
U24239AP1991PTC012522,VERAS PHARMACEUTICALS PRIVATE LIMITED,Active,24239.0,DIRECT_NIC_PHARMA_MANUFACTURER,521,3000000.0,Andhra Pradesh
U24239AP2000PTC034797,SRI SAI BIO FUELS PRIVATE LIMITED,Active,24239.0,DIRECT_NIC_PHARMA_MANUFACTURER,520,1650000.0,Andhra Pradesh
U24239AP2003PTC042333,BHUMITRA CHEMICALS PRIVATE LIMITED,Strike Off,24239.0,DIRECT_NIC_PHARMA_MANUFACTURER,520,10000.0,Andhra Pradesh
U24239AP2006PTC048744,TANFORD HEALTH CARE PVT LTD,Strike Off,24239.0,DIRECT_NIC_PHARMA_MANUFACTURER,520,0.0,Andhra Pradesh
U24290AP2022PTC120951,AKTACHEM BIOTECH PRIVATE LIMITED,Active,24290.0,PHARMA_CORPORATE_ENTITY,520,100000.0,Andhra Pradesh
U24296AP2015PLC096388,KEKULE PHARMACEUTICALS (A.P) LIMITED,Active,24296.0,PHARMA_CORPORATE_ENTITY,520,1000000.0,Andhra Pradesh
U15209AP1995PTC021106,JAIMINI BIOTECH AND EXPORTS (INDIA) PRIVATE LIMITED,Strike Off,15209.0,PHARMA_CORPORATE_ENTITY,506,2200.0,Andhra Pradesh
U15510AP2015PTC096119,SRIMAN BIOTECH PRIVATE LIMITED,Strike Off,15510.0,PHARMA_CORPORATE_ENTITY,519,100000.0,Andhra Pradesh
U21000AP1998PTC029668,RAJAM PAPERS PRIVATE LIMITED,Active,21000.0,DIRECT_NIC_PHARMA_MANUFACTURER,520,200000.0,Andhra Pradesh
U21000AP2015PTC096753,ANIRUDDHA PULP AND PAPER MILL PRIVATE LIMITED,Strike Off,21000.0,DIRECT_NIC_PHARMA_MANUFACTURER,520,1000000.0,Andhra Pradesh
U21001AP2024PTC114381,DHANAAYU HOLISTIC AYURVEDA WELLNESS AND RESEARCH PRIVATE LIMITED,Active,21001.0,DIRECT_NIC_PHARMA_MANUFACTURER,520,100000.0,Andhra Pradesh
U21001AP2025PTC120386,CRESTONE PHARMACEUTICAL PRIVATE LIMITED,Active,21001.0,DIRECT_NIC_PHARMA_MANUFACTURER,506,100000.0,Andhra Pradesh
U21002AP2025PTC121602,SSLC PHARMACEUTICALS PRIVATE LIMITED,Active,21002.0,DIRECT_NIC_PHARMA_MANUFACTURER,506,100000.0,Andhra Pradesh
U21010AP1997PTC026947,SRINIVASA PAPER CONVERTERS PRIVATE LIMITED,Active,21010.0,DIRECT_NIC_PHARMA_MANUFACTURER,520,400000.0,Andhra Pradesh
U21012AP1979PLC002597,ADIVASI PAPERS LIMITED,Under Liquidation,21012.0,DIRECT_NIC_PHARMA_MANUFACTURER,520,5982000.0,Andhra Pradesh
U21012AP1987PTC007203,IMAGE PACKS PVT. LTD.,Strike Off,21012.0,DIRECT_NIC_PHARMA_MANUFACTURER,523,52500.0,Andhra Pradesh
U21012AP2008PTC060893,VERDANT STATIONERY PRIVATE LIMITED,Active,21012.0,DIRECT_NIC_PHARMA_MANUFACTURER,510,67113100.0,Andhra Pradesh
U21012AP2013PTC088865,SANTHOSHIMATHA CORRUGATORS PRIVATE LIMITED,Active,21012.0,DIRECT_NIC_PHARMA_MANUFACTURER,506,32320000.0,Andhra Pradesh
U21029AP2001PTC037200,SREE AMRUTHAVALLI PAPER AND BOARDS PRIVATE LIMITED,Active,21029.0,DIRECT_NIC_PHARMA_MANUFACTURER,523,1400000.0,Andhra Pradesh
U21095AP2019PTC112851,UNDI POLYMERS PRIVATE LIMITED,Active,21095.0,DIRECT_NIC_PHARMA_MANUFACTURER,523,45000000.0,Andhra Pradesh
U21096AP1985PLC005789,SHYAM VINYLS LIMITED,Under Liquidation,21096.0,DIRECT_NIC_PHARMA_MANUFACTURER,520,5865000.0,Andhra Pradesh
U21099AP2020PTC114933,JETAPEX PAPER INDUSTRIES PRIVATE LIMITED,Active,21099.0,DIRECT_NIC_PHARMA_MANUFACTURER,505,1000000.0,Andhra Pradesh
U21099AP2021PTC117007,MUKUNDA ECO INDUSTRIES PRIVATE LIMITED,Strike Off,21099.0,DIRECT_NIC_PHARMA_MANUFACTURER,506,100000.0,Andhra Pradesh
U21190AP1994PTC017310,LOKESH FOUNDRIES PVT LTD,Active,21190.0,DIRECT_NIC_PHARMA_MANUFACTURER,510,39031300.0,Andhra Pradesh
U24110AP2021PTC118034,PAXSTAR LABORATORIES PRIVATE LIMITED,Active,24110.0,PHARMA_CORPORATE_ENTITY,520,500000.0,Andhra Pradesh
U24230AP1985PTC005225,V K CHEMICALS PVT LTD,Strike Off,24230.0,DIRECT_NIC_PHARMA_MANUFACTURER,520,20000.0,Andhra Pradesh
U24230AP1985PTC005857,DECKSAR PHARMACEUTICALS PVT LTD,Strike Off,24230.0,DIRECT_NIC_PHARMA_MANUFACTURER,510,300000.0,Andhra Pradesh
U24230AP1997PTC026518,KAVYA CHEMICALS PRIVATE LIMITED,Strike Off,24230.0,DIRECT_NIC_PHARMA_MANUFACTURER,506,0.0,Andhra Pradesh
U24230AP1999PTC032817,PUJITHA HERBAL LABORATORIES PRIVATE LIMITED,Strike Off,24230.0,DIRECT_NIC_PHARMA_MANUFACTURER,520,1000000.0,Andhra Pradesh
U24230AP2020PTC114523,ITAAN PHARMA PRIVATE LIMITED,Active,24230.0,DIRECT_NIC_PHARMA_MANUFACTURER,506,892812240.0,Andhra Pradesh
U24230AP2022PTC122216,BHAAVAJ MEDITECH PRIVATE LIMITED,Active,24230.0,DIRECT_NIC_PHARMA_MANUFACTURER,520,10000.0,Andhra Pradesh
U24231AP2005PLC045354,RAK BIO FUELS AND TECHNOLOGIES PRODUCER COMPANY LIMITED,Under process of striking off,24231.0,DIRECT_NIC_PHARMA_MANUFACTURER,520,100000.0,Andhra Pradesh
U24232AP2010PTC069300,NAN PHARMA PRIVATE LIMITED,Active,24232.0,DIRECT_NIC_PHARMA_MANUFACTURER,520,100000.0,Andhra Pradesh
U24232AP2010PTC070514,KHYATHA ABHIJITH PHARMA & HEALTH-CARE SYSTEMS PRIVATE LIMITED,Active,24232.0,DIRECT_NIC_PHARMA_MANUFACTURER,520,40000000.0,Andhra Pradesh
U24232AP2010PTC071287,GREENTECH LABORATORIES PRIVATE LIMITED,Active,24232.0,DIRECT_NIC_PHARMA_MANUFACTURER,519,60500000.0,Andhra Pradesh
U24232AP2013PTC086473,JUNIPER LIFE CARE PRIVATE LIMITED,Strike Off,24232.0,DIRECT_NIC_PHARMA_MANUFACTURER,519,100000.0,Andhra Pradesh
U24232AP2015PTC097176,MAYAN LIFE SCIENCES PRIVATE LIMITED,Strike Off,24232.0,DIRECT_NIC_PHARMA_MANUFACTURER,505,100000.0,Andhra Pradesh
U24233AP2011PTC075975,SRI VENKATESWARA FERTILISERS PRIVATE LIMITED,Active,24233.0,DIRECT_NIC_PHARMA_MANUFACTURER,505,139610000.0,Andhra Pradesh
U24233AP2014PTC095220,VINDHYA LABORATORIES PRIVATE LIMITED,Dormant under section 455,24233.0,DIRECT_NIC_PHARMA_MANUFACTURER,755,10000000.0,Andhra Pradesh
U24235AP1994PTC017405,AMBICA CONSUMER PRODUCTS PVT LTD,Strike Off,24235.0,DIRECT_NIC_PHARMA_MANUFACTURER,748,0.0,Andhra Pradesh
U24239AP1982PTC003419,SAFE PHARMACEUTICALS PVT LTD,Active,24239.0,DIRECT_NIC_PHARMA_MANUFACTURER,506,726500.0,Andhra Pradesh
U24239AP1990PTC011336,PUNYA CHEMICALS PRIVATE LIMITED,Active,24239.0,DIRECT_NIC_PHARMA_MANUFACTURER,510,0.0,Andhra Pradesh
U24239AP1995PTC021102,FIJAYA SAI INVESTMENTS PRIVATE LIMITED,Strike Off,24239.0,DIRECT_NIC_PHARMA_MANUFACTURER,510,0.0,Andhra Pradesh
U24239AP1996PTC022924,DIVYA DURGA PHARMA PRIVATE LIMITED,Strike Off,24239.0,DIRECT_NIC_PHARMA_MANUFACTURER,520,2000.0,Andhra Pradesh
U24239AP1999PLC031686,MSD HEALTH CARE LIMITED,Strike Off,24239.0,DIRECT_NIC_PHARMA_MANUFACTURER,520,0.0,Andhra Pradesh
U24239AP2001PTC036553,SUJAY BIO-TECH PRIVATE LIMITED,Active,24239.0,DIRECT_NIC_PHARMA_MANUFACTURER,520,1882000.0,Andhra Pradesh
U24239AP2002PTC039033,ICON BIOLOGICALS PRIVATE LIMITED,Active,24239.0,DIRECT_NIC_PHARMA_MANUFACTURER,520,2600000.0,Andhra Pradesh
U24239AP2003PTC041849,CHEMECA DRUGS PRIVATE LIMITED,Active,24239.0,DIRECT_NIC_PHARMA_MANUFACTURER,520,76112780.0,Andhra Pradesh
U24239AP2004PLC043277,NITHYASAI INDUSTRIES LIMITED,Active,24239.0,DIRECT_NIC_PHARMA_MANUFACTURER,520,67507690.0,Andhra Pradesh
U24239AP2019PTC112296,HI-TECH LIFE SCIENCES PRIVATE LIMITED,Active,24239.0,DIRECT_NIC_PHARMA_MANUFACTURER,520,100000.0,Andhra Pradesh
U01403AP2009PTC064487,ANANTHA BIOTECHNOLOGIES & ALLIED INDUSTRIES PRIVATE LIMITED,Active,1403.0,PHARMA_CORPORATE_ENTITY,520,20000000.0,Andhra Pradesh
U33200AP2020PTC114623,DOCTOR REDDYS BIOTECH INDIA PRIVATE LIMITED,Active,33200.0,PHARMA_CORPORATE_ENTITY,511,1000000.0,Andhra Pradesh
U35201AP2024PTC116945,JAGRUTHI BIO LIFE SCIENCES PRIVATE LIMITED,Active,35201.0,PHARMA_CORPORATE_ENTITY,520,100000.0,Andhra Pradesh
U33100AP2022PTC122365,TRAYJ PHARMA LABORATORIES PRIVATE LIMITED,Active,33100.0,PHARMA_CORPORATE_ENTITY,510,100000.0,Andhra Pradesh
U33111AP2016PTC098222,ADI LIFE SCIENCESINDIA PRIVATE LIMITED,Active,33111.0,PHARMA_CORPORATE_ENTITY,520,100000.0,Andhra Pradesh
U33112AP1983PTC004117,DELTA SURGICAL DRESSINGS PVT LTD,Strike Off,33112.0,NAME_BASED_MATCH,520,10000.0,Andhra Pradesh
U15332AP2010PTC067772,PENTAGON FORMULATIONS PRIVATE LIMITED,Strike Off,15332.0,PHARMA_CORPORATE_ENTITY,519,100000.0,Andhra Pradesh
U32509AP2025PTC122841,MII HEALTHCARE PRIVATE LIMITED,Active,32509.0,PHARMA_RELATED_MANUFACTURER,520,100000.0,Andhra Pradesh
U73200AP2019PTC111588,PHARMASOURCE CLINICAL SERVICES PRIVATE LIMITED,Active,73200.0,PHARMA_CORPORATE_ENTITY,510,100000.0,Andhra Pradesh
U72100AP2026PTC123815,SPP LIFE SCIENCES PRIVATE LIMITED,Active,72100.0,PHARMA_CORPORATE_ENTITY,510,1000000.0,Andhra Pradesh
U21001AP2025PTC117586,SVARA PHARMACEUTICALS PRIVATE LIMITED,Active,21001.0,DIRECT_NIC_PHARMA_MANUFACTURER,510,100000.0,Andhra Pradesh
U21003AP2025PTC122119,KASU BROTHERS MEDICALS AND SURGICALS PRIVATE LIMITED,Active,21003.0,DIRECT_NIC_PHARMA_MANUFACTURER,506,100000.0,Andhra Pradesh
U21009AP2025PTC121866,LUMEA LIFE SCIENCES PRIVATE LIMITED,Active,21009.0,DIRECT_NIC_PHARMA_MANUFACTURER,506,100000.0,Andhra Pradesh
U01409AP2017PTC105626,SAANSO PHARMA PRIVATE LIMITED,Active,1409.0,PHARMA_CORPORATE_ENTITY,748,210000000.0,Andhra Pradesh
U05005AP2016PTC103423,VIVAMAX LIFE SCIENCES PRIVATE LIMITED,Active,5005.0,PHARMA_CORPORATE_ENTITY,510,13563750.0,Andhra Pradesh
U63999AP2024OPC114164,RIJOY LIFE SCIENCES (OPC) PRIVATE LIMITED,Active,63999.0,PHARMA_CORPORATE_ENTITY,505,100000.0,Andhra Pradesh
U74999AP2018PTC108402,TSR AYURPHARMA PRIVATE LIMITED,Active,74999.0,PHARMA_CORPORATE_ENTITY,506,100000.0,Andhra Pradesh
AAA-1355,MAA KUTHARI HERBAL AND CHEMICALS LLP,Active,nan,NAME_BASED_MATCH,520,0.0,Andhra Pradesh
U74900AP2015PTC095956,ATDNA THERAPEUTICS PRIVATE LIMITED,Strike Off,74900.0,PHARMA_CORPORATE_ENTITY,506,100000.0,Andhra Pradesh
U74999AP2016PTC104260,BRS MEDICITY HEALTHCARE AND RESEARCH PRIVATE LIMITED,Active,74999.0,NAME_BASED_MATCH,510,79977660.0,Andhra Pradesh
U74999AP2017PTC106747,NIWIN RESEARCH LABORATORIES PRIVATE LIMITED,Active,74999.0,PHARMA_CORPORATE_ENTITY,506,100000.0,Andhra Pradesh
U74999AP2017PTC107359,PRESIDE PHARMACEUTICAL PRIVATE LIMITED,Active,74999.0,PHARMA_CORPORATE_ENTITY,520,100000.0,Andhra Pradesh
U74999AP2020SGC115723,AP BULK DRUG INFRASTRUCTURE CORPORATION LIMITED,Active,74999.0,PHARMA_CORPORATE_ENTITY,506,1000000.0,Andhra Pradesh
U74999AP2022PTC122101,KANIC ENGINEERING LABORATORIES PRIVATE LIMITED,Strike Off,74999.0,PHARMA_CORPORATE_ENTITY,520,1000000.0,Andhra Pradesh
AAD-7080,BLUEWEIGHT BIOTECH LLP,Active,nan,PHARMA_CORPORATE_ENTITY,510,0.0,Andhra Pradesh
AAF-3586,VASHISTAW CHEM FORMULATIONS LLP,Strike Off,nan,PHARMA_CORPORATE_ENTITY,520,0.0,Andhra Pradesh
AAM-5420,DHARMANA HEALTHCARE LLP,Active,nan,NAME_BASED_MATCH,519,0.0,Andhra Pradesh
AAV-7372,CHARAKA DIAGNOSTICS AND MEDICAL SERVICES LLP,Active,nan,NAME_BASED_MATCH,506,0.0,Andhra Pradesh
ABA-9784,BEST CARE DIAGNOSTICS LLP,Active,nan,NAME_BASED_MATCH,520,0.0,Andhra Pradesh
ACJ-2768,SAANVI LIFE SCIENCES LLP,Active,nan,PHARMA_CORPORATE_ENTITY,520,0.0,Andhra Pradesh
AAE-8900,RS RADON LIFE SCIENCES LLP,Active,nan,PHARMA_CORPORATE_ENTITY,520,0.0,Andhra Pradesh
U01222AP1990PTC010928,SAPTAGIRI ANIMAL FEEDS AND MEDICINES PVT LTD,Active,1222.0,PHARMA_CORPORATE_ENTITY,503,0.0,Andhra Pradesh
U21003AP2026PTC123390,AYUR M HERBALS PRIVATE LIMITED,Active,21003.0,DIRECT_NIC_PHARMA_MANUFACTURER,523,10000.0,Andhra Pradesh
U20236AP2025OPC121979,VARASRI HERBAL PRODUCTS (OPC) PRIVATE LIMITED,Active,20236.0,PHARMA_RELATED_MANUFACTURER,503,100000.0,Andhra Pradesh
U21000AP2022PTC120942,LSR MANUFACTURING PRIVATE LIMITED,Active,21000.0,DIRECT_NIC_PHARMA_MANUFACTURER,511,100000.0,Andhra Pradesh
U21000AP2025OPC119941,YERUKA LIFE SCIENCES (OPC) PRIVATE LIMITED,Active,21000.0,DIRECT_NIC_PHARMA_MANUFACTURER,506,100000.0,Andhra Pradesh
U21000AP2025PTC119035,SANSOLIFY INNOVATIVE PRIVATE LIMITED,Active,21000.0,DIRECT_NIC_PHARMA_MANUFACTURER,503,10000.0,Andhra Pradesh
U21001AP2023PTC111700,ROSAVII INDUSTRIES PRIVATE LIMITED,Active,21001.0,DIRECT_NIC_PHARMA_MANUFACTURER,510,100000.0,Andhra Pradesh
U21001AP2025PTC120376,CRICK & HILL PHARMACEUTICALS INDIA PRIVATE LIMITED,Active,21001.0,DIRECT_NIC_PHARMA_MANUFACTURER,506,100000.0,Andhra Pradesh
U21002AP2025PTC120645,ASIS AUROBINDO DRUGS PRIVATE LIMITED,Active,21002.0,DIRECT_NIC_PHARMA_MANUFACTURER,510,100000.0,Andhra Pradesh
U21006AP2024PTC114272,BIOWEAVE LIFESCIENCES PRIVATE LIMITED,Active,21006.0,DIRECT_NIC_PHARMA_MANUFACTURER,520,2100000.0,Andhra Pradesh
U21012AP1981PLC003206,SREE RAYALASEEMA TISSUES LTD,Active,21012.0,DIRECT_NIC_PHARMA_MANUFACTURER,511,107172.0,Andhra Pradesh
U21012AP1987PTC007164,ELEGENT PAPER BOARDS PVT. LTD.,Active,21012.0,DIRECT_NIC_PHARMA_MANUFACTURER,505,6600000.0,Andhra Pradesh
U21012AP1998PTC029102,ARDEE BOARDS PRIVATE LIMITED,Active,21012.0,DIRECT_NIC_PHARMA_MANUFACTURER,520,15635520.0,Andhra Pradesh
U21015AP1985PTC005896,CORMANDEL RICE HUSK PARTICLES BOARDS PVT LTD,Strike Off,21015.0,DIRECT_NIC_PHARMA_MANUFACTURER,750,1000000.0,Andhra Pradesh
U21019AP2001PLC036415,SRI RAMACHANDRA PAPER MILLS LIMITED,Strike Off,21019.0,DIRECT_NIC_PHARMA_MANUFACTURER,505,0.0,Andhra Pradesh
U21099AP2020PTC114116,AL-AZEEZ PAPER PRODUCTS PRIVATE LIMITED,Active,21099.0,DIRECT_NIC_PHARMA_MANUFACTURER,505,3595000.0,Andhra Pradesh
U21099AP2020PTC115225,SARB INFRA PRIVATE LIMITED,Strike Off,21099.0,DIRECT_NIC_PHARMA_MANUFACTURER,520,1000000.0,Andhra Pradesh
U24100AP2013PTC090258,MYOSYNTHO LABORATORIES PRIVATE LIMITED,Amalgamated,24100.0,PHARMA_CORPORATE_ENTITY,520,90000000.0,Andhra Pradesh
U24230AP2022PTC120913,SARAMA SYNTHETIC SOLUTIONS PRIVATE LIMITED,Active,24230.0,DIRECT_NIC_PHARMA_MANUFACTURER,520,100000.0,Andhra Pradesh
U24231AP2002PTC039712,IGLOO VET FORMULATIONS PRIVATE LIMITED,Strike Off,24231.0,DIRECT_NIC_PHARMA_MANUFACTURER,506,100000.0,Andhra Pradesh
U24232AP2011PTC075293,RAN BIO-PHARMA PRIVATE LIMITED,Strike Off,24232.0,DIRECT_NIC_PHARMA_MANUFACTURER,510,100000.0,Andhra Pradesh
U24232AP2015PTC096364,SRISAICHANDANA API PRIVATE LIMITED,Active,24232.0,DIRECT_NIC_PHARMA_MANUFACTURER,520,69962500.0,Andhra Pradesh
U24232TG2010PTC071273,ELINOR PHARMACEUTICALS PRIVATE LIMITED,Active,24232.0,DIRECT_NIC_PHARMA_MANUFACTURER,520,3600140.0,Andhra Pradesh
U24233AP2015PTC097827,SRI RAM LUBRICANTS PRIVATE LIMITED,Active,24233.0,DIRECT_NIC_PHARMA_MANUFACTURER,520,967000.0,Andhra Pradesh
U24239AP1981PTC002971,ANJANEYA ENTERPRISES PVT LTD,Strike Off,24239.0,DIRECT_NIC_PHARMA_MANUFACTURER,520,510000.0,Andhra Pradesh
U24239AP1981PTC003079,IMIS PHARMACEUTICALS PRIVATE LIMITED,Active,24239.0,DIRECT_NIC_PHARMA_MANUFACTURER,510,3000000.0,Andhra Pradesh
U24239AP1996PTC025312,SEETHARAMA ENTERPRISES ( CEMENT AND MINERALS) PRIVATE LIMITED,Active,24239.0,DIRECT_NIC_PHARMA_MANUFACTURER,519,40.0,Andhra Pradesh
U24239AP2004PTC043957,SVAN BIOLOGICALS PRIVATE LIMITED,Strike Off,24239.0,DIRECT_NIC_PHARMA_MANUFACTURER,520,0.0,Andhra Pradesh
U24240AP2015PTC096148,DR CHANTIS PHARMACEUTICALS PRIVATE LIMITED,Active,24240.0,PHARMA_CORPORATE_ENTITY,506,100000.0,Andhra Pradesh
U24290AP2021PTC119421,HARVAR PHARMACEUTICALS PRIVATE LIMITED,Active,24290.0,PHARMA_CORPORATE_ENTITY,520,100000.0,Andhra Pradesh
U24304AP2017PTC106159,NOBLE VETERINARY FORMULATIONS PRIVATE LIMITED,Strike Off,24304.0,PHARMA_CORPORATE_ENTITY,520,5000000.0,Andhra Pradesh
U24304AP2019PTC110225,GOLD PHARMA PRIVATE LIMITED,Active,24304.0,PHARMA_CORPORATE_ENTITY,520,100000.0,Andhra Pradesh
U46497AP2024PTC116468,CRASENIM PHARMA PRIVATE LIMITED,Active,46497.0,PHARMA_CORPORATE_ENTITY,521,200000.0,Andhra Pradesh
U46497AP2025PTC118625,MEDWAY PHARMA PRIVATE LIMITED,Active,46497.0,PHARMA_CORPORATE_ENTITY,510,100000.0,Andhra Pradesh
U46497AP2026PTC123704,GRORI PHARMA PRIVATE LIMITED,Active,46497.0,PHARMA_CORPORATE_ENTITY,520,100000.0,Andhra Pradesh
U51101AP2015PTC097867,PENDURTHI PHARMACEUTICALS PRIVATE LIMITED,Active,51101.0,PHARMA_CORPORATE_ENTITY,520,4000000.0,Andhra Pradesh
U51397AP2000PTC033798,ANDHRA AGROVET THERAPEUTICS PRIVATE LIMITED,Active,51397.0,PHARMA_CORPORATE_ENTITY,510,784000.0,Andhra Pradesh
U51397AP2011PTC078324,ALGEN LIFE SCIENCES PRIVATE LIMITED,Active,51397.0,PHARMA_CORPORATE_ENTITY,510,1000000.0,Andhra Pradesh
U51909AP2020PTC116671,PEXY PHARMACEUTICALS PRIVATE LIMITED,Strike Off,51909.0,PHARMA_CORPORATE_ENTITY,506,500000.0,Andhra Pradesh
U51909AP2021PTC119335,RUSSET THERAPEUTICS PRIVATE LIMITED,Active,51909.0,PHARMA_CORPORATE_ENTITY,505,4900000.0,Andhra Pradesh
U53200AP2023PTC110571,NIVAN HEALTHCARE SOLUTIONS PRIVATE LIMITED,Active,53200.0,NAME_BASED_MATCH,520,100000.0,Andhra Pradesh
U85195AP1986PTC006492,CHIRALA SCAN DIAGNOSTIC AND RESEARCH CENTRE PVT LTD.,Active,85195.0,NAME_BASED_MATCH,517,325000.0,Andhra Pradesh
U85300AP2016PTC104715,BRAMHA SIDDHA AYUR PHARMA & RESEARCH CENTRE PRIVATE LIMITED,Active,85300.0,PHARMA_CORPORATE_ENTITY,510,100000.0,Andhra Pradesh
U86100AP2025PTC118965,GLOBAL HEALTH AND LIFE SCIENCES PRIVATE LIMITED,Active,86100.0,PHARMA_CORPORATE_ENTITY,506,100000.0,Andhra Pradesh
U85100AP2014PTC092113,BRHAS HEALTHCARE SOLUTIONS PRIVATE LIMITED,Under process of striking off,85100.0,NAME_BASED_MATCH,520,100000.0,Andhra Pradesh
U86905AP2023PTC111873,TRACE DIAGNOSTICS PRIVATE LIMITED,Strike Off,86905.0,NAME_BASED_MATCH,510,100000.0,Andhra Pradesh
U88100AP2025NPL117322,SHIFAALHIND AYURVEDIC UPCHAAR AND RESEARCH FOUNDATION,Active,88100.0,NAME_BASED_MATCH,506,100000.0,Andhra Pradesh
U85110AP2000PTC035287,GAYATHRI DIAGNOSTIC CENTRE PRIVATE LIMITED,Active,85110.0,NAME_BASED_MATCH,511,8590000.0,Andhra Pradesh
U85110AP2021PTC119479,MEDQUEST AMALAPURAM DIAGNOSTICS PRIVATE LIMITED,Strike Off,85110.0,NAME_BASED_MATCH,505,100000.0,Andhra Pradesh
U85300AP2019PTC113228,KOLLA PHARMACY PRIVATE LIMITED,Active,85300.0,PHARMA_CORPORATE_ENTITY,506,100000.0,Andhra Pradesh
U93090AP2006SGC050116,REMO HEALTHCARE SERVICES PRIVATE LIMITED,Strike Off,93090.0,NAME_BASED_MATCH,511,0.0,Andhra Pradesh
U86100AP2023PTC112934,RSV HEALTHCARE SERVICES PRIVATE LIMITED,Active,86100.0,NAME_BASED_MATCH,523,1000000.0,Andhra Pradesh
U86900AP2024PTC116876,KB RCM HEALTHCARE AND IT SOLUTIONS PRIVATE LIMITED,Active,86900.0,NAME_BASED_MATCH,510,100000.0,Andhra Pradesh
U72900AP2018PTC108379,BIZHEALTH PULSE HEALTHCARE AND IT SYSTEMS PRIVATE LIMITED,Active,72900.0,NAME_BASED_MATCH,523,100000.0,Andhra Pradesh
U74120AP2015PTC096795,KALAGA HERBAL RESEARCH LABS PRIVATE LIMITED,Active,74120.0,NAME_BASED_MATCH,520,100000.0,Andhra Pradesh
U01119AP2005PTC047453,SRI VEERANJANEYA AGRI BIOTECH PRIVATE LIMITED,Strike Off,1119.0,PHARMA_CORPORATE_ENTITY,519,0.0,Andhra Pradesh
U01119AP2006PTC049187,NSN LIFE SCIENCES PRIVATE LIMITED,Strike Off,1119.0,PHARMA_CORPORATE_ENTITY,520,0.0,Andhra Pradesh
U21001AP2024PTC115696,CALOYA PHARMA PRIVATE LIMITED,Active,21001.0,DIRECT_NIC_PHARMA_MANUFACTURER,503,100000.0,Andhra Pradesh
U21009AP2023PTC110879,NEOFFRON INNOVATIONS PRIVATE LIMITED,Active,21009.0,DIRECT_NIC_PHARMA_MANUFACTURER,510,10000.0,Andhra Pradesh
U21010AP2001PTC036888,DHANASRISAI PAPER MILLS PRIVATE LIMITED,Strike Off,21010.0,DIRECT_NIC_PHARMA_MANUFACTURER,520,100000.0,Andhra Pradesh
U01400AP2013PTC091064,KAROLY BIOTECH PRIVATE LIMITED,Strike Off,1400.0,PHARMA_CORPORATE_ENTITY,510,200000.0,Andhra Pradesh
U14102AP1985PTC005273,SREE SAI DRUGA GRANITE METALS WORKS PVT LTD,Active,14102.0,PHARMA_CORPORATE_ENTITY,520,0.0,Andhra Pradesh
U21000AP2024PTC115743,ARNA PHARMA PRIVATE LIMITED,Active,21000.0,DIRECT_NIC_PHARMA_MANUFACTURER,520,100000.0,Andhra Pradesh
U21001AP2023PTC110617,AJA BIOFACTORY PRIVATE LIMITED,Active,21001.0,DIRECT_NIC_PHARMA_MANUFACTURER,520,100000.0,Andhra Pradesh
U21001AP2023PTC112572,LOVIGO REMEDIES PRIVATE LIMITED,Active,21001.0,DIRECT_NIC_PHARMA_MANUFACTURER,520,100000.0,Andhra Pradesh
U21001AP2023PTC112880,YAAN MEDI NEEDS PRIVATE LIMITED,Active,21001.0,DIRECT_NIC_PHARMA_MANUFACTURER,506,100000.0,Andhra Pradesh
U21006AP2026PTC124279,YOKSHANA PRIVATE LIMITED,Active,21006.0,DIRECT_NIC_PHARMA_MANUFACTURER,503,100000.0,Andhra Pradesh
U21012AP1995PTC021044,SHRIRAM PAPERS PRIVATE LIMITED,Strike Off,21012.0,DIRECT_NIC_PHARMA_MANUFACTURER,520,0.0,Andhra Pradesh
U21014AP2002PTC039993,SRI CHANUKYA CARAMEL PRIVATE LIMITED,Active,21014.0,DIRECT_NIC_PHARMA_MANUFACTURER,503,1000000.0,Andhra Pradesh
U21029AP1987PTC007530,SREE RAGHAVA PACKAGINGS PVT LTD,Active,21029.0,DIRECT_NIC_PHARMA_MANUFACTURER,520,3090000.0,Andhra Pradesh
U21099AP2022PTC120475,SBKS PAPER INDUSTRIES INDIA PRIVATE LIMITED,Active,21099.0,DIRECT_NIC_PHARMA_MANUFACTURER,510,100000.0,Andhra Pradesh
U24100AP2013PTC088956,FINLANDIA PHARMA PRIVATE LIMITED,Strike Off,24100.0,PHARMA_CORPORATE_ENTITY,503,100000.0,Andhra Pradesh
U24230AP1998PTC029316,SUN THERAPEUTICS PRIVATE LIMITED,Strike Off,24230.0,DIRECT_NIC_PHARMA_MANUFACTURER,521,210000.0,Andhra Pradesh
U24230AP1999PTC031763,SRI VIJETHA DEVELOPERS PRIVATE LIMITED,Strike Off,24230.0,DIRECT_NIC_PHARMA_MANUFACTURER,510,500000.0,Andhra Pradesh
U24230AP2019PTC113191,NORIKAA PHARMACEUTICALS PRIVATE LIMITED,Strike Off,24230.0,DIRECT_NIC_PHARMA_MANUFACTURER,523,500000.0,Andhra Pradesh
U24232AP2014OPC095816,JARUS PHARMACEUTICALS PRIVATE LIMITED (OPC),Strike Off,24232.0,DIRECT_NIC_PHARMA_MANUFACTURER,520,100000.0,Andhra Pradesh
U24232AP2015PTC096436,CHEMIFINE FORMULATIONS PRIVATE LIMITED,Active,24232.0,DIRECT_NIC_PHARMA_MANUFACTURER,520,18000000.0,Andhra Pradesh
U24232AP2015PTC096464,NIKHIL LIFESCIENCES PRIVATE LIMITED,Strike Off,24232.0,DIRECT_NIC_PHARMA_MANUFACTURER,520,100000.0,Andhra Pradesh
U24233AP2007PTC053403,AGNAR PHARMA CARE PRIVATE LIMITED,Strike Off,24233.0,DIRECT_NIC_PHARMA_MANUFACTURER,506,0.0,Andhra Pradesh
U24233AP2013PTC087648,V V BIOTECH PRIVATE LIMITED,Strike Off,24233.0,DIRECT_NIC_PHARMA_MANUFACTURER,520,100000.0,Andhra Pradesh
U24239AP1992PTC014017,JESSAR PHARMACEUTICALS PRIVATE LIMITED,Strike Off,24239.0,DIRECT_NIC_PHARMA_MANUFACTURER,506,200000.0,Andhra Pradesh
U24239AP2002PTC038417,K.R.R. DRUGS & INTERMEDIATES PRIVATE LIMITED,Active,24239.0,DIRECT_NIC_PHARMA_MANUFACTURER,749,2500000.0,Andhra Pradesh
U24239AP2004PTC043474,ANJALI DRUGS INDIA PRIVATE LIMITED,Strike Off,24239.0,DIRECT_NIC_PHARMA_MANUFACTURER,520,5000000.0,Andhra Pradesh
U24290AP2021PTC118416,MAKK PHARMA LABS PRIVATE LIMITED,Active,24290.0,PHARMA_CORPORATE_ENTITY,506,100000.0,Andhra Pradesh
U24290AP2022PTC121202,DR. GREEVS PHARMA PRIVATE LIMITED,Active,24290.0,PHARMA_CORPORATE_ENTITY,517,100000.0,Andhra Pradesh
U24299AP2020PTC116745,SRI MANJUNATH AYURVEDIC PRIVATE LIMITED,Active,24299.0,NAME_BASED_MATCH,517,500000.0,Andhra Pradesh
U24304AP2016PTC103123,CLARIUS PHARMACEUTICALS PRIVATE LIMITED,Active,24304.0,PHARMA_CORPORATE_ENTITY,506,100000.0,Andhra Pradesh
U24304AP2020PTC114235,UNIFI PHARMA INTERNATIONAL PRIVATE LIMITED,Active,24304.0,PHARMA_CORPORATE_ENTITY,510,100000.0,Andhra Pradesh
U24305AP2016PTC103228,VICTORY BIOTECH PRIVATE LIMITED,Active,24305.0,PHARMA_CORPORATE_ENTITY,506,400000.0,Andhra Pradesh
U46497AP2025PTC120495,ICP LIFE SCIENCES PRIVATE LIMITED,Active,46497.0,PHARMA_CORPORATE_ENTITY,506,1126826.0,Andhra Pradesh
U21011AP1999PTC032234,ALPHA POWER ENGINEERING SERVICES PRIVATE LIMITED,Active,21011.0,DIRECT_NIC_PHARMA_MANUFACTURER,510,1000000.0,Andhra Pradesh
U21012AP1996PTC025506,RAAMA KRISHNA PRINTERS PRIVATE LIMITED,Active,21012.0,DIRECT_NIC_PHARMA_MANUFACTURER,520,4973000.0,Andhra Pradesh
U21014AP1998PTC029374,SRI KRISHNA CORRUGATED KRAFT BOX PRIVATE LIMITED,Active,21014.0,DIRECT_NIC_PHARMA_MANUFACTURER,520,2172000.0,Andhra Pradesh
U21022AP1983PTC003981,VISAKHA POLYPACK PVT.LTD.,Strike Off,21022.0,DIRECT_NIC_PHARMA_MANUFACTURER,520,2000.0,Andhra Pradesh
U21022AP1997PTC027083,SREEKANYA BOARDS PRIVATE LIMITED,Active,21022.0,DIRECT_NIC_PHARMA_MANUFACTURER,519,3492000.0,Andhra Pradesh
U21022AP2011PTC074197,VISAKHA CRAFT AND BOARD PAPER MILLS PRIVATE LIMITED,Strike Off,21022.0,DIRECT_NIC_PHARMA_MANUFACTURER,520,100000.0,Andhra Pradesh
U21098AP2011PTC072735,PINE PULP INDIA PRIVATE LIMITED,Strike Off,21098.0,DIRECT_NIC_PHARMA_MANUFACTURER,506,1000000.0,Andhra Pradesh
U21099AP2019PTC111328,KIYAAN PAPER MILLS PRIVATE LIMITED,Active,21099.0,DIRECT_NIC_PHARMA_MANUFACTURER,505,500000.0,Andhra Pradesh
U21099AP2021PTC117456,SHREE RUSHITHA BOOK INDUSTRIES PRIVATE LIMITED,Active,21099.0,DIRECT_NIC_PHARMA_MANUFACTURER,520,100000.0,Andhra Pradesh
U24100AP2009PLC066011,INTERNATIONAL HEALTHCARE LIMITED,Active,24100.0,NAME_BASED_MATCH,506,40268200.0,Andhra Pradesh
U24100AP2014PTC095163,AVERX DRUGS PRIVATE LIMITED,Active,24100.0,PHARMA_CORPORATE_ENTITY,520,99126350.0,Andhra Pradesh
U24100AP2015PTC096707,XPAND PHARMACEUITICALS PRIVATE LIMITED,Strike Off,24100.0,PHARMA_CORPORATE_ENTITY,519,100000.0,Andhra Pradesh
U24100AP2016PTC098502,CPR LABORATORIES PRIVATE LIMITED,Active,24100.0,PHARMA_CORPORATE_ENTITY,520,46900000.0,Andhra Pradesh
U24100AP2019PTC112949,MEDIGO LIFE SCIENCES PRIVATE LIMITED,Active,24100.0,PHARMA_CORPORATE_ENTITY,510,110000.0,Andhra Pradesh
U24200AP1990PTC011370,SIPHON PHARMA PVT. LTD.,Strike Off,24200.0,PHARMA_CORPORATE_ENTITY,520,0.0,Andhra Pradesh
U24230AP1983PTC003870,SUBHAG PHARMA PRIVATE LIMITED,Strike Off,24230.0,DIRECT_NIC_PHARMA_MANUFACTURER,520,50000.0,Andhra Pradesh
U24230AP1993PTC016185,PADMAJA LABORATORIES PVT LTD,Active,24230.0,DIRECT_NIC_PHARMA_MANUFACTURER,520,18400000.0,Andhra Pradesh
U24230AP1994PTC016927,AKRON CONSUMER CARE PRIVATE LIMITED,Active,24230.0,DIRECT_NIC_PHARMA_MANUFACTURER,506,40000000.0,Andhra Pradesh
U24230AP1995PLC021718,RAVEENA PONDI-CHEM INDIA LIMITED,Strike Off,24230.0,DIRECT_NIC_PHARMA_MANUFACTURER,520,70000.0,Andhra Pradesh
U24230AP1997PTC026848,FIZIKEM LABORATORIES PRIVATE LIMITED,Active,24230.0,DIRECT_NIC_PHARMA_MANUFACTURER,510,20000000.0,Andhra Pradesh
U24230AP1998PTC029712,KATHYA HOMEO LABS PRIVATE LIMITED,Strike Off,24230.0,DIRECT_NIC_PHARMA_MANUFACTURER,520,300000.0,Andhra Pradesh
U24230AP2019PTC113219,POLISETTI INDUSTRYS PRIVATE LIMITED,Active,24230.0,DIRECT_NIC_PHARMA_MANUFACTURER,511,11722000.0,Andhra Pradesh
U24230AP2020PTC113972,MRR LABS PRIVATE LIMITED,Active,24230.0,DIRECT_NIC_PHARMA_MANUFACTURER,748,100000.0,Andhra Pradesh
U24230AP2021PTC117402,REACTIS PHARMACEUTICALS PRIVATE LIMITED,Active,24230.0,DIRECT_NIC_PHARMA_MANUFACTURER,510,100000.0,Andhra Pradesh
U24232AP2010PTC070141,NARAYANI AGRI CHEMS PRIVATE LIMITED,Active,24232.0,DIRECT_NIC_PHARMA_MANUFACTURER,520,100000.0,Andhra Pradesh
U24232AP2010PTC071530,VISHNUPRIYA FERTILISERS PRIVATE LIMITED,Active,24232.0,DIRECT_NIC_PHARMA_MANUFACTURER,520,500000.0,Andhra Pradesh
U24232AP2021PTC119232,NEICTAR ASIA PRIVATE LIMITED,Active,24232.0,DIRECT_NIC_PHARMA_MANUFACTURER,510,10000000.0,Andhra Pradesh
U24233AP1985PLC005513,VENKATESWARA AYURVEDA NILAYAM LIMITED,Active,24233.0,DIRECT_NIC_PHARMA_MANUFACTURER,505,37819000.0,Andhra Pradesh
U24233AP2002PTC038852,CHORUS AYURVEDIC PRIVATE LIMITED,Strike Off,24233.0,DIRECT_NIC_PHARMA_MANUFACTURER,520,0.0,Andhra Pradesh
U24233AP2004PTC043414,ALKAMI HEALTH CARE PRIVATE LIMITED,Strike Off,24233.0,DIRECT_NIC_PHARMA_MANUFACTURER,520,20000.0,Andhra Pradesh
U24233AP2014PTC094619,PHANI ENVIR CHEMICALS PRIVATE LIMITED,Active,24233.0,DIRECT_NIC_PHARMA_MANUFACTURER,511,100000.0,Andhra Pradesh
U24234AP2006PTC050238,CAPRICORN DISTILLERY PRIVATE LIMITED,Active,24234.0,DIRECT_NIC_PHARMA_MANUFACTURER,505,729506500.0,Andhra Pradesh
U24239AP1980PTC002647,MONIZ PHARMACEUTICALS PVT LTD,Under process of striking off,24239.0,DIRECT_NIC_PHARMA_MANUFACTURER,520,20000.0,Andhra Pradesh
U24239AP1995PTC021065,KAIZEN EXIM PRIVATE LIMITED,Strike Off,24239.0,DIRECT_NIC_PHARMA_MANUFACTURER,520,0.0,Andhra Pradesh
U24239AP2005PTC046283,LAILA ORGANICS PRIVATE LIMITED,Active,24239.0,DIRECT_NIC_PHARMA_MANUFACTURER,520,100000.0,Andhra Pradesh
U24239AP2005PTC047169,VIROCAN THERAPEUTICS PRIVATE LIMITED,Active,24239.0,DIRECT_NIC_PHARMA_MANUFACTURER,506,4900000.0,Andhra Pradesh
U24239AP2019PTC113586,SRAVANYA DEEPAK IMPORTS & EXPORTS SERVICES PRIVATE LIMITED,Active,24239.0,DIRECT_NIC_PHARMA_MANUFACTURER,523,600000.0,Andhra Pradesh
U24239AP2022OPC121621,CHIRAAYUSH GURU VAIDYA PHARMACY (OPC) PRIVATE LIMITED,Active,24239.0,DIRECT_NIC_PHARMA_MANUFACTURER,503,100000.0,Andhra Pradesh
U24246AP1976PTC002085,RAVIN HERBAL INDUSTRIES PVT LTD,Under process of striking off,24246.0,NAME_BASED_MATCH,748,5020000.0,Andhra Pradesh
U24290AP2020PTC116767,MYOWELL PHARMACEUTICALS PRIVATE LIMITED,Active,24290.0,PHARMA_CORPORATE_ENTITY,511,200000.0,Andhra Pradesh
U24290AP2021PTC117464,METTA'S PHARMACEUTICALS PRIVATE LIMITED,Active,24290.0,PHARMA_CORPORATE_ENTITY,520,100000.0,Andhra Pradesh
U24296AP2014PTC092161,SANKYOEN LIFE SCIENCES PRIVATE LIMITED,Under process of striking off,24296.0,PHARMA_CORPORATE_ENTITY,519,100000.0,Andhra Pradesh
U24297AP2010PTC071436,DISPO SURGICAL MANUFACTURING PRIVATE LIMITED,Strike Off,24297.0,NAME_BASED_MATCH,520,1000000.0,Andhra Pradesh
U24299AP2021PTC117123,ASTHRA BIOTECH PRIVATE LIMITED,Active,24299.0,PHARMA_CORPORATE_ENTITY,523,100000.0,Andhra Pradesh
U24304AP2019PTC113537,ICURE PHARMACEUTICALS PRIVATE LIMITED,Active,24304.0,PHARMA_CORPORATE_ENTITY,506,500000.0,Andhra Pradesh
U24304AP2019PTC113661,HAVIA FORMULATIONS PRIVATE LIMITED,Strike Off,24304.0,PHARMA_CORPORATE_ENTITY,505,100000.0,Andhra Pradesh
U24304AP2021PTC119732,YALAMA INTERNATIONAL PHARMACEUTICAL PRIVATE LIMITED,Active,24304.0,PHARMA_CORPORATE_ENTITY,506,100000.0,Andhra Pradesh
U46497AP2024PTC115104,RXPILLKRAFT PHARMACY PRIVATE LIMITED,Active,46497.0,PHARMA_CORPORATE_ENTITY,505,21000000.0,Andhra Pradesh
U46497AP2025PTC120400,BRUFIELD PHARMA PRIVATE LIMITED,Active,46497.0,PHARMA_CORPORATE_ENTITY,511,1000000.0,Andhra Pradesh
U46497AP2026PTC123601,CLARUS PHARMACEUTICALS PRIVATE LIMITED,Active,46497.0,PHARMA_CORPORATE_ENTITY,503,100000.0,Andhra Pradesh
U46596AP2024PTC116575,GANDHI SURGICALS PRIVATE LIMITED,Active,46596.0,NAME_BASED_MATCH,505,100000.0,Andhra Pradesh
U47721AP2025PTC118512,DWARAKA VERITABLE PHARMA PRIVATE LIMITED,Active,47721.0,PHARMA_CORPORATE_ENTITY,517,50000.0,Andhra Pradesh
U51397AP2022OPC122932,MAEERA PHARMACEUTICALS (OPC) PRIVATE LIMITED,Active,51397.0,PHARMA_CORPORATE_ENTITY,520,100000.0,Andhra Pradesh
U51909AP2021PTC119062,BALAJI TRADE PHARMA PRIVATE LIMITED,Active,51909.0,PHARMA_CORPORATE_ENTITY,506,1000000.0,Andhra Pradesh
U51909AP2022PTC122362,ACTICHEM LIFE SCIENCES PRIVATE LIMITED,Active,51909.0,PHARMA_CORPORATE_ENTITY,510,100000.0,Andhra Pradesh
U52311AP2021PTC117773,PELICAN PHARMACY PRIVATE LIMITED,Strike Off,52311.0,PHARMA_CORPORATE_ENTITY,510,500000.0,Andhra Pradesh
U51909AP2018PTC108847,BVB LIFE SCIENCES PRIVATE LIMITED,Active,51909.0,PHARMA_CORPORATE_ENTITY,510,1000000.0,Andhra Pradesh
U51909AP2020OPC115745,BIO-LINE HEALTHCARE & MEDICAL TECHNOLOGIES (OPC) PRIVATE LIMITED,Active,51909.0,NAME_BASED_MATCH,520,50000.0,Andhra Pradesh
U51909AP2021PTC118734,SRIARNICA HERBALS PRIVATE LIMITED,Active,51909.0,NAME_BASED_MATCH,506,100000.0,Andhra Pradesh
U51909AP2021PTC120093,N & X PHARMACEUTICAL PRIVATE LIMITED,Active,51909.0,PHARMA_CORPORATE_ENTITY,506,50000.0,Andhra Pradesh
U85100AP2010PTC067797,INFOMED LIFE SCIENCES PRIVATE LIMITED,Strike Off,85100.0,PHARMA_CORPORATE_ENTITY,520,500000.0,Andhra Pradesh
U85100AP2019PTC113187,NATURE SCIENCE AND MEDICINE HOSPITALS PRIVATE LIMITED,Active,85100.0,PHARMA_CORPORATE_ENTITY,520,100000.0,Andhra Pradesh
U85110AP2008PLC059092,SQL SURGICAL MANUFACTURING LIMITED,Strike Off,85110.0,NAME_BASED_MATCH,520,500000.0,Andhra Pradesh
U85110AP2021PTC117636,BLOSSOMS-SAI HEALTHCARE PRIVATE LIMITED,Active,85110.0,NAME_BASED_MATCH,510,826000.0,Andhra Pradesh
U85300AP2022NPL123493,MADHURABRINDAVAN ADVANCED DIGITALIZED HEALTHCARE FOUNDATION,Active,85300.0,NAME_BASED_MATCH,520,1000000.0,Andhra Pradesh
U86201AP2025PTC122670,SRI.V.L.N PHARMA PRIVATE LIMITED,Active,86201.0,PHARMA_CORPORATE_ENTITY,520,100000.0,Andhra Pradesh
U85101AP1986PLC006869,COASTAL DIAGNOSTIC SERVICES LTD,Active,85101.0,NAME_BASED_MATCH,506,13794000.0,Andhra Pradesh
U85110AP2000PTC034446,MIGHTY DIAGNOSTIC SERVICES PRIVATE LIMITED,Strike Off,85110.0,NAME_BASED_MATCH,523,0.0,Andhra Pradesh
U85110AP2011PTC074360,KPR LIFE SCIENCES AND RESEARCH PRIVATE LIMITED,Active,85110.0,PHARMA_CORPORATE_ENTITY,506,100000.0,Andhra Pradesh
U85110AP2016OPC098106,EUDAIMONIA PHARMACEUTICALS (OPC) PRIVATE LIMITED,Active,85110.0,PHARMA_CORPORATE_ENTITY,520,0.0,Andhra Pradesh
U85190AP2017PTC105921,PRAHARI AYURVEDIC PRIVATE LIMITED,Strike Off,85190.0,NAME_BASED_MATCH,503,100000.0,Andhra Pradesh
U85191AP1997PTC026933,NADAKUDURU SAI AYURVEDA HOSPITALS PRIVATE LIMITED,Active,85191.0,NAME_BASED_MATCH,520,386000.0,Andhra Pradesh
U85300AP2020PTC114384,STAR PRIME DIAGNOSTICS AND INTERVENTIONAL RADIOLOGY CENTER PRIVATE LIMITED,Active,85300.0,NAME_BASED_MATCH,520,1500000.0,Andhra Pradesh
U93000AP2017PTC105600,DEBAKEY LIFE SCIENCES PRIVATE LIMITED,Active,93000.0,PHARMA_CORPORATE_ENTITY,517,100000.0,Andhra Pradesh
U86100AP2023NPL111570,GJS HEALTHCARE FOUNDATION,Active,86100.0,NAME_BASED_MATCH,520,150000.0,Andhra Pradesh
U86100AP2024PTC114740,SREEHASA HEALTHCARE PRIVATE LIMITED,Active,86100.0,NAME_BASED_MATCH,506,200000.0,Andhra Pradesh
U86901AP2025PTC117680,SRI LAKSHMI JAGANNADH AYURVEDIC PRODUCTS PRIVATE LIMITED,Active,86901.0,NAME_BASED_MATCH,520,100000.0,Andhra Pradesh
U86901AP2025PTC118274,SHAYUR AYURVEDA HOSPITALS & PANCHAKARMA PRIVATE LIMITED,Active,86901.0,NAME_BASED_MATCH,503,100000.0,Andhra Pradesh
U32509AP2025PTC120842,CARDIOLIFE MEDTECH PRIVATE LIMITED,Active,32509.0,PHARMA_RELATED_MANUFACTURER,520,100000.0,Andhra Pradesh
U33111AP2013PTC087151,LIFEWAY SURGICALS PRIVATE LIMITED,Strike Off,33111.0,NAME_BASED_MATCH,519,100000.0,Andhra Pradesh
U45200AP2008PTC058561,GREENGOLD INFRA BIOTECH INDIA PRIVATE LIMITED,Active,45200.0,PHARMA_CORPORATE_ENTITY,511,0.0,Andhra Pradesh
U72900AP2017PTC105974,AMARAVATI LIFE SCIENCES PRIVATE LIMITED,Active,72900.0,PHARMA_CORPORATE_ENTITY,520,100000.0,Andhra Pradesh
U73100AP1992PTC014785,RAJAHMUNDRY DIAGNOSTIC LABORATORIES PVT. LTD.,Under process of striking off,73100.0,PHARMA_CORPORATE_ENTITY,520,3000.0,Andhra Pradesh
U73100AP2014PTC095748,DELTA FORMULATIONS PRIVATE LIMITED,Active,73100.0,PHARMA_CORPORATE_ENTITY,519,100000.0,Andhra Pradesh
ACH-3707,ATOZ PHARMATECH LLP,Active,nan,PHARMA_CORPORATE_ENTITY,520,0.0,Andhra Pradesh
U14102AP2005PTC046180,RATNA MINERALS AND HERBALS PRIVATE LIMITED,Strike Off,14102.0,NAME_BASED_MATCH,520,100000.0,Andhra Pradesh
U01100AP2022PTC122618,SITAMMA AGRO BIOTECH PRIVATE LIMITED,Strike Off,1100.0,PHARMA_CORPORATE_ENTITY,520,100000.0,Andhra Pradesh
U21001AP2023PTC113102,HEMARINA INDIA PRIVATE LIMITED,Active,21001.0,DIRECT_NIC_PHARMA_MANUFACTURER,520,1000000.0,Andhra Pradesh
U21003AP2025PTC122077,GLOBAL MEDICALS SURGICALS PRIVATE LIMITED,Active,21003.0,DIRECT_NIC_PHARMA_MANUFACTURER,506,100000.0,Andhra Pradesh
U10809AP2023PTC112976,CAMARON BIOTECH PRIVATE LIMITED,Active,10809.0,PHARMA_CORPORATE_ENTITY,520,100000.0,Andhra Pradesh
U15510AP2014PTC092719,MAXWELL FORMULATIONS PRIVATE LIMITED,Active,15510.0,PHARMA_CORPORATE_ENTITY,520,5550000.0,Andhra Pradesh
U20299AP2025PTC122070,BIOQUANTICA BIOTECH PRIVATE LIMITED,Active,20299.0,PHARMA_RELATED_MANUFACTURER,503,1000000.0,Andhra Pradesh
U21000AP2024PTC113529,HME HERBAL PRIVATE LIMITED,Active,21000.0,DIRECT_NIC_PHARMA_MANUFACTURER,504,10000.0,Andhra Pradesh
U21001AP2023PTC112983,JONMED LABORATORIES PRIVATE LIMITED,Active,21001.0,DIRECT_NIC_PHARMA_MANUFACTURER,520,200000.0,Andhra Pradesh
U21006AP2025PTC121923,HEALWEAVE SURGICAL SUTURES PRIVATE LIMITED,Active,21006.0,DIRECT_NIC_PHARMA_MANUFACTURER,503,10000.0,Andhra Pradesh
U21009AP2026PTC123824,SYSTYS AQUA PRIVATE LIMITED,Active,21009.0,DIRECT_NIC_PHARMA_MANUFACTURER,520,100000.0,Andhra Pradesh
U21012AP1995PTC019706,LAKSHMI DURGA PAPER PRODUCTS INDIA PRIVATE LIMITED,Active,21012.0,DIRECT_NIC_PHARMA_MANUFACTURER,510,7500000.0,Andhra Pradesh
U21012AP1996PTC022835,SREE RAMACHANDRA PAPER BOARDS PRIVATE LIMITED,Active,21012.0,DIRECT_NIC_PHARMA_MANUFACTURER,506,34235700.0,Andhra Pradesh
U21012AP2000PTC034860,AVENUE PAPERS PRIVATE LIMITED,Strike Off,21012.0,DIRECT_NIC_PHARMA_MANUFACTURER,520,328000.0,Andhra Pradesh
U21014AP1979PTC002422,PULP N.PACK PVT LTD,Active,21014.0,DIRECT_NIC_PHARMA_MANUFACTURER,523,4949300.0,Andhra Pradesh
U21029AP2007PTC054906,ETHNIC METALS AND ENERGIES PRIVATE LIMITED,Strike Off,21029.0,DIRECT_NIC_PHARMA_MANUFACTURER,506,0.0,Andhra Pradesh
U24100AP2009PTC109536,TAGOOR LABORATORIES PRIVATE LIMITED,Active,24100.0,PHARMA_CORPORATE_ENTITY,523,118455860.0,Andhra Pradesh
U24230AP1986PTC006642,ALMAX CHEMICAL INDUSTRIES PVT LTD,Active,24230.0,DIRECT_NIC_PHARMA_MANUFACTURER,520,300.0,Andhra Pradesh
U24230AP2022PTC121496,PVR PHARMACEUTICAL INDUSTRIES PRIVATE LIMITED,Active,24230.0,DIRECT_NIC_PHARMA_MANUFACTURER,744,1000000.0,Andhra Pradesh
U24232AP2010PTC069939,SAI GLUCO PHARMA PRIVATE LIMITED,Active,24232.0,DIRECT_NIC_PHARMA_MANUFACTURER,749,100000.0,Andhra Pradesh
U24232AP2011PTC076655,SAI SRINIVASA RENEWABLES PRIVATE LIMITED,Active,24232.0,DIRECT_NIC_PHARMA_MANUFACTURER,520,4450000.0,Andhra Pradesh
U24233AP2009PTC063208,DHARANI BIOTECH PRIVATE LIMITED,Strike Off,24233.0,DIRECT_NIC_PHARMA_MANUFACTURER,520,100000.0,Andhra Pradesh
U24233AP2014PTC094508,APEX HYGINE PRODUCTS(INDIA) PRIVATE LIMITED,Under process of striking off,24233.0,DIRECT_NIC_PHARMA_MANUFACTURER,511,100000.0,Andhra Pradesh
U24239AP1936PLC000091,THE ANDHRA PHARMACEUTICAL WORKS LIMITED,Active,24239.0,DIRECT_NIC_PHARMA_MANUFACTURER,510,500004.0,Andhra Pradesh
U24239AP2000PTC035138,SIDDARTHA PARENTERALS PRIVATE LIMITED,Strike Off,24239.0,DIRECT_NIC_PHARMA_MANUFACTURER,520,102000.0,Andhra Pradesh
U24239AP2006PTC049052,FUTURA FORMULATIONS PVT LTD,Strike Off,24239.0,DIRECT_NIC_PHARMA_MANUFACTURER,520,100000.0,Andhra Pradesh
U46497AP2023PTC111920,DEVESH JOSHITHA PHARMA LIFE SCIENCES PRIVATE LIMITED,Active,46497.0,PHARMA_CORPORATE_ENTITY,520,100000.0,Andhra Pradesh
U46497AP2024PTC117223,S VAIDHYA PHARMACEUTICALS PRIVATE LIMITED,Active,46497.0,PHARMA_CORPORATE_ENTITY,510,100000.0,Andhra Pradesh
U01403AP2010PTC067097,ESWAR BIOTECH PRIVATE LIMITED,Strike Off,1403.0,PHARMA_CORPORATE_ENTITY,505,100000.0,Andhra Pradesh
U01407AP2011PTC078290,SUMANGALA AGRI BIOTECH PRIVATE LIMITED,Active,1407.0,PHARMA_CORPORATE_ENTITY,506,4000000.0,Andhra Pradesh
U32309AP2019PTC111502,EVEKIND PHARMA PRIVATE LIMITED,Active,32309.0,PHARMA_CORPORATE_ENTITY,506,100000.0,Andhra Pradesh
U33111AP2012PTC079635,SUSRUTA SAMHITA SURGICAL SYSTEMS & PHARMA PRIVATE LIMITED,Strike Off,33111.0,PHARMA_CORPORATE_ENTITY,520,100000.0,Andhra Pradesh
U36940AP2013PTC089519,SOMALATA AYURVEDA (INDIA) PRIVATE LIMITED,Active,36940.0,NAME_BASED_MATCH,503,100000.0,Andhra Pradesh
U33100AP2016PTC104523,ADIRAN IB HEALTHCARE PRIVATE LIMITED,Active,33100.0,NAME_BASED_MATCH,510,30000000.0,Andhra Pradesh
U33110AP2014PTC093957,BARKER LIFE SCIENCES PRIVATE LIMITED,Under process of striking off,33110.0,PHARMA_CORPORATE_ENTITY,519,100000.0,Andhra Pradesh
U33119AP1990PTC011730,VIBAL SURGICALS PRIVATE LIMITED,Strike Off,33119.0,NAME_BASED_MATCH,519,555800.0,Andhra Pradesh
ACB-6414,MISTRAL PHARMACEUTICAL LLP,Strike Off,nan,PHARMA_CORPORATE_ENTITY,551,0.0,Goa
U00304GA1980PTC000405,TOYO PHARMACEUTICALS PVT LTD,Strike Off,304.0,PHARMA_CORPORATE_ENTITY,551,0.0,Goa
U01407GA2015PTC007745,GENEXT BIOTECH PRIVATE LIMITED,Active,1407.0,PHARMA_CORPORATE_ENTITY,552,100000.0,Goa
U21004GA2024PTC016527,AUMTATSAT PRIVATE LIMITED,Active,21004.0,DIRECT_NIC_PHARMA_MANUFACTURER,551,100000.0,Goa
U24110GA2008FTC005585,REMEDIA THERAPEUTICS PRIVATE LIMITED,Strike Off,24110.0,PHARMA_CORPORATE_ENTITY,551,146150520.0,Goa
U24233GA2005PTC004093,SIDDHKALP AYURVEDIC PRODUCTS PRIVATE LIMITED,Strike Off,24233.0,DIRECT_NIC_PHARMA_MANUFACTURER,552,100000.0,Goa
ACA-3199,MANGO WISDOM WELLNESS AYURVEDA AND YOGA LLP,Active,nan,NAME_BASED_MATCH,552,0.0,Goa
U21012GA1995PTC001972,AVASAS PACK AND PRINT PRIVATE LIMITED,Active,21012.0,DIRECT_NIC_PHARMA_MANUFACTURER,551,500000.0,Goa
U24230GA2022PTC015422,SANDU PHYTOCEUTICALS PRIVATE LIMITED,Strike Off,24230.0,DIRECT_NIC_PHARMA_MANUFACTURER,551,100000.0,Goa
U24231GA2003PTC003256,CAMEO HEALTH CARE (INDIA) PRIVATE LIMITED,Active,24231.0,DIRECT_NIC_PHARMA_MANUFACTURER,551,500000.0,Goa
U24232GA1988PTC000834,CRYSTAL PHARMA PRIVATE LIMITED,Active,24232.0,DIRECT_NIC_PHARMA_MANUFACTURER,552,2491000.0,Goa
U24246GA1998PLC002517,GROVEMARK LABORATORIES LIMITED,Strike Off,24246.0,PHARMA_CORPORATE_ENTITY,551,500000.0,Goa
U24304GA2017PTC013440,NIGARVA PHARMACEUTICALS INDIA PRIVATE LIMITED,Active,24304.0,PHARMA_CORPORATE_ENTITY,551,100000.0,Goa
U24304GA2018OPC013796,BROWN BRUNEL PHARMACEUTICALS (OPC) PRIVATE LIMITED,Active,24304.0,PHARMA_CORPORATE_ENTITY,551,100000.0,Goa
U33112GA2012PTC007069,QUALPRO DIAGNOSTICS PRIVATE LIMITED,Strike Off,33112.0,NAME_BASED_MATCH,551,150000.0,Goa
U62013GA2024PTC016672,SLEEPEUM THERAPEUTICS PRIVATE LIMITED,Active,62013.0,PHARMA_CORPORATE_ENTITY,552,40000.0,Goa
U74999GA2016PTC007829,SOUZA HEALTHCARE PRIVATE LIMITED,Strike Off,74999.0,NAME_BASED_MATCH,551,100000.0,Goa
U21098GA1995PTC001746,TOP LINE WRITING INSTRUMENTS PRIVATE LIMITED,Active,21098.0,DIRECT_NIC_PHARMA_MANUFACTURER,552,4812400.0,Goa
U24231GA2007PTC005165,NATURAL FORMULATIONS PRIVATE LIMITED,Strike Off,24231.0,DIRECT_NIC_PHARMA_MANUFACTURER,551,0.0,Goa
U24232GA1988PTC000878,NETWORK PHARMACEUTICALS PRIVATE LIMITED,Under process of striking off,24232.0,DIRECT_NIC_PHARMA_MANUFACTURER,551,0.0,Goa
U24232GA1995PTC001948,ELVINA HEALTHCARE INDIA PRIVATE LIMITED,Strike Off,24232.0,DIRECT_NIC_PHARMA_MANUFACTURER,551,100000.0,Goa
U24232GA1999PTC002735,KARE HEALTH SPECIALITIES PRIVATE LIMITED,Active,24232.0,DIRECT_NIC_PHARMA_MANUFACTURER,551,2003000.0,Goa
U24290GA2020PTC014544,MEDXA PHARMA PRIVATE LIMITED,Active,24290.0,PHARMA_CORPORATE_ENTITY,551,100000.0,Goa
U47721GA2026PTC017906,BUORO PHARMAX PRIVATE LIMITED,Active,47721.0,PHARMA_CORPORATE_ENTITY,552,100000.0,Goa
U55101GA1980PLC000395,ELVINA PHARMACEUTICALS LIMITED,Active,55101.0,PHARMA_CORPORATE_ENTITY,551,2500000.0,Goa
U00304GA1980PTC000401,MANDOVI PHARMACEUTICALS PVT LTD,Strike Off,304.0,PHARMA_CORPORATE_ENTITY,551,0.0,Goa
U02110GA1996PTC002110,DESAI ROMELL AND SAMANT REAL ESTATE DEVELOPERS PRIVATE LIMITED,Strike Off,2110.0,DIRECT_NIC_PHARMA_MANUFACTURER,551,6000.0,Goa
U21012GA2000PLC002888,DAMODAR PRINTPACK LIMITED,Active,21012.0,DIRECT_NIC_PHARMA_MANUFACTURER,551,1000000.0,Goa
U24232GA1984PTC000596,TOYO LABORATORIES PVT LTD,Active,24232.0,DIRECT_NIC_PHARMA_MANUFACTURER,551,725000.0,Goa
U85191GA2003PTC003313,SEED AYURVEDIC INSTITUTE PRIVATE LIMITED,Active,85191.0,NAME_BASED_MATCH,551,2553600.0,Goa
U85191GA2008PTC005589,PRADIPTA AYURVEDA AND EXPORTS PRIVATE LIMITED,Strike Off,85191.0,NAME_BASED_MATCH,551,100000.0,Goa
U93000GA2010PTC006441,AKSHAYA AYURVEDIC PRIVATE LIMITED,Strike Off,93000.0,NAME_BASED_MATCH,551,100000.0,Goa
AAM-9372,GVASA PHARMA LIMITED LIABILITY PARTNERSHIP,Active,nan,PHARMA_CORPORATE_ENTITY,551,0.0,Goa
U00304GA1988PTC000881,SKY PHARMACEUTICALS PRIVATE LIMITED,Strike Off,304.0,PHARMA_CORPORATE_ENTITY,551,0.0,Goa
U21003GA2025PTC017076,VRITTILIFE HEALTHCARE PRIVATE LIMITED,Active,21003.0,DIRECT_NIC_PHARMA_MANUFACTURER,551,20000.0,Goa
U21014GA2005PTC004090,GOA THERMOPACK PRIVATE LIMITED,Active,21014.0,DIRECT_NIC_PHARMA_MANUFACTURER,551,600000.0,Goa
U21093GA2008PTC005615,LUCKSHA PAPER INDUSTRIES PRIVATE LIMITED,Strike Off,21093.0,DIRECT_NIC_PHARMA_MANUFACTURER,551,0.0,Goa
U24232GA1988PTC000924,AJANTA MEDICALS PRIVATE LIMITED,Active,24232.0,DIRECT_NIC_PHARMA_MANUFACTURER,552,700000.0,Goa
U24239GA1991PLC001163,I F G LIMITED,Active,24239.0,DIRECT_NIC_PHARMA_MANUFACTURER,551,80270000.0,Goa
U21000GA2021OPC015095,247INVITES (OPC) PRIVATE LIMITED,Active,21000.0,DIRECT_NIC_PHARMA_MANUFACTURER,552,10000.0,Goa
U24231GA2005PLC004042,KALIKA VETERINARIES LIMITED,Active,24231.0,DIRECT_NIC_PHARMA_MANUFACTURER,551,500000.0,Goa
U24232GA1985PTC000606,KONKAN PHARMACEUTICALS PRIVATE LIMITED,Under process of striking off,24232.0,DIRECT_NIC_PHARMA_MANUFACTURER,551,50000.0,Goa
U24234GA1993PTC001374,SHWARDE PHARMACEUTICALS (INDIA) PRIVATE LIMITED,Active,24234.0,DIRECT_NIC_PHARMA_MANUFACTURER,551,12400000.0,Goa
AAL-5603,DISCOVER DRUGS LLP,Strike Off,nan,PHARMA_CORPORATE_ENTITY,551,0.0,Goa
ACH-0010,KRIGA LIFE SCIENCES LLP,Active,nan,PHARMA_CORPORATE_ENTITY,551,0.0,Goa
ACO-2067,VANNHI AYURVEDA LLP,Active,nan,NAME_BASED_MATCH,552,0.0,Goa
U01611GA2023PTC016033,SUNPOWER BIOTECH PRIVATE LIMITED,Active,1611.0,PHARMA_CORPORATE_ENTITY,552,90100.0,Goa
U21000GA2015PTC007736,DAMBO FOODPAC PRIVATE LIMITED,Active,21000.0,DIRECT_NIC_PHARMA_MANUFACTURER,552,100000.0,Goa
U21001GA2023PTC015869,KANTA BIOTECH PRIVATE LIMITED,Active,21001.0,DIRECT_NIC_PHARMA_MANUFACTURER,552,124500000.0,Goa
U21012GA2009PTC006044,OM SAMARTH WRITING INSTRUMENTS PRIVATE LIMITED,Active,21012.0,DIRECT_NIC_PHARMA_MANUFACTURER,551,1350000.0,Goa
U21014GA1999PTC002659,APEX PACKING PRODUCTS PRIVATE LIMITED,Active,21014.0,DIRECT_NIC_PHARMA_MANUFACTURER,551,20000000.0,Goa
U24230GA2014PTC007506,NUTRI ALCHEMIST PRIVATE LIMITED,Strike Off,24230.0,DIRECT_NIC_PHARMA_MANUFACTURER,551,100000.0,Goa
U24231GA1984PTC000591,TRANS VEIN PRIVATE LIMITED,Strike Off,24231.0,DIRECT_NIC_PHARMA_MANUFACTURER,551,100.0,Goa
U24232GA1989PTC000951,D AND M DIAGNOSTICS PRIVATE LIMITED,Under process of striking off,24232.0,DIRECT_NIC_PHARMA_MANUFACTURER,551,40000.0,Goa
U24299GA2023PTC015726,SHETYE PHARMA ENTERPRISES PRIVATE LIMITED,Active,24299.0,PHARMA_CORPORATE_ENTITY,551,100000.0,Goa
U33100GA2012PTC007084,ZEPHYR DIAGNOSTICS PRIVATE LIMITED,Strike Off,33100.0,NAME_BASED_MATCH,551,150000.0,Goa
U46497GA2025PTC017639,SOTERION LIFE SCIENCES PRIVATE LIMITED,Active,46497.0,PHARMA_CORPORATE_ENTITY,551,100000.0,Goa
U51909GA2018PTC013480,SEVDA PHARMACEUTICALS PRIVATE LIMITED,Active,51909.0,PHARMA_CORPORATE_ENTITY,552,100000.0,Goa
U52100GA2021PTC014684,RUMENSHEA LIFE SCIENCES PRIVATE LIMITED,Active,52100.0,PHARMA_CORPORATE_ENTITY,551,20000.0,Goa
U52311GA1992PTC002801,MEDISPRAY LABORATORIES PRIVATE LIMITED,Active,52311.0,PHARMA_CORPORATE_ENTITY,551,610130.0,Goa
U52311GA1996PTC002113,SPECIALITY PHARMA PRIVATE LIMITED,Active,52311.0,PHARMA_CORPORATE_ENTITY,551,728000.0,Goa
U62013GA2024PTC016607,RIVWELL HEALTHCARE PRIVATE LIMITED,Active,62013.0,NAME_BASED_MATCH,552,1000.0,Goa
U74999GA2018PTC013735,DE'SOURCE PHARMA PRIVATE LIMITED,Active,74999.0,PHARMA_CORPORATE_ENTITY,551,100000.0,Goa
U85190GA2013PTC007328,LAXMITA HEALTHCARE PRIVATE LIMITED,Strike Off,85190.0,NAME_BASED_MATCH,551,1300000.0,Goa
U85300GA2022NPL015344,SOUTHWEST INTEGRATIVE MEDICINE FORUM,Active,85300.0,PHARMA_CORPORATE_ENTITY,552,100000.0,Goa
U73100GA1971PTC000122,CIMLA LABORATORIES PRIVATE LIMITED,Active,73100.0,PHARMA_CORPORATE_ENTITY,551,101000.0,Goa
U73200GA2018FTC013696,CISEN PHARMACEUTICALS INDIA PRIVATE LIMITED,Active,73200.0,PHARMA_CORPORATE_ENTITY,552,176782905.0,Goa
U74999GA2018PTC013492,AYURCYCLE HEALTHCARE AND LIFESTYLE PRIVATE LIMITED,Strike Off,74999.0,NAME_BASED_MATCH,551,200000.0,Goa
U85100GA2016PTC012867,REJUVEN8 CLINICS AND HEALTHCARE PRIVATE LIMITED,Active,85100.0,NAME_BASED_MATCH,552,10000000.0,Goa
U24230GA2013PTC007185,KALAWATI HEALTH CARE SOLUTIONS PRIVATE LIMITED,Strike Off,24230.0,DIRECT_NIC_PHARMA_MANUFACTURER,551,500000.0,Goa
U21001GA2025OPC017719,CALIPRAX LABS (OPC) PRIVATE LIMITED,Active,21001.0,DIRECT_NIC_PHARMA_MANUFACTURER,551,5000.0,Goa
U21012GA1998PTC002622,GOLD STAR MACHINERY PRIVATE LIMITED,Under process of striking off,21012.0,DIRECT_NIC_PHARMA_MANUFACTURER,551,269200.0,Goa
U21029GA2020PTC014280,LAFABRICA CRAFT PRIVATE LIMITED,Active,21029.0,DIRECT_NIC_PHARMA_MANUFACTURER,552,10000.0,Goa
U24100GA2009PTC006219,HORMONE BIOTECH INDIA PRIVATE LIMITED,Active,24100.0,PHARMA_CORPORATE_ENTITY,551,100000.0,Goa
U24231GA1994PTC001712,SKEM LABORATORIES PRIVATE LIMITED,Strike Off,24231.0,DIRECT_NIC_PHARMA_MANUFACTURER,551,40000.0,Goa
U24232GA1984PTC000556,INDI PHARMA PRIVATE LIMITED,Active,24232.0,DIRECT_NIC_PHARMA_MANUFACTURER,551,1970000.0,Goa
U24232GA1988PTC000879,OMEGA PHARMACEUTICALS PRIVATE LIMITED,Under process of striking off,24232.0,DIRECT_NIC_PHARMA_MANUFACTURER,551,100000.0,Goa
U24232GA2013PTC007263,INDO EURO LIFESCIENCES PRIVATE LIMITED,Strike Off,24232.0,DIRECT_NIC_PHARMA_MANUFACTURER,552,500000.0,Goa
U24232GA2013PTC007299,HANNOR PHARMA PRIVATE LIMITED,Active,24232.0,DIRECT_NIC_PHARMA_MANUFACTURER,552,2500000.0,Goa
U24290GA2021PTC014848,JACI HEALTHCARE PRIVATE LIMITED,Active,24290.0,NAME_BASED_MATCH,551,10000.0,Goa
U24290GA2021PTC014866,JAISURYA BIOTECH PRIVATE LIMITED,Active,24290.0,PHARMA_CORPORATE_ENTITY,551,100000.0,Goa
U46497GA2026OPC018079,HATCHI HEALTHCARE (OPC) PRIVATE LIMITED,Active,46497.0,NAME_BASED_MATCH,551,25000.0,Goa
U51397GA2012PTC006990,MICRO AASTHA LABORATORIES PRIVATE LIMITED,Strike Off,51397.0,PHARMA_CORPORATE_ENTITY,551,100000.0,Goa
U21002GA2024PTC016517,RETINA GLOBAL LIFESCIENCE PRIVATE LIMITED,Active,21002.0,DIRECT_NIC_PHARMA_MANUFACTURER,552,500000.0,Goa
U21029GA1998PTC002615,MYPRINT PACKAGERS PRIVATE LIMITED,Strike Off,21029.0,DIRECT_NIC_PHARMA_MANUFACTURER,551,20.0,Goa
U47721GA2023PTC015956,ANAND HEALWAY PHARMACEUTICAL PRIVATE LIMITED,Active,47721.0,PHARMA_CORPORATE_ENTITY,552,5000000.0,Goa
ABZ-7994,COLVALCAR PHARMA LLP,Active,nan,PHARMA_CORPORATE_ENTITY,551,0.0,Goa
ACA-9512,NORTH GOA PHARMA LLP,Active,nan,PHARMA_CORPORATE_ENTITY,551,0.0,Goa
ACE-1298,BANYAN HEALTHCARE SERVICES LLP,Active,nan,NAME_BASED_MATCH,552,0.0,Goa
ACG-0946,KHAUNTE HEALTHCARE LLP,Active,nan,NAME_BASED_MATCH,551,0.0,Goa
ACG-2377,GOA DIAGNOSTIC LABORATORY LLP,Active,nan,NAME_BASED_MATCH,551,0.0,Goa
U00304GA1993PTC001468,ANITA PHARMA PRIVATE LIMITED,Strike Off,304.0,PHARMA_CORPORATE_ENTITY,551,0.0,Goa
U21001GA2024OPC016582,DRUGDYNAMICS SOLUTIONS (OPC) PRIVATE LIMITED,Active,21001.0,DIRECT_NIC_PHARMA_MANUFACTURER,552,20000.0,Goa
U21029GA1999PTC002687,VENTURE PRINT AND PACK PRIVATE LIMITED,Active,21029.0,DIRECT_NIC_PHARMA_MANUFACTURER,551,100000.0,Goa
U21029GA2003PTC003284,GURUKRUPA STEEL AND ROLLING MILLS PRIVATE LIMITED,Active,21029.0,DIRECT_NIC_PHARMA_MANUFACTURER,551,5500000.0,Goa
U24231GA1979PTC000366,HERMOG CHEMICALS PRIVATE LIMITED,Active,24231.0,DIRECT_NIC_PHARMA_MANUFACTURER,551,140000.0,Goa
U24232GA1998PTC002518,BEM PHARMACEUTICALS PRIVATE LIMITED,Strike Off,24232.0,DIRECT_NIC_PHARMA_MANUFACTURER,551,110000.0,Goa
U24236GA1967PTC000071,CHRISTINE HODEN (INDIA) PRIVATE LIMITED,Active,24236.0,DIRECT_NIC_PHARMA_MANUFACTURER,551,12829900.0,Goa
U24290GA2022PTC015156,MAHUR PHARMACEUTICALS PRIVATE LIMITED,Active,24290.0,PHARMA_CORPORATE_ENTITY,551,20000.0,Goa
U32509GA2025PTC017605,INTERVENTURE MEDTECH PRIVATE LIMITED,Active,32509.0,PHARMA_RELATED_MANUFACTURER,552,100000.0,Goa
AAQ-1519,XENERX HEALTHCARE SERVICES LLP,Converted to CMP and Dissolved,nan,NAME_BASED_MATCH,551,0.0,Goa
ACI-1870,THERA NIRVANA HEALTHCARE SOLUTIONS LLP,Active,nan,NAME_BASED_MATCH,551,0.0,Goa
U01119GA2003PTC003326,AMRITA AGRO AND HERBAL FARMING PRIVATE LIMITED,Strike Off,1119.0,NAME_BASED_MATCH,551,100000.0,Goa
U21022GA2013PTC007191,SUPERIOR BOX PRIVATE LIMITED,Active,21022.0,DIRECT_NIC_PHARMA_MANUFACTURER,552,1500000.0,Goa
U21029GA1998PTC002528,VELVIN PACKAGING PRIVATE LIMITED,Active,21029.0,DIRECT_NIC_PHARMA_MANUFACTURER,551,500000.0,Goa
U24232GA1988PTC000800,SIMCHEM PRIVATE LIMITED,Active,24232.0,DIRECT_NIC_PHARMA_MANUFACTURER,551,3603300.0,Goa
U24293GA1997PTC002434,WARD LABORATORIES INDIA PRIVATE LIMITED,Strike Off,24293.0,PHARMA_CORPORATE_ENTITY,551,100000.0,Goa
U46497GA2025PTC017600,CORMEDIX PHARMA PRIVATE LIMITED,Active,46497.0,PHARMA_CORPORATE_ENTITY,552,100000.0,Goa
U73100GA2005PTC003873,NEUCON PHARMA PRIVATE LIMITED,Active,73100.0,PHARMA_CORPORATE_ENTITY,552,100000.0,Goa
U85100GA2022PTC015629,YESHHRAJ AYURVEDA HEALTH PRIVATE LIMITED,Active,85100.0,NAME_BASED_MATCH,551,500000.0,Goa
U85110GA2006PTC004476,NEW AWAKENING HEALTHCARE PRIVATE LIMITED,Strike Off,85110.0,NAME_BASED_MATCH,551,0.0,Goa
U73100GA2010PTC014001,VERGO PHARMA RESEARCH PRIVATE LIMITED,Amalgamated,73100.0,PHARMA_CORPORATE_ENTITY,551,100000.0,Goa
ACW-9952,RAFAEL HEALTHCARE LLP,Active,nan,NAME_BASED_MATCH,552,0.0,Goa
U00304GA1991PLC001178,D'SILVA PHARMA SINGAR INDIA LIMITED,Strike Off,304.0,PHARMA_CORPORATE_ENTITY,551,0.0,Goa
U00304GA2006PTC004532,PENINSULA PHARMA RESEARCH CENTRE PRIVATE LIMITED,Active,304.0,PHARMA_CORPORATE_ENTITY,551,100000.0,Goa
U21000GA2012PTC007048,IDEAL PRINTPACK PRIVATE LIMITED,Strike Off,21000.0,DIRECT_NIC_PHARMA_MANUFACTURER,551,100000.0,Goa
U21023GA2009PTC006011,SHARVET CONTAINERS AND LOGISTICS (GOA) PRIVATE LIMITED,Active,21023.0,DIRECT_NIC_PHARMA_MANUFACTURER,551,100000.0,Goa
U24239GA2021PTC014781,TEAM24 COSMOS PRIVATE LIMITED,Active,24239.0,DIRECT_NIC_PHARMA_MANUFACTURER,551,1500000.0,Goa
U24247GA2006PTC004396,WILD EARTH HERBALS PRIVATE LIMITED,Strike Off,24247.0,NAME_BASED_MATCH,551,100000.0,Goa
U24297GA2008PTC005705,EXXORA HEALTHCARE PRIVATE LIMITED,Strike Off,24297.0,NAME_BASED_MATCH,551,100000.0,Goa
U24299GA2021PTC014955,VARDHNAM HEALTHCARE PRIVATE LIMITED,Active,24299.0,NAME_BASED_MATCH,551,500000.0,Goa
U24231GA2009PTC006036,ANANYA CHEMPLAST PRIVATE LIMITED,Strike Off,24231.0,DIRECT_NIC_PHARMA_MANUFACTURER,551,100000.0,Goa
U24304GA2019PTC014076,PURO GLOBAL HEALTHCARE PRIVATE LIMITED,Active,24304.0,NAME_BASED_MATCH,551,100000.0,Goa
ACG-6093,NOWIL HEALTHCARE LLP,Active,nan,NAME_BASED_MATCH,551,0.0,Goa
ACJ-4510,IMCON HEALTHCARE SERVICES LLP,Active,nan,NAME_BASED_MATCH,551,0.0,Goa
U21000GA2012PTC007096,BORKAR PRINTERS PRIVATE LIMITED,Active,21000.0,DIRECT_NIC_PHARMA_MANUFACTURER,551,150000.0,Goa
U21012GA1980PTC000404,BONPACK PRIVATE LIMITED,Strike Off,21012.0,DIRECT_NIC_PHARMA_MANUFACTURER,552,100000.0,Goa
AAJ-8337,SOARES HEALTHCARE LLP,Strike Off,nan,NAME_BASED_MATCH,551,0.0,Goa
U21090GA2010PTC006337,SIMPLE ZEN ECO FRIENDLY PRODUCTS PRIVATE LIMITED,Strike Off,21090.0,DIRECT_NIC_PHARMA_MANUFACTURER,551,100000.0,Goa
U24231GA2001PTC002981,SHWARDE LABS PRIVATE LIMITED,Strike Off,24231.0,DIRECT_NIC_PHARMA_MANUFACTURER,551,100000.0,Goa
U24239GA1968PTC000080,WALLACE PHARMACEUTICALS PRIVATE LIMITED,Active,24239.0,DIRECT_NIC_PHARMA_MANUFACTURER,551,26470000.0,Goa
U73100GA2006PTC004842,GOODWIN BIOTECHNOLOGY INDIA PRIVATE LIMITED,Strike Off,73100.0,PHARMA_CORPORATE_ENTITY,551,100000.0,Goa
U74900GA2011PTC006685,CLINOFF HEALTHCARE GOA PRIVATE LIMITED,Strike Off,74900.0,NAME_BASED_MATCH,551,100000.0,Goa
U85100GA2009PTC006100,CENTAUR HEALTHCARE SERVICES PRIVATE LIMITED,Active,85100.0,NAME_BASED_MATCH,552,9758900.0,Goa
U55101GA2007PTC005328,PALMS AYURVEDIC RESORT PRIVATE LIMITED,Strike Off,55101.0,NAME_BASED_MATCH,551,0.0,Goa
U24232GA1985PTC000625,VILMAN HEALTHCARE PRIVATE LIMITED,Active,24232.0,DIRECT_NIC_PHARMA_MANUFACTURER,551,1000000.0,Goa
U24290GA2022PTC015633,WAY2INNOVATIONS DIAGNOSTICS PRIVATE LIMITED,Active,24290.0,NAME_BASED_MATCH,552,500000.0,Goa
U85100GA2022PTC015392,BLITS HOMEOFARM TELEMEDICINES PRIVATE LIMITED,Active,85100.0,PHARMA_CORPORATE_ENTITY,552,100000.0,Goa
U74999GA2017PTC013394,VETCARE BIOTECHNOLOGIES PRIVATE LIMITED,Strike Off,74999.0,PHARMA_CORPORATE_ENTITY,552,100000.0,Goa
U74999GA2018PTC013753,SEKHET HEALTHCARE PRIVATE LIMITED,Active,74999.0,NAME_BASED_MATCH,551,100000.0,Goa
U85100GA2013PTC007242,MEDISYN (INDIA) HEALTHCARE PRIVATE LIMITED,Strike Off,85100.0,NAME_BASED_MATCH,551,550000.0,Goa
U85191GA2007SGC005365,HERBS VEDA HERBALS PRIVATE LIMITED,Active,85191.0,NAME_BASED_MATCH,551,0.0,Goa
AAA-5671,FRANSHA PHARMA LLP,Active,nan,PHARMA_CORPORATE_ENTITY,551,0.0,Goa
AAY-5108,DEVYANSHI BEAUTY AND HERBAL OILS LLP,Active,nan,NAME_BASED_MATCH,551,0.0,Goa
U87100GA2023OPC015893,PHYSICAT HEALTHCARE (OPC) PRIVATE LIMITED,Active,87100.0,NAME_BASED_MATCH,551,10000.0,Goa
U01575GA1994PTC001575,GOA FOOD AND PHARMA PRIVATE LIMITED,Active,1575.0,PHARMA_CORPORATE_ENTITY,551,4770000.0,Goa
U24231GA2006PTC004950,CORNEL MEDICA PRIVATE LIMITED,Strike Off,24231.0,DIRECT_NIC_PHARMA_MANUFACTURER,551,100000.0,Goa
U24232GA1994PTC001679,GOA DRUGS PRIVATE LIMITED,Active,24232.0,DIRECT_NIC_PHARMA_MANUFACTURER,551,10000.0,Goa
U24239GA2020PTC014631,GOLDEN DELIYA PRIVATE LIMITED,Strike Off,24239.0,DIRECT_NIC_PHARMA_MANUFACTURER,551,10000.0,Goa
U33111GA2014PTC007403,ARSANIK HEALTHCARE PRIVATE LIMITED,Active,33111.0,NAME_BASED_MATCH,551,1000000.0,Goa
U36912GA2013PTC007394,MAHALSA HEALTHCARE PRIVATE LIMITED,Strike Off,36912.0,NAME_BASED_MATCH,551,100000.0,Goa
U85100GA2019PTC014153,NUTRIGOLIFE HEALTHCARE PRIVATE LIMITED,Strike Off,85100.0,NAME_BASED_MATCH,552,100000.0,Goa
U85300GA2021PTC015043,NEXPATH LABORATORIES PRIVATE LIMITED,Active,85300.0,PHARMA_CORPORATE_ENTITY,551,100000.0,Goa
U85300GA2021PTC014700,ANTILA GENERIC MEDICINE PRIVATE LIMITED,Active,85300.0,PHARMA_CORPORATE_ENTITY,551,90000.0,Goa
ACD-3937,SVAY HEALTHCARE LLP,Active,nan,NAME_BASED_MATCH,551,0.0,Goa
ACO-1963,AYURVEDA KALYAN LLP,Active,nan,NAME_BASED_MATCH,551,0.0,Goa
U01117GA2007PTC005039,GOAN BIOTECH AND AGRO PRODUCTS PRIVATE LIMITED,Strike Off,1117.0,PHARMA_CORPORATE_ENTITY,551,100000.0,Goa
U21093GA2021PTC014758,DAMODAR S.S PRIVATE LIMITED,Active,21093.0,DIRECT_NIC_PHARMA_MANUFACTURER,552,20000.0,Goa
U21090GA2014PTC007531,CHURI INDUSTRIES PRIVATE LIMITED,Strike Off,21090.0,DIRECT_NIC_PHARMA_MANUFACTURER,551,100000.0,Goa
U24230GA2022PTC015685,ARCHIS AYURVED PRIVATE LIMITED,Active,24230.0,DIRECT_NIC_PHARMA_MANUFACTURER,551,100000.0,Goa
U24232GA1993PTC001410,GENO DRUGS PRIVATE LIMITED,Strike Off,24232.0,DIRECT_NIC_PHARMA_MANUFACTURER,551,100000.0,Goa
U24239GA2009PTC006125,DONAWITA HEALTHCARE INDIA PRIVATE LIMITED,Strike Off,24239.0,DIRECT_NIC_PHARMA_MANUFACTURER,551,300000.0,Goa
U24304GA2019PTC014101,GENESER PHARMACEUTICALS PRIVATE LIMITED,Active,24304.0,PHARMA_CORPORATE_ENTITY,551,100000.0,Goa
U46497GA2023PTC016027,SHREE LABH PHARMA PRIVATE LIMITED,Active,46497.0,PHARMA_CORPORATE_ENTITY,551,100000.0,Goa
AAD-4533,EREUNA HEALTHCARE LLP,Active,nan,NAME_BASED_MATCH,552,0.0,Goa
AAS-0492,WALLACE MEDIPHARMA LLP,Active,nan,PHARMA_CORPORATE_ENTITY,551,0.0,Goa
U21020GA2007PTC005267,PRIME TRADING CONCEPTS GOA PRIVATE LIMITED,Active,21020.0,DIRECT_NIC_PHARMA_MANUFACTURER,551,100000.0,Goa
U24231GA2002PTC003110,COLORCON PHARMACEUTICALS SERVICES PRIVATE LIMITED,Strike Off,24231.0,DIRECT_NIC_PHARMA_MANUFACTURER,552,100000.0,Goa
U24232GA1985PTC000630,BOROTECH FINE CHEMICAL PRIVATE LIMITED,Strike Off,24232.0,DIRECT_NIC_PHARMA_MANUFACTURER,551,100000.0,Goa
U24230GA2008PTC005972,NARAYAN BANDEKAR PHARMA AND ENERGY PRIVATE LIMITED,Converted to LLP,24230.0,DIRECT_NIC_PHARMA_MANUFACTURER,552,600000.0,Goa
U24232GA1996PLC002040,MENEZES PHARMACEUTICALS LIMITED,Active,24232.0,DIRECT_NIC_PHARMA_MANUFACTURER,551,8500000.0,Goa
U46497GA2026PTC018092,AVEITAS PHARMA PRIVATE LIMITED,Active,46497.0,PHARMA_CORPORATE_ENTITY,552,100000.0,Goa
U74999GA2017NPL013257,SWAN FOUNDATION FOR AYURVEDA & YOGA RESEARCH,Active,74999.0,NAME_BASED_MATCH,551,100000.0,Goa
U74999GA2017PTC013239,SIRAFA AYURVEDICS PRIVATE LIMITED,Strike Off,74999.0,NAME_BASED_MATCH,552,100000.0,Goa
U85100GA2013PTC007208,AUGUST LIFE SCIENCES PRIVATE LIMITED,Strike Off,85100.0,PHARMA_CORPORATE_ENTITY,552,100000.0,Goa
ABD-0357,MANDOVI VETMINDS PHARMA LLP,Active,nan,PHARMA_CORPORATE_ENTITY,551,0.0,Goa
U24231GA2003PTC003183,AZAVEDO PHARMA PRIVATE LIMITED,Strike Off,24231.0,DIRECT_NIC_PHARMA_MANUFACTURER,551,100000.0,Goa
U21029GA1996PTC002112,AASHU PACKS PRIVATE LIMITED,Strike Off,21029.0,DIRECT_NIC_PHARMA_MANUFACTURER,551,300.0,Goa
U24232GA1998PTC002526,WALLACE MEDIPHARMA PRIVATE LIMITED,Converted to LLP,24232.0,DIRECT_NIC_PHARMA_MANUFACTURER,551,920000.0,Goa
U51909GA2014PTC007454,MOTIVI PHARMACEUTICALS PRIVATE LIMITED,Active,51909.0,PHARMA_CORPORATE_ENTITY,551,100000.0,Goa
U55101GA2006PTC004791,BIO VEDA AYURVEDIC RESORTS PRIVATE LIMITED,Strike Off,55101.0,NAME_BASED_MATCH,551,0.0,Goa
U73200GA2010PTC006462,VERGO PHARMA RESEARCH LABORATORIES PRIVATE LIMITED,Active,73200.0,PHARMA_CORPORATE_ENTITY,551,270000000.0,Goa
U85100GA2014PTC007513,VAAL HEALTHCARE PRIVATE LIMITED,Strike Off,85100.0,NAME_BASED_MATCH,551,100000.0,Goa
U85190GA2015PTC007584,ZYVA LIVING HEALTHCARE PRIVATE LIMITED,Active,85190.0,NAME_BASED_MATCH,551,100000.0,Goa
U85191GA2007PTC005402,TRUE AYURVEDIC HEALTH CENTRE PRIVATE LIMITED,Strike Off,85191.0,NAME_BASED_MATCH,551,0.0,Goa
U93000GA2010PTC006492,QUINLAN LIFE SCIENCES RESEARCH PRIVATE LIMITED,Strike Off,93000.0,PHARMA_CORPORATE_ENTITY,551,100000.0,Goa
U74999GA2017PTC013343,SEVARAT HEALTHCARE AND NURSING PRIVATE LIMITED,Active,74999.0,NAME_BASED_MATCH,551,103960.0,Goa
U85110GA2005PTC003814,OMKAR THERAPEUTIC AND HEALTH SERVICES PRIVATE LIMITED,Under process of striking off,85110.0,PHARMA_CORPORATE_ENTITY,551,100000.0,Goa
U85191GA2000PTC002883,OJUS AYURVEDIC HEALTH CENTRE PRIVATE LIMITED,Strike Off,85191.0,NAME_BASED_MATCH,552,102000.0,Goa
U86905GA2023OPC016301,SCK HEALTHCARE (OPC) PRIVATE LIMITED,Active,86905.0,NAME_BASED_MATCH,551,10000.0,Goa
AAU-6134,ANUTVA BIOTECH LLP,Active,nan,PHARMA_CORPORATE_ENTITY,551,0.0,Goa
ACI-5891,ZLATA PHARMA LLP,Active,nan,PHARMA_CORPORATE_ENTITY,551,0.0,Goa
U24234GA1983PTC000546,HI-TECH CAPSULES PRIVATE LIMITED,Strike Off,24234.0,DIRECT_NIC_PHARMA_MANUFACTURER,551,7782000.0,Goa
U24297GA2015PTC007635,VENTURAS HEALTHCARE WELLNESS PRIVATE LIMITED,Active,24297.0,NAME_BASED_MATCH,552,100000.0,Goa
U46497GA2024PTC016743,ZUHUR PHARMA PRIVATE LIMITED,Active,46497.0,PHARMA_CORPORATE_ENTITY,551,100000.0,Goa
ABC-6130,NEOMIS HEALTHCARE LLP,Active,nan,NAME_BASED_MATCH,551,0.0,Goa
U00304GA1988PTC000884,SITARA PHARMACEUTICALS PRIVATE LIMITED,Under process of striking off,304.0,PHARMA_CORPORATE_ENTITY,551,100000.0,Goa
U21000GA2019PTC014144,ANTONIAN SONS PRIVATE LIMITED,Active,21000.0,DIRECT_NIC_PHARMA_MANUFACTURER,551,15100000.0,Goa
U24232GA1988PTC000876,SUPERNAVA PHARMACEUTICALS PRIVATE LIMITED,Under process of striking off,24232.0,DIRECT_NIC_PHARMA_MANUFACTURER,551,100000.0,Goa
U00304GA1988PTC000877,HOPE PHARMACEUTICALS PRIVATE LIMITED,Strike Off,304.0,PHARMA_CORPORATE_ENTITY,551,0.0,Goa
U24232GA2004PTC003410,STAR CAPSULES PRIVATE LIMITED,Under process of striking off,24232.0,DIRECT_NIC_PHARMA_MANUFACTURER,551,100000.0,Goa
ACU-1438,JACINTA PHARMA LLP,Active,nan,PHARMA_CORPORATE_ENTITY,552,0.0,Goa
U00304GA1984PTC002031,HELVETICA LABORATORIES PRIVATE LIMITED,Amalgamated,304.0,PHARMA_CORPORATE_ENTITY,551,0.0,Goa
U21012GA1999PTC002660,CUTTING EDGE MARKETING COMPANY PRIVATE LIMITED,Strike Off,21012.0,DIRECT_NIC_PHARMA_MANUFACTURER,551,80000.0,Goa
U24230GA2013PTC007187,ION NUTRICARE PRIVATE LIMITED,Strike Off,24230.0,DIRECT_NIC_PHARMA_MANUFACTURER,551,100000.0,Goa
U24297GA2016PTC007795,GOAWAY PHARMA PRIVATE LIMITED,Strike Off,24297.0,PHARMA_CORPORATE_ENTITY,551,197040.0,Goa
U52311GA2000PTC002786,DATSUN PHARMACEUTICALS PRIVATE LIMITED,Active,52311.0,PHARMA_CORPORATE_ENTITY,552,100000.0,Goa
ABA-5703,PENTACREST HEALTHCARE LLP,Active,nan,NAME_BASED_MATCH,551,0.0,Goa
U00369GA1981PTC000442,DIVA PHARMACEUTICALS PVT LTD,Amalgamated,369.0,PHARMA_CORPORATE_ENTITY,551,0.0,Goa
U21019GA1976PTC000267,GOA CONES AND CARTONS PRIVATE LIMITED,Active,21019.0,DIRECT_NIC_PHARMA_MANUFACTURER,551,400.0,Goa
U21020GA2014PTC007431,SUVIDYA BOX MANUFACTURING COMPANY PRIVATE LIMITED,Active,21020.0,DIRECT_NIC_PHARMA_MANUFACTURER,552,5100000.0,Goa
U24230GA2021PLC014640,MENEZES PHARMACHEM INDIA LIMITED,Strike Off,24230.0,DIRECT_NIC_PHARMA_MANUFACTURER,551,100000.0,Goa
U51909GA2022PTC015169,HREEMCARE PHARMACEUTICAL PRIVATE LIMITED,Active,51909.0,PHARMA_CORPORATE_ENTITY,551,100000.0,Goa
U46497GA2026PTC018000,JMK BIOTECH PRIVATE LIMITED,Active,46497.0,PHARMA_CORPORATE_ENTITY,551,100000.0,Goa
U33112GA1996PTC002029,MOTIFF LABORATORIES PRIVATE LIMITED,Active,33112.0,PHARMA_CORPORATE_ENTITY,551,2000000.0,Goa
U21009GA2023OPC016155,ROSEVANA PHARMA (OPC) PRIVATE LIMITED,Active,21009.0,DIRECT_NIC_PHARMA_MANUFACTURER,552,100000.0,Goa
U24231GA2002PTC003130,AMGENIX DIAGNOSTICS PRIVATE LIMITED,Strike Off,24231.0,DIRECT_NIC_PHARMA_MANUFACTURER,551,100000.0,Goa
U24233GA2013PTC007181,GREEN ESSENTIAL AND WELLBEING PRIVATE LIMITED,Strike Off,24233.0,DIRECT_NIC_PHARMA_MANUFACTURER,551,100000.0,Goa
U51397GA2021PTC015071,XENERX HEALTHCARE SERVICES PRIVATE LIMITED,Active,51397.0,NAME_BASED_MATCH,552,1000000.0,Goa
U74909GA2025OPC017465,QTRONIX PHARMA SERVICES (OPC) PRIVATE LIMITED,Active,74909.0,PHARMA_CORPORATE_ENTITY,551,10000.0,Goa
U85110GA2002PLC003157,GOA HEALTHCARE AND RESEARCH FOUNDATION LIMITED,Strike Off,85110.0,NAME_BASED_MATCH,551,500000.0,Goa
U74999GA2015PTC007679,RED SOIL HERBALS (INDIA) PRIVATE LIMITED,Strike Off,74999.0,NAME_BASED_MATCH,551,100000.0,Goa
U02634GA1998PTC002634,DASICS HEALTHCARE PRIVATE LIMITED,Strike Off,2634.0,NAME_BASED_MATCH,551,1000000.0,Goa
AAK-5545,ARNESTA HEALTHCARE LLP,Strike Off,nan,NAME_BASED_MATCH,551,0.0,Goa
ACI-6482,CONNEXION HEALTHCARE LLP,Active,nan,NAME_BASED_MATCH,551,0.0,Goa
U01100GA2022PTC015365,VARDDAN BIOTECH PRIVATE LIMITED,Active,1100.0,PHARMA_CORPORATE_ENTITY,551,100000.0,Goa
U21009GA2024PTC016398,STACK NUTRACEUTICALS PRIVATE LIMITED,Active,21009.0,DIRECT_NIC_PHARMA_MANUFACTURER,551,127740.0,Goa
U24230GA2010PTC006407,TABER PHARMACEUTICALS PRIVATE LIMITED,Strike Off,24230.0,DIRECT_NIC_PHARMA_MANUFACTURER,551,100000.0,Goa
U24231GA2002PTC003111,BERWIND PHARMACEUTICALS SERVICES PRIVATE LIMITED,Active,24231.0,DIRECT_NIC_PHARMA_MANUFACTURER,552,100000.0,Goa
U24231GA2004PTC003563,GOA MEDICARE DEVICES PRIVATE LIMITED,Active,24231.0,DIRECT_NIC_PHARMA_MANUFACTURER,551,6000000.0,Goa
U24232GA1993PTC001319,MAHALASA POLYPLAST PRIVATE LIMITED,Active,24232.0,DIRECT_NIC_PHARMA_MANUFACTURER,551,1250000.0,Goa
U24232GA1993PTC001442,IRISH HEALTHCARE PRIVATE LIMITED,Strike Off,24232.0,DIRECT_NIC_PHARMA_MANUFACTURER,551,400000.0,Goa
U24232GA1998PTC002519,LIFEPLUS DRUGS INDIA PRIVATE LIMITED,Strike Off,24232.0,DIRECT_NIC_PHARMA_MANUFACTURER,551,110000.0,Goa
U24290GA2020PTC014359,AYUR BLAZE HEALTHCARE PRIVATE LIMITED,Active,24290.0,NAME_BASED_MATCH,551,100000.0,Goa
U24304GA2017PTC013245,MARQUESH FORMULATION PRIVATE LIMITED,Strike Off,24304.0,PHARMA_CORPORATE_ENTITY,551,1500000.0,Goa
U21000GA2013PTC007379,MAYUKUMAR MANUFACTURERS PRIVATE LIMITED,Active,21000.0,DIRECT_NIC_PHARMA_MANUFACTURER,552,100000.0,Goa
U24232GA1981PTC000633,GAURAV PRODUCTS PRIVATE LIMITED,Strike Off,24232.0,DIRECT_NIC_PHARMA_MANUFACTURER,552,100000.0,Goa
U24299GA1995PTC001936,PICFARE LABORATORIES PRIVATE LIMITED,Active,24299.0,PHARMA_CORPORATE_ENTITY,552,100000.0,Goa
U35111GA2002PTC003138,ANAMAYEE PHARMACHEM PRIVATE LIMITED,Active,35111.0,PHARMA_CORPORATE_ENTITY,551,25000000.0,Goa
U47721GA2023PTC016048,RUSCORN LIFE SCIENCES PRIVATE LIMITED,Active,47721.0,PHARMA_CORPORATE_ENTITY,552,10000.0,Goa
U74999GA2017OPC013244,DR NICOLE GLANZ PHARMA (OPC) PRIVATE LIMITED,Strike Off,74999.0,PHARMA_CORPORATE_ENTITY,551,100000.0,Goa
U85100GA2008PTC005787,GOA SUNRISE HEALTHCARE PRIVATE LIMITED,Strike Off,85100.0,NAME_BASED_MATCH,551,0.0,Goa
U85110GA2022PTC015538,ADWALPALKAR HEALTHCARE PRIVATE LIMITED,Active,85110.0,NAME_BASED_MATCH,551,15500000.0,Goa
U74999GA2017PTC013203,NEOVITA BIOPHARMACEUTICAL PRIVATE LIMITED,Active,74999.0,PHARMA_CORPORATE_ENTITY,551,100000.0,Goa
U74999GA2019PTC013894,TAIMED PHARMACEUTICALS PRIVATE LIMITED,Active,74999.0,PHARMA_CORPORATE_ENTITY,551,200000.0,Goa
U85191GA2001PTC003022,AYURVEDIC NATURAL HEALTH CENTRE PRIVATE LIMITED,Active,85191.0,NAME_BASED_MATCH,551,100000.0,Goa
U85195GA1988PTC005717,TULIP DIAGNOSTICS PRIVATE LIMITED,Active,85195.0,NAME_BASED_MATCH,551,21636500.0,Goa
U86905GA2024OPC016492,SHRIPRASAD DIAGNOSTIC LABORATORY (OPC) PRIVATE LIMITED,Active,86905.0,NAME_BASED_MATCH,551,10000.0,Goa
AAC-9787,NEOTRIC PHARMACEUTICAL LLP,Active,nan,PHARMA_CORPORATE_ENTITY,551,0.0,Goa
AAD-0047,NARAYAN BANDEKAR PHARMA AND ENERGY LLP,Active,nan,PHARMA_CORPORATE_ENTITY,552,0.0,Goa
AAT-7359,ARCHIES SAPPHIRE HEALTHCARE LLP,Active,nan,NAME_BASED_MATCH,552,0.0,Goa
AAW-8449,GURUKRUPA'S AMRUTA AYURVEDA LLP,Active,nan,NAME_BASED_MATCH,551,0.0,Goa
ACE-2985,AYURGLOW HEALTHCARE LLP,Active,nan,NAME_BASED_MATCH,551,0.0,Goa
ACY-6061,GREENORGO HEALTHCARE LLP,Active,nan,NAME_BASED_MATCH,551,0.0,Goa
U00304GA1999PTC002643,CENTAUR DRUG HOUSE PRIVATE LIMITED,Under process of striking off,304.0,PHARMA_CORPORATE_ENTITY,551,0.0,Goa
U00305GA1990PTC001025,D'SILVA PHARMA CHEM PRIVATE LIMITED,Strike Off,305.0,PHARMA_CORPORATE_ENTITY,551,0.0,Goa
U21000GA2019PTC014027,BIO-HYDRA INDIA PRIVATE LIMITED,Active,21000.0,DIRECT_NIC_PHARMA_MANUFACTURER,551,100000.0,Goa
U21000GA2025PTC017545,GLOWEZA GOA PRIVATE LIMITED,Active,21000.0,DIRECT_NIC_PHARMA_MANUFACTURER,551,50000.0,Goa
U21001GA2025PTC017357,MEDORICA PHARMA PRIVATE LIMITED,Active,21001.0,DIRECT_NIC_PHARMA_MANUFACTURER,551,1000000.0,Goa
U21029GA1997PTC002272,GOA PAPER AND BOARD CONVERTERS PRIVATE LIMITED,Active,21029.0,DIRECT_NIC_PHARMA_MANUFACTURER,551,5000000.0,Goa
U21099GA2017PTC013208,KONKAN PAPER PRODUCTS PRIVATE LIMITED,Active,21099.0,DIRECT_NIC_PHARMA_MANUFACTURER,551,1500000.0,Goa
U24231GA2000PTC002916,LIBOX CHEM (INDIA) PRIVATE LIMITED,Active,24231.0,DIRECT_NIC_PHARMA_MANUFACTURER,551,5400000.0,Goa
U24231GA2001PTC003011,KALIKA PHARMA PRIVATE LIMITED,Under process of striking off,24231.0,DIRECT_NIC_PHARMA_MANUFACTURER,551,100000.0,Goa
U24231GA2001PTC003056,ESTEEM INDUSTRIES PRIVATE LIMITED,Active,24231.0,DIRECT_NIC_PHARMA_MANUFACTURER,551,50000000.0,Goa
U24231GA2013PTC007231,GOAN PHARMA PRIVATE LIMITED,Active,24231.0,DIRECT_NIC_PHARMA_MANUFACTURER,551,100000.0,Goa
U24232GA1988PTC000880,SPARTAN PHARMACEUTICALS PRIVATE LIMITED,Under process of striking off,24232.0,DIRECT_NIC_PHARMA_MANUFACTURER,551,100000.0,Goa
U24233GA2021PTC014635,HERBAXT FORMULATIONS PRIVATE LIMITED,Active,24233.0,DIRECT_NIC_PHARMA_MANUFACTURER,551,200000.0,Goa
U24239GA1975PTC000250,GENO PHARMACEUTICALS PRIVATE LIMITED,Active,24239.0,DIRECT_NIC_PHARMA_MANUFACTURER,551,30000000.0,Goa
U24239GA1995PTC001862,CANVET PHARMA INCORPORATION PRIVATE LIMITED,Active,24239.0,DIRECT_NIC_PHARMA_MANUFACTURER,551,140000.0,Goa
U24246GA1981PLC000465,CFL PHARMACEUTICALS LIMITED,Active,24246.0,PHARMA_CORPORATE_ENTITY,551,7500000.0,Goa
U24290GA2020PTC014451,ADAPTIS PHARMA PRIVATE LIMITED,Active,24290.0,PHARMA_CORPORATE_ENTITY,551,100000.0,Goa
U24299GA2019PTC014199,SARDIA AND SARDIA HEALTHCARE PRIVATE LIMITED,Strike Off,24299.0,NAME_BASED_MATCH,552,100000.0,Goa
U33112GA1996PTC002077,WALLACE LABORATORIES PRIVATE LIMITED,Amalgamated,33112.0,PHARMA_CORPORATE_ENTITY,551,837000.0,Goa
U51909GA2017PTC013268,SAUDAVEL PHARMACEUTICALS PRIVATE LIMITED,Active,51909.0,PHARMA_CORPORATE_ENTITY,552,100000.0,Goa
U51909GA2017PTC013427,SADAR BIOTECH PRIVATE LIMITED,Active,51909.0,PHARMA_CORPORATE_ENTITY,551,97600000.0,Goa
L24233GA1985PLC001587,SANDU PHARMACEUTICALS LIMITED,Active,24233.0,DIRECT_NIC_PHARMA_MANUFACTURER,551,96609900.0,Goa
U02100GA1996PTC002100,MURPHY ELECTRONICS PRIVATE.LIMITED.,Active,2100.0,DIRECT_NIC_PHARMA_MANUFACTURER,551,3300.0,Goa
U24231GA1977PTC000296,MERIT PHARMACEUTICALS PRIVATE LIMITED,Active,24231.0,DIRECT_NIC_PHARMA_MANUFACTURER,551,584000.0,Goa
U24232GA2004PTC003393,NOVLARIS PHARMA PRIVATE LIMITED,Strike Off,24232.0,DIRECT_NIC_PHARMA_MANUFACTURER,551,500000.0,Goa
U24290GA2022PTC015446,SAMARTHPRO HEALTHCARE PRIVATE LIMITED,Active,24290.0,NAME_BASED_MATCH,551,100000.0,Goa
U33125GA2000PLC002909,MOLBIO DIAGNOSTICS LIMITED,Active,33125.0,NAME_BASED_MATCH,552,112759750.0,Goa
U74999GA2016OPC012997,LAPIS DESIGN STUDIO PRIVATE LIMITED (OPC),Strike Off,74999.0,PHARMA_CORPORATE_ENTITY,551,500000.0,Goa
U85191GA2009PTC006048,ALCHIMIA AYURVEDIC YOGA HEALTH THERAPIES PRIVATE LIMITED,Strike Off,85191.0,NAME_BASED_MATCH,551,100000.0,Goa
U93090GA2017PTC013227,NAMASTE HERBALS PRIVATE LIMITED,Active,93090.0,NAME_BASED_MATCH,551,100000.0,Goa
U85320GA2020OPC014255,INTELLICURE HEALTHCARE SERVICES (OPC) PRIVATE LIMITED,Active,85320.0,NAME_BASED_MATCH,552,10000.0,Goa
U33110GA2015PTC007638,BINDUMADHAV PHARMA PRIVATE LIMITED,Active,33110.0,PHARMA_CORPORATE_ENTITY,551,100000.0,Goa
U74999GA2016PTC013002,AYURKUNJ HEALTHCARE PRIVATE LIMITED,Strike Off,74999.0,NAME_BASED_MATCH,551,100000.0,Goa
U74999GA2006PTC004906,BUZ BIOTECH CONSULTANCY PRIVATE LIMITED,Active,74999.0,PHARMA_CORPORATE_ENTITY,551,7000000.0,Goa
U85100GA2015PTC007749,SALIGAO AYURVEDIC HEALTH CENTRE PRIVATE LIMITED,Strike Off,85100.0,NAME_BASED_MATCH,551,100000.0,Goa
U21009GA2024PTC016650,BREATHELIFE BIOSCIENCES PRIVATE LIMITED,Active,21009.0,DIRECT_NIC_PHARMA_MANUFACTURER,552,100000.0,Goa
U24239GA2004PTC003505,PETALS HEALTH CARE PRIVATE LIMITED,Under process of striking off,24239.0,DIRECT_NIC_PHARMA_MANUFACTURER,551,10000.0,Goa
U51101GA2015PTC007701,MAXWELL AND HOPKINS HEALTHCARE INDIA PRIVATE LIMITED,Strike Off,51101.0,NAME_BASED_MATCH,551,100000.0,Goa
U24232GA1987PTC007465,MEDIZEST PHARMACEUTICALS PRIVATE LIMITED,Active,24232.0,DIRECT_NIC_PHARMA_MANUFACTURER,552,40262600.0,Goa
U24232GA1993PTC001479,MAHALASA ORGANICS PRIVATE LIMITED,Strike Off,24232.0,DIRECT_NIC_PHARMA_MANUFACTURER,551,300.0,Goa
U24232GA2002PTC003117,TIVIM PHARMACEUTICALS PRIVATE LIMITED,Strike Off,24232.0,DIRECT_NIC_PHARMA_MANUFACTURER,551,100000.0,Goa
U24233GA2021PTC014956,OCEANIC BREEZE NATURELLE PRIVATE LIMITED,Active,24233.0,DIRECT_NIC_PHARMA_MANUFACTURER,552,100000.0,Goa
U24234GA1983PTC000542,GOA CAPSULES PRIVATE LIMITED,Active,24234.0,DIRECT_NIC_PHARMA_MANUFACTURER,551,781200.0,Goa
AAR-6266,ARCHES SUNSHINE HEALTHCARE LLP,Active,nan,NAME_BASED_MATCH,552,0.0,Goa
ACJ-8941,EIGHTWISE HEALTHCARE LLP,Active,nan,NAME_BASED_MATCH,551,0.0,Goa
U00203GA1991PTC001135,SKYLINE AQUA ACE BIOTECHNOLOGIES PRIVATE LIMITED,Under process of striking off,203.0,PHARMA_CORPORATE_ENTITY,551,0.0,Goa
U21004GA2024PTC016529,SCINOVA SOLUTIONS PRIVATE LIMITED,Active,21004.0,DIRECT_NIC_PHARMA_MANUFACTURER,552,100000.0,Goa
U24100GA2004PTC007040,ARYAVAAN PHARMACEUTICALS PRIVATE LIMITED,Active,24100.0,PHARMA_CORPORATE_ENTITY,551,200010.0,Goa
U24230GA2020PTC014503,CAPHEALTHY PHARMA PRIVATE LIMITED,Active,24230.0,DIRECT_NIC_PHARMA_MANUFACTURER,551,4001000.0,Goa
U24234GA2008PTC005849,NIVAN PHARMACEUTICALS INDIA PRIVATE LIMITED,Active,24234.0,DIRECT_NIC_PHARMA_MANUFACTURER,551,100000.0,Goa
U31200GA1985PTC000638,ALCURE PHARMACEUTICALS PVT LTD,Active,31200.0,PHARMA_CORPORATE_ENTITY,551,1372000.0,Goa
U46497GA2024PTC016654,TARCAR PHARMA PRIVATE LIMITED,Active,46497.0,PHARMA_CORPORATE_ENTITY,551,100000.0,Goa
U52310GA2011PTC006594,EXPERT HEALTHCARE & ALLIED SERVICES PRIVATE LIMITED,Strike Off,52310.0,NAME_BASED_MATCH,551,100000.0,Goa
U85191GA2004PTC003485,GOA AYURVEDIC HEALTH CLINIC PRIVATE LIMITED,Strike Off,85191.0,NAME_BASED_MATCH,552,100000.0,Goa
U87100GA2023PTC015948,MEDICAS MANUS NATURA HEALTHCARE PRIVATE LIMITED,Active,87100.0,NAME_BASED_MATCH,551,300000.0,Goa
U73100GA2011FTC013586,FERTIN PHARMA RESEARCH AND DEVELOPMENT INDIA PRIVATE LIMITED,Amalgamated,73100.0,PHARMA_CORPORATE_ENTITY,552,18404070.0,Goa
U85110GA1992PTC001270,VIDHYA DIAGNOSTICS PRIVATE LIMITED,Strike Off,85110.0,NAME_BASED_MATCH,551,100000.0,Goa
U85195GA1993PTC001481,MURGAO DIAGNOSTIC AND RESEARCH CENTRE PR IVATE LIMITED,Strike Off,85195.0,NAME_BASED_MATCH,551,150000.0,Goa
U21014GA1992PLC001189,SAGUN EXTRUSIONS LIMITED,Active,21014.0,DIRECT_NIC_PHARMA_MANUFACTURER,551,1250000.0,Goa
U21019GA2004PTC003420,SHREE RAJESHWARI SPECIALTY CHEM PRIVATE LIMITED,Active,21019.0,DIRECT_NIC_PHARMA_MANUFACTURER,551,1000000.0,Goa
U24232GA1988PTC000815,FARMATEK PRIVATE LIMITED,Active,24232.0,DIRECT_NIC_PHARMA_MANUFACTURER,551,106800.0,Goa
U24233GA2013FTC007857,FERTIN INDIA PRIVATE LIMITED,Active,24233.0,DIRECT_NIC_PHARMA_MANUFACTURER,552,261664910.0,Goa
U33201GA1997PLC002475,CLARI - VISION EYECARE LABORATORIES LIMITED,Active,33201.0,PHARMA_CORPORATE_ENTITY,551,700.0,Goa
U46900GA2025PTC017213,ANTILA HEALTHCARE PRIVATE LIMITED,Active,46900.0,NAME_BASED_MATCH,551,1000000.0,Goa
U21016GA2015PTC007580,BORKAR SURAKSHA PACKAGING PRIVATE LIMITED,Active,21016.0,DIRECT_NIC_PHARMA_MANUFACTURER,552,5000000.0,Goa
U24232GA2009PTC006088,GLORY HERBALS GOA PRIVATE LIMITED,Strike Off,24232.0,DIRECT_NIC_PHARMA_MANUFACTURER,551,100000.0,Goa
U24236GA1965PTC000055,BEIERSDORF (INDIA) PRIVATE LIMITED,Active,24236.0,DIRECT_NIC_PHARMA_MANUFACTURER,551,5000000.0,Goa
U33300GA2017PTC013414,HELPZYN PHARMACO PRIVATE LIMITED,Active,33300.0,PHARMA_CORPORATE_ENTITY,552,1100000.0,Goa
AAP-8307,ANTILA HEALTHCARE LLP,Converted and Dissolved,nan,NAME_BASED_MATCH,551,0.0,Goa
ACG-6088,HNN NEO HEALTHCARE LLP,Active,nan,NAME_BASED_MATCH,552,0.0,Goa
U21023GA1995PTC001806,SUPERTEC PACKAGING PRIVATE LIMITED,Active,21023.0,DIRECT_NIC_PHARMA_MANUFACTURER,551,985000.0,Goa
U21029GA2005PTC004162,BLUE CUBE PRINT AND PACK PRIVATE LIMITED,Active,21029.0,DIRECT_NIC_PHARMA_MANUFACTURER,551,2500000.0,Goa
U21098GA2018PTC013465,DAMBO PACKAGING PRIVATE LIMITED,Active,21098.0,DIRECT_NIC_PHARMA_MANUFACTURER,552,1500000.0,Goa
U24231GA1975PTC000251,DCI PHARMACEUTICALS PRIVATE LIMITED,Active,24231.0,DIRECT_NIC_PHARMA_MANUFACTURER,551,21786000.0,Goa
U24232GA1988PTC000930,PARAMED PHARMACEUTICALS PRIVATE LIMITED,Under process of striking off,24232.0,DIRECT_NIC_PHARMA_MANUFACTURER,551,22000.0,Goa
U24232GA2000PTC002887,MILLENNIUM TOPICALS PRIVATE LIMITED,Active,24232.0,DIRECT_NIC_PHARMA_MANUFACTURER,551,100000.0,Goa
U21023GA1997PTC002344,GOA EPS PRODUCTS PRIVATE LIMITED,Active,21023.0,DIRECT_NIC_PHARMA_MANUFACTURER,551,2400000.0,Goa
U24211GA1993PTC001418,TOYO PHARMA PRIVATE LIMITED,Under process of striking off,24211.0,PHARMA_CORPORATE_ENTITY,551,100000.0,Goa
U00883GA1988PTC000883,PRIYA PHARMACEUTICALS PRIVATE LIMITED,Under process of striking off,883.0,PHARMA_CORPORATE_ENTITY,551,2000.0,Goa
U21015GA1997PTC002484,ALCINA PACKERS PRIVATE LIMITED,Active,21015.0,DIRECT_NIC_PHARMA_MANUFACTURER,552,990000.0,Goa
U21097GA2021PTC014665,KJC- KEEP THE JOYS COMING PRIVATE LIMITED,Active,21097.0,DIRECT_NIC_PHARMA_MANUFACTURER,551,100000.0,Goa
ACY-0781,MEDDYGOAL HEALTHCARE LLP,Active,nan,NAME_BASED_MATCH,551,0.0,Goa
U21003GA2024PTC016768,VITALVIBE HEALTH SOLUTIONS PRIVATE LIMITED,Active,21003.0,DIRECT_NIC_PHARMA_MANUFACTURER,551,100000.0,Goa
U21003GA2024PTC016853,DR. TINA AYURECIA VEDICSCIENCE HEALTHCARE PHARMAINNOVATIONS PRIVATE LIMITED,Active,21003.0,DIRECT_NIC_PHARMA_MANUFACTURER,551,100000.0,Goa
U24232GA1998PTC002520,STERLING PHARMACHEM PRIVATE LIMITED,Strike Off,24232.0,DIRECT_NIC_PHARMA_MANUFACTURER,551,100000.0,Goa
U24290GA2020PTC014474,EVOLUTIONARY BIOTECH PRIVATE LIMITED,Active,24290.0,PHARMA_CORPORATE_ENTITY,552,1000000.0,Goa
U46497GA2024PTC016506,VITASANA PHARMA PRIVATE LIMITED,Active,46497.0,PHARMA_CORPORATE_ENTITY,551,550000.0,Goa
ABA-0765,SHREEADVAIT HEALTHCARE LLP,Active,nan,NAME_BASED_MATCH,552,0.0,Goa
U21001GA2025PTC017655,MAHALASA PHARMA PRIVATE LIMITED,Active,21001.0,DIRECT_NIC_PHARMA_MANUFACTURER,551,200000.0,Goa
U24231GA1980PLC000402,BEVIT PHARMACEUTICALS LTD,Strike Off,24231.0,DIRECT_NIC_PHARMA_MANUFACTURER,551,4684500.0,Goa
U24231GA1965PTC000039,COSME MATIAS MENEZES PRIVATE LIMITED,Active,24231.0,DIRECT_NIC_PHARMA_MANUFACTURER,551,1500000.0,Goa
U24299GA2021PTC014689,MACLEAN'S PHARMACEUTICAL PRIVATE LIMITED,Active,24299.0,PHARMA_CORPORATE_ENTITY,551,100000.0,Goa
U31200GA2000PTC002839,DIAMED PHARMACEUTICALS PRIVATE LIMITED,Strike Off,31200.0,PHARMA_CORPORATE_ENTITY,551,0.0,Goa
AAZ-1807,MEDRIVA PHARMACEUTICALS LLP,Active,nan,PHARMA_CORPORATE_ENTITY,552,0.0,Goa
U21099GA2018OPC013470,SH AGA (OPC) PRIVATE LIMITED,Active,21099.0,DIRECT_NIC_PHARMA_MANUFACTURER,551,100000.0,Goa
U24231GA1980SGC000412,GOA ANTIBIOTICS AND PHARMACEUTICALS LIMITED,Active,24231.0,DIRECT_NIC_PHARMA_MANUFACTURER,551,333300000.0,Goa
U74999GA2018PTC013624,INRUS PHARMA PRIVATE LIMITED,Active,74999.0,PHARMA_CORPORATE_ENTITY,552,1000000.0,Goa
U86909GA2025PTC017692,HOPELG HEALTHCARE PRIVATE LIMITED,Active,86909.0,NAME_BASED_MATCH,551,500000.0,Goa
U80302GA2006PTC004431,AUK BIOTECH PRIVATE LIMITED,Strike Off,80302.0,PHARMA_CORPORATE_ENTITY,551,100000.0,Goa
AAW-9170,MEGAHORIZON HEALTHCARE LLP,Active,nan,NAME_BASED_MATCH,552,0.0,Goa
U77290KA2025PTC211058,RELIT HEALTHCARE PRIVATE LIMITED,Active,77290,NAME_BASED_MATCH,525,100000.0,Karnataka
U72200KA2022PTC161934,RUAH HEALTHCARE SOLUTIONS PRIVATE LIMITED,Active,72200,NAME_BASED_MATCH,545,200000.0,Karnataka
U72100KA2025PTC206074,IN-VITRO MANGROVE BIOTECHNOLOGY PRIVATE LIMITED,Active,72100,PHARMA_CORPORATE_ENTITY,525,100000.0,Karnataka
U74999KA2016PTC096001,HUMAN ACHIEVER HEALTHCARE AND RESEARCH CENTRE PRIVATE LIMITED,Active,74999,NAME_BASED_MATCH,534,100000.0,Karnataka
U73200KA2008PTC048522,SHODHANA BIOTECH PRIVATE LIMITED,Active,73200,PHARMA_CORPORATE_ENTITY,525,3575000.0,Karnataka
U32509KA2025PTC203548,SAHRANG MEDTECH PRIVATE LIMITED,Active,32509,PHARMA_RELATED_MANUFACTURER,525,10000.0,Karnataka
U74900KA2014PTC075127,OMIX RESEARCH AND DIAGNOSTICS LABORATORIES PRIVATE LIMITED,Under Liquidation,74900,PHARMA_CORPORATE_ENTITY,525,141480.0,Karnataka
U33309KA2020PTC135924,MEDARX PHARMACEUTICALS PRIVATE LIMITED,Active,33309,PHARMA_CORPORATE_ENTITY,525,500000.0,Karnataka
U30007KA1997PTC022134,ALLIED TECHNOLOGICAL LABORATORIES PRIVATE LIMITED,Strike Off,30007,PHARMA_CORPORATE_ENTITY,525,30000.0,Karnataka
U74900KA2011PTC057710,VIM HEALTHCARE SOLUTIONS PRIVATE LIMITED,Active,74900,NAME_BASED_MATCH,525,12475000.0,Karnataka
U72900KA2009PTC048856,DOCNEX HEALTHCARE PRIVATE LIMITED,Strike Off,72900,NAME_BASED_MATCH,525,0.0,Karnataka
U74900KA2013PTC068537,NANOSUN NUTRA & PHARMA PRIVATE LIMITED,Strike Off,74900,PHARMA_CORPORATE_ENTITY,539,100000.0,Karnataka
U72200KA2005PTC036296,I-SCRIPT HEALTHCARE PRIVATE LIMITED,Strike Off,72200,NAME_BASED_MATCH,525,100000.0,Karnataka
U74999KA2021PTC150297,AV EYE HOSPITAL & DIAGNOSTICS PRIVATE LIMITED,Active,74999,NAME_BASED_MATCH,525,100000.0,Karnataka
U01400KA2012PTC067279,NESAR AGRI-BIOTECH PRIVATE LIMITED,Strike Off,01400,PHARMA_CORPORATE_ENTITY,533,100000.0,Karnataka
U02423KA1988PTC009147,WINDSON LABORATORIES PRIVATE LIMITED,Strike Off,02423,PHARMA_CORPORATE_ENTITY,525,20000.0,Karnataka
U05121KA2003PTC032489,GLOBAL BIOTECH SYSTEMS PRIVATE LIMITED,Strike Off,05121,PHARMA_CORPORATE_ENTITY,525,100000.0,Karnataka
U24100KA2012PTC062151,DHRUV LIFE SCIENCES PRIVATE LIMITED,Active,24100,PHARMA_CORPORATE_ENTITY,525,40000000.0,Karnataka
U24100KA2018PTC117538,HEALTHYVET PHARMACEUTICALS PRIVATE LIMITED,Strike Off,24100,PHARMA_CORPORATE_ENTITY,525,100000.0,Karnataka
U24110KA1901PTC001193,ORIENTAL DRUG HOUSE PRIVATE LIMITED,Strike Off,24110,PHARMA_CORPORATE_ENTITY,525,100000.0,Karnataka
U24110KA2021PTC149340,NASBIO PHARMA PRIVATE LIMITED,Active,24110,PHARMA_CORPORATE_ENTITY,534,100000.0,Karnataka
U24117KA2001PTC029805,AARON THERAPEUTICS (INDIA) PRIVATE LIMITED,Active,24117,PHARMA_CORPORATE_ENTITY,525,100000.0,Karnataka
U24200KA2020PTC135805,MALLINA LIFE SCIENCES PRIVATE LIMITED,Active,24200,PHARMA_CORPORATE_ENTITY,546,500000.0,Karnataka
U24230KA1983PTC005394,GODFERY BEST PHARMACEUTICALS PRIVATE LIMITED,Strike Off,24230,DIRECT_NIC_PHARMA_MANUFACTURER,525,4000.0,Karnataka
U24230KA1995PTC018443,KAUSTUBHA SCIENTIFIC RESEARCH LABORATORY PRIVATE LIMITED,Active,24230,DIRECT_NIC_PHARMA_MANUFACTURER,525,3000000.0,Karnataka
U24230KA2007PTC041623,AIDPLUS MEDICAL PRIVATE LIMITED,Strike Off,24230,DIRECT_NIC_PHARMA_MANUFACTURER,525,100000.0,Karnataka
U24230KA2015PTC080902,LYRUS LIFE SCIENCES PRIVATE LIMITED,Active,24230,DIRECT_NIC_PHARMA_MANUFACTURER,525,962320900.0,Karnataka
U24230KA2015PTC081581,STEERLIFE INDIA PRIVATE LIMITED,Amalgamated,24230,DIRECT_NIC_PHARMA_MANUFACTURER,525,55500000.0,Karnataka
U24230KA2016PTC085079,MECLON PHARMACEUTICALS PRIVATE LIMITED,Active,24230,DIRECT_NIC_PHARMA_MANUFACTURER,525,500000.0,Karnataka
U24230KA2016PTC087114,NEPHCARB PHARMACEUTICALS PRIVATE LIMITED,Strike Off,24230,DIRECT_NIC_PHARMA_MANUFACTURER,525,100000.0,Karnataka
U24230KA2019PTC130781,COSHIKA ENTERPRISE LIFE LABORATORY PRIVATE LIMITED,Active,24230,DIRECT_NIC_PHARMA_MANUFACTURER,525,52400.0,Karnataka
U24230KA2020PTC131955,ASPIROL PHARMACEUTICALS PRIVATE LIMITED,Active,24230,DIRECT_NIC_PHARMA_MANUFACTURER,525,100000.0,Karnataka
U24230KA2021OPC147973,MEDZOID HEALTHCARE (OPC) PRIVATE LIMITED,Active,24230,DIRECT_NIC_PHARMA_MANUFACTURER,525,100000.0,Karnataka
U24230KA2021PTC143099,VINFORD BIOTECH PRIVATE LIMITED,Active,24230,DIRECT_NIC_PHARMA_MANUFACTURER,525,500000.0,Karnataka
U24230KA2021PTC143885,LEONOVA PHARMACEUTICALS PRIVATE LIMITED,Active,24230,DIRECT_NIC_PHARMA_MANUFACTURER,525,1000000.0,Karnataka
U24230KA2021PTC156102,FIF MEDLABS INDIA PRIVATE LIMITED,Active,24230,DIRECT_NIC_PHARMA_MANUFACTURER,525,1000000.0,Karnataka
U24230KA2022PTC158355,PEPTYDE TX PRIVATE LIMITED,Active,24230,DIRECT_NIC_PHARMA_MANUFACTURER,525,75000.0,Karnataka
U24230KA2022PTC166430,LERISTON LABORATORIES PRIVATE LIMITED,Active,24230,DIRECT_NIC_PHARMA_MANUFACTURER,525,100000.0,Karnataka
U24231KA1979PLC003475,MASCOT ORGANIC CHEMICALS PRIVATE LIMITED,Strike Off,24231,DIRECT_NIC_PHARMA_MANUFACTURER,525,500000.0,Karnataka
U24231KA1991PTC011996,TILRODE CHEM PRIVATE LIMITED,Strike Off,24231,DIRECT_NIC_PHARMA_MANUFACTURER,525,1496000.0,Karnataka
U24231KA1992PTC013631,SRI KRISHNA DEVARAYA DRUGS PHARMACEUTICA LS PRIVATE LIMITED,Strike Off,24231,DIRECT_NIC_PHARMA_MANUFACTURER,529,2000.0,Karnataka
U24231KA1993PTC014941,ACE KEMORGANICS PRIVATE LIMITED,Strike Off,24231,DIRECT_NIC_PHARMA_MANUFACTURER,525,2240.0,Karnataka
U24231KA1999PTC025265,CAPRO LABS EXPORTS INDIA PRIVATE LIMITED,Active,24231,DIRECT_NIC_PHARMA_MANUFACTURER,525,4535000.0,Karnataka
U24231KA1999PTC025332,CROSS PHARMALAB PRIVATE LIMITED,Strike Off,24231,DIRECT_NIC_PHARMA_MANUFACTURER,525,200.0,Karnataka
U24231KA2004PTC034081,ADITHYA PHARMACEUTICALS PRIVATE LIMITED,Strike Off,24231,DIRECT_NIC_PHARMA_MANUFACTURER,525,100000.0,Karnataka
U24231KA2005PLC036421,AGASTYA BIOPHARM INDIA LIMITED,Active,24231,DIRECT_NIC_PHARMA_MANUFACTURER,525,4248500.0,Karnataka
U24232KA1993PTC014240,GRM PHARMA PRIVATE LIMITED,Strike Off,24232,DIRECT_NIC_PHARMA_MANUFACTURER,525,2000.0,Karnataka
U24232KA1998PTC024574,PHYTOMYCO RESEARCH PRIVATE LIMITED,Active,24232,DIRECT_NIC_PHARMA_MANUFACTURER,525,1108060.0,Karnataka
U24232KA2003PTC032545,GAGAN PHARMA PRIVATE LIMITED,Strike Off,24232,DIRECT_NIC_PHARMA_MANUFACTURER,525,100000.0,Karnataka
U24232KA2007PTC042292,SEEGAKULA PHARMACEUTICALS PRIVATE LIMITED,Active,24232,DIRECT_NIC_PHARMA_MANUFACTURER,526,9471890.0,Karnataka
U24232KA2008PTC046106,PHYTOGEN PHARMA (INDIA) PRIVATE LIMITED,Active,24232,DIRECT_NIC_PHARMA_MANUFACTURER,525,900000.0,Karnataka
U24232KA2008PTC047323,NYA PHARMA TRADING PRIVATE LIMITED,Strike Off,24232,DIRECT_NIC_PHARMA_MANUFACTURER,525,100000.0,Karnataka
U24232KA2009PLC051193,BELLIS PHARMACEUTICALS LIMITED,Strike Off,24232,DIRECT_NIC_PHARMA_MANUFACTURER,525,500000.0,Karnataka
U24232KA2009PTC051596,REVA PHARMACHEM PRIVATE LIMITED,Strike Off,24232,DIRECT_NIC_PHARMA_MANUFACTURER,546,3000000.0,Karnataka
U24232KA2010PTC055044,GOMTI LIFE SCIENCES INDIA PRIVATE LIMITED,Active,24232,DIRECT_NIC_PHARMA_MANUFACTURER,525,191659690.0,Karnataka
U24232KA2010PTC056081,MINII LIFE SCIENCES PRIVATE LIMITED,Active,24232,DIRECT_NIC_PHARMA_MANUFACTURER,525,2000000.0,Karnataka
U24232KA2011PTC057176,NASK PHARMACEUTICALS PRIVATE LIMITED,Strike Off,24232,DIRECT_NIC_PHARMA_MANUFACTURER,525,100000.0,Karnataka
U24232KA2012PTC061939,ASTROID PHARMA PRIVATE LIMITED,Strike Off,24232,DIRECT_NIC_PHARMA_MANUFACTURER,525,100000.0,Karnataka
U24232KA2012PTC065587,J A J GLOBAL BUSINESS PRIVATE LIMITED,Strike Off,24232,DIRECT_NIC_PHARMA_MANUFACTURER,525,1000000.0,Karnataka
U24232KA2013PTC067833,RMS PHARMA INDIA PRIVATE LIMITED,Active,24232,DIRECT_NIC_PHARMA_MANUFACTURER,525,500000.0,Karnataka
U24232KA2014PTC076712,SHIVPRABH PHARMACEUTICALS PRIVATE LIMITED,Strike Off,24232,DIRECT_NIC_PHARMA_MANUFACTURER,525,100000.0,Karnataka
U24232KA2014PTC077624,KONVERGE HEALTHCARE PRIVATE LIMITED,Under Liquidation,24232,DIRECT_NIC_PHARMA_MANUFACTURER,525,22017850.0,Karnataka
U24233KA1946PLC000434,ABHAYA AYURVEDIC RESEARCHES (1946) LIMITED,Strike Off,24233,DIRECT_NIC_PHARMA_MANUFACTURER,525,33840.0,Karnataka
U24233KA2005PTC037256,NOKHA INVESTMENTS PRIVATE LIMITED,Converted to LLP,24233,DIRECT_NIC_PHARMA_MANUFACTURER,525,19919900.0,Karnataka
U24233KA2011PTC057572,MATXIN LABS PRIVATE LIMITED,Active,24233,DIRECT_NIC_PHARMA_MANUFACTURER,525,100000.0,Karnataka
U24233KA2012PTC063958,SNEHA NATURA PRIVATE LIMITED,Strike Off,24233,DIRECT_NIC_PHARMA_MANUFACTURER,525,1000000.0,Karnataka
U24233KA2020PTC136961,ARUZEN MARKETING PRIVATE LIMITED,Strike Off,24233,DIRECT_NIC_PHARMA_MANUFACTURER,525,500000.0,Karnataka
U24236KA2022PTC163254,PRAYUJYA PHARMA PRIVATE LIMITED,Active,24236,DIRECT_NIC_PHARMA_MANUFACTURER,525,100000.0,Karnataka
U24239KA1989PTC010612,J J MEDI-MECH PRIVATE LIMITED,Strike Off,24239,DIRECT_NIC_PHARMA_MANUFACTURER,525,1000.0,Karnataka
U24239KA1994PTC015477,MADHUR PHARMA AND RESEARCH LABORATORIES PRIVATE LIMITED,Active,24239,DIRECT_NIC_PHARMA_MANUFACTURER,525,8800000.0,Karnataka
U24239KA1997PLC022748,UB BIOTEK LIMITED,Strike Off,24239,DIRECT_NIC_PHARMA_MANUFACTURER,525,70.0,Karnataka
U24239KA2001PTC029736,VERTEX FURAN ALDEHYDES PRIVATE LIMITED,Under process of striking off,24239,DIRECT_NIC_PHARMA_MANUFACTURER,525,100000.0,Karnataka
U24239KA2012PTC067275,NAADI ETHICALS PRIVATE LIMITED,Strike Off,24239,DIRECT_NIC_PHARMA_MANUFACTURER,525,100000.0,Karnataka
U24239KA2013PTC069322,LEO MEDICINE INDIA PRIVATE LIMITED,Strike Off,24239,DIRECT_NIC_PHARMA_MANUFACTURER,525,100000.0,Karnataka
U24239KA2020PTC134559,SURAKSHAA STAR ORGANICS PRIVATE LIMITED,Active,24239,DIRECT_NIC_PHARMA_MANUFACTURER,525,18000000.0,Karnataka
U24239KA2020PTC136620,AMEDRIA LABS PRIVATE LIMITED,Active,24239,DIRECT_NIC_PHARMA_MANUFACTURER,525,100000.0,Karnataka
U24239KA2021PTC150810,DERMISLOVE COSMETICS PRIVATE LIMITED,Active,24239,DIRECT_NIC_PHARMA_MANUFACTURER,525,100000.0,Karnataka
U24290KA2020PTC140244,MEDOSE PHARMACEUTICALS PRIVATE LIMITED,Active,24290,PHARMA_CORPORATE_ENTITY,525,328560.0,Karnataka
U24290KA2020PTC141479,NUVITOL PHARMACEUTICALS PRIVATE LIMITED,Active,24290,PHARMA_CORPORATE_ENTITY,525,30000.0,Karnataka
U24296KA2009PTC051519,AKRUTHI DRUGS PRIVATE LIMITED,Strike Off,24296,PHARMA_CORPORATE_ENTITY,542,100000.0,Karnataka
U24297KA2020PTC134435,SIGVELT HEALTHCARE PRIVATE LIMITED,Active,24297,NAME_BASED_MATCH,525,1000000.0,Karnataka
U24299KA2020PTC139250,SHRI SIDDAJYOTI AYURVEDIC HERBAL PRIVATE LIMITED,Strike Off,24299,NAME_BASED_MATCH,525,100000.0,Karnataka
U24299KA2020PTC140377,ARBEITT PHARMACEUTICALS PRIVATE LIMITED,Active,24299,PHARMA_CORPORATE_ENTITY,525,500000.0,Karnataka
U24299KA2021PTC143591,TYKES PHARMA PRIVATE LIMITED,Active,24299,PHARMA_CORPORATE_ENTITY,525,300000.0,Karnataka
U24299KA2022PTC162314,AVIANA BIOTECH PRIVATE LIMITED,Active,24299,PHARMA_CORPORATE_ENTITY,525,100000.0,Karnataka
U24304KA2018PTC116972,CHIRAKSH PHARMA PRIVATE LIMITED,Active,24304,PHARMA_CORPORATE_ENTITY,525,600000.0,Karnataka
U24304KA2020PTC139065,SUBTLE PHARMACEUTICALS PRIVATE LIMITED,Active,24304,PHARMA_CORPORATE_ENTITY,525,1500000.0,Karnataka
U25209KA2020PTC133916,PRECISPHARMA CONTAINERS PRIVATE LIMITED,Active,25209,PHARMA_CORPORATE_ENTITY,525,273090.0,Karnataka
U46497KA2023PTC175652,INFYZER PHARMACEUTICAL PRIVATE LIMITED,Active,46497,PHARMA_CORPORATE_ENTITY,525,10000.0,Karnataka
U46497KA2024PTC186469,JAGVALLABH PARSHWA MEDICINE HOUSE PRIVATE LIMITED,Active,46497,PHARMA_CORPORATE_ENTITY,525,10000.0,Karnataka
U46497KA2024PTC188539,SASPINJIRA PHARMACEUTICALS PRIVATE LIMITED,Active,46497,PHARMA_CORPORATE_ENTITY,525,100000.0,Karnataka
U46497KA2024PTC194369,JUPITAS PHARMACEUTICAL PRIVATE LIMITED,Active,46497,PHARMA_CORPORATE_ENTITY,525,30000.0,Karnataka
U46497KA2025PTC197293,SRISMS PHARMA PRIVATE LIMITED,Active,46497,PHARMA_CORPORATE_ENTITY,525,500000.0,Karnataka
U46497KA2025PTC198457,QUREIT HEALTHCARE PRIVATE LIMITED,Active,46497,NAME_BASED_MATCH,525,11429.0,Karnataka
U46497KA2025PTC198625,DIVYASREE LABORATORIES INDIA PRIVATE LIMITED,Active,46497,PHARMA_CORPORATE_ENTITY,529,500000.0,Karnataka
U46497KA2025PTC201747,HEALANCE PHARMACEUTICALS PRIVATE LIMITED,Active,46497,PHARMA_CORPORATE_ENTITY,525,100000.0,Karnataka
U46497KA2025PTC209731,MEDIKART PHARMA SUPPLIERS PRIVATE LIMITED,Active,46497,PHARMA_CORPORATE_ENTITY,525,1000000.0,Karnataka
U46497KA2026PTC215105,C12 LIFE SCIENCES PRIVATE LIMITED,Active,46497,PHARMA_CORPORATE_ENTITY,525,100000.0,Karnataka
U46497KA2026PTC216517,HYETTUS PHARMA PRIVATE LIMITED,Active,46497,PHARMA_CORPORATE_ENTITY,525,500000.0,Karnataka
U46497KA2026PTC218013,LENCOPE PHARMA PRIVATE LIMITED,Active,46497,PHARMA_CORPORATE_ENTITY,525,100000.0,Karnataka
U46596KA2023PTC172091,CHALAM HEALTHCARE PRIVATE LIMITED,Active,46596,NAME_BASED_MATCH,525,1000000.0,Karnataka
U46596KA2023PTC174099,DR.SOUL PHARMACEUTICALS PRIVATE LIMITED,Active,46596,PHARMA_CORPORATE_ENTITY,525,100000.0,Karnataka
U46596KA2024PTC186382,ORMANE GLOBAL HEALTHCARE PRIVATE LIMITED,Active,46596,NAME_BASED_MATCH,525,100000.0,Karnataka
U46596KA2024PTC191447,YALABURGA HEALTHCARE PRIVATE LIMITED,Active,46596,NAME_BASED_MATCH,543,100000.0,Karnataka
U46596KA2026PTC217490,NIRAMAYA HEALTHCARE VENTURES PRIVATE LIMITED,Active,46596,NAME_BASED_MATCH,525,100000.0,Karnataka
F02268,CONSUMER TESTING LABORATORIES INDIA INC,Inactive for e-filing,nan,PHARMA_CORPORATE_ENTITY,525,0.0,Karnataka
U00093KA1987PTC008517,NITYA SURGICAL NURSING HOME PRIVATE LIMITED,Strike Off,00093,NAME_BASED_MATCH,525,3000.0,Karnataka
U01100KA2016PLC098275,KSGP AGRO BIOTECHNOLOGIES LIMITED,Active,01100,PHARMA_CORPORATE_ENTITY,532,700000.0,Karnataka
U01100KA2019OPC121017,CONIC BIOTECH (OPC) PRIVATE LIMITED,Active,01100,PHARMA_CORPORATE_ENTITY,525,100000.0,Karnataka
U20290KA2026PTC214006,MAAGNEX PHARMACEUTICALS PRIVATE LIMITED,Active,20290,PHARMA_RELATED_MANUFACTURER,525,100000.0,Karnataka
U21000KA2024PTC195363,UNIDOC PHARMA PRIVATE LIMITED,Strike Off,21000,DIRECT_NIC_PHARMA_MANUFACTURER,525,300000.0,Karnataka
U21001KA2023PTC172467,BIONUS PRIVATE LIMITED,Active,21001,DIRECT_NIC_PHARMA_MANUFACTURER,525,100000.0,Karnataka
U21001KA2025PTC198545,BHAGAVATHI KHEM PHARMA PRIVATE LIMITED,Active,21001,DIRECT_NIC_PHARMA_MANUFACTURER,525,100000.0,Karnataka
U21001KA2026PTC219757,VELTRION LIFESCIENCES PRIVATE LIMITED,Active,21001,DIRECT_NIC_PHARMA_MANUFACTURER,525,100000.0,Karnataka
U21003KA2023PTC182631,WENTA MULTIPURPOSE PRIVATE LIMITED,Active,21003,DIRECT_NIC_PHARMA_MANUFACTURER,529,10000.0,Karnataka
U21004KA2025PTC208857,THIAGROW THERAPEUTICS PRIVATE LIMITED,Active,21004,DIRECT_NIC_PHARMA_MANUFACTURER,525,100000.0,Karnataka
U21006KA2025PTC207646,BAPUJI SURGICALS PRIVATE LIMITED,Active,21006,DIRECT_NIC_PHARMA_MANUFACTURER,525,100000.0,Karnataka
U21010KA1985PTC006950,BRINDAVAN PACKING PRODUCTS PRIVATE LIMITED,Under process of striking off,21010,DIRECT_NIC_PHARMA_MANUFACTURER,525,140000.0,Karnataka
U21011KA1981PTC004510,DAVANGERE PAPERS PRIVATE LIMITED,Strike Off,21011,DIRECT_NIC_PHARMA_MANUFACTURER,535,300.0,Karnataka
U21012KA2006PTC038870,MANGALORE PAPER MILLS PRIVATE LIMITED,Active,21012,DIRECT_NIC_PHARMA_MANUFACTURER,534,2500000.0,Karnataka
U21014KA1997PTC022590,PENINSULAR PACKS PRIVATE LIMITED,Active,21014,DIRECT_NIC_PHARMA_MANUFACTURER,525,2039200.0,Karnataka
U21021KA1977PTC003110,SRI SAI PAPER BAGS PRIVATE LIMITED,Strike Off,21021,DIRECT_NIC_PHARMA_MANUFACTURER,525,2000.0,Karnataka
U21093KA2021PTC150268,SLV BOOKS INDIA PRIVATE LIMITED,Active,21093,DIRECT_NIC_PHARMA_MANUFACTURER,525,4000000.0,Karnataka
U21098KA1984PTC006194,TELINIX IBI PRIVATE LIMITED,Active,21098,DIRECT_NIC_PHARMA_MANUFACTURER,525,5000000.0,Karnataka
U21098KA2010PTC054056,AURO TAPES PRIVATE LIMITED,Strike Off,21098,DIRECT_NIC_PHARMA_MANUFACTURER,525,100000.0,Karnataka
U21099KA2018PTC114940,STARISH AUTOPAC PRIVATE LIMITED,Active,21099,DIRECT_NIC_PHARMA_MANUFACTURER,525,14100000.0,Karnataka
AAM-1755,MASHREK HEALTHCARE LLP,Active,nan,NAME_BASED_MATCH,525,0.0,Karnataka
AAQ-1230,LACTAN BIOTECH LLP,Active,nan,PHARMA_CORPORATE_ENTITY,525,0.0,Karnataka
AAS-2753,S&S PHARMA AND HEALTH LLP,Active,nan,PHARMA_CORPORATE_ENTITY,525,0.0,Karnataka
AAT-4564,MEDFIYA HEALTH PHARMA LLP,Active,nan,PHARMA_CORPORATE_ENTITY,631,0.0,Karnataka
AAX-3868,PEPTIS PHARMA LLP,Active,nan,PHARMA_CORPORATE_ENTITY,525,0.0,Karnataka
U33100KA2020OPC133690,SHUDHVI HEALTH CARE & LIFE SCIENCES (OPC) PRIVATE LIMITED,Active,33100,PHARMA_CORPORATE_ENTITY,525,100000.0,Karnataka
U33309KA2018PTC111024,ZEPTO PHARMACEUTICALS PRIVATE LIMITED,Active,33309,PHARMA_CORPORATE_ENTITY,525,100000.0,Karnataka
ABB-4376,ATHEN CHEM PHARMA LLP,Active,nan,PHARMA_CORPORATE_ENTITY,525,0.0,Karnataka
U24100KA2012PTC062712,MODULE PHARMACEUTICAL PRIVATE LIMITED,Active,24100,PHARMA_CORPORATE_ENTITY,525,100000.0,Karnataka
U24100KA2013PTC071324,ZIOGETICS PHARMA PRIVATE LIMITED,Strike Off,24100,PHARMA_CORPORATE_ENTITY,536,120000.0,Karnataka
U24100KA2016OPC092402,MEDISKILL PHARMA (OPC) PRIVATE LIMITED,Strike Off,24100,PHARMA_CORPORATE_ENTITY,525,100000.0,Karnataka
U24110KA2012PTC062281,CURE & CARE LIFE SCIENCES PRIVATE LIMITED,Strike Off,24110,PHARMA_CORPORATE_ENTITY,525,150000.0,Karnataka
ACA-6781,SKAVAN PHARMA LLP,Active,nan,PHARMA_CORPORATE_ENTITY,525,0.0,Karnataka
U24230KA2007PTC043809,SYNERGIA BIO SCIENCES PRIVATE LIMITED,Active,24230,DIRECT_NIC_PHARMA_MANUFACTURER,525,100000.0,Karnataka
U24230KA2022PTC164668,ATDOSE INDIA PRIVATE LIMITED,Active,24230,DIRECT_NIC_PHARMA_MANUFACTURER,525,3000000.0,Karnataka
U24231KA1981PTC004265,HEALWEL REMEDIES PRIVATE LIMITED,Strike Off,24231,DIRECT_NIC_PHARMA_MANUFACTURER,525,5000.0,Karnataka
U24231KA1992PTC012838,FARMANOVA (INDIA) PRIVATE LIMITED,Strike Off,24231,DIRECT_NIC_PHARMA_MANUFACTURER,525,100000.0,Karnataka
U24231KA2000PTC028198,FAIRGLOW HERBAL EXTRACTS PRIVATE LIMITED,Strike Off,24231,DIRECT_NIC_PHARMA_MANUFACTURER,525,0.0,Karnataka
U24231KA2004PTC035272,ADVINUS LABORATORIES PRIVATE LIMITED,Strike Off,24231,DIRECT_NIC_PHARMA_MANUFACTURER,525,100000.0,Karnataka
U24231KA2021PTC144349,CBS CHEMICALS PRIVATE LIMITED,Active,24231,DIRECT_NIC_PHARMA_MANUFACTURER,525,100000.0,Karnataka
U24232KA2005PTC037673,SUVISI PHARMACEUTICALS PRIVATE LIMITED,Strike Off,24232,DIRECT_NIC_PHARMA_MANUFACTURER,525,100000.0,Karnataka
U24232KA2008PTC048556,BENTLEY HEALTHCARE PRIVATE LIMITED,Active,24232,DIRECT_NIC_PHARMA_MANUFACTURER,525,100000.0,Karnataka
U24232KA2012PTC064061,PANACEA CHEMIST & DRUGGIST PRIVATE LIMITED,Strike Off,24232,DIRECT_NIC_PHARMA_MANUFACTURER,525,100000.0,Karnataka
U24234KA2007PTC043392,JIGSAW BIO SOLUTIONS PRIVATE LIMITED,Active,24234,DIRECT_NIC_PHARMA_MANUFACTURER,549,100000.0,Karnataka
U24235KA2004PTC034576,PENTAGON NUTRITIONS PRIVATE LIMITED,Active,24235,DIRECT_NIC_PHARMA_MANUFACTURER,525,1000000.0,Karnataka
U24239KA1943PLC000329,SCIENTIFIC AND INDUSTRIAL EQUIPMENT COMP ANY LIMITED,Strike Off,24239,DIRECT_NIC_PHARMA_MANUFACTURER,525,1000.0,Karnataka
U24239KA1989PTC010457,SUCHI DRUGS PRIVATE LIMITED,Strike Off,24239,DIRECT_NIC_PHARMA_MANUFACTURER,738,1000.0,Karnataka
U24239KA2020PTC139310,SDG SOLUTIONS PRIVATE LIMITED,Active,24239,DIRECT_NIC_PHARMA_MANUFACTURER,525,100000.0,Karnataka
U71200KA2024PTC188485,BVG LABORATORIES & ELECTRICAL RESEARCH CENTER PRIVATE LIMITED,Active,71200,PHARMA_CORPORATE_ENTITY,525,100000.0,Karnataka
U74999KA2001PTC029253,DIAMOND BIOTECH PRIVATE LIMITED,Strike Off,74999,PHARMA_CORPORATE_ENTITY,525,100000.0,Karnataka
U74999KA2016PTC094494,HEALTHEXCEL DIAGNOSTICS PRIVATE LIMITED,Strike Off,74999,NAME_BASED_MATCH,525,100000.0,Karnataka
U74999KA2016PTC094826,PEENYA PHARMACEUTICALS PRIVATE LIMITED,Active,74999,PHARMA_CORPORATE_ENTITY,525,26250000.0,Karnataka
U74999KA2016PTC098804,KALYAN KRISHNA BIOTECHZ PRIVATE LIMITED,Strike Off,74999,PHARMA_CORPORATE_ENTITY,525,100000.0,Karnataka
U52609KA2021OPC154681,PHARMA FIRST (OPC) PRIVATE LIMITED,Active,52609,PHARMA_CORPORATE_ENTITY,525,10000.0,Karnataka
U21000KA2015OPC080940,SAI SAHASRA ART AND CRAFTS (OPC) PRIVATE LIMITED,Strike Off,21000,DIRECT_NIC_PHARMA_MANUFACTURER,525,100000.0,Karnataka
U21000KA2019OPC122487,NEULEAF AGRO (OPC) PRIVATE LIMITED,Active,21000,DIRECT_NIC_PHARMA_MANUFACTURER,525,100000.0,Karnataka
U21000KA2021PTC154858,HONEYCOMBCELL ECO-PRODUCTS PRIVATE LIMITED,Active,21000,DIRECT_NIC_PHARMA_MANUFACTURER,525,500000.0,Karnataka
U21000KA2025PTC200188,ASCLEN PHARMACEUTICALS PRIVATE LIMITED,Active,21000,DIRECT_NIC_PHARMA_MANUFACTURER,525,500000.0,Karnataka
U21000KA2025PTC210066,AMVIRO PHARMA PRIVATE LIMITED,Active,21000,DIRECT_NIC_PHARMA_MANUFACTURER,525,1000000.0,Karnataka
U21001KA2023PTC171726,FATHIMAUNANI AYURVEDA PRIVATE LIMITED,Active,21001,DIRECT_NIC_PHARMA_MANUFACTURER,539,10000.0,Karnataka
U21001KA2024PTC184415,PHARMANICHE FORMULATION TECHNOLOGIES PRIVATE LIMITED,Active,21001,DIRECT_NIC_PHARMA_MANUFACTURER,525,20.0,Karnataka
U21001KA2026PTC221526,NOVIRASUN PRIVATE LIMITED,Active,21001,DIRECT_NIC_PHARMA_MANUFACTURER,534,100000.0,Karnataka
U21002KA2024PTC185562,SAIDRUTHI PHARMACEUTICALS PRIVATE LIMITED,Active,21002,DIRECT_NIC_PHARMA_MANUFACTURER,525,200000.0,Karnataka
U21002KA2025PTC201600,SPINEX HEALTHCARE PRIVATE LIMITED,Active,21002,DIRECT_NIC_PHARMA_MANUFACTURER,525,100000.0,Karnataka
U21003KA2025PTC204026,MUDUBAYUSH WELLNESS PRIVATE LIMITED,Active,21003,DIRECT_NIC_PHARMA_MANUFACTURER,525,100000.0,Karnataka
U21014KA1986PTC007828,PACKMASTER CONTAINERS PRIVATE LIMITED,Active,21014,DIRECT_NIC_PHARMA_MANUFACTURER,525,3500000.0,Karnataka
U21015KA1973PTC002461,SRI KANTESHWARA STRAW BOARD AND PAPER MI LLS PRIVATE LIMITED,Strike Off,21015,DIRECT_NIC_PHARMA_MANUFACTURER,525,100000.0,Karnataka
U21022KA1994PTC015571,SHRIPRIYA PAPER PACKAGING PRIVATE LIMITED,Strike Off,21022,DIRECT_NIC_PHARMA_MANUFACTURER,525,200.0,Karnataka
U21022KA2006PTC041291,PROVEPACKS TECHNOLOGY (BANGALORE) PRIVATE LIMITED,Strike Off,21022,DIRECT_NIC_PHARMA_MANUFACTURER,525,0.0,Karnataka
U21095KA2021PTC149395,VAARAAHHASWAMY PAPER MILL PACKAGING PRIVATE LIMITED,Active,21095,DIRECT_NIC_PHARMA_MANUFACTURER,525,20000000.0,Karnataka
U72900KA2017PTC104590,FLATWORLD HEALTHCARE SERVICES PRIVATE LIMITED,Active,72900,NAME_BASED_MATCH,525,100000.0,Karnataka
U31103KA2013PTC069144,TRACEMETRICS LABORATORIES PRIVATE LIMITED,Active,31103,PHARMA_CORPORATE_ENTITY,525,1000000.0,Karnataka
U32509KA2025PTC201416,RIGHT AVENUE MEDTECH GLOBAL PRIVATE LIMITED,Active,32509,PHARMA_RELATED_MANUFACTURER,525,5000000.0,Karnataka
U33100KA2020PTC137382,FITWELL SAFETY AND HEALTHCARE PRODUCTS PRIVATE LIMITED,Active,33100,NAME_BASED_MATCH,525,100000.0,Karnataka
U33110KA2013PTC069969,SABKIND PHARMACEUTICALS INDIA PRIVATE LIMITED,Active,33110,PHARMA_CORPORATE_ENTITY,525,200000.0,Karnataka
U33110KA2014PTC074505,METROCURE PHARMA PRIVATE LIMITED,Strike Off,33110,PHARMA_CORPORATE_ENTITY,525,100000.0,Karnataka
U33110KA2015FTC079805,LEADER BIOMEDICAL AND SURGICALS INDIA PRIVATE LIMITED,Active,33110,NAME_BASED_MATCH,525,23137280.0,Karnataka
U33110KA2019PTC126331,AZWAMEDHA PHARMACEUTICAL PRIVATE LIMITED,Strike Off,33110,PHARMA_CORPORATE_ENTITY,525,100000.0,Karnataka
U33111KA2021PTC148727,HEART & BEYOND HEALTHCARE PRIVATE LIMITED,Active,33111,NAME_BASED_MATCH,525,400000.0,Karnataka
U33120KA2013PTC069071,MOTHER DIAGNOSTIC SYSTEMS PRIVATE LIMITED,Active,33120,NAME_BASED_MATCH,525,100000.0,Karnataka
U36994KA2019PTC128062,SERASTRANDS BIOTHERAPEUTICS PRIVATE LIMITED,Active,36994,PHARMA_CORPORATE_ENTITY,525,100000.0,Karnataka
U62090KA2024OPC191428,INTEGRAMED HEALTHCARE SOLUTIONS (OPC) PRIVATE LIMITED,Active,62090,NAME_BASED_MATCH,525,10000.0,Karnataka
U51397KA2004PTC034260,DAFFODIL BIOTECH PRIVATE LIMITED,Strike Off,51397,PHARMA_CORPORATE_ENTITY,525,100000.0,Karnataka
U51397KA2021PTC148247,GIVISAN PHARMACEUTICAL PRIVATE LIMITED,Active,51397,PHARMA_CORPORATE_ENTITY,525,100000.0,Karnataka
U51909KA2018PTC110432,WINYSTRA PHARMACEUTICALS PRIVATE LIMITED,Active,51909,PHARMA_CORPORATE_ENTITY,525,1600000.0,Karnataka
U47721KA2024PTC183691,SEADEW PHARMACEUTICALS PRIVATE LIMITED,Active,47721,PHARMA_CORPORATE_ENTITY,527,40000.0,Karnataka
U47721KA2025PTC196947,INANYA PHARMA PRIVATE LIMITED,Active,47721,PHARMA_CORPORATE_ENTITY,525,100000.0,Karnataka
U47721KA2025PTC207488,AKRELO PHARMA PRIVATE LIMITED,Active,47721,PHARMA_CORPORATE_ENTITY,738,800000.0,Karnataka
U74999KA2021OPC154673,G.A. BROKING AND HEALTHCARE (OPC) PRIVATE LIMITED,Strike Off,74999,NAME_BASED_MATCH,525,100000.0,Karnataka
U74999KA2021PTC145191,ZYTA PHARMACEUTICALS PRIVATE LIMITED,Strike Off,74999,PHARMA_CORPORATE_ENTITY,525,100000.0,Karnataka
U74999KA2023PTC170121,VELO LIFE SCIENCES PRIVATE LIMITED,Active,74999,PHARMA_CORPORATE_ENTITY,525,100000.0,Karnataka
U86900KA2026PTC220806,BHARATH MEDITECH DIAGNOSTICS PRIVATE LIMITED,Active,86900,NAME_BASED_MATCH,525,100000.0,Karnataka
U86905KA2025PTC212532,SY DIAGNOSTIC & RESEARCH CENTRE PRIVATE LIMITED,Active,86905,NAME_BASED_MATCH,525,100000.0,Karnataka
U88900KA2025NPL199713,CHINTHANA WOMEN PHARMA TEX ASSOCIATION,Active,88900,PHARMA_CORPORATE_ENTITY,549,100000.0,Karnataka
U36999KA2016PTC096471,VESTAMED HEALTHCARE PRIVATE LIMITED,Strike Off,36999,NAME_BASED_MATCH,525,200000.0,Karnataka
U93090KA2016PTC094610,TRIDENT DIAGNOSTICS & HEALTHCARE PRIVATE LIMITED,Active,93090,NAME_BASED_MATCH,525,2822500.0,Karnataka
U85100KA2015PTC082314,CITILAB HEALTHCARE (INDIA) PRIVATE LIMITED,Active,85100,NAME_BASED_MATCH,525,14820000.0,Karnataka
U85100KA2019PTC129284,AIRONC HEALTHCARE TECHNOLOGIES PRIVATE LIMITED,Active,85100,NAME_BASED_MATCH,549,700000.0,Karnataka
U85100KA2022PTC167741,TRUEMEDIX LIFE SCIENCES PRIVATE LIMITED,Active,85100,PHARMA_CORPORATE_ENTITY,525,21514200.0,Karnataka
U85110KA2000PTC026330,DHARWAD DIAGNOSTIC AND RESEARCH CENTRE PRIVATE LIMITED,Strike Off,85110,NAME_BASED_MATCH,536,0.0,Karnataka
U85110KA2018PTC115347,JAASIEL HEALTHCARE PRIVATE LIMITED,Active,85110,NAME_BASED_MATCH,525,5000.0,Karnataka
U85200KA2019PTC130661,RUDIS HEALTHCARE PRIVATE LIMITED,Active,85200,NAME_BASED_MATCH,525,100000.0,Karnataka
U85300KA2018PTC111157,KAHAMIND HEALTHCARE PRIVATE LIMITED,Active,85300,NAME_BASED_MATCH,525,100000.0,Karnataka
U74999KA2018PTC109700,NAIR HEALTHCARE PRIVATE LIMITED,Active,74999,NAME_BASED_MATCH,525,100000.0,Karnataka
U74999KA2019PTC120264,TRICORUS HEALTHCARE PRIVATE LIMITED,Active,74999,NAME_BASED_MATCH,525,500000.0,Karnataka
U85300KA2021PTC152693,UNNATHI GLOBAL IMAGING & DIAGNOSTICS PRIVATE LIMITED,Active,85300,NAME_BASED_MATCH,544,100000.0,Karnataka
U85300KA2022PTC162023,MEDCLOUD DIAGNOSTICS PRIVATE LIMITED,Active,85300,NAME_BASED_MATCH,544,22120000.0,Karnataka
U85300KA2022PTC169474,SCASCI HEALTHCARE PRIVATE LIMITED,Active,85300,NAME_BASED_MATCH,525,15600000.0,Karnataka
U85320KA2018PTC119713,GARBHA GUDI PHARMA PRIVATE LIMITED,Active,85320,PHARMA_CORPORATE_ENTITY,525,100000.0,Karnataka
U85320KA2019PTC126573,SFYGMOS HEALTHCARE PRIVATE LIMITED,Active,85320,NAME_BASED_MATCH,525,2500000.0,Karnataka
U86100KA2023PTC175567,SAMYAT HEALTHCARE PRIVATE LIMITED,Active,86100,NAME_BASED_MATCH,525,500000.0,Karnataka
U86100KA2024PTC183643,CUTISCULPT HEALTHCARE PRIVATE LIMITED,Active,86100,NAME_BASED_MATCH,525,100000.0,Karnataka
U86100KA2024PTC189602,ETHIKEIA HEALTHCARE PRIVATE LIMITED,Active,86100,NAME_BASED_MATCH,534,46800.0,Karnataka
U86100KA2025PTC207203,ADIDEVA HEALTHCARE PRIVATE LIMITED,Active,86100,NAME_BASED_MATCH,525,100000.0,Karnataka
U86100KA2025PTC208533,SHRISAMARTHA HEALTHCARE PRIVATE LIMITED,Active,86100,NAME_BASED_MATCH,525,10000.0,Karnataka
U86100KA2025PTC209973,24ELEVEN HEALTHCARE SERVICES PRIVATE LIMITED,Active,86100,NAME_BASED_MATCH,525,100000.0,Karnataka
U74999KA2017PTC101520,RADIAL DIAGNOSTICS PRIVATE LIMITED,Active,74999,NAME_BASED_MATCH,525,100000.0,Karnataka
U74999KA2017PTC104351,DARIUS HEALTHCARE AND MANAGEMENT SERVICES PRIVATE LIMITED,Active,74999,NAME_BASED_MATCH,525,18750000.0,Karnataka
U74999KA2017PTC105557,MERCURI BIOTECHNOLOGIES PRIVATE LIMITED,Active,74999,PHARMA_CORPORATE_ENTITY,525,100000.0,Karnataka
U74999KA2017PTC106297,PRIMER HEALTHCARE PRIVATE LIMITED,Active,74999,NAME_BASED_MATCH,525,100000.0,Karnataka
U74999KA2018FTC111748,MEDICOUNT HEALTHCARE PRIVATE LIMITED,Strike Off,74999,NAME_BASED_MATCH,525,63826300.0,Karnataka
U86900KA2026PTC219066,DR. GUBBA'S HEALTHCARE PRIVATE LIMITED,Active,86900,NAME_BASED_MATCH,525,1000000.0,Karnataka
U86909KA2023PTC176624,CHOWDESHWARI HEALTHCARE PRIVATE LIMITED,Active,86909,NAME_BASED_MATCH,525,1000000.0,Karnataka
U87100KA2025PTC211467,CAREPING HEALTHCARE PRIVATE LIMITED,Active,87100,NAME_BASED_MATCH,525,100000.0,Karnataka
U93090KA2016PTC097293,PRIAASHRAYA HEALTHCARE PRIVATE LIMITED,Active,93090,NAME_BASED_MATCH,525,100000.0,Karnataka
U59112KA2023PTC171757,TAPISTRY TECH PRIVATE LIMITED,Active,59112,PHARMA_CORPORATE_ENTITY,525,1000000.0,Karnataka
U51909KA2022PTC164362,MERCK PHARMA INTERNATIONAL PRIVATE LIMITED,Active,51909,PHARMA_CORPORATE_ENTITY,525,100000.0,Karnataka
U52310KA2020PTC135339,BENZENE PHARMACEUTICALS PRIVATE LIMITED,Active,52310,PHARMA_CORPORATE_ENTITY,525,100000.0,Karnataka
U52520KA2017PTC105884,ARILOMA PHARMA PRIVATE LIMITED,Strike Off,52520,PHARMA_CORPORATE_ENTITY,525,100000.0,Karnataka
U52590KA2021PTC144591,LIFEGATE PHARMACEUTICALS PRIVATE LIMITED,Active,52590,PHARMA_CORPORATE_ENTITY,525,843800.0,Karnataka
U52609KA2020PTC137339,RAPLAM PHARMACEUTICALS PRIVATE LIMITED,Strike Off,52609,PHARMA_CORPORATE_ENTITY,525,500000.0,Karnataka
U51397KA2003PTC031863,ALLWELL HEALTHCARE MARKETING PRIVATE LIMITED,Under process of striking off,51397,NAME_BASED_MATCH,525,112500.0,Karnataka
U51397KA2004PTC034004,NIMBUS HEALTHCARE PRIVATE LIMITED,Active,51397,NAME_BASED_MATCH,525,100000.0,Karnataka
U51909KA2020PTC134803,ESHRAM PHARMACEUTICALS PRIVATE LIMITED,Active,51909,PHARMA_CORPORATE_ENTITY,525,1000000.0,Karnataka
U47721KA2023PTC177991,NKMEDICO PHARMACEUTICAL INDUSTRIES PRIVATE LIMITED,Active,47721,PHARMA_CORPORATE_ENTITY,525,20000.0,Karnataka
U47721KA2025PTC199390,MEDIBLIZ FORMULATIONS PRIVATE LIMITED,Active,47721,PHARMA_CORPORATE_ENTITY,525,100000.0,Karnataka
U62099KA2023PTC181272,NOVENAR HEALTHCARE PRIVATE LIMITED,Active,62099,NAME_BASED_MATCH,525,10000.0,Karnataka
U86202KA2024PTC190086,PURPLEPIXIE HEALTHCARE PRIVATE LIMITED,Active,86202,NAME_BASED_MATCH,525,1994010.0,Karnataka
U86900KA2026PTC215234,NYSA MEDTECH SOLUTION PRIVATE LIMITED,Active,86900,NAME_BASED_MATCH,525,101000.0,Karnataka
U86905KA2023PTC178694,HONEYCHEM PHARMA ANALYTICAL SERVICES PRIVATE LIMITED,Active,86905,PHARMA_CORPORATE_ENTITY,525,1500000.0,Karnataka
U86909KA2023PTC180169,ANDTIL HEALTHCARE PRIVATE LIMITED,Active,86909,NAME_BASED_MATCH,525,600000.0,Karnataka
U86909KA2024PTC193238,QUASAR HEALTHCARE PRIVATE LIMITED,Active,86909,NAME_BASED_MATCH,525,10000.0,Karnataka
U36900KA2021PTC145210,BILEAD PHARMA PRIVATE LIMITED,Active,36900,PHARMA_CORPORATE_ENTITY,525,100000.0,Karnataka
U93000KA2008PTC045756,SPRINGLEAF HEALTHCARE PRIVATE LIMITED,Active,93000,NAME_BASED_MATCH,525,10000000.0,Karnataka
U85100KA2008FTC046072,AVONKOY INDIA HEALTHCARE PRIVATE LIMITED,Strike Off,85100,NAME_BASED_MATCH,525,50919910.0,Karnataka
U74999KA2021PTC147265,KHODAY FORMULATIONS PRIVATE LIMITED,Active,74999,PHARMA_CORPORATE_ENTITY,525,100000.0,Karnataka
U85100KA2018PTC111901,INSPIRIGENCE HEALTHCARE PRIVATE LIMITED,Active,85100,NAME_BASED_MATCH,525,200000.0,Karnataka
U85100KA2022PTC165814,WHITE BOOK HEALTHCARE PRIVATE LIMITED,Active,85100,NAME_BASED_MATCH,525,100000.0,Karnataka
U85110KA2001PTC029417,ADVANCED HEALTHCARE RESOURCES INDIA PRIVATE LIMITED,Active,85110,NAME_BASED_MATCH,525,11000000.0,Karnataka
U85110KA2016PTC085247,PRALAKSHA HEALTHCARE PRIVATE LIMITED,Active,85110,NAME_BASED_MATCH,525,10000000.0,Karnataka
U85110KA2022PTC163164,RADVINN HEALTHCARE PRIVATE LIMITED,Active,85110,NAME_BASED_MATCH,525,100000.0,Karnataka
U85195KA2003PTC033053,PANIMAGE DIAGNOSTIC SERVICES PRIVATE LIMITED,Strike Off,85195,NAME_BASED_MATCH,738,100000.0,Karnataka
U85199KA2007PTC044226,MEDISPACE HEALTHCARE PRIVATE LIMITED,Strike Off,85199,NAME_BASED_MATCH,525,0.0,Karnataka
U85200KA2019PTC122253,RECA HEALTHCARE PRIVATE LIMITED,Active,85200,NAME_BASED_MATCH,525,100000.0,Karnataka
U85200KA2020PTC138137,FUNCTIONAL MEDICINE INSTITUTE PRIVATE LIMITED,Active,85200,PHARMA_CORPORATE_ENTITY,525,100000.0,Karnataka
U74999KA2018PTC112343,RIDGETOP HEALTHCARE PRACTICE PRIVATE LIMITED,Active,74999,NAME_BASED_MATCH,525,5481750.0,Karnataka
U74999KA2020OPC138387,SADHA AYURVEDA (OPC) PRIVATE LIMITED,Active,74999,NAME_BASED_MATCH,525,100000.0,Karnataka
U85300KA2020PTC138413,AROGYA SANJEEVANI HEALTHCARE SERVICES PRIVATE LIMITED,Active,85300,NAME_BASED_MATCH,525,100000.0,Karnataka
U85300KA2021PTC148958,NA-WIN HEALTHCARE PRIVATE LIMITED,Active,85300,NAME_BASED_MATCH,525,100000.0,Karnataka
U85320KA2017PTC101624,AARAIKE HEALTHCARE PRIVATE LIMITED,Active,85320,NAME_BASED_MATCH,738,100000.0,Karnataka
U85320KA2017PTC107392,NADAVAS HEALTHCARE PRIVATE LIMITED,Active,85320,NAME_BASED_MATCH,549,360000.0,Karnataka
U85320KA2019OPC130503,DIABIT HEALTHCARE (OPC) PRIVATE LIMITED,Active,85320,NAME_BASED_MATCH,537,10000.0,Karnataka
U86100KA2024PTC183326,IHC INFINTY HEALTHCARE PRIVATE LIMITED,Active,86100,NAME_BASED_MATCH,549,100000.0,Karnataka
U86904KA2024PTC191532,KHUSHVIKA HEALTHCARE PRIVATE LIMITED,Active,86904,NAME_BASED_MATCH,525,100000.0,Karnataka
U86905KA2024PTC187624,BIGBULLS LIFE SCIENCES PRIVATE LIMITED,Active,86905,PHARMA_CORPORATE_ENTITY,525,100000.0,Karnataka
U93000KA2016PTC085290,PETAVISTA HEALTHCARE AND IT SOLUTIONS PRIVATE LIMITED,Active,93000,NAME_BASED_MATCH,549,100000.0,Karnataka
U93090KA2019PTC119935,EZYCURE AYURVEDA PRIVATE LIMITED,Active,93090,NAME_BASED_MATCH,525,100000.0,Karnataka
U62090KA2025PTC197503,NEXATRI BIOTECH PRIVATE LIMITED,Active,62090,PHARMA_CORPORATE_ENTITY,525,100000.0,Karnataka
U51109KA2008PTC047849,PROGRESSIVERX PHARMA OPERATIONS PRIVATE LIMITED,Active,51109,PHARMA_CORPORATE_ENTITY,525,100000.0,Karnataka
U51397KA1990PTC011418,S C DIAGNOSTICS PRIVATE LIMITED,Active,51397,NAME_BASED_MATCH,525,1000000.0,Karnataka
U51397KA2008PTC046566,CURACASA PHARMACEUTICALS PRIVATE LIMITED,Strike Off,51397,PHARMA_CORPORATE_ENTITY,525,0.0,Karnataka
U51507KA2003PTC031977,RAKU HEALTHCARE PRIVATE LIMITED,Active,51507,NAME_BASED_MATCH,525,500000.0,Karnataka
U51909KA2011PTC056796,JMS PHARMACEUTICAL PRIVATE LIMITED,Strike Off,51909,PHARMA_CORPORATE_ENTITY,525,400000.0,Karnataka
U51909KA2016PTC092566,COGNIWELL PHARMACEUTICALS PRIVATE LIMITED,Active,51909,PHARMA_CORPORATE_ENTITY,525,2500000.0,Karnataka
U51909KA2019PTC121441,BHOJANI PHARMA PRIVATE LIMITED,Active,51909,PHARMA_CORPORATE_ENTITY,525,100000.0,Karnataka
U51909KA2020PTC138398,RAUO HEALTHCARE PRIVATE LIMITED,Active,51909,NAME_BASED_MATCH,525,1200000.0,Karnataka
U51909KA2021PTC142827,ALFAONE RETAIL PHARMACIES PRIVATE LIMITED,Active,51909,PHARMA_CORPORATE_ENTITY,525,45370.0,Karnataka
U47720KA2024OPC195388,VISHKARE PHARMACEUTICALS (OPC) PRIVATE LIMITED,Active,47720,PHARMA_CORPORATE_ENTITY,525,100000.0,Karnataka
U47721KA2024PTC184457,ARLIN PHARMA PRIVATE LIMITED,Active,47721,PHARMA_CORPORATE_ENTITY,525,100000.0,Karnataka
U47721KA2024PTC186278,HEALABS PHARMACEUTICAL PRIVATE LIMITED,Active,47721,PHARMA_CORPORATE_ENTITY,525,1000000.0,Karnataka
U47721KA2025PTC198910,ABHIVRIDDHI PHARMACEUTICALS PRIVATE LIMITED,Active,47721,PHARMA_CORPORATE_ENTITY,525,100000.0,Karnataka
U47721KA2025PTC202068,MAN AND MEDICINE PRIVATE LIMITED,Active,47721,PHARMA_CORPORATE_ENTITY,539,100000.0,Karnataka
U85100KA2010PTC055053,EASTERN INNOVATIVE TECHNOLOGIES AND LIFE SCIENCES PRIVATE LIMITED,Strike Off,85100,PHARMA_CORPORATE_ENTITY,525,100000.0,Karnataka
U85100KA2015PTC081738,ZENTAZ HEALTHCARE PRIVATE LIMITED,Strike Off,85100,NAME_BASED_MATCH,525,100000.0,Karnataka
U85100KA2016PTC098440,HERBALLAND TREE PRIVATE LIMITED,Strike Off,85100,NAME_BASED_MATCH,525,100000.0,Karnataka
U85100KA2018PTC116962,SUMENDUM PHARMA PRIVATE LIMITED,Active,85100,PHARMA_CORPORATE_ENTITY,525,1000000.0,Karnataka
U85100KA2021PTC148242,ISLAAH HEALTHCARE PRIVATE LIMITED,Active,85100,NAME_BASED_MATCH,525,100000.0,Karnataka
U86201KA2025PTC204050,MULLUR SUPER SPECIALITY HEALTHCARE PRIVATE LIMITED,Active,86201,NAME_BASED_MATCH,525,100000.0,Karnataka
U86901KA2024PTC186866,TATSATAYURVEDA PRIVATE LIMITED,Active,86901,NAME_BASED_MATCH,525,10000.0,Karnataka
U86909KA2024PTC193615,AROVITA HEALTHCARE PRIVATE LIMITED,Active,86909,NAME_BASED_MATCH,525,10000.0,Karnataka
U51103KA2015PTC083096,DESHPANDE DRUGS PRIVATE LIMITED,Active,51103,PHARMA_CORPORATE_ENTITY,525,252470.0,Karnataka
U51103KA2016PTC086209,MSTEK HEALTHCARE HOLDINGS PRIVATE LIMITED,Active,51103,NAME_BASED_MATCH,525,100000.0,Karnataka
U51397KA1991PTC011822,SABITA DRUGS PRIVATE LIMITED,Strike Off,51397,PHARMA_CORPORATE_ENTITY,529,2000.0,Karnataka
U51507KA2008PTC048050,M.S.SURGICALS PRIVATE LIMITED,Active,51507,NAME_BASED_MATCH,525,500000.0,Karnataka
U51900KA2022PTC166008,MYLARK PHARMACEUTICALS PRIVATE LIMITED,Active,51900,PHARMA_CORPORATE_ENTITY,525,100000.0,Karnataka
U51909KA1995PLC017742,LEELA BIOTECHANDINDUSTRIES LIMITED,Active,51909,PHARMA_CORPORATE_ENTITY,525,507000.0,Karnataka
U51909KA2020PTC131330,AYURMEGHA HEALTHCARE PRIVATE LIMITED,Active,51909,NAME_BASED_MATCH,525,50000.0,Karnataka
U86900KA2023PTC182202,DRPN HEALTHCARE PRIVATE LIMITED,Active,86900,NAME_BASED_MATCH,525,275000.0,Karnataka
U86900KA2025PTC198786,VAIDYOPACHAR HEALTHCARE PRIVATE LIMITED,Active,86900,NAME_BASED_MATCH,525,100000.0,Karnataka
U86905KA2025PTC211127,APRS HEALTHCARE PRIVATE LIMITED,Active,86905,NAME_BASED_MATCH,525,40000.0,Karnataka
U87100KA2026PTC217777,ASHOK HEALTHCARE SERVICES PRIVATE LIMITED,Active,87100,NAME_BASED_MATCH,525,100000.0,Karnataka
U82199KA2026PTC214554,NOBLEMED HEALTHCARE PRIVATE LIMITED,Active,82199,NAME_BASED_MATCH,525,100000.0,Karnataka
U85100KA2010PTC055489,VCURE CLINICS & DIAGNOSTICS PRIVATE LIMITED,Strike Off,85100,NAME_BASED_MATCH,525,4500000.0,Karnataka
U85100KA2020PTC135111,MEDIIMPACT HEALTHCARE PRIVATE LIMITED,Active,85100,NAME_BASED_MATCH,525,3000000.0,Karnataka
U85100KA2021PTC150230,ASKI HEALTHCARE PRIVATE LIMITED,Active,85100,NAME_BASED_MATCH,525,41600000.0,Karnataka
U85100KA2021PTC152265,AMOGH DIAGNOSTIC SOLUTIONS PRIVATE LIMITED,Active,85100,NAME_BASED_MATCH,525,1500000.0,Karnataka
U85110KA1981PTC004250,MANGALORE MEDICAL RESEARCH AND DIAGNOSTICS PRIVATE LIMITED,Active,85110,NAME_BASED_MATCH,525,1955000.0,Karnataka
U85110KA1985PTC007358,CENTRAL DIAGNOSTIC RESEARCH FOUNDATION PRIVATE LIMITED,Active,85110,NAME_BASED_MATCH,525,15000000.0,Karnataka
U85110KA1990PTC010816,RAGAVS DIAGNOSTIC AND RESEARCH CENTRE PRIVATE LIMITED,Active,85110,NAME_BASED_MATCH,525,114256000.0,Karnataka
U85110KA1991PTC011846,ZEUS BIOTECH PRIVATE LIMITED,Active,85110,PHARMA_CORPORATE_ENTITY,525,10000000.0,Karnataka
U85110KA1992PTC012907,GANAPULE DIAGNOSTIC IMAGING SERVICES PRI VATE LIMITED,Strike Off,85110,NAME_BASED_MATCH,525,600000.0,Karnataka
U85110KA1995PTC018525,BELGAUM DIAGNOSTIC AND CARDIAC CENTRE PRIVATE LIMITED,Active,85110,NAME_BASED_MATCH,525,1098000.0,Karnataka
U85110KA2003PTC031780,ITTINA HEALTHCARE PRIVATE LIMITED,Active,85110,NAME_BASED_MATCH,525,300000.0,Karnataka
U85110KA2013PTC070103,TARR HEALTHCARE PRIVATE LIMITED,Strike Off,85110,NAME_BASED_MATCH,525,100000.0,Karnataka
U85110KA2014PTC075799,V&Y HEALTHCARE PRIVATE LIMITED,Strike Off,85110,NAME_BASED_MATCH,525,100000.0,Karnataka
U85110KA2015FTC078198,VERSION2 HEALTHCARE INDIA PRIVATE LIMITED,Active,85110,NAME_BASED_MATCH,525,500000.0,Karnataka
U85110KA2015PTC082105,CLUDOC HEALTHCARE PRIVATE LIMITED,Strike Off,85110,NAME_BASED_MATCH,525,100000.0,Karnataka
U85110KA2018PTC119289,DR.FRIDAY HEALTHCARE PRIVATE LIMITED,Strike Off,85110,NAME_BASED_MATCH,525,400000.0,Karnataka
U85190KA2022PTC167480,LIFESHADE HEALTHCARE SERVICES PRIVATE LIMITED,Active,85190,NAME_BASED_MATCH,525,100000.0,Karnataka
U85199KA2000PTC026183,CRYOGARD LABORATORIES PRIVATE LIMITED,Strike Off,85199,PHARMA_CORPORATE_ENTITY,525,0.0,Karnataka
U85200KA2020PTC133182,INFINITE HEALTHCARE ENTERPRISES PRIVATE LIMITED,Strike Off,85200,NAME_BASED_MATCH,525,100000.0,Karnataka
U85300KA2019PTC120939,TASHKA HEALTHCARE PRIVATE LIMITED,Active,85300,NAME_BASED_MATCH,525,100000.0,Karnataka
U74999KA2018PTC116491,DAFSON'S HEALTHCARE SOLUTIONS PRIVATE LIMITED,Active,74999,NAME_BASED_MATCH,536,100000.0,Karnataka
U74999KA2019PTC121731,DAARSHANIK HEALTHCARE PRIVATE LIMITED,Active,74999,NAME_BASED_MATCH,525,100000.0,Karnataka
U85300KA2020PTC138042,MEDYSPIRE HEALTHCARE PRIVATE LIMITED,Active,85300,NAME_BASED_MATCH,545,100000.0,Karnataka
U85300KA2020PTC140720,ARPINA HEALTHCARE PRIVATE LIMITED,Active,85300,NAME_BASED_MATCH,525,100000.0,Karnataka
U85100KA2010PTC052313,MEDIKONNECT HEALTHCARE PRIVATE LIMITED,Strike Off,85100,NAME_BASED_MATCH,525,105270.0,Karnataka
U85100KA2011FTC056781,NEXTGEN HEALTHCARE INDIA PRIVATE LIMITED,Active,85100,NAME_BASED_MATCH,525,9900000.0,Karnataka
U85100KA2011PTC060260,ANKUR HEALTHCARE (RAICHUR) PRIVATE LIMITED,Strike Off,85100,NAME_BASED_MATCH,525,4500000.0,Karnataka
U85100KA2014PTC074441,PRAKRIYA HEALTHCARE PRIVATE LIMITED,Strike Off,85100,NAME_BASED_MATCH,525,100000.0,Karnataka
U85100KA2021PTC154156,SHREESHYLA HEALTHCARE SOLUTIONS PRIVATE LIMITED,Active,85100,NAME_BASED_MATCH,525,100000.0,Karnataka
U85110KA1994PTC016472,CDYMAX (INDIA) PHARMA PRIVATE LIMITED,Active,85110,PHARMA_CORPORATE_ENTITY,525,88827100.0,Karnataka
U85110KA2012PTC064997,AADHYA HEALTHCARE PRIVATE LIMITED,Active,85110,NAME_BASED_MATCH,525,31000000.0,Karnataka
U85110KA2015PTC082958,LEXINGTON HEALTHCARE PRIVATE LIMITED,Active,85110,NAME_BASED_MATCH,525,100000.0,Karnataka
U85110KA2018PTC113867,AESTHETICS HQ HEALTHCARE PRIVATE LIMITED,Active,85110,NAME_BASED_MATCH,525,100000.0,Karnataka
U85110KA2022PTC158411,TRADICINE HEALTHCARE PRIVATE LIMITED,Active,85110,NAME_BASED_MATCH,525,100000.0,Karnataka
U85190KA2010PTC056430,SAITAI HEALTHCARE PRIVATE LIMITED,Active,85190,NAME_BASED_MATCH,525,100000.0,Karnataka
U85195KA2009PTC051884,BLOSSOM DIAGNOSTIC CENTRE PRIVATE LIMITED,Strike Off,85195,NAME_BASED_MATCH,542,1000000.0,Karnataka
U85200KA2018PTC109649,RANGSONS HEALTHCARE SOLUTIONS PRIVATE LIMITED,Active,85200,NAME_BASED_MATCH,545,15100000.0,Karnataka
U85200KA2018PTC113548,FACILEX DIAGNOSTICS PRIVATE LIMITED,Active,85200,NAME_BASED_MATCH,525,500000.0,Karnataka
U85300KA2015NPL083221,CERTIFICATION COUNCIL FOR INDIAN HEALTHCARE INFORMATION TECHNOLOGY,Active,85300,NAME_BASED_MATCH,525,100000.0,Karnataka
U85300KA2018PTC119326,MEDKORNER HEALTHCARE PRIVATE LIMITED,Active,85300,NAME_BASED_MATCH,525,100000.0,Karnataka
U74999KA2018PTC109168,KENKODE HEALTHCARE PRIVATE LIMITED,Active,74999,NAME_BASED_MATCH,525,200000.0,Karnataka
U74999KA2018PTC110123,MARIG LD PHARMA PRIVATE LIMITED,Active,74999,PHARMA_CORPORATE_ENTITY,525,100000.0,Karnataka
U74999KA2018PTC111817,CUTIBLESS HEALTHCARE PRIVATE LIMITED,Active,74999,NAME_BASED_MATCH,525,100000.0,Karnataka
U74999KA2018PTC111858,SKINSTEM BIOTECH PRIVATE LIMITED,Active,74999,PHARMA_CORPORATE_ENTITY,525,100000.0,Karnataka
U74999KA2018PTC116855,BANKADA PHARMACEUTICAL & SURGICAL PRIVATE LIMITED,Active,74999,PHARMA_CORPORATE_ENTITY,525,100000.0,Karnataka
U74999KA2018PTC117657,SREEVARAM AYURVEDA PRIVATE LIMITED,Active,74999,NAME_BASED_MATCH,525,100000.0,Karnataka
U85300KA2020PTC132745,MEDON HEALTHCARE TECHNOLOGIES PRIVATE LIMITED,Active,85300,NAME_BASED_MATCH,525,100000.0,Karnataka
U85300KA2021PTC144872,ANUGRAHA ARKA INTEGRATED MEDICINE PRIVATE LIMITED,Active,85300,PHARMA_CORPORATE_ENTITY,525,100000.0,Karnataka
U85300KA2021PTC151718,NESARA HEALTHCARE PRIVATE LIMITED,Active,85300,NAME_BASED_MATCH,525,10000.0,Karnataka
U85300KA2022PTC161524,SHRAVANA HEALTHCARE PRIVATE LIMITED,Active,85300,NAME_BASED_MATCH,525,100000.0,Karnataka
U85300KA2022PTC162796,NEELADRI HEALTHCARE PRIVATE LIMITED,Active,85300,NAME_BASED_MATCH,525,6745000.0,Karnataka
U85300KA2022PTC169315,PMR FITNESS AND HEALTHCARE PRIVATE LIMITED,Active,85300,NAME_BASED_MATCH,525,1000000.0,Karnataka
U85300KA2023NPL170447,ALL INDIA JANAUSHADHI CHEMISTS AND DRUGGISTS ASSOCIATION,Active,85300,PHARMA_CORPORATE_ENTITY,525,0.0,Karnataka
U85499KA2025NPL211201,MEDBEL GLOBAL HEALTHCARE AND RESEARCH FOUNDATION,Active,85499,NAME_BASED_MATCH,525,100000.0,Karnataka
U85500KA2023PTC177156,MAHAVATAR BABAJI BIOTECH SOLUTIONS AND MEDICAL SCHOOL PRIVATE LIMITED,Active,85500,PHARMA_CORPORATE_ENTITY,525,100000.0,Karnataka
U86100KA2025PLC199608,SAMJAYA HEALTHCARE LIMITED,Active,86100,NAME_BASED_MATCH,525,68958500.0,Karnataka
U86201KA2024PTC191884,AMPOLIFE PLUS HEALTHCARE PRIVATE LIMITED,Active,86201,NAME_BASED_MATCH,525,100000.0,Karnataka
U74999KA2017PTC103337,KADADI HEALTHCARE PRIVATE LIMITED,Active,74999,NAME_BASED_MATCH,525,100000.0,Karnataka
U74999KA2017PTC104317,AMTHERA LIFE SCIENCES PRIVATE LIMITED,Active,74999,PHARMA_CORPORATE_ENTITY,525,100000.0,Karnataka
U74900KA2015PTC083826,SANOVIS LIFE SCIENCES PRIVATE LIMITED,Active,74900,PHARMA_CORPORATE_ENTITY,525,100000.0,Karnataka
U74900KA2015PTC084938,PANOMICS DIAGNOSTICS AND RESEARCH PRIVATE LIMITED,Strike Off,74900,NAME_BASED_MATCH,525,100000.0,Karnataka
U74900KA2016PTC085576,MELDEN PHARMACEUTICALS PRIVATE LIMITED,Active,74900,PHARMA_CORPORATE_ENTITY,525,100000.0,Karnataka
U74999KA2001PTC028915,AMALA BIOTECH SYSTEMS PRIVATE LIMITED,Strike Off,74999,PHARMA_CORPORATE_ENTITY,525,100000.0,Karnataka
U74999KA2011PTC058505,WELLMANN AND PARTNERS HEALTHCARE PRIVATE LIMITED,Active,74999,NAME_BASED_MATCH,525,2885140.0,Karnataka
U74999KA2016PTC095450,MEDIMAN PHARMACY PRIVATE LIMITED,Active,74999,PHARMA_CORPORATE_ENTITY,525,100000.0,Karnataka
U74999KA2016PTC097489,TONEMAX PHARMACEUTICALS PRIVATE LIMITED,Active,74999,PHARMA_CORPORATE_ENTITY,525,1000000.0,Karnataka
U85100KA2015PTC078952,BRINDHAVANA DIAGNOSTIC CENTRE PRIVATE LIMITED,Active,85100,NAME_BASED_MATCH,544,9000000.0,Karnataka
U85100KA2022PTC168916,ALPHACROWN HEALTHCARE PRIVATE LIMITED,Active,85100,NAME_BASED_MATCH,525,100000.0,Karnataka
U85110KA2015PTC079687,SAYRE THERAPEUTICS PRIVATE LIMITED,Active,85110,PHARMA_CORPORATE_ENTITY,525,2879160.0,Karnataka
U85110KA2015PTC083743,MEDCYNC HEALTHCARE PRIVATE LIMITED,Active,85110,NAME_BASED_MATCH,525,100000.0,Karnataka
U85110KA2020PTC137163,MEDRAY HEALTHCARE PRIVATE LIMITED,Active,85110,NAME_BASED_MATCH,525,1000000.0,Karnataka
U85300KA2018PTC115147,NEUBERG ANAND ACADEMY OF LABORATORY MEDICINE PRIVATE LIMITED,Active,85300,PHARMA_CORPORATE_ENTITY,525,50000.0,Karnataka
U85300KA2020PTC142238,RAKSHOBHYA HEALTHCARE PRIVATE LIMITED,Active,85300,NAME_BASED_MATCH,525,103330.0,Karnataka
U85300KA2021PTC148512,TV RAO HEALTHCARE SERVICES PRIVATE LIMITED,Active,85300,NAME_BASED_MATCH,525,100000.0,Karnataka
U85320KA2017PTC105161,PAYTON HEALTHCARE SOLUTIONS PRIVATE LIMITED,Active,85320,NAME_BASED_MATCH,525,100000.0,Karnataka
U86100KA2023PTC171627,VIJAYAVARADHA HEALTHCARE PRIVATE LIMITED,Active,86100,NAME_BASED_MATCH,525,100000.0,Karnataka
U86100KA2023PTC176670,SRIKANTH HEALTHCARE PRIVATE LIMITED,Active,86100,NAME_BASED_MATCH,529,1000000.0,Karnataka
U86100KA2025PTC205593,CODESIX HEALTHCARE SERVICE PRIVATE LIMITED,Active,86100,NAME_BASED_MATCH,525,1000000.0,Karnataka
U70200KA2025PTC212343,HEALTHCARE INSTITUTE PRIVATE LIMITED,Active,70200,NAME_BASED_MATCH,525,100000.0,Karnataka
U74999KA2017PTC102597,CONFIDE PHARMACEUTICALS PRIVATE LIMITED,Active,74999,PHARMA_CORPORATE_ENTITY,525,100000.0,Karnataka
U74999KA2018PTC113513,BIOMARILYN PHARMACEUTICALS PRIVATE LIMITED,Active,74999,PHARMA_CORPORATE_ENTITY,525,190000.0,Karnataka
U72100KA2023PTC181351,GEOPHAGE BIOTECH PRIVATE LIMITED,Active,72100,PHARMA_CORPORATE_ENTITY,525,100000.0,Karnataka
U72100KA2024PTC187364,STURNUS BIOTECH PRIVATE LIMITED,Active,72100,PHARMA_CORPORATE_ENTITY,525,100000.0,Karnataka
U72200KA2007PTC043983,MANIPAL EDUCATION AND HEALTHCARE INITIATIVE PRIVATE LIMITED,Strike Off,72200,NAME_BASED_MATCH,525,100000.0,Karnataka
U74999KA2021PTC144311,VOWELS 9M HEALTHCARE PRIVATE LIMITED,Active,74999,NAME_BASED_MATCH,525,640000.0,Karnataka
U74999KA2022PTC161488,VIAN BIOTECH PRIVATE LIMITED,Active,74999,PHARMA_CORPORATE_ENTITY,525,500000.0,Karnataka
U85110KA2009PTC050591,MEDISCAN DIAGNOSTIC AND HEALTH CARE PRIVATE LIMITED,Active,85110,NAME_BASED_MATCH,525,100000.0,Karnataka
U85110KA2010PTC055590,MAITRI DIAGNOSTICS PRIVATE LIMITED,Active,85110,NAME_BASED_MATCH,525,500000.0,Karnataka
U85110KA2014PTC076977,MUKHYAPRANA HEALTHCARE PRIVATE LIMITED,Strike Off,85110,NAME_BASED_MATCH,525,2000000.0,Karnataka
U85110KA2015PTC082819,SAMVIDA HEALTHCARE PRIVATE LIMITED,Active,85110,NAME_BASED_MATCH,525,652990.0,Karnataka
U85110KA2015PTC083616,TRIDEGREE HEALTHCARE PRIVATE LIMITED,Strike Off,85110,NAME_BASED_MATCH,536,100000.0,Karnataka
U85190KA2008PTC048318,ABBVIE HEALTHCARE INDIA PRIVATE LIMITED,Active,85190,NAME_BASED_MATCH,525,21468450.0,Karnataka
U85190KA2019PTC125908,GARUDA LIFE SCIENCES PRIVATE LIMITED,Active,85190,PHARMA_CORPORATE_ENTITY,525,100000.0,Karnataka
U85190KA2020PTC134516,AGILE DIAGNOSTICS PRIVATE LIMITED,Active,85190,NAME_BASED_MATCH,525,100000.0,Karnataka
U85195KA2006PTC041223,AVATAR11 DIAGNOSTICS PRIVATE LIMITED,Strike Off,85195,NAME_BASED_MATCH,525,300000.0,Karnataka
U85300KA2019PTC127080,CLADEQUATE HEALTHCARE PRIVATE LIMITED,Strike Off,85300,NAME_BASED_MATCH,525,100000.0,Karnataka
U85300KA2021PTC154908,SRI PARSHVA PHARMA DISTRIBUTORS PRIVATE LIMITED,Active,85300,PHARMA_CORPORATE_ENTITY,525,100000.0,Karnataka
U85303KA2026PTC219026,DHATHREE ACADEMY AND HEALTHCARE PRIVATE LIMITED,Active,85303,NAME_BASED_MATCH,525,10000.0,Karnataka
U85320KA2017PTC100925,C2DHEALTHCARE PRIVATE LIMITED,Strike Off,85320,NAME_BASED_MATCH,525,100000.0,Karnataka
U86100KA2023NPL173269,AFIFA HEALTHCARE DEVELOPMENT FOUNDATION,Active,86100,NAME_BASED_MATCH,525,200000.0,Karnataka
U86100KA2023PTC181537,SURABHI WOMEN & CHILDREN HEALTHCARE PRIVATE LIMITED,Active,86100,NAME_BASED_MATCH,631,63592280.0,Karnataka
U45309KA2022PTC163928,GADAG INFRASTRUCTURE AND LABORATORIES PRIVATE LIMITED,Active,45309,PHARMA_CORPORATE_ENTITY,537,300000.0,Karnataka
U46497KA2025PTC198439,MUBIN LABORATORIES PRIVATE LIMITED,Active,46497,PHARMA_CORPORATE_ENTITY,525,1000000.0,Karnataka
U46497KA2025PTC207963,COSMERAKI PHARMACEUTICALS PRIVATE LIMITED,Active,46497,PHARMA_CORPORATE_ENTITY,525,1000000.0,Karnataka
U46497KA2025PTC210127,PREVOX PHARMACEUTICAL PRIVATE LIMITED,Active,46497,PHARMA_CORPORATE_ENTITY,525,100000.0,Karnataka
U74999KA2018PTC114848,INFODOCT HEALTHCARE SOLUTIONS PRIVATE LIMITED,Active,74999,NAME_BASED_MATCH,525,105100.0,Karnataka
U46497KA2025PTC202249,PRAROHA PHARMA PRIVATE LIMITED,Active,46497,PHARMA_CORPORATE_ENTITY,525,100000.0,Karnataka
U46497KA2025PTC209226,TRIVEXA PHARMACEUTICALS PRIVATE LIMITED,Active,46497,PHARMA_CORPORATE_ENTITY,525,100000.0,Karnataka
U46596KA2025PTC197667,MEDIVANCE PHARMA PRIVATE LIMITED,Active,46596,PHARMA_CORPORATE_ENTITY,525,100000.0,Karnataka
U74900KA2015PTC082071,SKANDA SURGICALS & PHARMA PRIVATE LIMITED,Active,74900,PHARMA_CORPORATE_ENTITY,525,12550000.0,Karnataka
U74900KA2015PTC084174,TECHSICON BIOTECH PRIVATE LIMITED,Strike Off,74900,PHARMA_CORPORATE_ENTITY,525,80000.0,Karnataka
U74900KA2015PTC084894,LYPHOSIS BIOTECH PRIVATE LIMITED,Strike Off,74900,PHARMA_CORPORATE_ENTITY,525,100000.0,Karnataka
U70200KA2025PTC201629,TRUEBLUE MAVENS HEALTHCARE PRIVATE LIMITED,Active,70200,NAME_BASED_MATCH,525,10000.0,Karnataka
U71200KA2024PTC187556,ECOMEN LABORATORIES PRIVATE LIMITED,Active,71200,PHARMA_CORPORATE_ENTITY,525,500000.0,Karnataka
U74999KA2020OPC142319,RESENSA PHARMA (OPC) PRIVATE LIMITED,Strike Off,74999,PHARMA_CORPORATE_ENTITY,525,100000.0,Karnataka
U74999KA2018OPC113864,REJUVENTE HERBALS (OPC) PRIVATE LIMITED,Active,74999,NAME_BASED_MATCH,525,100000.0,Karnataka
U74999KA2018PTC109470,SHRIKANTH HEALTHCARE PRIVATE LIMITED,Active,74999,NAME_BASED_MATCH,525,100000.0,Karnataka
U74999KA2018PTC114842,PURNASOUKHYA AYURVEDA PHARMACY PRIVATE LIMITED,Active,74999,PHARMA_CORPORATE_ENTITY,525,100000.0,Karnataka
U74999KA2018PTC115284,SANOVI PHARMACEUTICALS PRIVATE LIMITED,Active,74999,PHARMA_CORPORATE_ENTITY,525,14600000.0,Karnataka
U72100KA2024OPC192627,LAMBDA LIFE SCIENCES (OPC) PRIVATE LIMITED,Active,72100,PHARMA_CORPORATE_ENTITY,525,10000.0,Karnataka
U72100KA2023FTC179508,VANTIVE HEALTHCARE TECHNOLOGIES PRIVATE LIMITED,Active,72100,NAME_BASED_MATCH,525,700000000.0,Karnataka
U72100KA2023PTC181290,BHARTI BIOTECH PRIVATE LIMITED,Active,72100,PHARMA_CORPORATE_ENTITY,525,100000.0,Karnataka
U01403KA2012PTC062147,NATUREAGH BIOTECH PRIVATE LIMITED,Strike Off,01403,PHARMA_CORPORATE_ENTITY,525,100000.0,Karnataka
ACV-3168,Q-THERAPEUTICS LLP,Active,nan,PHARMA_CORPORATE_ENTITY,525,0.0,Karnataka
ACV-6622,SAPTHAGIRI VET PHARMA LLP,Active,nan,PHARMA_CORPORATE_ENTITY,525,0.0,Karnataka
ACX-2414,NOVEX HEALTHCARE LLP,Active,nan,NAME_BASED_MATCH,525,0.0,Karnataka
ACX-8347,ARIVU HEALTHCARE SERVICES LLP,Active,nan,NAME_BASED_MATCH,535,0.0,Karnataka
F01780,FISHER AND PAYKEL HEALTHCARE LIMITED,Inactive for e-filing,nan,NAME_BASED_MATCH,525,0.0,Karnataka
L24233KA2006PLC039703,ANTHEM BIOSCIENCES LIMITED,Active,24233,DIRECT_NIC_PHARMA_MANUFACTURER,525,1126390202.0,Karnataka
U00304KA1996PTC019677,SAI PANDIT AYURVEDA PRIVATE LIMITED,Strike Off,00304,NAME_BASED_MATCH,525,10000.0,Karnataka
U00380KA1988PTC009667,BANGALORE SURGICAL AIDS PRIVATE LIMITED,Strike Off,00380,NAME_BASED_MATCH,525,3500.0,Karnataka
U00389KA1995PTC019407,MANCHALE HEALTHCARE PRODUCTS PRIVATE LIMITED,Strike Off,00389,NAME_BASED_MATCH,525,2000.0,Karnataka
AAP-1970,YELLOW VEDA HERBALS LIMITED LIABILITY PARTNERSHIP,Active,nan,NAME_BASED_MATCH,525,0.0,Karnataka
AAU-0688,INFLEXON HEALTHCARE SERVICES LLP,Active,nan,NAME_BASED_MATCH,525,0.0,Karnataka
AAV-4200,JUDON BIOTECH LLP,Active,nan,PHARMA_CORPORATE_ENTITY,525,0.0,Karnataka
AAW-2026,REDUN PHARMA LLP,Active,nan,PHARMA_CORPORATE_ENTITY,525,0.0,Karnataka
AAX-9112,SANATORES ICU HEALTHCARE SERVICES LLP,Active,nan,NAME_BASED_MATCH,525,0.0,Karnataka
AAZ-2774,CELLSPARX BIOTECH LLP,Active,nan,PHARMA_CORPORATE_ENTITY,525,0.0,Karnataka
AAZ-8317,IIRA HEALTHCARE LLP,Active,nan,NAME_BASED_MATCH,525,0.0,Karnataka
ACB-7044,NOVAMAC IND PHARMA LLP,Active,nan,PHARMA_CORPORATE_ENTITY,525,0.0,Karnataka
ACE-3591,PRANAM HEALTHCARE SERVICES LLP,Active,nan,NAME_BASED_MATCH,549,0.0,Karnataka
ACF-5389,KOSMODERMA PHARMACEUTICALS LLP,Active,nan,PHARMA_CORPORATE_ENTITY,525,0.0,Karnataka
ACG-2171,NORTH EAST PHARMA BLR LIMITED LIABILITY PARTNERSHIP,Active,nan,PHARMA_CORPORATE_ENTITY,525,0.0,Karnataka
ACG-2731,PARANGATA PHARMA LLP,Active,nan,PHARMA_CORPORATE_ENTITY,525,0.0,Karnataka
ACG-9602,R L J PHARMA SOLUTIONS LLP,Active,nan,PHARMA_CORPORATE_ENTITY,525,0.0,Karnataka
AAD-1515,BIOCEUTE LABORATORIES LLP,Active,nan,PHARMA_CORPORATE_ENTITY,525,0.0,Karnataka
AAH-7867,LINT PHARMACEUTICALS LLP,Active,nan,PHARMA_CORPORATE_ENTITY,525,0.0,Karnataka
AAO-5516,DOVERA HEALTHCARE SOLUTIONS LLP,Active,nan,NAME_BASED_MATCH,525,0.0,Karnataka
AAO-7492,DRIVEN FORMULATIONS LLP,Active,nan,PHARMA_CORPORATE_ENTITY,525,0.0,Karnataka
AAP-4616,FOCUS DIAGNOSTIC CENTRE LLP,Strike Off,nan,NAME_BASED_MATCH,525,0.0,Karnataka
AAZ-0809,ANAVADY LIFE SCIENCES LLP,Active,nan,PHARMA_CORPORATE_ENTITY,525,0.0,Karnataka
ABA-0851,MED STREET PHARMA LLP,Active,nan,PHARMA_CORPORATE_ENTITY,525,0.0,Karnataka
U72900KA2020PTC141211,360D HEALTHCARE SERVICES PRIVATE LIMITED,Strike Off,72900,NAME_BASED_MATCH,525,100000.0,Karnataka
U72900KA2021PTC152965,ANNBRI HEALTHCARE PRIVATE LIMITED,Active,72900,NAME_BASED_MATCH,525,100000.0,Karnataka
U73100KA2002PTC030262,SAFEWAY BIO_LABORATORIES PRIVATE LIMITED,Active,73100,PHARMA_CORPORATE_ENTITY,525,150000.0,Karnataka
U73100KA2005PLC035741,BELOORBAYIR BIOTECH LIMITED,Active,73100,PHARMA_CORPORATE_ENTITY,525,399407500.0,Karnataka
U73100KA2020PTC132142,JEEVA BIOTECHNOLOGY SOLUTIONS PRIVATE LIMITED,Active,73100,PHARMA_CORPORATE_ENTITY,525,2350000.0,Karnataka
U73100KA2021PTC151985,VTD BIO PHARMA PRIVATE LIMITED,Active,73100,PHARMA_CORPORATE_ENTITY,525,100000.0,Karnataka
F03678,PHARMA MATCH,Inactive for e-filing,nan,PHARMA_CORPORATE_ENTITY,525,0.0,Karnataka
AAR-7863,TEMPEST HEALTHCARE LLP,Strike Off,nan,NAME_BASED_MATCH,525,0.0,Karnataka
AAY-6997,AYURSRISHTI HEALTHCARE LLP,Active,nan,NAME_BASED_MATCH,525,0.0,Karnataka
AAY-8824,AMULYASANJEEVANI PHARMACEUTICALS LLP,Active,nan,PHARMA_CORPORATE_ENTITY,547,0.0,Karnataka
ABA-3044,HLMV HEALTHCARE LLP,Active,nan,NAME_BASED_MATCH,525,0.0,Karnataka
ACB-1024,FIMRAK PHARMACEUTICALS LLP,Active,nan,PHARMA_CORPORATE_ENTITY,525,0.0,Karnataka
ACG-2510,MEDRIC MEDICAL DIAGNOSTICS & DAYCARE CENTER LLP,Active,nan,NAME_BASED_MATCH,525,0.0,Karnataka
AAC-4178,IAOMAI THERAPEUTICS LLP,Active,nan,PHARMA_CORPORATE_ENTITY,525,0.0,Karnataka
U47721KA2025PTC196778,SWINDERMA PHARMACEUTICAL PRIVATE LIMITED,Active,47721,PHARMA_CORPORATE_ENTITY,525,100000.0,Karnataka
U47890KA2023PTC180149,VANYASIRIBIOTECH PRIVATE LIMITED,Active,47890,PHARMA_CORPORATE_ENTITY,535,10000.0,Karnataka
U47912KA2023PTC172915,PARSHWANATH DRUG HOUSE PRIVATE LIMITED,Active,47912,PHARMA_CORPORATE_ENTITY,525,100000.0,Karnataka
U51109KA2013PTC067618,LOUESTEUR PHARMA PRIVATE LIMITED,Strike Off,51109,PHARMA_CORPORATE_ENTITY,525,400000.0,Karnataka
U51109KA2014PTC077461,SPOORTHI HERBALS PRIVATE LIMITED,Strike Off,51109,NAME_BASED_MATCH,549,100000.0,Karnataka
U51109KA2015PTC080007,CAREIT HEALTHCARE PRIVATE LIMITED,Active,51109,NAME_BASED_MATCH,525,500000.0,Karnataka
U51109KA2015PTC084817,BELVIN LIFE SCIENCES PRIVATE LIMITED,Active,51109,PHARMA_CORPORATE_ENTITY,525,1000000.0,Karnataka
U51397KA1998PTC024027,INDRAPRASTHA PHARMACEUTICALS INDIA PRIVATE LIMITED,Strike Off,51397,PHARMA_CORPORATE_ENTITY,525,200000.0,Karnataka
U51397KA2020PTC137257,LIGOVIA HEALTHCARE PRIVATE LIMITED,Active,51397,NAME_BASED_MATCH,525,100000.0,Karnataka
U51909KA2015PTC084484,UNICELER HEALTHCARE PRIVATE LIMITED,Active,51909,NAME_BASED_MATCH,525,5000000.0,Karnataka
U51909KA2020PTC136772,ZILIVIA HEALTHCARE PRIVATE LIMITED,Active,51909,NAME_BASED_MATCH,525,1000000.0,Karnataka
U51909KA2020PTC139074,DANUBE PHARMA PRIVATE LIMITED,Active,51909,PHARMA_CORPORATE_ENTITY,525,20000.0,Karnataka
U51909KA2021PTC147344,MEDICIMS PHARMA PRIVATE LIMITED,Active,51909,PHARMA_CORPORATE_ENTITY,542,150000.0,Karnataka
U51909KA2021PTC153867,RESCURE PHARMACEUTICALS PRIVATE LIMITED,Active,51909,PHARMA_CORPORATE_ENTITY,525,100000.0,Karnataka
U51909KA2021PTC156137,MAXFILL PHARMACEUTICAL PRIVATE LIMITED,Active,51909,PHARMA_CORPORATE_ENTITY,525,100000.0,Karnataka
U52390KA2022PTC164825,INCAP PHARMA PRIVATE LIMITED,Active,52390,PHARMA_CORPORATE_ENTITY,525,100000.0,Karnataka
U21001KA2023PTC177212,BESTIMAX BIOTECH PRIVATE LIMITED,Active,21001,DIRECT_NIC_PHARMA_MANUFACTURER,535,100000.0,Karnataka
U21001KA2024PTC192120,PUREBLUE HEALTHCARE PRIVATE LIMITED,Active,21001,DIRECT_NIC_PHARMA_MANUFACTURER,525,100000.0,Karnataka
U21001KA2025PTC208022,HITA NUTRACEUTICALS PRIVATE LIMITED,Active,21001,DIRECT_NIC_PHARMA_MANUFACTURER,525,500000.0,Karnataka
U21002KA2024PTC185848,SAM JO ENERGY PRIVATE LIMITED,Active,21002,DIRECT_NIC_PHARMA_MANUFACTURER,542,100000.0,Karnataka
U21003KA2023PTC175160,HEABAL INDIA PRIVATE LIMITED,Active,21003,DIRECT_NIC_PHARMA_MANUFACTURER,525,1000000.0,Karnataka
U21020KA1980PLC003768,CAUVERY PAPERS LIMITED,Under Liquidation,21020,DIRECT_NIC_PHARMA_MANUFACTURER,525,2000.0,Karnataka
U21090KA1986PTC007919,WELSTIK TAPES PRIVATE LIMITED,Strike Off,21090,DIRECT_NIC_PHARMA_MANUFACTURER,525,200.0,Karnataka
U21097KA2020PTC131659,AUM PAPER PRODUCTS PRIVATE LIMITED,Active,21097,DIRECT_NIC_PHARMA_MANUFACTURER,525,1000000.0,Karnataka
U21098KA2018PTC112262,PINAKA ECOCRAFTZ PRIVATE LIMITED,Active,21098,DIRECT_NIC_PHARMA_MANUFACTURER,536,100000.0,Karnataka
U21099KA2019PTC124207,DHANARAJ PAPER PRODUCTS PRIVATE LIMITED,Strike Off,21099,DIRECT_NIC_PHARMA_MANUFACTURER,525,150000.0,Karnataka
U29197KA2002PTC031222,UNIK AIR BIOTECH SYSTEMS PRIVATE LIMITED,Strike Off,29197,PHARMA_CORPORATE_ENTITY,525,100000.0,Karnataka
U02412KA1995PTC018120,BGP BIOTECHNOLOGIES PRIVATE LIMITED,Strike Off,02412,PHARMA_CORPORATE_ENTITY,738,3000.0,Karnataka
U02423KA1988PTC009345,ELEGANT DRUGS PRIVATE LIMITED,Active,02423,PHARMA_CORPORATE_ENTITY,525,45131460.0,Karnataka
U33110KA2014PTC075336,SANSHOK HEALTHCARE PRIVATE LIMITED,Active,33110,NAME_BASED_MATCH,525,100000.0,Karnataka
U33110KA2022PTC156240,FLEXPACK PHARMA PRIVATE LIMITED,Active,33110,PHARMA_CORPORATE_ENTITY,738,100000.0,Karnataka
U46909KA2023PTC178524,TRIMUKA LIFE SCIENCES PRIVATE LIMITED,Active,46909,PHARMA_CORPORATE_ENTITY,525,50000.0,Karnataka
U47721KA2025PTC200963,ADREMAX PHARMACEUTICALS PRIVATE LIMITED,Active,47721,PHARMA_CORPORATE_ENTITY,525,100000.0,Karnataka
U51219KA2003PTC032786,VAJRA BIOTECH PRIVATE LIMITED,Active,51219,PHARMA_CORPORATE_ENTITY,525,100000.0,Karnataka
U51909KA2016PTC093369,GOOD OLD AYURVEDA PRIVATE LIMITED,Active,51909,NAME_BASED_MATCH,525,200000.0,Karnataka
U51909KA2021PTC147640,VINKIND PHARMACEUTICALS PRIVATE LIMITED,Active,51909,PHARMA_CORPORATE_ENTITY,525,100000.0,Karnataka
U51909KA2022PTC158963,V C VISHAL PHARMA PRIVATE LIMITED,Active,51909,PHARMA_CORPORATE_ENTITY,525,100000.0,Karnataka
U20299KA2023PTC181210,WELLREN PHARMACEUTICALS PRIVATE LIMITED,Active,20299,PHARMA_RELATED_MANUFACTURER,525,100000.0,Karnataka
U21000KA2019PTC129171,JUSTCLEAN PULP AND PAPER PRIVATE LIMITED,Active,21000,DIRECT_NIC_PHARMA_MANUFACTURER,525,200000.0,Karnataka
U21000KA2026PTC214570,DELTAQUANT LIFESCIENCES PRIVATE LIMITED,Active,21000,DIRECT_NIC_PHARMA_MANUFACTURER,525,1000000.0,Karnataka
U21001KA2023PTC171294,BVVH HOSPITALITY AND LIFE SCIENCES PRIVATE LIMITED,Active,21001,DIRECT_NIC_PHARMA_MANUFACTURER,525,100000.0,Karnataka
U21001KA2023PTC178007,VENSONS LIFE CARE PRIVATE LIMITED,Active,21001,DIRECT_NIC_PHARMA_MANUFACTURER,525,100000.0,Karnataka
U21001KA2024PTC184306,LEKYA INDUSTRIES PRIVATE LIMITED,Active,21001,DIRECT_NIC_PHARMA_MANUFACTURER,525,10000.0,Karnataka
U21001KA2025PTC206919,ZYNERIX MEDICORP PRIVATE LIMITED,Active,21001,DIRECT_NIC_PHARMA_MANUFACTURER,525,10000.0,Karnataka
U21001KA2026PTC214256,SRIVARA NUTRICARE PRIVATE LIMITED,Active,21001,DIRECT_NIC_PHARMA_MANUFACTURER,525,100000.0,Karnataka
U21002KA2023PTC173116,BALJIWAN HERBAL CARE PRIVATE LIMITED,Active,21002,DIRECT_NIC_PHARMA_MANUFACTURER,525,1000000.0,Karnataka
U21002KA2025PTC210575,ADI BILVA GLOBAL PHARMACEUTICALS PRIVATE LIMITED,Active,21002,DIRECT_NIC_PHARMA_MANUFACTURER,525,1000000.0,Karnataka
U21003KA2024PTC187736,ATTAULLAH AYURVEDA AND UNANI PRIVATE LIMITED,Active,21003,DIRECT_NIC_PHARMA_MANUFACTURER,525,200000.0,Karnataka
U21003KA2025PTC212818,SHATAVAIDYA PRIVATE LIMITED,Active,21003,DIRECT_NIC_PHARMA_MANUFACTURER,525,100000.0,Karnataka
U21003KA2026PTC215309,YEGYA GROUPS OF COMPANIES PRIVATE LIMITED,Active,21003,DIRECT_NIC_PHARMA_MANUFACTURER,525,10000.0,Karnataka
U21009KA2023PTC173261,CADOMACK PHARMACEUTICALS INDIA PRIVATE LIMITED,Active,21009,DIRECT_NIC_PHARMA_MANUFACTURER,525,100000.0,Karnataka
U21009KA2023PTC173421,NATURA AYUR SCIENCE PRIVATE LIMITED,Active,21009,DIRECT_NIC_PHARMA_MANUFACTURER,525,2000.0,Karnataka
U21009KA2025PTC200925,EARTHBIOTICS PRODUCTS AND SERVICES PRIVATE LIMITED,Active,21009,DIRECT_NIC_PHARMA_MANUFACTURER,525,300000.0,Karnataka
U21009KA2025PTC208757,VANASVINI NATURALS PRIVATE LIMITED,Active,21009,DIRECT_NIC_PHARMA_MANUFACTURER,544,100000.0,Karnataka
U21009KA2025PTC211206,NUVEXA BIOTECH PRIVATE LIMITED,Active,21009,DIRECT_NIC_PHARMA_MANUFACTURER,525,1000000.0,Karnataka
U21009KA2026PTC220847,AEVERA PRIVATE LIMITED,Active,21009,DIRECT_NIC_PHARMA_MANUFACTURER,525,100000.0,Karnataka
U21012KA1986PTC007507,SUDHIR PAPERS PRIVATE LIMITED,Active,21012,DIRECT_NIC_PHARMA_MANUFACTURER,525,15405800.0,Karnataka
U21013KA1947PLC000956,NAGARIK PRINTERS AND PUBLISHERS LIMITED,Strike Off,21013,DIRECT_NIC_PHARMA_MANUFACTURER,525,0.0,Karnataka
U21015KA2020PTC138397,TAMETI INDUSTRIES PRIVATE LIMITED,Active,21015,DIRECT_NIC_PHARMA_MANUFACTURER,525,100000.0,Karnataka
U21016KA2012PTC062910,KOSHER TISSUE PRODUCTS PRIVATE LIMITED,Active,21016,DIRECT_NIC_PHARMA_MANUFACTURER,525,600000.0,Karnataka
U21020KA1998PTC023316,AMARJYOTHI PAPER COMPANY PRIVATE LIMITED,Strike Off,21020,DIRECT_NIC_PHARMA_MANUFACTURER,525,100000.0,Karnataka
U21022KA1998PTC023701,PLAMA BOARDS PRIVATE LIMITED,Active,21022,DIRECT_NIC_PHARMA_MANUFACTURER,525,3659770.0,Karnataka
U21023KA1995PTC017268,BANGALORE CORRUGATED PACKAGING PRIVATE LIMITED,Strike Off,21023,DIRECT_NIC_PHARMA_MANUFACTURER,525,300.0,Karnataka
U21029KA1982PTC004637,MULTI BOND LAMINATIONS PRIVATE LIMITED,Strike Off,21029,DIRECT_NIC_PHARMA_MANUFACTURER,525,10000.0,Karnataka
U21029KA2019PTC129908,MYLAR PACKAGING SOLUTIONS PRIVATE LIMITED,Active,21029,DIRECT_NIC_PHARMA_MANUFACTURER,525,1500000.0,Karnataka
U21029KA2021PTC149548,VSR PRINT PACK PRIVATE LIMITED,Active,21029,DIRECT_NIC_PHARMA_MANUFACTURER,525,100000.0,Karnataka
U21093KA2022PTC167587,MATTERHORN SUSTAINABILITY IN REALITY PRIVATE LIMITED,Active,21093,DIRECT_NIC_PHARMA_MANUFACTURER,525,105100.0,Karnataka
U21099KA2017PTC098941,PUNARVASU GRAPHICS PRIVATE LIMITED,Active,21099,DIRECT_NIC_PHARMA_MANUFACTURER,525,100000.0,Karnataka
U20293KA2026PTC213691,YEKKARA LIFE SCIENCES PRIVATE LIMITED,Active,20293,PHARMA_RELATED_MANUFACTURER,549,100000.0,Karnataka
U21000KA2009PTC052007,SUPREME HYGIENE PRODUCTS PRIVATE LIMITED,Strike Off,21000,DIRECT_NIC_PHARMA_MANUFACTURER,525,100000.0,Karnataka
U21000KA2019PTC125714,SEVEN HORSE INDUSTRIES PRIVATE LIMITED,Strike Off,21000,DIRECT_NIC_PHARMA_MANUFACTURER,542,1000000.0,Karnataka
U21000KA2025PTC206625,ROHSTOFF PRODUCTS PRIVATE LIMITED,Active,21000,DIRECT_NIC_PHARMA_MANUFACTURER,525,1000000.0,Karnataka
U21001KA2023PTC171629,GCAT DNA WORLD SOLUTIONS PRIVATE LIMITED,Active,21001,DIRECT_NIC_PHARMA_MANUFACTURER,525,100000.0,Karnataka
U21001KA2024PTC195103,MEDATHENA LIFE SCIENCES PRIVATE LIMITED,Active,21001,DIRECT_NIC_PHARMA_MANUFACTURER,536,100000.0,Karnataka
U21001KA2026PTC214063,JSG LABORATORIES PRIVATE LIMITED,Active,21001,DIRECT_NIC_PHARMA_MANUFACTURER,525,300000.0,Karnataka
U21001KA2026PTC221110,BIONERVA LIFESCIENCES PRIVATE LIMITED,Active,21001,DIRECT_NIC_PHARMA_MANUFACTURER,525,100000.0,Karnataka
U21002KA2025PTC207333,RITMOCARE PRIVATE LIMITED,Active,21002,DIRECT_NIC_PHARMA_MANUFACTURER,534,50000.0,Karnataka
U21003KA2023PTC182063,CHITLUR AYUSH PRIVATE LIMITED,Active,21003,DIRECT_NIC_PHARMA_MANUFACTURER,525,50000.0,Karnataka
U21003KA2024PTC186063,NATURAL HEALTHY MORINGA PRIVATE LIMITED,Active,21003,DIRECT_NIC_PHARMA_MANUFACTURER,525,500000.0,Karnataka
U21003KA2025PTC212267,PRATIDHEE HEALTH CARE PRIVATE LIMITED,Active,21003,DIRECT_NIC_PHARMA_MANUFACTURER,525,100000.0,Karnataka
U21003KA2026OPC217868,AVIV MARKETING (OPC) PRIVATE LIMITED,Active,21003,DIRECT_NIC_PHARMA_MANUFACTURER,540,10000.0,Karnataka
U21004KA2024PTC183114,ONE CELL SERVICES PRIVATE LIMITED,Active,21004,DIRECT_NIC_PHARMA_MANUFACTURER,525,100000.0,Karnataka
U21029KA2021PTC145239,KAMATH PACKAGING PRIVATE LIMITED,Active,21029,DIRECT_NIC_PHARMA_MANUFACTURER,534,1000000.0,Karnataka
U21092KA2020PTC132613,SRI PRATIMA VENTURES PRIVATE LIMITED,Strike Off,21092,DIRECT_NIC_PHARMA_MANUFACTURER,525,1000000.0,Karnataka
U21097KA2022PTC159943,MANJUSHREE PACKTEK PRIVATE LIMITED,Active,21097,DIRECT_NIC_PHARMA_MANUFACTURER,525,1460090.0,Karnataka
U21099KA2020PTC138501,ECOGEN NEW MATERIALS PRIVATE LIMITED,Active,21099,DIRECT_NIC_PHARMA_MANUFACTURER,525,100000.0,Karnataka
U21099KA2021PTC150942,PACKGIG PRIVATE LIMITED,Active,21099,DIRECT_NIC_PHARMA_MANUFACTURER,525,110000.0,Karnataka
U51909KA2021PTC148728,EEJO GLOBAL HEALTHCARE PRIVATE LIMITED,Active,51909,NAME_BASED_MATCH,525,100000.0,Karnataka
U52311KA2022PTC160979,LYKONI HEALTHCARE PRIVATE LIMITED,Active,52311,NAME_BASED_MATCH,525,10000.0,Karnataka
U52609KA2020PTC134396,CLINPHARMA INNOVATIONS PRIVATE LIMITED,Strike Off,52609,PHARMA_CORPORATE_ENTITY,525,100000.0,Karnataka
ACC-2220,FORUM-HOSPITAL AND HEALTHCARE LLP,Active,nan,NAME_BASED_MATCH,525,0.0,Karnataka
U24290KA2020PTC134505,CADMAC PHARMACEUTICALS PRIVATE LIMITED,Strike Off,24290,PHARMA_CORPORATE_ENTITY,547,100000.0,Karnataka
U24290KA2020PTC142000,SHREES PHARMA PRIVATE LIMITED,Active,24290,PHARMA_CORPORATE_ENTITY,546,100000.0,Karnataka
U24290KA2021PTC153573,MAXDOC LIFE SCIENCES PRIVATE LIMITED,Active,24290,PHARMA_CORPORATE_ENTITY,525,24999960.0,Karnataka
U24290KA2022PTC157346,NEXTBIG HEALTHCARE PRIVATE LIMITED,Active,24290,NAME_BASED_MATCH,525,60000.0,Karnataka
U24290KA2022PTC160383,BLISSGEN HEALTHCARE PRIVATE LIMITED,Active,24290,NAME_BASED_MATCH,525,100000.0,Karnataka
U24290KA2022PTC168535,VENTERZYME PHARMACEUTICAL PRIVATE LIMITED,Active,24290,PHARMA_CORPORATE_ENTITY,525,100000.0,Karnataka
U24290KA2022PTC204260,PHARMALECTIN INDIA PRIVATE LIMITED,Active,24290,PHARMA_CORPORATE_ENTITY,525,410200.0,Karnataka
U24297KA2020PTC139639,NUTRAFERNS HEALTHCARE PRIVATE LIMITED,Active,24297,NAME_BASED_MATCH,525,10000.0,Karnataka
U24299KA1989PTC010468,KONAR LABORATORIES PRIVATE LIMITED,Strike Off,24299,PHARMA_CORPORATE_ENTITY,529,1000.0,Karnataka
U24299KA2021PTC143251,SUNSPRINT PHARMACEUTICALS PRIVATE LIMITED,Strike Off,24299,PHARMA_CORPORATE_ENTITY,738,100000.0,Karnataka
U24299KA2021PTC146285,RAKESH CHANDRA PHARMACEUTICALS PRIVATE LIMITED,Active,24299,PHARMA_CORPORATE_ENTITY,525,100000.0,Karnataka
U24299KA2022PTC156482,RAZA PHARMACEUTICALS PRIVATE LIMITED,Active,24299,PHARMA_CORPORATE_ENTITY,533,100000.0,Karnataka
U24299KA2022PTC158857,SPRICKA HEALTHCARE PRIVATE LIMITED,Active,24299,NAME_BASED_MATCH,525,100000.0,Karnataka
U24299KA2022PTC159912,ESTIMA PHARMACEUTICALS PRIVATE LIMITED,Active,24299,PHARMA_CORPORATE_ENTITY,525,1000000.0,Karnataka
U24304KA2017OPC104656,SIGRID PHARMACON (OPC) PRIVATE LIMITED,Strike Off,24304,PHARMA_CORPORATE_ENTITY,525,100000.0,Karnataka
U24304KA2019PTC126720,HYCLONE LIFE SCIENCES SOLUTIONS INDIA PRIVATE LIMITED,Active,24304,PHARMA_CORPORATE_ENTITY,525,2351558770.0,Karnataka
U24304KA2020PTC137069,PARITY SOCIAL LABORATORIES PRIVATE LIMITED,Strike Off,24304,PHARMA_CORPORATE_ENTITY,525,100000.0,Karnataka
U24305KA2019PTC126038,AEGLE BIOPHARMA PRIVATE LIMITED,Strike Off,24305,PHARMA_CORPORATE_ENTITY,525,500000.0,Karnataka
U24306KA2016PTC097524,I. S. PHARMACEUTICALS PRIVATE LIMITED,Active,24306,PHARMA_CORPORATE_ENTITY,525,100000.0,Karnataka
U47721KA2025PTC198271,DALCURE INTERNATIONAL PHARMA PRIVATE LIMITED,Active,47721,PHARMA_CORPORATE_ENTITY,525,300000.0,Karnataka
U47722KA2024PTC188149,SKYN BIOTECH PRIVATE LIMITED,Active,47722,PHARMA_CORPORATE_ENTITY,525,100000.0,Karnataka
U51397KA2022PTC162294,INVOMATE LIFE SCIENCES PRIVATE LIMITED,Active,51397,PHARMA_CORPORATE_ENTITY,525,90000.0,Karnataka
U51900KA2017PTC103152,DR. RESQ LABORATORIES PRIVATE LIMITED,Strike Off,51900,PHARMA_CORPORATE_ENTITY,525,100000.0,Karnataka
U51909KA2021PTC143006,ROMTON PHARMACEUTICALS PRIVATE LIMITED,Active,51909,PHARMA_CORPORATE_ENTITY,525,1000000.0,Karnataka
U51909KA2021PTC144134,SAIDEUS LABORATORIES PRIVATE LIMITED,Strike Off,51909,PHARMA_CORPORATE_ENTITY,525,100000.0,Karnataka
U51909KA2021PTC149597,BVS PHARMA PRIVATE LIMITED,Active,51909,PHARMA_CORPORATE_ENTITY,525,100000.0,Karnataka
U51909KA2022PTC169392,SANTASH PHARMA PRIVATE LIMITED,Active,51909,PHARMA_CORPORATE_ENTITY,525,100000.0,Karnataka
U52190KA2022PTC161141,SGMS HEALTHCARE PRIVATE LIMITED,Active,52190,NAME_BASED_MATCH,525,100000.0,Karnataka
AAB-1437,KERNA ANALYSIS LABORATORIES LLP,Strike Off,nan,PHARMA_CORPORATE_ENTITY,525,0.0,Karnataka
U46497KA2024PTC184837,DHANVANTARI DRUG HOUSE PRIVATE LIMITED,Active,46497,PHARMA_CORPORATE_ENTITY,525,100000.0,Karnataka
U46497KA2025PTC210570,APEX HEALTHCARE SOLUTIONS PRIVATE LIMITED,Active,46497,NAME_BASED_MATCH,525,100000.0,Karnataka
U21000KA2022PTC162027,TVASTI ECOPULP PRIVATE LIMITED,Active,21000,DIRECT_NIC_PHARMA_MANUFACTURER,525,100000.0,Karnataka
U21000KA2024PTC189038,BALEEITA LIFESCIENCES PRIVATE LIMITED,Active,21000,DIRECT_NIC_PHARMA_MANUFACTURER,525,1400000.0,Karnataka
U21000KA2026PTC220696,MANIPAL MED-GELTECH PRIVATE LIMITED,Active,21000,DIRECT_NIC_PHARMA_MANUFACTURER,549,1000000.0,Karnataka
U21001KA2025PTC196835,RESILIENCE PHARMACEUTICAL PRIVATE LIMITED,Active,21001,DIRECT_NIC_PHARMA_MANUFACTURER,525,100000.0,Karnataka
U21003KA2025PTC199838,AYUREKHA AYURVEDA PRIVATE LIMITED,Active,21003,DIRECT_NIC_PHARMA_MANUFACTURER,540,100000.0,Karnataka
U21004KA2023PTC179252,PRAJASH PHARMACEUTICALS PRIVATE LIMITED,Active,21004,DIRECT_NIC_PHARMA_MANUFACTURER,529,1000000.0,Karnataka
U21004KA2023PTC179951,PASTUR HEALTH CARE PRIVATE LIMITED,Active,21004,DIRECT_NIC_PHARMA_MANUFACTURER,525,100000.0,Karnataka
U21012KA1975PTC002890,PAPER PACKAGING PRIVATE LIMITED,Active,21012,DIRECT_NIC_PHARMA_MANUFACTURER,525,46563300.0,Karnataka
U21014KA1984PLC005910,PHOENIX PAPER PACKAGING LIMITED,Under Liquidation,21014,DIRECT_NIC_PHARMA_MANUFACTURER,525,700.0,Karnataka
U21014KA1999PLC025379,SRI RAJARAJESHWARI GRAPHICS LIMITED,Strike Off,21014,DIRECT_NIC_PHARMA_MANUFACTURER,525,7000.0,Karnataka
U21029KA2009PTC049041,V PAC CARTONS INDIA PRIVATE LIMITED,Active,21029,DIRECT_NIC_PHARMA_MANUFACTURER,525,803720.0,Karnataka
U21091KA2003PTC031641,SHREYA PACKAIDS PRIVATE LIMITED,Active,21091,DIRECT_NIC_PHARMA_MANUFACTURER,525,100000.0,Karnataka
U21099KA2018PTC111023,EVIROCOR MACHINES INDIA PRIVATE LIMITED,Active,21099,DIRECT_NIC_PHARMA_MANUFACTURER,525,100000.0,Karnataka
U10797KA2023PTC181757,STRIVEO FORMULATIONS PRIVATE LIMITED,Active,10797,PHARMA_CORPORATE_ENTITY,525,1500000.0,Karnataka
U62013KA2024PTC188222,WHITEHORSE ELECTRONIC LABORATORIES INDIA PRIVATE LIMITED,Active,62013,PHARMA_CORPORATE_ENTITY,525,100000.0,Karnataka
U33110KA2020PTC134616,SRYCD HEALTHCARE PRIVATE LIMITED,Active,33110,NAME_BASED_MATCH,536,500000.0,Karnataka
U47721KA2024PTC189622,PUREMED PHARMACEUTICALS PRIVATE LIMITED,Active,47721,PHARMA_CORPORATE_ENTITY,525,1000000.0,Karnataka
U51397KA2019PTC124351,AXYNOVA HEALTHCARE PRIVATE LIMITED,Active,51397,NAME_BASED_MATCH,525,100000.0,Karnataka
U51599KA2021PTC154997,YUNIVERSAL FORMULATIONS PRIVATE LIMITED,Active,51599,PHARMA_CORPORATE_ENTITY,525,500000.0,Karnataka
U51900KA2022PTC160255,TNOVA PHARMACEUTICAL PRIVATE LIMITED,Active,51900,PHARMA_CORPORATE_ENTITY,525,500000.0,Karnataka
U52520KA2021PTC143489,VOG BIOTECH PRIVATE LIMITED,Active,52520,PHARMA_CORPORATE_ENTITY,525,10000.0,Karnataka
U52609KA2018PTC111629,PHARMADROID HEALTHCARE SOLUTIONS PRIVATE LIMITED,Strike Off,52609,PHARMA_CORPORATE_ENTITY,534,100000.0,Karnataka
AAF-1289,ACUNOVA LIFE SCIENCES LLP,Active,nan,PHARMA_CORPORATE_ENTITY,525,0.0,Karnataka
AAK-4387,THIRTHALLI DIAGNOSTIC CENTRE LLP,Active,nan,NAME_BASED_MATCH,525,0.0,Karnataka
ACJ-0399,LIVA HEALTHCARE LLP,Active,nan,NAME_BASED_MATCH,525,0.0,Karnataka
ACK-8240,AADRITHI PHARMACEUTICALS LLP,Active,nan,PHARMA_CORPORATE_ENTITY,525,0.0,Karnataka
ACO-0052,AMHEAL HEALTHCARE LLP,Active,nan,NAME_BASED_MATCH,525,0.0,Karnataka
ACO-2690,BENAKA PHARMA LLP,Active,nan,PHARMA_CORPORATE_ENTITY,535,0.0,Karnataka
U46497KA2025PTC205972,NEXLYF MEDTECH PRIVATE LIMITED,Active,46497,NAME_BASED_MATCH,525,10000.0,Karnataka
U46497KA2026PTC218847,UVIANTA HEALTHCARE AND PHARMA INDIA PRIVATE LIMITED,Active,46497,PHARMA_CORPORATE_ENTITY,525,1000000.0,Karnataka
U46596KA2026PTC215529,SPECTRUM SURGICALS PRIVATE LIMITED,Active,46596,NAME_BASED_MATCH,525,100000.0,Karnataka
U15122KA2012PTC064996,PATANJALIM HERBAL PRIVATE LIMITED,Strike Off,15122,NAME_BASED_MATCH,525,100000.0,Karnataka
U15400KA2021PTC143474,UNIKALPA HERBALS PRIVATE LIMITED,Strike Off,15400,NAME_BASED_MATCH,525,100000.0,Karnataka
U21000KA2020PTC140373,MONARH PRINTOPAAK PRIVATE LIMITED,Active,21000,DIRECT_NIC_PHARMA_MANUFACTURER,525,100000.0,Karnataka
U21000KA2024PTC187131,COSMONOVA MEDICARE PRIVATE LIMITED,Active,21000,DIRECT_NIC_PHARMA_MANUFACTURER,525,100000.0,Karnataka
U21000KA2024PTC192116,AKIHIRO PHARMACEUTICALS PRIVATE LIMITED,Active,21000,DIRECT_NIC_PHARMA_MANUFACTURER,525,150000.0,Karnataka
U21001KA2024PTC190666,ALTMETRICS EQUINE PRIVATE LIMITED,Active,21001,DIRECT_NIC_PHARMA_MANUFACTURER,525,100000.0,Karnataka
U21001KA2025PTC201243,NEURAFORESIGHT PRIVATE LIMITED,Active,21001,DIRECT_NIC_PHARMA_MANUFACTURER,525,100000.0,Karnataka
U21001KA2025PTC202490,PAXOLE PHARMA PRIVATE LIMITED,Active,21001,DIRECT_NIC_PHARMA_MANUFACTURER,525,400000.0,Karnataka
U21001KA2025PTC213450,PEPRESIN PRIVATE LIMITED,Active,21001,DIRECT_NIC_PHARMA_MANUFACTURER,525,100000.0,Karnataka
U21003KA2025PTC205550,LEADS NATURAL PRIVATE LIMITED,Active,21003,DIRECT_NIC_PHARMA_MANUFACTURER,525,100000.0,Karnataka
U21012KA1995PTC018284,AMIT PACKS PRIVATE LIMITED,Active,21012,DIRECT_NIC_PHARMA_MANUFACTURER,525,1600000.0,Karnataka
ACS-2603,RAXOM PHARMACEUTICALS LLP,Active,nan,PHARMA_CORPORATE_ENTITY,525,0.0,Karnataka
U29219KA1998PTC023935,HUBLI DIAGNOSTICS MEDICARE AND RESEARCH CENTRE PRIVATE LIMITED,Active,29219,NAME_BASED_MATCH,525,741000.0,Karnataka
U10790KA2024PTC193955,EARTHKIND FOODS BIOTECH PRIVATE LIMITED,Active,10790,PHARMA_CORPORATE_ENTITY,525,100000.0,Karnataka
U37200KA2021PTC146705,NESARA BIOTECH PRIVATE LIMITED,Active,37200,PHARMA_CORPORATE_ENTITY,549,100000.0,Karnataka
U33125KA2016PTC098455,SIAMAF HEALTHCARE PRIVATE LIMITED,Active,33125,NAME_BASED_MATCH,525,6110800.0,Karnataka
U47219KA2023PTC180881,MANSU FORMULATION PRIVATE LIMITED,Active,47219,PHARMA_CORPORATE_ENTITY,525,100000.0,Karnataka
U47720KA2024PTC193432,MAHEVRIKSHO HEALTHCARE PRIVATE LIMITED,Active,47720,NAME_BASED_MATCH,525,1000000.0,Karnataka
U47721KA2023PTC180973,MGAIN PHARMACEUTICAL PRIVATE LIMITED,Active,47721,PHARMA_CORPORATE_ENTITY,525,100000.0,Karnataka
U47721KA2025OPC207385,STUTYA HEALTHCARE (OPC) PRIVATE LIMITED,Active,47721,NAME_BASED_MATCH,525,10000.0,Karnataka
U51102KA2002PTC031018,RETOR DIAGNOSTICS PRIVATE LIMITED,Active,51102,NAME_BASED_MATCH,525,100000.0,Karnataka
U51909KA2013PTC068387,MEHAN HEALTHCARE PRIVATE LIMITED,Strike Off,51909,NAME_BASED_MATCH,525,100000.0,Karnataka
U51909KA2016PTC094824,SHIVINS PHARMACEUTICALS PRIVATE LIMITED,Active,51909,PHARMA_CORPORATE_ENTITY,525,100000.0,Karnataka
U51909KA2018PTC119427,MYTH PHARMA CARE PRIVATE LIMITED,Active,51909,PHARMA_CORPORATE_ENTITY,525,100000.0,Karnataka
U51909KA2022PTC161370,AMRITA PHARMA PRIVATE LIMITED,Active,51909,PHARMA_CORPORATE_ENTITY,525,8430000.0,Karnataka
U51909KA2023PTC170325,TAIGA PHARMACEUTICALS PRIVATE LIMITED,Active,51909,PHARMA_CORPORATE_ENTITY,525,300000.0,Karnataka
U52311KA1998PTC023926,BIODINE PHARMA PRIVATE LIMITED,Strike Off,52311,PHARMA_CORPORATE_ENTITY,525,100000.0,Karnataka
U52312KA2011PTC058298,SUNWELL LIFE SCIENCES PRIVATE LIMITED,Active,52312,PHARMA_CORPORATE_ENTITY,545,2270000.0,Karnataka
U52601KA2022PTC167110,KUMAR AND TANJIL PHARMACEUTICALS PRIVATE LIMITED,Active,52601,PHARMA_CORPORATE_ENTITY,525,100000.0,Karnataka
U52609KA2019PTC130698,LION BROTHERS PHARMACEUTICALS PRIVATE LIMITED,Active,52609,PHARMA_CORPORATE_ENTITY,525,100000.0,Karnataka
U72900KA2018PTC112411,RADIATE HEALTHCARE INNOVATIONS PRIVATE LIMITED,Active,72900,NAME_BASED_MATCH,525,2103510.0,Karnataka
U62099KA2025PTC198240,PHARMACOMET TECHNOLOGY PRIVATE LIMITED,Active,62099,PHARMA_CORPORATE_ENTITY,525,100000.0,Karnataka
U15134KA2019PTC126196,NBS BIOTECH PRIVATE LIMITED,Strike Off,15134,PHARMA_CORPORATE_ENTITY,525,1000000.0,Karnataka
U15400KA2021PTC154219,PUFFDRILL HEALTHCARE PRIVATE LIMITED,Strike Off,15400,NAME_BASED_MATCH,525,100000.0,Karnataka
U21000KA2011PTC058954,SPOORTHI PACKAGING PRIVATE LIMITED,Active,21000,DIRECT_NIC_PHARMA_MANUFACTURER,525,4500000.0,Karnataka
U21000KA2024PTC191071,EVIOGEN DISCOVERY PRIVATE LIMITED,Active,21000,DIRECT_NIC_PHARMA_MANUFACTURER,525,100000.0,Karnataka
U21000KA2025PTC200414,PLURIPOTENT PHARMACEUTICALS PRIVATE LIMITED,Active,21000,DIRECT_NIC_PHARMA_MANUFACTURER,525,100000.0,Karnataka
U21000KA2025PTC207490,DHARVION BIO PHARMA PRIVATE LIMITED,Active,21000,DIRECT_NIC_PHARMA_MANUFACTURER,525,500000.0,Karnataka
U21001KA2023PTC182397,GLOWRIOSAA LIFE SCIENCE PRIVATE LIMITED,Active,21001,DIRECT_NIC_PHARMA_MANUFACTURER,525,16000000.0,Karnataka
U21002KA2023PTC181977,ZICHOR LIFE TECH PRIVATE LIMITED,Active,21002,DIRECT_NIC_PHARMA_MANUFACTURER,525,100000.0,Karnataka
U21002KA2025PTC199420,HUKIND LIFECARE PRIVATE LIMITED,Active,21002,DIRECT_NIC_PHARMA_MANUFACTURER,525,1500000.0,Karnataka
U21003KA2023PTC171060,SSRK PRAKRITIK AYURVED PRIVATE LIMITED,Active,21003,DIRECT_NIC_PHARMA_MANUFACTURER,525,100000.0,Karnataka
U21003KA2026PTC218025,AYUKIND PHARMACEUTICALS PRIVATE LIMITED,Active,21003,DIRECT_NIC_PHARMA_MANUFACTURER,525,100000.0,Karnataka
U21014KA1995PTC018916,VAISHNAVI PACKAGING PRIVATE LIMITED,Active,21014,DIRECT_NIC_PHARMA_MANUFACTURER,525,3500000.0,Karnataka
U21014KA2022PTC161170,ESS CEE PRINT PACK PRIVATE LIMITED,Active,21014,DIRECT_NIC_PHARMA_MANUFACTURER,525,20000000.0,Karnataka
U21092KA2004PTC034243,HERON PACKAGING PRIVATE LIMITED,Strike Off,21092,DIRECT_NIC_PHARMA_MANUFACTURER,525,100000.0,Karnataka
U62099KA2023PTC171589,SEVENOCEAN PHARMACEUTICALS AND MARKETING PRIVATE LIMITED,Active,62099,PHARMA_CORPORATE_ENTITY,525,100000.0,Karnataka
U15490KA2023PTC170103,NEOWINN BIOTECH PRIVATE LIMITED,Active,15490,PHARMA_CORPORATE_ENTITY,525,100000.0,Karnataka
U21001KA2023PLC182311,ZANIQ CARE LIMITED,Active,21001,DIRECT_NIC_PHARMA_MANUFACTURER,525,5000000.0,Karnataka
U21002KA2025PTC208776,MACWAYS PHARMACEUTICALS PRIVATE LIMITED,Active,21002,DIRECT_NIC_PHARMA_MANUFACTURER,525,400000.0,Karnataka
U21002KA2026PTC219322,PRAJEEVA HEALTHCARE PRIVATE LIMITED,Active,21002,DIRECT_NIC_PHARMA_MANUFACTURER,525,100000.0,Karnataka
U21003KA2026PTC221621,RAREMIX PRIVATE LIMITED,Active,21003,DIRECT_NIC_PHARMA_MANUFACTURER,534,100000.0,Karnataka
U21009KA2023PTC176433,SREE ASIRWAD NATURALS PRIVATE LIMITED,Active,21009,DIRECT_NIC_PHARMA_MANUFACTURER,525,100000.0,Karnataka
U21014KA1996PTC021373,ANAND PRINTING AND PACKAGING (BANGALORE) PRIVATE LIMITED,Active,21014,DIRECT_NIC_PHARMA_MANUFACTURER,525,2500000.0,Karnataka
U21023KA1999PTC025770,SHIMOGA CABLE NETWORK PRIVATE LIMITED,Strike Off,21023,DIRECT_NIC_PHARMA_MANUFACTURER,525,1000000.0,Karnataka
U21029KA2004PTC033667,SGRE PACK (INDIA) PRIVATE LIMITED,Active,21029,DIRECT_NIC_PHARMA_MANUFACTURER,525,10000000.0,Karnataka
U21093KA2007PTC044471,REYNOLDS PAPER MILLS PRIVATE LIMITED,Active,21093,DIRECT_NIC_PHARMA_MANUFACTURER,525,100000.0,Karnataka
U21099KA2022PTC160477,BPP PAPER INDIA PRIVATE LIMITED,Active,21099,DIRECT_NIC_PHARMA_MANUFACTURER,525,100000.0,Karnataka
U10794KA2026PTC214837,NUTRILACTA LIFE SCIENCES PRIVATE LIMITED,Strike Off,10794,PHARMA_CORPORATE_ENTITY,525,1000000.0,Karnataka
U01403KA1998PTC023394,HUBLI BIOTECHNOLOGIES PRIVATE LIMITED,Active,01403,PHARMA_CORPORATE_ENTITY,525,579000.0,Karnataka
U13996KA2024PTC184665,PHARMOLIFE BIOTECHNOLOGIES PRIVATE LIMITED,Active,13996,PHARMA_CORPORATE_ENTITY,525,50000.0,Karnataka
U00304KA1973PLC002347,MEDIVENK LABORATORIES LIMITED,Inactive for e-filing,00304,PHARMA_CORPORATE_ENTITY,525,100000.0,Karnataka
U00304KA1993PTC014506,PARTH PHARMA EXPORTS PRIVATE LIMITED,Strike Off,00304,PHARMA_CORPORATE_ENTITY,525,200.0,Karnataka
U01110KA2009PTC051652,VITAL BIOTECH (INDIA) PRIVATE LIMITED,Active,01110,PHARMA_CORPORATE_ENTITY,525,100000.0,Karnataka
AAN-8052,MEDFORD PHARMACEUTICALS LLP,Active,nan,PHARMA_CORPORATE_ENTITY,525,0.0,Karnataka
AAT-2855,GENEXWELL BIOTECH LLP,Active,nan,PHARMA_CORPORATE_ENTITY,525,0.0,Karnataka
AAU-4021,SHAGOK PHARMA LLP,Active,nan,PHARMA_CORPORATE_ENTITY,525,0.0,Karnataka
ACU-9811,VEX PHARMACEUTICALS LLP,Active,nan,PHARMA_CORPORATE_ENTITY,525,0.0,Karnataka
ACV-8974,PRMK HEALTHCARE LLP,Active,nan,NAME_BASED_MATCH,525,0.0,Karnataka
ACW-3167,GLETSCHER PHARMACEUTICALS LLP,Active,nan,PHARMA_CORPORATE_ENTITY,525,0.0,Karnataka
ACY-7123,VELOX PHYSIOTHERAPY AND DIAGNOSTIC CENTER LLP,Active,nan,NAME_BASED_MATCH,525,0.0,Karnataka
ACY-8883,SHARADA DIAGNOSTIC LABORATORY LLP,Active,nan,NAME_BASED_MATCH,525,0.0,Karnataka
L85110KA1987PLC008368,BAL PHARMA LIMITED,Active,85110,PHARMA_CORPORATE_ENTITY,525,159208720.0,Karnataka
U00300KA1993PTC014628,HMG BIOTECH PRIVATE LIMITED,Strike Off,00300,PHARMA_CORPORATE_ENTITY,525,0.0,Karnataka
U00304KA1946PLC001372,MADRAS CHEMICALS AND PHARMACEUTICALS LIMITED,Strike Off,00304,PHARMA_CORPORATE_ENTITY,525,2000.0,Karnataka
U00304KA1947PLC000498,THE DATHATRAYA AYURVEDA RASASAMSHIDANA LIMITED,Dissolved (Liquidated),00304,NAME_BASED_MATCH,525,0.0,Karnataka
AAF-3895,SALVEO HEALTHCARE SOLUTIONS LLP,Active,nan,NAME_BASED_MATCH,525,0.0,Karnataka
AAN-2779,AGP GLOBAL HEALTHCARE LLP,Active,nan,NAME_BASED_MATCH,525,0.0,Karnataka
AAQ-2398,LATTICE HEALTHCARE SOLUTIONS LLP,Active,nan,NAME_BASED_MATCH,525,0.0,Karnataka
AAU-7960,AARYAPATHA PHARMA LLP,Active,nan,PHARMA_CORPORATE_ENTITY,525,0.0,Karnataka
ACC-4119,SKINOPUS PHARMA LLP,Active,nan,PHARMA_CORPORATE_ENTITY,525,0.0,Karnataka
ACC-6645,DR SRM BIOTECH PHARMA LLP,Active,nan,PHARMA_CORPORATE_ENTITY,541,0.0,Karnataka
ACM-6113,ESSAR LABORATORIES AND RESEARCH CENTRE LLP,Active,nan,PHARMA_CORPORATE_ENTITY,536,0.0,Karnataka
ACT-2292,PANCHAKARMA HERBAL PRODUCTS LLP,Active,nan,NAME_BASED_MATCH,525,0.0,Karnataka
AAF-7621,OXYRELIEF HEALTHCARE SERVICES LLP,Active,nan,NAME_BASED_MATCH,525,0.0,Karnataka
AAG-8099,SHIVAMOGGA HEALTHCARE LLP,Active,nan,NAME_BASED_MATCH,547,0.0,Karnataka
AAI-3743,VIRAAT VAIBHAVA AYURVEDA DRUG HOUSE LLP,Active,nan,PHARMA_CORPORATE_ENTITY,542,0.0,Karnataka
AAI-5139,EMCALL HEALTHCARE LLP,Strike Off,nan,NAME_BASED_MATCH,525,0.0,Karnataka
ACI-5045,YASHODHANARAYANA HEALTHCARE LLP,Active,nan,NAME_BASED_MATCH,534,0.0,Karnataka
ACI-9848,SVAYOU HEALTHCARE CENTRE LLP,Active,nan,NAME_BASED_MATCH,525,0.0,Karnataka
ACK-9502,PRIMAVITA HEALTHCARE LLP,Active,nan,NAME_BASED_MATCH,525,0.0,Karnataka
ACL-1201,THATHWA HEALTHCARE SOLUTIONS LLP,Active,nan,NAME_BASED_MATCH,525,0.0,Karnataka
ACO-6470,LEO CLINICAL DIAGNOSTIC CENTRE BANGALORE LLP,Active,nan,NAME_BASED_MATCH,525,0.0,Karnataka
ACP-7935,DRISHAL HEALTHCARE LLP,Active,nan,NAME_BASED_MATCH,525,0.0,Karnataka
ACR-1993,MEDSYNK HEALTHCARE SOLUTIONS LLP,Active,nan,NAME_BASED_MATCH,525,0.0,Karnataka
U01119KA2006PTC040688,BROOK FIELDS BIOTECH PRIVATE LIMITED,Strike Off,01119,PHARMA_CORPORATE_ENTITY,525,1000000.0,Karnataka
U01211KA1993PLC014217,SOUTHERN BIOTECH LIMITED,Strike Off,01211,PHARMA_CORPORATE_ENTITY,525,5000390.0,Karnataka
U03311KA2003PTC032371,FIR HEALTHCARE SERVICES PRIVATE LIMITED,Strike Off,03311,NAME_BASED_MATCH,525,100000.0,Karnataka
AAN-2776,RELEX HEALTHCARE SERVICES LLP,Active,nan,NAME_BASED_MATCH,525,0.0,Karnataka
AAR-2848,NAPANDA PHARMACEUTICALS LLP,Active,nan,PHARMA_CORPORATE_ENTITY,525,0.0,Karnataka
U00380KA1989PTC009867,TAI SURGICALS PRIVATE LIMITED,Strike Off,00380,NAME_BASED_MATCH,525,2000.0,Karnataka
AAE-3172,ILG HEALTHCARE LLP,Strike Off,nan,NAME_BASED_MATCH,536,0.0,Karnataka
U01111KA1999PTC025946,SPROUT BIOTECH PRIVATE LIMITED,Strike Off,01111,PHARMA_CORPORATE_ENTITY,525,0.0,Karnataka
ABA-5132,SUMANAS PHARMA LLP,Active,nan,PHARMA_CORPORATE_ENTITY,525,0.0,Karnataka
ABC-3069,HEALSPOC HEALTHCARE SERVICES LLP,Active,nan,NAME_BASED_MATCH,525,0.0,Karnataka
ABC-8831,DIALINX LIFE SCIENCES LLP,Active,nan,PHARMA_CORPORATE_ENTITY,525,0.0,Karnataka
AAJ-2236,PHARMAMATES SOLUTIONS LLP,Strike Off,nan,PHARMA_CORPORATE_ENTITY,525,0.0,Karnataka
AAJ-3206,EPICURUS HEALTHCARE SOLUTIONS LLP,Active,nan,NAME_BASED_MATCH,525,0.0,Karnataka
AAL-0649,GOLDENRATIO HEALTHCARE LLP,Active,nan,NAME_BASED_MATCH,525,0.0,Karnataka
U01114KA2019PTC128897,HERBALY FARMS PRIVATE LIMITED,Active,01114,NAME_BASED_MATCH,525,100000.0,Karnataka
U01200KA2012PTC064750,ISHA ORGANIC LIFE SCIENCES INDIA PRIVATE LIMITED,Strike Off,01200,PHARMA_CORPORATE_ENTITY,525,100000.0,Karnataka
U73100KA2013PTC068411,MABS HEALTHCARE & CONSULTING PRIVATE LIMITED,Active,73100,NAME_BASED_MATCH,525,100000.0,Karnataka
U73100KA2016PTC096437,NESA MEDTECH PRIVATE LIMITED,Active,73100,NAME_BASED_MATCH,525,137710.0,Karnataka
U24100KA2012PTC062136,DOC & MED HEALTHCARE PRIVATE LIMITED,Strike Off,24100,NAME_BASED_MATCH,525,500000.0,Karnataka
U24100KA2018PTC110764,MEDICINO PHARMA PRIVATE LIMITED,Strike Off,24100,PHARMA_CORPORATE_ENTITY,525,500000.0,Karnataka
U24100KA2020PTC132444,LION IN PHARMACEUTICALS INDIA PRIVATE LIMITED,Active,24100,PHARMA_CORPORATE_ENTITY,525,100000.0,Karnataka
U24119KA1992PTC013451,SRI BHAIRAV MUNI PHARMACEUTICALS PRIVATE LIMITED,Strike Off,24119,PHARMA_CORPORATE_ENTITY,529,3000.0,Karnataka
U24230KA1986PTC007617,STERIPHARM PRIVATE LIMITED,Strike Off,24230,DIRECT_NIC_PHARMA_MANUFACTURER,525,2500.0,Karnataka
U24230KA2008PTC048733,CEREBRAL LIFESCIENCES PRIVATE LIMITED,Strike Off,24230,DIRECT_NIC_PHARMA_MANUFACTURER,738,100000.0,Karnataka
U24230KA2009PTC051620,COMBID PHARMACEUTICALS AND DRUGS PRIVATE LIMITED,Active,24230,DIRECT_NIC_PHARMA_MANUFACTURER,535,200000.0,Karnataka
U24230KA2011PTC059177,SITASANS PHARMACHEM PRIVATE LIMITED,Strike Off,24230,DIRECT_NIC_PHARMA_MANUFACTURER,525,100000.0,Karnataka
U24231KA1989PTC009872,ROHAN MEDIVET PRIVATE LIMITED,Strike Off,24231,DIRECT_NIC_PHARMA_MANUFACTURER,525,2000.0,Karnataka
U24231KA1999PLC025146,SANATAN HERBAL AND NATURALS LIMITED,Strike Off,24231,DIRECT_NIC_PHARMA_MANUFACTURER,525,5500000.0,Karnataka
U24232KA1994PTC016792,VET HERBAL REMEDIES (INDIA) PRIVATE LIMITED,Strike Off,24232,DIRECT_NIC_PHARMA_MANUFACTURER,525,200.0,Karnataka
U24232KA2008PTC044908,ABM PHARMA PRIVATE LIMITED,Strike Off,24232,DIRECT_NIC_PHARMA_MANUFACTURER,525,120000.0,Karnataka
U24232KA2010PTC053898,MANAN HEALTHCARE PRIVATE LIMITED,Active,24232,DIRECT_NIC_PHARMA_MANUFACTURER,525,5000000.0,Karnataka
U24233KA1980PTC003760,KALPATARU AYURVEDIC RESEARCH PRIVATE LIMITED,Under process of striking off,24233,DIRECT_NIC_PHARMA_MANUFACTURER,525,9000.0,Karnataka
U24239KA1979PTC003685,HEGGUNJI CHEMICALS AND PHARMACEUTICALS PRIVATE LIMITED,Strike Off,24239,DIRECT_NIC_PHARMA_MANUFACTURER,525,20000.0,Karnataka
U24239KA2006PTC039813,SANTE MERNAUD PHARMACEUTICALS PRIVATE LIMITED,Active,24239,DIRECT_NIC_PHARMA_MANUFACTURER,525,13779786.0,Karnataka
U24239KA2013PTC068071,SIMPHA PHARMACEUTICALS PRIVATE LIMITED,Strike Off,24239,DIRECT_NIC_PHARMA_MANUFACTURER,525,1365000.0,Karnataka
U24239KA2021PTC145709,OMNAX PHARMACEUTICALS PRIVATE LIMITED,Active,24239,DIRECT_NIC_PHARMA_MANUFACTURER,525,100000.0,Karnataka
U24248KA2014PTC074005,MAANUSIGEN PHARMA PRIVATE LIMITED,Active,24248,PHARMA_CORPORATE_ENTITY,525,3676840.0,Karnataka
U24249KA2014PTC077351,DALALAB HEALTHCARE AND BEAUTY PRIVATE LIMITED,Active,24249,NAME_BASED_MATCH,525,100000.0,Karnataka
U24290KA2022PTC167273,H2E PHARMA PRIVATE LIMITED,Active,24290,PHARMA_CORPORATE_ENTITY,525,100000.0,Karnataka
U24299KA2021PTC143799,LA MEDICA LIFE SCIENCES PRIVATE LIMITED,Active,24299,PHARMA_CORPORATE_ENTITY,525,4999900.0,Karnataka
U24299KA2022PTC167261,CUREIST PHARMA PRIVATE LIMITED,Active,24299,PHARMA_CORPORATE_ENTITY,525,10000.0,Karnataka
U24304KA2018PLC113264,INVISION PHARMA LIMITED,Active,24304,PHARMA_CORPORATE_ENTITY,525,500000.0,Karnataka
U72900KA2019PTC131144,MELEXIA HEALTHCARE (I) PRIVATE LIMITED,Active,72900,NAME_BASED_MATCH,525,1000000.0,Karnataka
U73100KA2018PTC113667,VMAX THERAPEUTICS PRIVATE LIMITED,Active,73100,PHARMA_CORPORATE_ENTITY,525,100000.0,Karnataka
U24100KA2010PTC055957,HERBAL ELEMENTS INDIA PRIVATE LIMITED,Strike Off,24100,NAME_BASED_MATCH,550,500000.0,Karnataka
U24100KA2018PTC116671,MEDISEN PHARMACEUTICAL PRIVATE LIMITED,Active,24100,PHARMA_CORPORATE_ENTITY,525,100000.0,Karnataka
U24100KA2019PTC125944,LACONIC PHARMA PRIVATE LIMITED,Active,24100,PHARMA_CORPORATE_ENTITY,525,15000.0,Karnataka
U24100KA2020OPC141023,ACTIVMAK HEALTHCARE (OPC) PRIVATE LIMITED,Active,24100,NAME_BASED_MATCH,525,20000.0,Karnataka
U24100KA2021PTC149964,CURABIT LIFE SCIENCES PRIVATE LIMITED,Active,24100,PHARMA_CORPORATE_ENTITY,525,100000.0,Karnataka
U24119KA1959PTC001361,OVERSEAS PHARMA PRIVATE LIMITED,Active,24119,PHARMA_CORPORATE_ENTITY,525,2500000.0,Karnataka
U24230KA1985PTC007272,SRUSHTI PHARMACEUTICALS PRIVATE LIMITED,Active,24230,DIRECT_NIC_PHARMA_MANUFACTURER,525,676000.0,Karnataka
U24231KA1944PLC000924,NATIONAL PHARMACEUTICAL AND INDUS WORKS CO,Strike Off,24231,DIRECT_NIC_PHARMA_MANUFACTURER,525,0.0,Karnataka
U24231KA1999PTC024985,WESTERN GHAT AYURVEDIC PHARMA LABS PRIVATE LIMITED,Strike Off,24231,DIRECT_NIC_PHARMA_MANUFACTURER,525,3000.0,Karnataka
U24232KA2002PTC031035,KARSY HEALTH CARE PRIVATE LIMITED,Active,24232,DIRECT_NIC_PHARMA_MANUFACTURER,525,2550000.0,Karnataka
U24232KA2012PTC066915,GRACEGEN PHARMACEUTICALS PRIVATE LIMITED,Strike Off,24232,DIRECT_NIC_PHARMA_MANUFACTURER,525,600000.0,Karnataka
U24232KA2013PTC071349,FIGOMED HEALTH CARE PRIVATE LIMITED,Active,24232,DIRECT_NIC_PHARMA_MANUFACTURER,525,100000.0,Karnataka
U24235KA2007PTC043386,IRIS LIFE SOLUTIONS PRIVATE LIMITED,Active,24235,DIRECT_NIC_PHARMA_MANUFACTURER,525,16951330.0,Karnataka
U24239KA2004PTC052468,OPELIN LABORATORIES PRIVATE LIMITED,Strike Off,24239,DIRECT_NIC_PHARMA_MANUFACTURER,525,3044500.0,Karnataka
U24239KA2013PTC069657,SCINVA CHEMICALS AND PHARMACEUTICALS PRIVATE LIMITED,Active,24239,DIRECT_NIC_PHARMA_MANUFACTURER,525,100000.0,Karnataka
U24239KA2021PTC149148,S3 MED PHARMA INDIA PRIVATE LIMITED,Active,24239,DIRECT_NIC_PHARMA_MANUFACTURER,525,10000.0,Karnataka
U24290KA2022PTC160141,RNSP HERBALS PRIVATE LIMITED,Active,24290,NAME_BASED_MATCH,525,100000.0,Karnataka
U24299KA2019PTC123629,IASO THERAPEUTICS PRIVATE LIMITED,Active,24299,PHARMA_CORPORATE_ENTITY,525,500000.0,Karnataka
U24299KA2022OPC165142,ROSETUM HEALTHCARE (OPC) PRIVATE LIMITED,Active,24299,NAME_BASED_MATCH,525,10000.0,Karnataka
U24304KA2016OPC097404,ENNCARE PHARMACEUTICALS (OPC) PRIVATE LIMITED,Active,24304,PHARMA_CORPORATE_ENTITY,525,100000.0,Karnataka
U62099KA2025PTC199228,PRESENSE INDIA MEDTECH PRIVATE LIMITED,Active,62099,NAME_BASED_MATCH,525,10000.0,Karnataka
U28990KA1986PTC007550,MITSU DRUGS AND AROMATICS PRIVATE LIMITED,Strike Off,28990,PHARMA_CORPORATE_ENTITY,525,1000.0,Karnataka
U72100KA2025PTC206700,NEOVIRA THERAPEUTICS PRIVATE LIMITED,Active,72100,PHARMA_CORPORATE_ENTITY,525,20000.0,Karnataka
U74999KA2016OPC098318,HIKMAT HERBALS PRIVATE LIMITED (OPC),Active,74999,NAME_BASED_MATCH,550,100000.0,Karnataka
U74999KA2016PTC093930,OMNICURIS HEALTHCARE PRIVATE LIMITED,Active,74999,NAME_BASED_MATCH,525,159013.0,Karnataka
U74999KA2016PTC097514,PRESTIGE DIAGNOSTICS & HEALTHCARE PRIVATE LIMITED,Active,74999,NAME_BASED_MATCH,525,100000.0,Karnataka
U74900KA2011PTC058205,PHARMACEUTICAL HEALTH LIFESTYLE MANAGEMENT SYSTEM AND SOLUTIONS PRIVATE LIMITED,Strike Off,74900,PHARMA_CORPORATE_ENTITY,525,100000.0,Karnataka
U74900KA2012PTC063467,NAMRATH PARIVAR AYURVEDA PRIVATE LIMITED,Strike Off,74900,NAME_BASED_MATCH,525,100000.0,Karnataka
U33309KA2018PLC116056,SEQUOIA HEALTHCARE LIMITED,Active,33309,NAME_BASED_MATCH,525,69138900.0,Karnataka
U33309KA2021PTC148803,TANVISHREE HEALTHCARE PRIVATE LIMITED,Active,33309,NAME_BASED_MATCH,525,100000.0,Karnataka
U73100KA2009PTC049412,AMOGHA PHARMA & CLINICAL RESEARCH PRIVATE LIMITED,Strike Off,73100,PHARMA_CORPORATE_ENTITY,525,100000.0,Karnataka
U72100KA2024PTC183028,HEALWORDS HEALTHCARE SOLUTIONS PRIVATE LIMITED,Active,72100,NAME_BASED_MATCH,525,100000.0,Karnataka
U72200KA2002PLC031258,SANJEEVINI SOFTWARE AND HEALTHCARE TECHN OLOGIES LIMITED,Strike Off,72200,NAME_BASED_MATCH,525,1000000.0,Karnataka
U74900KA2016PTC086464,AANAY HEALTHCARE SOLUTIONS PRIVATE LIMITED,Strike Off,74900,NAME_BASED_MATCH,525,100000.0,Karnataka
U74990KA2011PTC059352,ACN HEALTHCARE RCM SERVICES PRIVATE LIMITED,Active,74990,NAME_BASED_MATCH,525,1010250.0,Karnataka
U74994KA2018PTC110337,RESILINE PHARMACEUTICAL PRIVATE LIMITED,Active,74994,PHARMA_CORPORATE_ENTITY,525,100000.0,Karnataka
U74999KA2015PTC082798,QIBLA HEALTHCARE SERVICES PRIVATE LIMITED,Strike Off,74999,NAME_BASED_MATCH,525,100000.0,Karnataka
U74999KA2016PTC097076,CKK DIAGNOSTICS PRIVATE LIMITED,Active,74999,NAME_BASED_MATCH,525,200000.0,Karnataka
U74999KA2016PTC098046,PULSO HEALTHCARE TECHNOLOGIES PRIVATE LIMITED,Active,74999,NAME_BASED_MATCH,525,100000.0,Karnataka
U74999KA2016PTC098435,ERSTKEN BIOTECH PRIVATE LIMITED,Active,74999,PHARMA_CORPORATE_ENTITY,525,500000.0,Karnataka
U73200KA2014PTC073108,SPARCONN LIFE SCIENCES PRIVATE LIMITED,Strike Off,73200,PHARMA_CORPORATE_ENTITY,525,100000.0,Karnataka
U74110KA2014PTC073522,POONARVA PHARMA PRIVATE LIMITED,Active,74110,PHARMA_CORPORATE_ENTITY,525,500000.0,Karnataka
U74900KA2012PTC062429,FIREFLY LIFE SCIENCES PRIVATE LIMITED,Active,74900,PHARMA_CORPORATE_ENTITY,525,500000.0,Karnataka
U74900KA2014PTC075574,ARKGEN PHARMA PRIVATE LIMITED,Active,74900,PHARMA_CORPORATE_ENTITY,525,5100000.0,Karnataka
U74999KA2017OPC107577,AUSPICIOUS HEALTHCARE (OPC) PRIVATE LIMITED,Active,74999,NAME_BASED_MATCH,525,100000.0,Karnataka
U74999KA2017PTC099032,MEDROLLS HEALTHCARE RECRUITMENT PRIVATE LIMITED,Active,74999,NAME_BASED_MATCH,525,100000.0,Karnataka
U31503KA1987PTC008339,PRAJWAL PHARMA PRIVATE LIMITED,Strike Off,31503,PHARMA_CORPORATE_ENTITY,525,4000.0,Karnataka
U32503KA2023PTC173911,ABORTH SURGICALS PRIVATE LIMITED,Active,32503,PHARMA_RELATED_MANUFACTURER,525,500000.0,Karnataka
U33100KA2021PTC155978,PRARTHANA DIAGNOSTICS AND MEDICAL DEVICES PRIVATE LIMITED,Active,33100,NAME_BASED_MATCH,525,100000.0,Karnataka
U33115KA1979PTC003484,VIJAYALAKSHMI SURGICAL COTTON COMPANY PR IVATE LIMITED,Strike Off,33115,NAME_BASED_MATCH,525,2000.0,Karnataka
U72900KA2021FTC149348,SVAST HEALTHCARE TECHNOLOGIES PRIVATE LIMITED,Active,72900,NAME_BASED_MATCH,525,100000.0,Karnataka
U73100KA2022PTC165358,MANGREENO BIOPHARMA PRIVATE LIMITED,Active,73100,PHARMA_CORPORATE_ENTITY,525,10000.0,Karnataka
U72200KA2024NPL184249,BIDAR PHARMA TESTING RESEARCH AND DEVELOPMENT FOUNDATION,Active,72200,PHARMA_CORPORATE_ENTITY,529,100000.0,Karnataka
U72100KA2024PTC193177,URVANIDHI AGRIBIOTECH INDIA PRIVATE LIMITED,Active,72100,PHARMA_CORPORATE_ENTITY,525,1000000.0,Karnataka
U24231KA2002PTC030804,SUN LIFE SCIENCES PRIVATE LIMITED,Active,24231,DIRECT_NIC_PHARMA_MANUFACTURER,525,10000000.0,Karnataka
U24232KA2007PTC042086,AURISCO PHARMACEUTICAL (INDIA) PRIVATE LIMITED,Strike Off,24232,DIRECT_NIC_PHARMA_MANUFACTURER,525,0.0,Karnataka
U24233KA1994PLC016699,DR KRSHNA LIFE SCIENCES LIMITED,Active,24233,DIRECT_NIC_PHARMA_MANUFACTURER,549,50000000.0,Karnataka
U24233KA2012PTC063399,VOKATH PHARMA PRIVATE LIMITED,Active,24233,DIRECT_NIC_PHARMA_MANUFACTURER,525,1350200.0,Karnataka
U24239KA2001PTC029501,V.R. AYURVED PRIVATE LIMITED,Strike Off,24239,DIRECT_NIC_PHARMA_MANUFACTURER,525,10000.0,Karnataka
U24290KA2018PTC114281,TANAVYA PHARMACEUTICALS PRIVATE LIMITED,Active,24290,PHARMA_CORPORATE_ENTITY,525,100000.0,Karnataka
U24290KA2020PTC141585,STARCINE PHARMACEUTICAL PRIVATE LIMITED,Active,24290,PHARMA_CORPORATE_ENTITY,525,100000.0,Karnataka
U24290KA2022PTC166248,BIOIRIS PHARMACEUTICALS PRIVATE LIMITED,Active,24290,PHARMA_CORPORATE_ENTITY,525,1600000.0,Karnataka
U24290KA2022PTC168233,SABHIKA PHARMACEUTICALS PRIVATE LIMITED,Active,24290,PHARMA_CORPORATE_ENTITY,525,100000.0,Karnataka
U24297KA2017PTC108734,COPOLRON HEALTHCARE PRIVATE LIMITED,Active,24297,NAME_BASED_MATCH,525,100000.0,Karnataka
U24299KA2020PTC131852,FOMED PHARMACEUTICALS PRIVATE LIMITED,Active,24299,PHARMA_CORPORATE_ENTITY,525,100000.0,Karnataka
U24304KA2020PTC134104,NEODX BIOTECH LABS PRIVATE LIMITED,Active,24304,PHARMA_CORPORATE_ENTITY,525,1094510.0,Karnataka
U24100KA2019PTC126491,SHRUTHAYU PHARMA PRIVATE LIMITED,Active,24100,PHARMA_CORPORATE_ENTITY,545,100000.0,Karnataka
U24100KA2020PTC137340,ASREDDYS PHARMACEUTICALS PRIVATE LIMITED,Active,24100,PHARMA_CORPORATE_ENTITY,525,100000.0,Karnataka
U24100KA2020PTC138473,TAIZI PHARMA PRIVATE LIMITED,Active,24100,PHARMA_CORPORATE_ENTITY,525,1000000.0,Karnataka
U24110KA2019PTC127695,ZENVITO HEALTHCARE PRIVATE LIMITED,Active,24110,NAME_BASED_MATCH,545,100000.0,Karnataka
U24119KA1972PTC002219,GAMMA DRUGS PRIVATE LIMITED,Strike Off,24119,PHARMA_CORPORATE_ENTITY,525,1500.0,Karnataka
U24119KA2008PTC047228,P.S. BIOTECH PRIVATE LIMITED,Active,24119,PHARMA_CORPORATE_ENTITY,525,100000.0,Karnataka
U24230KA1986PLC008024,SPARELLI DAPHNE LABS LIMITED,Active,24230,DIRECT_NIC_PHARMA_MANUFACTURER,525,4483500.0,Karnataka
U24230KA2015PTC082430,RENAKART LIFE SCIENCES PRIVATE LIMITED,Active,24230,DIRECT_NIC_PHARMA_MANUFACTURER,525,6442070.0,Karnataka
U24230KA2020PTC138818,INDCOLABORATORIES PRIVATE LIMITED,Strike Off,24230,DIRECT_NIC_PHARMA_MANUFACTURER,525,1000000.0,Karnataka
U24231KA1992PTC012967,MILAN CHEMICALS PRIVATE LIMITED,Active,24231,DIRECT_NIC_PHARMA_MANUFACTURER,525,906000.0,Karnataka
U24231KA2020PTC138613,SAMPHARM LABS PRIVATE LIMITED,Active,24231,DIRECT_NIC_PHARMA_MANUFACTURER,525,300000.0,Karnataka
U24232KA2012PTC066497,ELINX PHARMACEUTICALS INDIA PRIVATE LIMITED,Active,24232,DIRECT_NIC_PHARMA_MANUFACTURER,525,100000.0,Karnataka
U24232KA2013PTC070862,UFO BIOSOL INDIA PRIVATE LIMITED,Active,24232,DIRECT_NIC_PHARMA_MANUFACTURER,525,100000.0,Karnataka
U24233KA2002PTC030389,ALL SEASON HERBS PRIVATE LIMITED,Active,24233,DIRECT_NIC_PHARMA_MANUFACTURER,525,15000000.0,Karnataka
U24233KA2012PTC066776,ACARA BIOHERB PRIVATE LIMITED,Active,24233,DIRECT_NIC_PHARMA_MANUFACTURER,525,10000000.0,Karnataka
U24239KA1999PTC025646,CHAYA ASTRALS PRIVATE LIMITED,Strike Off,24239,DIRECT_NIC_PHARMA_MANUFACTURER,525,2000.0,Karnataka
U24239KA2000PTC027248,HESONS HERBAL EXTRACTS PRIVATE LIMITED,Strike Off,24239,DIRECT_NIC_PHARMA_MANUFACTURER,525,0.0,Karnataka
U24239KA2018PTC118535,LLV BIOTECH PRIVATE LIMITED,Active,24239,DIRECT_NIC_PHARMA_MANUFACTURER,525,100000.0,Karnataka
U24239KA2021PTC149951,SAVVYOR LIFE SCIENCES PRIVATE LIMITED,Active,24239,DIRECT_NIC_PHARMA_MANUFACTURER,525,100000.0,Karnataka
U24239KA2022PTC159401,OORGA RELEAF PRIVATE LIMITED,Active,24239,DIRECT_NIC_PHARMA_MANUFACTURER,525,100000.0,Karnataka
U24290KA2020PTC138911,GLOTUS PHARMACEUTICALS PRIVATE LIMITED,Strike Off,24290,PHARMA_CORPORATE_ENTITY,525,100000.0,Karnataka
U24290KA2021PTC152618,ISIRI HEALTHCARE PRIVATE LIMITED,Active,24290,NAME_BASED_MATCH,525,100000.0,Karnataka
U24299KA2021PTC147836,SANDIEGO PHARMACEUTICALS INDIA PRIVATE LIMITED,Active,24299,PHARMA_CORPORATE_ENTITY,525,100000.0,Karnataka
U24299KA2022PTC156285,VUNNAM PHARMA PRIVATE LIMITED,Active,24299,PHARMA_CORPORATE_ENTITY,525,100000.0,Karnataka
U24299KA2022PTC169676,BIOSCRIP PHARMACEUTICALS PRIVATE LIMITED,Active,24299,PHARMA_CORPORATE_ENTITY,525,100000.0,Karnataka
U26600KA2026PTC216163,CURAVIYA BIOTECH PRIVATE LIMITED,Active,26600,PHARMA_RELATED_MANUFACTURER,525,100000.0,Karnataka
U32502KA2025PTC197955,HUBBALLI HEALTHCARE PRIVATE LIMITED,Active,32502,PHARMA_RELATED_MANUFACTURER,536,1000000.0,Karnataka
U33110KA2015PTC078926,BAILEY & LOVE HEALTHCARE PRIVATE LIMITED,Strike Off,33110,NAME_BASED_MATCH,525,100000.0,Karnataka
U33111KA2022PTC157651,BLOOD51 HEALTHCARE PRIVATE LIMITED,Active,33111,NAME_BASED_MATCH,525,100000.0,Karnataka
U33119KA2019PTC125850,EXPLUS MEDTECH PRIVATE LIMITED,Active,33119,NAME_BASED_MATCH,525,1000000.0,Karnataka
U72900KA2020PTC131542,AUTOPLAY MEDTECH PRIVATE LIMITED,Strike Off,72900,NAME_BASED_MATCH,525,50000.0,Karnataka
U73100KA1999PTC025976,AROGYA DIAGNOSTICS AND MEDICARE RESEARCH CENTRE PRIVATE LIMITED,Strike Off,73100,NAME_BASED_MATCH,525,405000.0,Karnataka
U73100KA2016PTC085381,QUAHOG LIFE SCIENCES PRIVATE LIMITED,Strike Off,73100,PHARMA_CORPORATE_ENTITY,525,500000.0,Karnataka
U72100KA2025PTC205606,FORM8 LIFE SCIENCES PRIVATE LIMITED,Active,72100,PHARMA_CORPORATE_ENTITY,525,100000.0,Karnataka
U73100KA2003PTC032051,ADVAITH BIOTECH PRIVATE LIMITED,Strike Off,73100,PHARMA_CORPORATE_ENTITY,525,12500000.0,Karnataka
U73100KA2006PTC039605,TRIPHASE PHARMACEUTICALS PRIVATE LIMITED,Active,73100,PHARMA_CORPORATE_ENTITY,525,1250000.0,Karnataka
U24111KA1987PTC008105,DIQUA LABORATORIES PRIVATE LIMITED,Strike Off,24111,PHARMA_CORPORATE_ENTITY,525,55000.0,Karnataka
U24117KA1997PTC022652,MILLENNIUM CHEMI PHARMA (MYSORE) PRIVATE LIMITED,Active,24117,PHARMA_CORPORATE_ENTITY,525,130000.0,Karnataka
U24230KA2008PTC048658,AXIS LIFECARE PRIVATE LIMITED,Strike Off,24230,DIRECT_NIC_PHARMA_MANUFACTURER,525,100000.0,Karnataka
U24230KA2020PTC138036,ELDER BIOCARE PRIVATE LIMITED,Active,24230,DIRECT_NIC_PHARMA_MANUFACTURER,525,100000.0,Karnataka
U24230KA2021PTC146156,INTERGENE BIOSCIENCES PRIVATE LIMITED,Active,24230,DIRECT_NIC_PHARMA_MANUFACTURER,525,102560.0,Karnataka
U24230KA2021PTC147275,ASTA BIOMED INDIA PRIVATE LIMITED,Active,24230,DIRECT_NIC_PHARMA_MANUFACTURER,525,100000.0,Karnataka
U24230KA2022PTC156417,HARIVISTA PHARMACEUTICALS PRIVATE LIMITED,Active,24230,DIRECT_NIC_PHARMA_MANUFACTURER,525,100000.0,Karnataka
U24231KA1989PTC010306,SIMCON LABORATORIES PRIVATE LIMITED,Active,24231,DIRECT_NIC_PHARMA_MANUFACTURER,525,500000.0,Karnataka
U24231KA1996PTC019604,STERLING GLOBAL PRIVATE LIMITED,Under process of striking off,24231,DIRECT_NIC_PHARMA_MANUFACTURER,525,100000.0,Karnataka
U24232KA2004PTC035082,BRAIN 'N' BEYOND BIOTECH PRIVATE LIMITED,Active,24232,DIRECT_NIC_PHARMA_MANUFACTURER,525,10000000.0,Karnataka
U24232KA2010PTC054892,HESTIA PHARMA PRIVATE LIMITED,Active,24232,DIRECT_NIC_PHARMA_MANUFACTURER,525,100000.0,Karnataka
U24232KA2014PTC075314,JEEVECAM LIFESCIENCE PRIVATE LIMITED,Active,24232,DIRECT_NIC_PHARMA_MANUFACTURER,525,10000000.0,Karnataka
U24233KA2009PTC051824,SANVISARAL PRIVATE LIMITED,Active,24233,DIRECT_NIC_PHARMA_MANUFACTURER,525,538000.0,Karnataka
U24234KA2007PTC043455,SVK HEALTHCARE & LIFE SCIENCES PRIVATE LIMITED,Active,24234,DIRECT_NIC_PHARMA_MANUFACTURER,525,100000.0,Karnataka
U24239KA1997PTC022222,DECCAN PHARMACT PRIVATE LIMITED,Active,24239,DIRECT_NIC_PHARMA_MANUFACTURER,525,750000.0,Karnataka
U24239KA2008PTC048191,SURAJ AIR (INDIA) PRIVATE LIMITED,Active,24239,DIRECT_NIC_PHARMA_MANUFACTURER,525,11150000.0,Karnataka
U24239KA2019PTC127699,VINNPRO ANIMAL NUTRITION PRIVATE LIMITED,Active,24239,DIRECT_NIC_PHARMA_MANUFACTURER,525,100000.0,Karnataka
U24290KA2022PTC156705,GOODNESS HEALTH HUB PHARMACY INDIA PRIVATE LIMITED,Active,24290,PHARMA_CORPORATE_ENTITY,525,40000000.0,Karnataka
U24299KA2022PTC159830,GREENSYNTH HERBALS PRIVATE LIMITED,Active,24299,NAME_BASED_MATCH,534,50000.0,Karnataka
U24100KA2019PTC120330,BIOFERN LIFE SCIENCES PRIVATE LIMITED,Active,24100,PHARMA_CORPORATE_ENTITY,525,270000000.0,Karnataka
U24110KA2010PTC053763,VINCE PHARMACEUTICALS PRIVATE LIMITED,Strike Off,24110,PHARMA_CORPORATE_ENTITY,525,200000.0,Karnataka
U24119KA1986PTC007875,SOLVOCHEM PHARMACEUTICLS PRIVATE LIMITED,Strike Off,24119,PHARMA_CORPORATE_ENTITY,525,3000.0,Karnataka
U24230KA2007PTC043886,CYNGEN PHARMACEUTICALS PRIVATE LIMITED,Strike Off,24230,DIRECT_NIC_PHARMA_MANUFACTURER,525,0.0,Karnataka
U24230KA2014PTC076514,FEMURA PHARMACEUTICALS PRIVATE LIMITED,Active,24230,DIRECT_NIC_PHARMA_MANUFACTURER,525,2000000.0,Karnataka
U24230KA2020PTC132855,N.N.R HEALTH CARE PRIVATE LIMITED,Under process of striking off,24230,DIRECT_NIC_PHARMA_MANUFACTURER,525,200000.0,Karnataka
U24231KA1993PTC013937,BIJAPUR DRUGSAID PRIVATE LIMITED,Strike Off,24231,DIRECT_NIC_PHARMA_MANUFACTURER,525,200000.0,Karnataka
U24231KA1998PTC024047,SYSCARE PHARMACEUTICALS PRIVATE LIMITED,Active,24231,DIRECT_NIC_PHARMA_MANUFACTURER,525,726000.0,Karnataka
U24231KA2010PTC053021,ARIEN DRUGS AND FOODS PRIVATE LIMITED,Strike Off,24231,DIRECT_NIC_PHARMA_MANUFACTURER,525,989000.0,Karnataka
U24232KA2006PTC041018,INEXIOS PHARMACEUTICALS PRIVATE LIMITED,Active,24232,DIRECT_NIC_PHARMA_MANUFACTURER,525,1000000.0,Karnataka
U24232KA2011PTC056982,FORTUNA PHARMA LABORATORIES PRIVATE LIMITED,Strike Off,24232,DIRECT_NIC_PHARMA_MANUFACTURER,525,100000.0,Karnataka
U24232KA2020PTC133775,SUNOPS PHARMA PRIVATE LIMITED,Strike Off,24232,DIRECT_NIC_PHARMA_MANUFACTURER,525,100000.0,Karnataka
U24290KA2022PTC160374,TEC FORMULATIONS PRIVATE LIMITED,Strike Off,24290,PHARMA_CORPORATE_ENTITY,525,50000.0,Karnataka
U24296KA2010PTC052475,RENATI PHARMACEUTICALS PRIVATE LIMITED,Strike Off,24296,PHARMA_CORPORATE_ENTITY,525,100000.0,Karnataka
U24299KA2020PTC132134,VARSHA BIOTECH PRIVATE LIMITED,Strike Off,24299,PHARMA_CORPORATE_ENTITY,525,100000.0,Karnataka
U72900KA2022PTC160726,SILENCE LABORATORIES INDIA PRIVATE LIMITED,Active,72900,PHARMA_CORPORATE_ENTITY,525,11110.0,Karnataka
U72900KA2022PTC168933,ZBV DIGITAL HEALTHCARE SOLUTIONS PRIVATE LIMITED,Active,72900,NAME_BASED_MATCH,525,100000.0,Karnataka
U73100KA2011PTC058292,ZUMANTA PHARMA PRIVATE LIMITED,Strike Off,73100,PHARMA_CORPORATE_ENTITY,525,100000.0,Karnataka
L21015KA2011PLC060106,B&B TRIPLEWALL CONTAINERS LIMITED,Active,21015,DIRECT_NIC_PHARMA_MANUFACTURER,525,210579400.0,Karnataka
AAQ-1060,M.A.J. HEALTHCARE SERVICES LLP,Active,nan,NAME_BASED_MATCH,525,0.0,Karnataka
AAT-2111,PROLABS.LIVE HEALTHCARE SOLUTIONS LLP,Strike Off,nan,NAME_BASED_MATCH,525,0.0,Karnataka
AAT-3026,INN PHARMA INFRA LLP,Active,nan,PHARMA_CORPORATE_ENTITY,525,0.0,Karnataka
AAU-0349,MEDIPRIME KARNATAKA DIAGNOSTIC CENTRE LLP,Active,nan,NAME_BASED_MATCH,525,0.0,Karnataka
F02617,SPI PHARMA INC INDIA BRANCH OFFICE,Active,nan,PHARMA_CORPORATE_ENTITY,525,0.0,Karnataka
U00304KA1985PTC006664,QURVEL DRUGS AND CHEMICALS PRIVATE LIMITED,Strike Off,00304,PHARMA_CORPORATE_ENTITY,529,0.0,Karnataka
U00304KA1995PTC017016,RAJGIR PHARMACEUTICALS PRIVATE LIMITED,Strike Off,00304,PHARMA_CORPORATE_ENTITY,524,0.0,Karnataka
AAO-9773,HOWADERM PHARMACEUTICALS LLP,Active,nan,PHARMA_CORPORATE_ENTITY,525,0.0,Karnataka
ACB-6920,CHEMMAN DRUGS LLP,Active,nan,PHARMA_CORPORATE_ENTITY,525,0.0,Karnataka
ACG-7040,SOLUKRAFT PHARMACEUTICALS LLP,Active,nan,PHARMA_CORPORATE_ENTITY,534,0.0,Karnataka
U73100KA2008PLC045994,AQUADIAGNOSTICS WATER RESEARCH & TECHNOLOGY CENTRE LIMITED,Amalgamated,73100,NAME_BASED_MATCH,525,57264000.0,Karnataka
AAO-3329,SHANKARANARAYANA LIFE SCIENCES LLP,Active,nan,PHARMA_CORPORATE_ENTITY,525,0.0,Karnataka
AAQ-3793,DENNA HEALTHCARE LLP,Active,nan,NAME_BASED_MATCH,525,0.0,Karnataka
AAR-3603,DERMITON HEALTHCARE LLP,Active,nan,NAME_BASED_MATCH,525,0.0,Karnataka
ACC-7562,MEDIKERI PHARMA LLP,Active,nan,PHARMA_CORPORATE_ENTITY,525,0.0,Karnataka
ACG-4800,GLOBERY PHARMACEUTICALS LLP,Active,nan,PHARMA_CORPORATE_ENTITY,525,0.0,Karnataka
AAB-2549,SRI SAI GANESH HERBALS LLP,Active,nan,NAME_BASED_MATCH,631,0.0,Karnataka
AAB-7825,BEAUTYIQ LIFE SCIENCES LLP,Active,nan,PHARMA_CORPORATE_ENTITY,525,0.0,Karnataka
AAF-5758,LAKESIDE HEALTHCARE VENTURES LLP,Active,nan,NAME_BASED_MATCH,525,0.0,Karnataka
AAG-2002,PRO PHYSIO HEALTHCARE LLP,Converted to CMP and Dissolved,nan,NAME_BASED_MATCH,525,0.0,Karnataka
AAH-1559,THINK PHARMA STUDIO LLP,Active,nan,PHARMA_CORPORATE_ENTITY,525,0.0,Karnataka
AAI-6209,SAHA HEALTH AND HERBAL LLP,Active,nan,NAME_BASED_MATCH,525,0.0,Karnataka
AAJ-9909,HEALTHFIX PHARMA LLP,Active,nan,PHARMA_CORPORATE_ENTITY,550,0.0,Karnataka
AAK-1266,RELUXE SMART HOME AND HEALTHCARE SOLUTIONS LLP,Active,nan,NAME_BASED_MATCH,525,0.0,Karnataka
U24100KA2021OPC152311,MEDNIS PHARMACEUTICALS (OPC) PRIVATE LIMITED,Active,24100,PHARMA_CORPORATE_ENTITY,540,500000.0,Karnataka
U24230KA2020PTC135299,SVARS MEDICO PRIVATE LIMITED,Active,24230,DIRECT_NIC_PHARMA_MANUFACTURER,525,100000.0,Karnataka
U24230KA2020PTC140844,NAMAAMI SHANKARA PRIVATE LIMITED,Active,24230,DIRECT_NIC_PHARMA_MANUFACTURER,525,500000.0,Karnataka
U24230KA2021PTC148690,PREETHAM MEDISALES PRIVATE LIMITED,Active,24230,DIRECT_NIC_PHARMA_MANUFACTURER,525,200000.0,Karnataka
U24230KA2022PTC156745,NEWTECH CROP SCIENCES PRIVATE LIMITED,Active,24230,DIRECT_NIC_PHARMA_MANUFACTURER,525,100000.0,Karnataka
U24232KA2004PTC033454,VIDA LABORATORIES PRIVATE LIMITED,Active,24232,DIRECT_NIC_PHARMA_MANUFACTURER,525,2300000.0,Karnataka
U24232KA2009PTC051463,POLLARD PHARMACEUTICALS PRIVATE LIMITED,Under process of striking off,24232,DIRECT_NIC_PHARMA_MANUFACTURER,525,100000.0,Karnataka
U24232KA2020PTC138162,PHARMEDICURE PRIVATE LIMITED,Strike Off,24232,DIRECT_NIC_PHARMA_MANUFACTURER,525,500000.0,Karnataka
U24236KA1998PTC024294,PHOENIX MEDICARE PRIVATE LIMITED,Active,24236,DIRECT_NIC_PHARMA_MANUFACTURER,525,9250000.0,Karnataka
U24239KA1998PTC023643,BIOPRODUCTS INDIA PRIVATE LIMITED,Strike Off,24239,DIRECT_NIC_PHARMA_MANUFACTURER,525,553000.0,Karnataka
U24239KA2008PTC047538,SIGMA DRUGS INDIA PRIVATE LIMITED,Active,24239,DIRECT_NIC_PHARMA_MANUFACTURER,525,200000.0,Karnataka
U24290KA2016PTC093869,MAAM LIFE SCIENCES PRIVATE LIMITED,Active,24290,PHARMA_CORPORATE_ENTITY,525,100000.0,Karnataka
U24290KA2019PTC128629,SWASTHYA VET PHARMA PRIVATE LIMITED,Strike Off,24290,PHARMA_CORPORATE_ENTITY,525,100000.0,Karnataka
U24290KA2022PTC165422,TRISANO PHARMA PRIVATE LIMITED,Active,24290,PHARMA_CORPORATE_ENTITY,525,100000.0,Karnataka
U24297KA2020FTC203518,SNRG PHARMA CONSULTING (INDIA) PRIVATE LIMITED,Active,24297,PHARMA_CORPORATE_ENTITY,525,412100.0,Karnataka
U24299KA2021PTC156071,DANVERS LIFE SCIENCES PRIVATE LIMITED,Active,24299,PHARMA_CORPORATE_ENTITY,525,100000.0,Karnataka
U73100KA2003PTC032149,H.U.GUGLE BIOTECH PRIVATE LIMITED,Active,73100,PHARMA_CORPORATE_ENTITY,525,2000000.0,Karnataka
U73100KA2021PLC145487,BIOFUSION THERAPEUTICS LIMITED,Amalgamated,73100,PHARMA_CORPORATE_ENTITY,525,500000.0,Karnataka
U73100KA2022PTC167504,QUALIFE BIOTECH PRIVATE LIMITED,Active,73100,PHARMA_CORPORATE_ENTITY,525,100000.0,Karnataka
U24122KA1994PTC016411,HANNA-BIRA BIOTECH PRIVATE LIMITED,Strike Off,24122,PHARMA_CORPORATE_ENTITY,525,3000.0,Karnataka
U24230KA1996PTC020399,INTERVASCULAR LIFE AIDS AND DIAGNOSTICS PRIVATE LIMITED,Strike Off,24230,DIRECT_NIC_PHARMA_MANUFACTURER,525,200.0,Karnataka
U24230KA2013PTC072724,SAVITHRI SIDDA AYURVEDA PRIVATE LIMITED,Strike Off,24230,DIRECT_NIC_PHARMA_MANUFACTURER,631,100000.0,Karnataka
U24230KA2022PTC156228,DOCDOZ PHARMA PRIVATE LIMITED,Active,24230,DIRECT_NIC_PHARMA_MANUFACTURER,536,1500000.0,Karnataka
U24231KA1995PTC019465,GREEN SYNTH FARMA PRIVATE LIMITED,Strike Off,24231,DIRECT_NIC_PHARMA_MANUFACTURER,525,20000.0,Karnataka
U24231KA2002PTC030413,PROTON HEALTH CARE PRIVATE LIMITED,Inactive for e-filing,24231,DIRECT_NIC_PHARMA_MANUFACTURER,525,100000.0,Karnataka
U24232KA1977PTC003224,OMNIA PHARMA PRIVATE LIMITED,Strike Off,24232,DIRECT_NIC_PHARMA_MANUFACTURER,550,6000.0,Karnataka
U24232KA2006PTC039965,KARLE HEALTH SCIENCES PRIVATE LIMITED,Active,24232,DIRECT_NIC_PHARMA_MANUFACTURER,525,100000.0,Karnataka
U24232KA2014PTC077701,SALAPARNI HEALTH-CARE PRIVATE LIMITED,Active,24232,DIRECT_NIC_PHARMA_MANUFACTURER,525,600000.0,Karnataka
U24233KA1942PLC000286,THE NIKHILA KARNATAKA CENTRAL AYURVEDIC PHARMACY LIMITED,Active,24233,DIRECT_NIC_PHARMA_MANUFACTURER,545,1499710.0,Karnataka
U24233KA1988PTC009172,SHASTRI'S REMEDIES AND RESEARCH CENTRE PRIVATE LIMITED,Active,24233,DIRECT_NIC_PHARMA_MANUFACTURER,525,398400.0,Karnataka
U24233KA1995PTC018849,VIMAL LABS PRIVATE LIMITED,Strike Off,24233,DIRECT_NIC_PHARMA_MANUFACTURER,525,2000.0,Karnataka
U24239KA1985PTC007188,INDOCOAR PHARMA PRIVATE LIMITED,Active,24239,DIRECT_NIC_PHARMA_MANUFACTURER,525,43793000.0,Karnataka
U24239KA2008PTC047528,MERIDIAN PHARMACARE PRIVATE LIMITED,Active,24239,DIRECT_NIC_PHARMA_MANUFACTURER,525,100000.0,Karnataka
U24239KA2008PTC073728,NANO LIFE CARE PRIVATE LIMITED,Strike Off,24239,DIRECT_NIC_PHARMA_MANUFACTURER,525,100000.0,Karnataka
U24239KA2021PTC145331,EVERESTMED DISTRIBUTORS PRIVATE LIMITED,Active,24239,DIRECT_NIC_PHARMA_MANUFACTURER,549,100000.0,Karnataka
U24299KA1981PLC004321,SHRISHMA FINE CHEMICALS AND PHARMACEUTIC ALS (KARNATAKA) LIMITED,Active,24299,PHARMA_CORPORATE_ENTITY,525,154843550.0,Karnataka
U24299KA2022PTC160556,ROSHEL OMKAR LABORATORIES PRIVATE LIMITED,Active,24299,PHARMA_CORPORATE_ENTITY,525,100000.0,Karnataka
U24303KA2018PTC117082,CHRISCON HEALTHCARE PRIVATE LIMITED,Active,24303,NAME_BASED_MATCH,525,100000.0,Karnataka
U24304KA2020PTC139496,SUN LEAF PHARMA PRIVATE LIMITED,Strike Off,24304,PHARMA_CORPORATE_ENTITY,525,100000.0,Karnataka
U01122KA2004PTC033352,SEA ORCID BIOTECH PRIVATE LIMITED,Strike Off,01122,PHARMA_CORPORATE_ENTITY,525,100000.0,Karnataka
U01640KA2025PTC202188,SRI PRADYUMNA SEED BIOTECH PRIVATE LIMITED,Active,01640,PHARMA_CORPORATE_ENTITY,525,100000.0,Karnataka
U02423KA1988PTC008944,TAURUS PHARMA PRIVATE LIMITED,Strike Off,02423,PHARMA_CORPORATE_ENTITY,525,300.0,Karnataka
ACV-5729,TASVA HEALTHCARE LLP,Active,nan,NAME_BASED_MATCH,525,0.0,Karnataka
ACW-0578,UROMED HEALTHCARE PLUS LLP,Active,nan,NAME_BASED_MATCH,525,0.0,Karnataka
ACY-0631,ANANDI PHARMA LLP,Active,nan,PHARMA_CORPORATE_ENTITY,549,0.0,Karnataka
ACY-8801,AMSTINE HEALTHCARE LLP,Active,nan,NAME_BASED_MATCH,525,0.0,Karnataka
L15200KA1998PLC023489,HEALTHCARE GLOBAL ENTERPRISES LIMITED,Active,15200,NAME_BASED_MATCH,525,1493022030.0,Karnataka
U00093KA1996PTC020894,BELLARY HEALTHCARE SERVICES PRIVATE LIMITED,Strike Off,00093,NAME_BASED_MATCH,525,4000.0,Karnataka
U00304KA1994PTC015384,ANKUSH CHEMO PHARMA PRIVATE LIMITED,Strike Off,00304,PHARMA_CORPORATE_ENTITY,525,100000.0,Karnataka
U00349KA1997PTC021958,SURGICAL ENGINEERS PRIVATE LIMITED,Strike Off,00349,NAME_BASED_MATCH,525,150000.0,Karnataka
U01100KA2021PTC145789,PRAJUN HERBAL INDIA PRIVATE LIMITED,Active,01100,NAME_BASED_MATCH,525,50000.0,Karnataka
U20232KA1996PTC020079,SHIVANI LABORATORIES PRIVATE LIMITED,Strike Off,20232,PHARMA_RELATED_MANUFACTURER,525,2000.0,Karnataka
U21000KA2018OPC114515,HIRANYAKESHI PAPER PRODUCT (OPC) PRIVATE LIMITED,Active,21000,DIRECT_NIC_PHARMA_MANUFACTURER,525,10000.0,Karnataka
U21001KA2013PTC069722,HEFS VENTURES PRIVATE LIMITED,Active,21001,DIRECT_NIC_PHARMA_MANUFACTURER,525,300000.0,Karnataka
U21001KA2023PTC174445,ZYLIS LABS PRIVATE LIMITED,Active,21001,DIRECT_NIC_PHARMA_MANUFACTURER,525,10000.0,Karnataka
U21001KA2024PTC183066,AABACUS FORMULATIONS PRIVATE LIMITED,Active,21001,DIRECT_NIC_PHARMA_MANUFACTURER,525,100000.0,Karnataka
U21001KA2024PTC195125,QUARES LIFE SCIENCES PRIVATE LIMITED,Active,21001,DIRECT_NIC_PHARMA_MANUFACTURER,525,100000.0,Karnataka
U21001KA2025PTC202031,CHROMATOGEN SYNTHETIC TECHNOLOGIES PRIVATE LIMITED,Active,21001,DIRECT_NIC_PHARMA_MANUFACTURER,525,500000.0,Karnataka
U21001KA2025PTC205529,SEROVIA PHARMA PRIVATE LIMITED,Active,21001,DIRECT_NIC_PHARMA_MANUFACTURER,525,617173795.0,Karnataka
U21002KA2024PTC188213,ARUNDATHI VASISTHA PRIVATE LIMITED,Active,21002,DIRECT_NIC_PHARMA_MANUFACTURER,544,10000.0,Karnataka
U21002KA2025PTC199389,EHM REEK PHARMA PRIVATE LIMITED,Active,21002,DIRECT_NIC_PHARMA_MANUFACTURER,525,100000.0,Karnataka
U21003KA2023PTC174496,SAMSRUSHTI HEALTH TECHNOLOGY AND SOLUTIONS PRIVATE LIMITED,Active,21003,DIRECT_NIC_PHARMA_MANUFACTURER,525,100000.0,Karnataka
U21003KA2023PTC175119,PRIYAVRATHA NATURAL AND HEALTH CARE PRIVATE LIMITED,Active,21003,DIRECT_NIC_PHARMA_MANUFACTURER,525,100000.0,Karnataka
U21003KA2024PTC191127,BIRD'S EYE VENTURES PRIVATE LIMITED,Strike Off,21003,DIRECT_NIC_PHARMA_MANUFACTURER,525,100000.0,Karnataka
U21011KA1999PTC024761,SAFALYA INDUSTRIES PRIVATE LIMITED,Strike Off,21011,DIRECT_NIC_PHARMA_MANUFACTURER,529,40126.0,Karnataka
U21014KA1993PTC014250,JIT PACK PRIVATE LIMITED,Strike Off,21014,DIRECT_NIC_PHARMA_MANUFACTURER,525,50000.0,Karnataka
U21014KA2007PTC042719,WOVEN SACKS INDIA PRIVATE LIMITED,Strike Off,21014,DIRECT_NIC_PHARMA_MANUFACTURER,525,0.0,Karnataka
U21092KA2005PTC036754,PREMIUM HYGIENE PRODUCTS PRIVATE LIMITED,Strike Off,21092,DIRECT_NIC_PHARMA_MANUFACTURER,525,100000.0,Karnataka
U21096KA2012PTC066084,GREEN ECO DESIGNS INDIA PRIVATE LIMITED,Strike Off,21096,DIRECT_NIC_PHARMA_MANUFACTURER,525,500000.0,Karnataka
U21099KA2017PTC101165,PSPAPERS ( INDIA ) PRIVATE LIMITED,Active,21099,DIRECT_NIC_PHARMA_MANUFACTURER,525,100000.0,Karnataka
U21099KA2020PTC132914,RAM BIO PRODUCTS PRIVATE LIMITED,Active,21099,DIRECT_NIC_PHARMA_MANUFACTURER,525,100000.0,Karnataka
AAM-9929,2E HEALTHCARE LLP,Active,nan,NAME_BASED_MATCH,525,0.0,Karnataka
AAN-9621,INNOVATIVE HEALTHCARE RETAIL CONSULTANCY & CONCEPT LLP,Strike Off,nan,NAME_BASED_MATCH,545,0.0,Karnataka
AAT-1673,DR. KAJE'S AYUR PHARMA LLP,Active,nan,PHARMA_CORPORATE_ENTITY,525,0.0,Karnataka
U33100KA2009PTC051862,MAGAL HEALTHCARE PRIVATE LIMITED,Active,33100,NAME_BASED_MATCH,525,5205660.0,Karnataka
U33114KA2014PTC073013,MILKYWAY PHARMACEUTICALS PRIVATE LIMITED,Active,33114,PHARMA_CORPORATE_ENTITY,544,215000.0,Karnataka
U33119KA2022PTC159769,BME HEALTHCARE PRIVATE LIMITED,Active,33119,NAME_BASED_MATCH,525,100000.0,Karnataka
U33125KA1983PTC005545,MEDICAL DIAGNASTIC RESEARCH LABORATORIES PRIVATE LIMITED,Strike Off,33125,PHARMA_CORPORATE_ENTITY,525,300.0,Karnataka
AAZ-6165,VEDARJANA AYURVEDA LLP,Active,nan,NAME_BASED_MATCH,525,0.0,Karnataka
ACJ-0254,GOLDEN PROPORTIONS HEALTHCARE LLP,Active,nan,NAME_BASED_MATCH,534,0.0,Karnataka
ACK-9071,ARBOK HEALTHCARE LLP,Active,nan,NAME_BASED_MATCH,525,0.0,Karnataka
ACL-2865,METIER DENTAL SOLUTIONS AND HEALTHCARE SERVICES LLP,Active,nan,NAME_BASED_MATCH,525,0.0,Karnataka
ACM-6698,VARAYU AYURVEDA LLP,Active,nan,NAME_BASED_MATCH,525,0.0,Karnataka
ACO-1351,ASTAGEN PHARMACEUTICALS LLP,Active,nan,PHARMA_CORPORATE_ENTITY,525,0.0,Karnataka
U23209KA2006PTC041303,FORAY BIOTECH PRIVATE LIMITED,Strike Off,23209,PHARMA_CORPORATE_ENTITY,525,0.0,Karnataka
AAT-7213,VISWAMATHA HEALTHCARE SOLUTIONS LLP,Active,nan,NAME_BASED_MATCH,525,0.0,Karnataka
U33110KA2016PTC086143,AS MEDESURGICALS PRIVATE LIMITED,Strike Off,33110,NAME_BASED_MATCH,525,100000.0,Karnataka
U33127KA2006PTC040966,CHROMOUS BIOTECH PRIVATE LIMITED,Active,33127,PHARMA_CORPORATE_ENTITY,525,3500000.0,Karnataka
ABC-4659,REPARTUS PHARMACEUTICALS LLP,Active,nan,PHARMA_CORPORATE_ENTITY,525,0.0,Karnataka
U24100KA2015PTC079622,ARCTURUS PHARMA PRIVATE LIMITED,Active,24100,PHARMA_CORPORATE_ENTITY,525,751000.0,Karnataka
U24110KA2019PTC127546,CHARIS HEALTHCARE PRODUCTS PRIVATE LIMITED,Active,24110,NAME_BASED_MATCH,525,1000000.0,Karnataka
U24200KA2016PTC098367,ZEKE PHARMACEUTICALS PRIVATE LIMITED,Active,24200,PHARMA_CORPORATE_ENTITY,525,100000.0,Karnataka
U24230KA2008PLC046164,GENOVO DEVELOPMENT SERVICES LIMITED,Dissolved under section 59(8),24230,DIRECT_NIC_PHARMA_MANUFACTURER,525,18296000.0,Karnataka
U24230KA2019PTC126280,GANAPA LIFESCIENCE PRIVATE LIMITED,Active,24230,DIRECT_NIC_PHARMA_MANUFACTURER,525,1000000.0,Karnataka
U24230KA2020PTC131456,SHILPA BIOLOGICALS PRIVATE LIMITED,Active,24230,DIRECT_NIC_PHARMA_MANUFACTURER,536,562846200.0,Karnataka
U24231KA1995PTC018283,CONPHAR PRODUCTS PRIVATE LIMITED,Strike Off,24231,DIRECT_NIC_PHARMA_MANUFACTURER,525,2240000.0,Karnataka
U24231KA2001PTC028389,ADVANCE-PHARMA CHEMLAB PRIVATE LIMITED,Active,24231,DIRECT_NIC_PHARMA_MANUFACTURER,525,100000.0,Karnataka
U24231KA2005PTC035474,TAURUS FORMULATIONS PRIVATE LIMITED,Strike Off,24231,DIRECT_NIC_PHARMA_MANUFACTURER,525,310000.0,Karnataka
U24232KA1990PLC010683,HI-PRO NUTRITIONS PRIVATE LIMITED,Strike Off,24232,DIRECT_NIC_PHARMA_MANUFACTURER,525,1000.0,Karnataka
U24232KA2000PTC097544,GE HEALTHCARE GLOBAL PRIVATE LIMITED,Active,24232,DIRECT_NIC_PHARMA_MANUFACTURER,525,1593642820.0,Karnataka
U24232KA2008PLC048461,QP HEALTH SERVICES LIMITED,Active,24232,DIRECT_NIC_PHARMA_MANUFACTURER,525,35000000.0,Karnataka
U24232KA2013PTC067790,HYDRA HEALTHCARE PRIVATE LIMITED,Strike Off,24232,DIRECT_NIC_PHARMA_MANUFACTURER,525,100000.0,Karnataka
U24233KA2013PTC068817,INDIO SUN HEALTHCARE PRIVATE LIMITED,Strike Off,24233,DIRECT_NIC_PHARMA_MANUFACTURER,525,100000.0,Karnataka
U24239KA2000PTC026892,FUTURISTIC HERBOTECH PRIVATE LIMITED,Strike Off,24239,DIRECT_NIC_PHARMA_MANUFACTURER,525,483000.0,Karnataka
U24239KA2011PTC056684,EUROFINS PHARMA SERVICES INDIA PRIVATE LIMITED,Active,24239,DIRECT_NIC_PHARMA_MANUFACTURER,525,10061150.0,Karnataka
U24239KA2012PTC067288,ECOREM HEALTHCARE PRIVATE LIMITED,Active,24239,DIRECT_NIC_PHARMA_MANUFACTURER,545,2453600.0,Karnataka
U24239KA2018PTC119638,GENOVEL PHARMACEUTICALS PRIVATE LIMITED,Active,24239,DIRECT_NIC_PHARMA_MANUFACTURER,525,100000.0,Karnataka
AAW-6227,PRIMEHEAL HEALTHCARE SERVICES LLP,Active,nan,NAME_BASED_MATCH,525,0.0,Karnataka
U33110KA2012PTC063669,DIACARE PHARMACEUTICALS PRIVATE LIMITED,Strike Off,33110,PHARMA_CORPORATE_ENTITY,525,100000.0,Karnataka
U33119KA1999FTC025496,ALCON LABORATORIES (INDIA) PRIVATE LIMITED,Active,33119,PHARMA_CORPORATE_ENTITY,525,1605703180.0,Karnataka
U33119KA2021PTC151847,ADVANCED HEALTHCARE APPLIANCES AND MATERIALS PRIVATE LIMITED,Strike Off,33119,NAME_BASED_MATCH,738,100000.0,Karnataka
U33125KA2008PTC045128,PEPRO BIOTECH (INDIA) PRIVATE LIMITED,Strike Off,33125,PHARMA_CORPORATE_ENTITY,525,100000.0,Karnataka
U24100KA2021PTC151734,KEENZ PHARMA PRIVATE LIMITED,Active,24100,PHARMA_CORPORATE_ENTITY,525,1000000.0,Karnataka
U24119KA1948PLC001251,UNIVERSAL DRUG HOUSE (KARNATAKA) LIMITED,Strike Off,24119,PHARMA_CORPORATE_ENTITY,525,0.0,Karnataka
U24230KA2014PTC077114,LIFEZEN HEALTHCARE PRIVATE LIMITED,Active,24230,DIRECT_NIC_PHARMA_MANUFACTURER,525,20000000.0,Karnataka
U24230KA2016PTC085446,EINSTEK PHARMA PRIVATE LIMITED,Active,24230,DIRECT_NIC_PHARMA_MANUFACTURER,525,200000.0,Karnataka
U24230KA2022PTC169551,PHYTOBIOWORKS PRIVATE LIMITED,Strike Off,24230,DIRECT_NIC_PHARMA_MANUFACTURER,525,100000.0,Karnataka
U24231KA1991PTC012431,ENPIAR LABORATORIES PRIVATE LIMITED,Strike Off,24231,DIRECT_NIC_PHARMA_MANUFACTURER,525,3000.0,Karnataka
U24231KA1992PTC013109,LIME LIGHT DRUGS PRIVATE LIMITED,Strike Off,24231,DIRECT_NIC_PHARMA_MANUFACTURER,529,1800000.0,Karnataka
U24231KA1996PTC019804,BIONAT PRIVATE LIMITED,Strike Off,24231,DIRECT_NIC_PHARMA_MANUFACTURER,525,108000.0,Karnataka
U24231KA2004PTC034182,TRIGENESIS LIFESCIENCES PRIVATE LIMITED,Active,24231,DIRECT_NIC_PHARMA_MANUFACTURER,525,36000000.0,Karnataka
U24231KA2009PTC069535,BIOHIT BIOTECH SYSTEMS (INDIA) PRIVATE LIMITED,Amalgamated,24231,DIRECT_NIC_PHARMA_MANUFACTURER,525,3000000.0,Karnataka
U24232KA1996PTC021141,SUKRUTH LABORATORIES PRIVATE LIMITED,Strike Off,24232,DIRECT_NIC_PHARMA_MANUFACTURER,525,40000.0,Karnataka
U24232KA2009PTC049254,SANJEEVI PHARMACARE PRIVATE LIMITED,Strike Off,24232,DIRECT_NIC_PHARMA_MANUFACTURER,525,100000.0,Karnataka
U24232KA2014PTC076296,CAPTAB PHARMACEUTICALS PRIVATE LIMITED,Strike Off,24232,DIRECT_NIC_PHARMA_MANUFACTURER,525,100000.0,Karnataka
U24233KA2015PTC082969,MISTER LIFE SCIENCE PHARMACEUTICALS PRIVATE LIMITED,Strike Off,24233,DIRECT_NIC_PHARMA_MANUFACTURER,525,100000.0,Karnataka
U24235KA2005PTC035491,BIOVET PRIVATE LIMITED,Active,24235,DIRECT_NIC_PHARMA_MANUFACTURER,542,315565690.0,Karnataka
U24239KA1991PTC012352,TIRTH PHARMA PRIVATE LIMITED,Strike Off,24239,DIRECT_NIC_PHARMA_MANUFACTURER,529,2000.0,Karnataka
U24239KA2020PTC131931,LATIMER LIFE SCIENCES PRIVATE LIMITED,Active,24239,DIRECT_NIC_PHARMA_MANUFACTURER,535,150000.0,Karnataka
U24246KA2006PTC039946,DAFFY HEALTHCARE PRIVATE LIMITED,Active,24246,NAME_BASED_MATCH,525,52373700.0,Karnataka
ACK-5266,MELIDIA PHARMA LLP,Active,nan,PHARMA_CORPORATE_ENTITY,525,0.0,Karnataka
ACN-0236,NEELPONKHI HEALTHCARE LLP,Active,nan,NAME_BASED_MATCH,525,0.0,Karnataka
AAB-9915,DR. RAO'S AYURVEDA SANCTUARY LLP,Active,nan,NAME_BASED_MATCH,549,0.0,Karnataka
ACT-7015,SYNARA HEALTHCARE SERVICES LLP,Active,nan,NAME_BASED_MATCH,525,0.0,Karnataka
U72200KA2015PTC082982,BLUEBASIL MEDTECH PRIVATE LIMITED,Active,72200,NAME_BASED_MATCH,525,500000.0,Karnataka
U74999KA2016PTC093972,VINMAN LIFE SCIENCES PRIVATE LIMITED,Active,74999,PHARMA_CORPORATE_ENTITY,525,100000.0,Karnataka
U72200KA2026PTC218394,EFFYIS HEALTHCARE PRIVATE LIMITED,Active,72200,NAME_BASED_MATCH,525,100000.0,Karnataka
U74999KA2017OPC107573,ULTRADOT PHARMACEAUTICALS (OPC) PRIVATE LIMITED,Active,74999,PHARMA_CORPORATE_ENTITY,525,0.0,Karnataka
U82990KA2023PTC179036,AGAADYA BIOTECH PRIVATE LIMITED,Active,82990,PHARMA_CORPORATE_ENTITY,525,10000.0,Karnataka
U85100KA2009PTC049813,PINKWHALE HEALTHCARE SERVICES PRIVATE LIMITED,Active,85100,NAME_BASED_MATCH,525,2821680.0,Karnataka
U85100KA2010PTC054082,MEDIELINE PHARMACEUTICALS PRIVATE LIMITED,Strike Off,85100,PHARMA_CORPORATE_ENTITY,525,100000.0,Karnataka
U85100KA2010PTC054339,RADION HEALTHCARE SOLUTION PRIVATE LIMITED,Strike Off,85100,NAME_BASED_MATCH,525,100000.0,Karnataka
U85100KA2012PTC065443,VRPL HEALTHCARE PRIVATE LIMITED,Active,85100,NAME_BASED_MATCH,525,26690210.0,Karnataka
U85100KA2013PTC070661,KUSHALAM HEALTHCARE SERVICES PRIVATE LIMITED,Active,85100,NAME_BASED_MATCH,525,100000.0,Karnataka
U85100KA2016PTC086843,ACUNOVA HEALTHCARE PRIVATE LIMITED,Active,85100,NAME_BASED_MATCH,545,100000.0,Karnataka
U85100KA2020PTC134061,CITTAMED HEALTHCARE PRIVATE LIMITED,Active,85100,NAME_BASED_MATCH,525,100000.0,Karnataka
U85100KA2021PTC148580,ABHAYAHASTA DIAGNOSTIC CENTRE PRIVATE LIMITED,Active,85100,NAME_BASED_MATCH,525,30000000.0,Karnataka
U85100KA2021PTC151460,NEWRE LIFE HEALTHCARE PRIVATE LIMITED,Active,85100,NAME_BASED_MATCH,525,100000.0,Karnataka
U85110KA1990PTC011166,SOMERSET THERAPEUTICS PRIVATE LIMITED,Active,85110,PHARMA_CORPORATE_ENTITY,525,355000000.0,Karnataka
U85110KA1998PTC024255,MANIPAL HEALTHCARE PRIVATE LIMITED,Amalgamated,85110,NAME_BASED_MATCH,525,39000000.0,Karnataka
U85110KA2013PTC070656,LOCUS HEALTHCARE PRIVATE LIMITED,Active,85110,NAME_BASED_MATCH,525,100000.0,Karnataka
U85110KA2022PTC164750,CUTEDERMA PHARMACEUTICAL PRIVATE LIMITED,Active,85110,PHARMA_CORPORATE_ENTITY,525,100000.0,Karnataka
U85190KA2021PTC152469,DERMAGLO HEALTHCARE PRIVATE LIMITED,Active,85190,NAME_BASED_MATCH,525,100000.0,Karnataka
U85191KA2019PTC122476,BAALYAM HEALTHCARE PRIVATE LIMITED,Active,85191,NAME_BASED_MATCH,525,100000.0,Karnataka
U85300KA2021PTC144493,MEDONGO HEALTHCARE SERVICES PRIVATE LIMITED,Active,85300,NAME_BASED_MATCH,525,100000.0,Karnataka
U85300KA2021PTC149451,NEULABS INDIA HEALTHCARE PRIVATE LIMITED,Active,85300,NAME_BASED_MATCH,525,100000.0,Karnataka
U85310KA2016PTC094897,ARUSHREYA HEALTHCARE PRIVATE LIMITED,Converted to LLP,85310,NAME_BASED_MATCH,525,2000000.0,Karnataka
U86100KA2023PTC172017,CHESA HEALTHCARE SOLUTIONS PRIVATE LIMITED,Active,86100,NAME_BASED_MATCH,525,100000.0,Karnataka
U86100KA2024PTC189777,SR DENTAL AND HEALTHCARE SOLUTIONS PRIVATE LIMITED,Active,86100,NAME_BASED_MATCH,525,100000.0,Karnataka
U86100KA2025PTC198876,ZAMINDAR MICROSURGICAL EYE CENTRE PRIVATE LIMITED,Active,86100,NAME_BASED_MATCH,525,100000.0,Karnataka
U99999KA1985PTC006757,SREE SRINIVASA ULTRA SOUND DIAGNOSTIC CENTRE PRIVATE LIMITED,Strike Off,99999,NAME_BASED_MATCH,525,100000.0,Karnataka
U85100KA2010PTC053170,BRAHMADANDA IMAGING AND DIAGNOSTICS PRIVATE LIMITED,Active,85100,NAME_BASED_MATCH,525,29200000.0,Karnataka
U85100KA2011PTC060255,I2C HEALTHCARE PRIVATE LIMITED,Strike Off,85100,NAME_BASED_MATCH,525,100000.0,Karnataka
U85100KA2012PTC063805,ARKIN LIFE SCIENCES PRIVATE LIMITED,Strike Off,85100,PHARMA_CORPORATE_ENTITY,525,200000.0,Karnataka
U85100KA2012PTC064407,TEMPERAMENT HERBAL EXTRACT PRIVATE LIMITED,Strike Off,85100,NAME_BASED_MATCH,525,100000.0,Karnataka
U85100KA2019PTC122917,GOHASUCH HEALTHCARE PRIVATE LIMITED,Strike Off,85100,NAME_BASED_MATCH,525,100000.0,Karnataka
U85100KA2020PTC135335,RUDHRAN HEALTHCARE SUPPLIES PRIVATE LIMITED,Active,85100,NAME_BASED_MATCH,525,100000.0,Karnataka
U85100KA2020PTC136352,CLAVIAN HEALTHCARE PRIVATE LIMITED,Active,85100,NAME_BASED_MATCH,525,100000.0,Karnataka
U85110KA1995PLC017053,BALMATTA DIAGNOSTIC AND RESEARCH CENTRE LIMITED,Active,85110,NAME_BASED_MATCH,525,17500000.0,Karnataka
U85100KA1997PTC022338,DIVYASA HEALTHCARE PRIVATE LIMITED,Active,85100,NAME_BASED_MATCH,525,800000.0,Karnataka
U85100KA2010PTC052866,MANIPAL PHARMA PRIVATE LIMITED,Strike Off,85100,PHARMA_CORPORATE_ENTITY,525,100000.0,Karnataka
U85100KA2012PTC066427,IKS HEALTHCARE INDIA PRIVATE LIMITED,Strike Off,85100,NAME_BASED_MATCH,525,100000.0,Karnataka
U85100KA2013PTC071183,SIMPLE2CURE HEALTHCARE SOLUTIONS PRIVATE LIMITED,Strike Off,85100,NAME_BASED_MATCH,525,100000.0,Karnataka
U85100KA2015PTC078188,MEDFIX HEALTHCARE PRIVATE LIMITED,Strike Off,85100,NAME_BASED_MATCH,525,100000.0,Karnataka
U85100KA2015PTC080808,LIFECLOUD HEALTHCARE PRIVATE LIMITED,Strike Off,85100,NAME_BASED_MATCH,525,100000.0,Karnataka
U85100KA2015PTC082981,FITNBLISS PREVENTIVE HEALTHCARE PRIVATE LIMITED,Strike Off,85100,NAME_BASED_MATCH,525,335440.0,Karnataka
U85100KA2019PTC122815,KTWO HEALTHCARE PRIVATE LIMITED,Active,85100,NAME_BASED_MATCH,525,9000000.0,Karnataka
U85100KA2019PTC128815,ANAESAFE HEALTHCARE PRIVATE LIMITED,Active,85100,NAME_BASED_MATCH,525,100000.0,Karnataka
U85100KA2019PTC129106,FILOS HEALTHCARE PRIVATE LIMITED,Active,85100,NAME_BASED_MATCH,526,100000.0,Karnataka
U85100KA2019PTC130540,HEALTHSEQ PRECISION MEDICINE PRIVATE LIMITED,Active,85100,PHARMA_CORPORATE_ENTITY,525,111120.0,Karnataka
U85100KA2020PTC131597,FEROVAS HEALTHCARE PRIVATE LIMITED,Active,85100,NAME_BASED_MATCH,525,100000.0,Karnataka
U85100KA2020PTC140465,SURAKSHAA HEALTHCARE & DIAGNOSTICS PRIVATE LIMITED,Active,85100,NAME_BASED_MATCH,525,100000.0,Karnataka
U85100KA2021PTC143853,HEALIUM DIGITAL HEALTHCARE PRIVATE LIMITED,Active,85100,NAME_BASED_MATCH,525,1545830.0,Karnataka
U85100KA2021PTC151124,RAGUS HEALTHCARE PRIVATE LIMITED,Active,85100,NAME_BASED_MATCH,525,77832550.0,Karnataka
U85100KA2021PTC151572,RAGHAVA DIAGNOSTIC SERVICES PRIVATE LIMITED,Active,85100,NAME_BASED_MATCH,525,1500000.0,Karnataka
U85100KA2021PTC152952,SREEHARITHA HEALTHCARE PRIVATE LIMITED,Active,85100,NAME_BASED_MATCH,525,6600000.0,Karnataka
U85100KA2022PTC168957,WMN HEALTHCARE SERVICES PRIVATE LIMITED,Active,85100,NAME_BASED_MATCH,525,113550.0,Karnataka
U85110KA1990PTC011211,ARSHAVEDA HERBALS PRIVATE LIMITED,Strike Off,85110,NAME_BASED_MATCH,525,20000.0,Karnataka
U85110KA1996PTC021331,MANDYA DIAGNOSTIC CENTRE PRIVATE LIMITED,Active,85110,NAME_BASED_MATCH,544,4720000.0,Karnataka
U85110KA2010PTC053054,NATIONWIDE PRIMARY HEALTHCARE SERVICES PRIVATE LIMITED,Active,85110,NAME_BASED_MATCH,525,2456991.0,Karnataka
U85110KA2012PTC065902,OMWALTZ HEALTHCARE PRIVATE LIMITED,Strike Off,85110,NAME_BASED_MATCH,525,500000.0,Karnataka
U85110KA2013PTC071584,LHHS HEALTHCARE PRIVATE LIMITED,Active,85110,NAME_BASED_MATCH,525,100000.0,Karnataka
U85190KA2011PTC058332,AMEGO HEALTHCARE SERVICES PRIVATE LIMITED,Strike Off,85190,NAME_BASED_MATCH,738,100000.0,Karnataka
U85190KA2019PTC128894,AGORA AYURVEDA PRIVATE LIMITED,Strike Off,85190,NAME_BASED_MATCH,525,100000.0,Karnataka
U85199KA2000PLC027715,WIPRO HEALTHCARE IT LIMITED,Amalgamated,85199,NAME_BASED_MATCH,525,34100000.0,Karnataka
U85300KA2021OPC154714,ATMAJA HEALTHCARE (OPC) PRIVATE LIMITED,Active,85300,NAME_BASED_MATCH,534,10000.0,Karnataka
U85300KA2021PTC146302,EBEDOC HEALTHCARE PRIVATE LIMITED,Active,85300,NAME_BASED_MATCH,525,100000.0,Karnataka
U85300KA2022PTC169251,MINDEW HEALTHCARE PRIVATE LIMITED,Active,85300,NAME_BASED_MATCH,525,100000.0,Karnataka
U85320KA2017PTC101801,CAREASCENTAN HEALTHCARE PRIVATE LIMITED,Active,85320,NAME_BASED_MATCH,543,100000.0,Karnataka
U85320KA2018PTC116384,TEATREE HEALTHCARE PRIVATE LIMITED,Active,85320,NAME_BASED_MATCH,525,100000.0,Karnataka
U86100KA2024PTC184755,RHAMOJA LIFE SCIENCES PRIVATE LIMITED,Active,86100,PHARMA_CORPORATE_ENTITY,525,100000.0,Karnataka
U46497KA2023PTC173676,SF3 PHARMAS PRIVATE LIMITED,Active,46497,PHARMA_CORPORATE_ENTITY,525,200000.0,Karnataka
U46497KA2023PTC179571,ALLERSTO PHARMACEUTICAL BHARAT PRIVATE LIMITED,Active,46497,PHARMA_CORPORATE_ENTITY,525,100000.0,Karnataka
U46497KA2024PTC193588,CHIMES LIFE SCIENCES PRIVATE LIMITED,Active,46497,PHARMA_CORPORATE_ENTITY,525,500000.0,Karnataka
U46497KA2025PTC196873,AWIN PHARMACEUTICALS PRIVATE LIMITED,Active,46497,PHARMA_CORPORATE_ENTITY,525,100000.0,Karnataka
U46596KA2023PTC173964,R B SURGICAL'S PRIVATE LIMITED,Active,46596,NAME_BASED_MATCH,525,100000.0,Karnataka
U46596KA2025PTC206970,QUALITY NEEDLES PRECISION MEDTECH PRIVATE LIMITED,Active,46596,NAME_BASED_MATCH,525,100000.0,Karnataka
U46497KA2023PTC177729,ATROL PHARMACEUTICALS PRIVATE LIMITED,Active,46497,PHARMA_CORPORATE_ENTITY,525,200000.0,Karnataka
U46497KA2024PTC185375,AIONIOS PHARMA PRIVATE LIMITED,Active,46497,PHARMA_CORPORATE_ENTITY,525,72100000.0,Karnataka
U46497KA2025PTC205136,BRYNLEE THERAPEUTICS INDIA PRIVATE LIMITED,Active,46497,PHARMA_CORPORATE_ENTITY,525,20000.0,Karnataka
U46596KA2024PTC184684,SS SURGICAL AND MEDICALS PRIVATE LIMITED,Active,46596,NAME_BASED_MATCH,525,200000.0,Karnataka
U74999KA2016PTC097333,NEROLAC PHARMACEUTICAL PRIVATE LIMITED,Active,74999,PHARMA_CORPORATE_ENTITY,525,100000.0,Karnataka
U85100KA2020PTC142159,URBANITE HEALTHCARE PRIVATE LIMITED,Active,85100,NAME_BASED_MATCH,525,100000.0,Karnataka
U85110KA2005PTC036015,BEST DENTAL AND SURGICAL PRIVATE LIMITED,Strike Off,85110,NAME_BASED_MATCH,525,150000.0,Karnataka
U85110KA2022PTC162856,MEDIFLEET PHARMA DISTRIBUTORS PRIVATE LIMITED,Active,85110,PHARMA_CORPORATE_ENTITY,525,100000.0,Karnataka
U85190KA2020PTC136248,MEDBIOTIKS PHARMACEUTICAL PRIVATE LIMITED,Active,85190,PHARMA_CORPORATE_ENTITY,529,100000.0,Karnataka
U85194KA2022PTC166731,TAMARIND HEALTHCARE PRIVATE LIMITED,Active,85194,NAME_BASED_MATCH,631,2500000.0,Karnataka
U85199KA2001PTC029807,DOCTORS LABORATORIES PRIVATE LIMITED,Active,85199,PHARMA_CORPORATE_ENTITY,525,199990.0,Karnataka
U85300KA2020PTC133780,INVOMATE PHARMACEUTICAL PRIVATE LIMITED,Active,85300,PHARMA_CORPORATE_ENTITY,540,10000.0,Karnataka
U85300KA2022PTC163589,FOOTRIGHT HEALTHCARE PRIVATE LIMITED,Active,85300,NAME_BASED_MATCH,525,30000.0,Karnataka
U85300KA2022PTC167290,JAYRATNA MATERNITY AND LAPAROSCOPIC SURGICAL HOSPITAL PRIVATE LIMITED,Active,85300,NAME_BASED_MATCH,525,100000.0,Karnataka
U85310KA2016PTC097859,VARINI HEALTHCARE PRIVATE LIMITED,Strike Off,85310,NAME_BASED_MATCH,525,100000.0,Karnataka
U85320KA2019PTC123602,IGBOCHI HEALTHCARE TECHNOLOGIES PRIVATE LIMITED,Strike Off,85320,NAME_BASED_MATCH,525,100000.0,Karnataka
U85499KA2024OPC194842,VIDYOGA AYURVEDA SOLUTIONS (OPC) PRIVATE LIMITED,Active,85499,NAME_BASED_MATCH,542,10000.0,Karnataka
U99999KA1901PLC001080,CANARA LABORATORIES LIMITED,Strike Off,99999,PHARMA_CORPORATE_ENTITY,525,0.0,Karnataka
U85100KA2008PTC048210,SULO HEALTHCARE AND FITNESS PRIVATE LIMITED,Strike Off,85100,NAME_BASED_MATCH,525,0.0,Karnataka
U85100KA2018PTC117565,WELLRAFT HEALTHCARE SERVICES PRIVATE LIMITED,Active,85100,NAME_BASED_MATCH,529,100000.0,Karnataka
U85100KA2019PTC127636,HEALTH CURE LIFE SCIENCES PRIVATE LIMITED,Active,85100,PHARMA_CORPORATE_ENTITY,525,100000.0,Karnataka
U85100KA2022PTC167897,SAIKAM HEALTHCARE PRIVATE LIMITED,Active,85100,NAME_BASED_MATCH,525,100000.0,Karnataka
U85110KA2006PTC039571,ISHA DIAGNOSTICS AND RESEARCH PRIVATE LIMITED,Active,85110,NAME_BASED_MATCH,525,2700000.0,Karnataka
U85110KA2013PTC070387,FRST HEALTHCARE PRIVATE LIMITED,Active,85110,NAME_BASED_MATCH,525,100000.0,Karnataka
U85110KA2015PTC078731,KUDUMA HEALTHCARE SERVICES PRIVATE LIMITED,Strike Off,85110,NAME_BASED_MATCH,525,100000.0,Karnataka
U85110KA2015PTC080264,GENITUS HEALTHCARE SOLUTIONS PRIVATE LIMITED,Active,85110,NAME_BASED_MATCH,525,100000.0,Karnataka
U74999KA2001PTC028781,MEGA BIO INTERNATIONAL HEALTHCARE PRIVATE LIMITED,Strike Off,74999,NAME_BASED_MATCH,525,100000.0,Karnataka
U74999KA2011PTC058337,MK BIOTECH PARKS PRIVATE LIMITED,Active,74999,PHARMA_CORPORATE_ENTITY,525,2000000.0,Karnataka
U85300KA2022PTC164994,UNNATHI DIAGNOSTIC AND SCAN CENTRE PRIVATE LIMITED,Active,85300,NAME_BASED_MATCH,536,7500000.0,Karnataka
U86100KA2025PTC209641,PREHEALTHCARE PRIVATE LIMITED,Active,86100,NAME_BASED_MATCH,525,100000.0,Karnataka
U46497KA2023OPC182398,SNN PHARMA FLOW (OPC) PRIVATE LIMITED,Active,46497,PHARMA_CORPORATE_ENTITY,525,100000.0,Karnataka
U46497KA2023PTC173040,CHARLIE VET PHARMACIA PRIVATE LIMITED,Active,46497,PHARMA_CORPORATE_ENTITY,525,1000000.0,Karnataka
U46497KA2025PTC200811,MEDIPHATICS HEALTHCARE PRIVATE LIMITED,Active,46497,NAME_BASED_MATCH,525,3000000.0,Karnataka
U46497KA2025PTC204791,MACHAON PHARMA PRIVATE LIMITED,Active,46497,PHARMA_CORPORATE_ENTITY,525,150000.0,Karnataka
U46497KA2025PTC205355,KARUNADU HEALTHCARE PRIVATE LIMITED,Active,46497,NAME_BASED_MATCH,525,100000.0,Karnataka
U46497KA2025PTC207668,MAGNOWELL PHARMACEUTICALS PRIVATE LIMITED,Active,46497,PHARMA_CORPORATE_ENTITY,525,100000.0,Karnataka
U46512KA2023PTC172475,NAVSRUSTI HEALTHCARE & TECHNOLOGY PRIVATE LIMITED,Active,46512,NAME_BASED_MATCH,535,10000.0,Karnataka
U46497KA2023PTC170767,VRIZE PHARMACEUTICALS PRIVATE LIMITED,Active,46497,PHARMA_CORPORATE_ENTITY,542,100000.0,Karnataka
U46497KA2025OPC202902,MEDPOTENT PHARMA (OPC) PRIVATE LIMITED,Active,46497,PHARMA_CORPORATE_ENTITY,525,300000.0,Karnataka
U46497KA2025PTC209625,AVENTUS DRUGS PRIVATE LIMITED,Active,46497,PHARMA_CORPORATE_ENTITY,525,100000.0,Karnataka
U46529KA2025PTC206465,CLINIVANCE HEALTHCARE SOLUTIONS PRIVATE LIMITED,Active,46529,NAME_BASED_MATCH,525,40000.0,Karnataka
U74900KA2015PTC078575,CYCLOPS MEDTECH PRIVATE LIMITED,Active,74900,NAME_BASED_MATCH,525,156590.0,Karnataka
U74900KA2015PTC078607,TRANSFORMED BIOTECH PRIVATE LIMITED,Strike Off,74900,PHARMA_CORPORATE_ENTITY,525,500000.0,Karnataka
U86100KA2025PTC210102,AXIO HEALTHCARE AND DIAGNOSTICS PRIVATE LIMITED,Active,86100,NAME_BASED_MATCH,525,100000.0,Karnataka
U86201KA2024PTC184586,DAKTARI HEALTHCARE PRIVATE LIMITED,Active,86201,NAME_BASED_MATCH,738,10000.0,Karnataka
U74999KA2018PTC110374,BEGUR HEALTHCARE PRIVATE LIMITED,Active,74999,NAME_BASED_MATCH,525,1000000.0,Karnataka
U46497KA2026PTC215861,WIZQEN PHARMACEUTICALS PRIVATE LIMITED,Active,46497,PHARMA_CORPORATE_ENTITY,525,100000.0,Karnataka
U36100KA2017PTC107755,DHRITHI SURGICAL SOLUTIONS PRIVATE LIMITED,Active,36100,NAME_BASED_MATCH,550,4500000.0,Karnataka
U36996KA2015PTC084052,HEXAVIE PHARMACEUTICALS PRIVATE LIMITED,Active,36996,PHARMA_CORPORATE_ENTITY,525,100000.0,Karnataka
ACP-5884,SPASHTA HEALTHCARE LLP,Active,nan,NAME_BASED_MATCH,525,0.0,Karnataka
U21002KA2023PTC172974,INTASET PHARMACEUTICALS PRIVATE LIMITED,Active,21002,DIRECT_NIC_PHARMA_MANUFACTURER,525,1000000.0,Karnataka
U21002KA2023PTC181211,CINNAMON HEALTHCARE PRIVATE LIMITED,Active,21002,DIRECT_NIC_PHARMA_MANUFACTURER,536,100000.0,Karnataka
U21002KA2025PTC204950,SAMVEDA LIFE SCIENCES PRIVATE LIMITED,Active,21002,DIRECT_NIC_PHARMA_MANUFACTURER,536,100000.0,Karnataka
U21009KA2025PTC203601,NOVO LIFE CARE PRIVATE LIMITED,Active,21009,DIRECT_NIC_PHARMA_MANUFACTURER,525,100000.0,Karnataka
U21013KA1948PTC001233,SUVASINI PUBLICATIONS PRIVATE LIMITED,Strike Off,21013,DIRECT_NIC_PHARMA_MANUFACTURER,525,100000.0,Karnataka
U21014KA1985PTC007327,ARATI PACKAGING PRIVATE LIMITED,Strike Off,21014,DIRECT_NIC_PHARMA_MANUFACTURER,529,2000.0,Karnataka
U21014KA1993PTC014385,TREND PACK PRIVATE LIMITED,Strike Off,21014,DIRECT_NIC_PHARMA_MANUFACTURER,525,2000.0,Karnataka
U21022KA1995PTC018899,POOJYA CONTAINERS PRIVATE LIMITED,Active,21022,DIRECT_NIC_PHARMA_MANUFACTURER,525,712100.0,Karnataka
ACR-8308,MULLERS HEALTHCARE LLP,Active,nan,NAME_BASED_MATCH,525,0.0,Karnataka
ACT-6827,PAADA MITHRA HEALTHCARE LLP,Active,nan,NAME_BASED_MATCH,525,0.0,Karnataka
U01132KA1997PTC022890,VIS MEDICATRIX NATURAE FORMULATIONS PRIVATE LIMITED,Strike Off,01132,PHARMA_CORPORATE_ENTITY,525,2000.0,Karnataka
U01403KA2012PLC064483,SRISHTI AGRO HERBAL FARMING INDIA LIMITED,Strike Off,01403,NAME_BASED_MATCH,525,500000.0,Karnataka
U02423KA1985PTC006605,SUPER GALAXY DRUGS PRIVATE LIMITED,Strike Off,02423,PHARMA_CORPORATE_ENTITY,738,2000.0,Karnataka
U08022KA2004PTC034930,SANGENE BIOTECH PRIVATE LIMITED,Strike Off,08022,PHARMA_CORPORATE_ENTITY,525,200000.0,Karnataka
U33110KA2015PTC082501,DROWL HEALTHCARE SERVICES PRIVATE LIMITED,Strike Off,33110,NAME_BASED_MATCH,525,111110.0,Karnataka
U74999KA2011PTC059041,SHREE ASHTAVINAYAK PHARMA PRIVATE LIMITED,Strike Off,74999,PHARMA_CORPORATE_ENTITY,525,800000.0,Karnataka
U72200KA2015PTC079444,SINGULARITY HEALTHCARE IT SYSTEMS PRIVATE LIMITED,Strike Off,72200,NAME_BASED_MATCH,525,786830.0,Karnataka
U74999KA2020PTC132027,ZIRSUDH LIFE SCIENCES PRIVATE LIMITED,Active,74999,PHARMA_CORPORATE_ENTITY,525,100000.0,Karnataka
U74999KA2022OPC164425,VNS PHARMA (OPC) PRIVATE LIMITED,Active,74999,PHARMA_CORPORATE_ENTITY,529,100000.0,Karnataka
U86901KA2025NPL213320,COUNCIL FOR QUANTUM AYURVEDA,Active,86901,NAME_BASED_MATCH,525,200000.0,Karnataka
U86901KA2025PTC206887,TRIYOGA AYURVEDA AYULIFE HEALTH AND HERBAL CARE PRIVATE LIMITED,Active,86901,NAME_BASED_MATCH,525,10000.0,Karnataka
U86904KA2024OPC193752,DUGASTAWA HEALTHCARE (OPC) PRIVATE LIMITED,Active,86904,NAME_BASED_MATCH,525,10000.0,Karnataka
U86905KA2026PTC218345,RAJAT RBL LAB AND DIAGNOSTICS PRIVATE LIMITED,Active,86905,NAME_BASED_MATCH,525,100000.0,Karnataka
U86909KA2023PTC171086,ADNL PHARMACEUTICALS PRIVATE LIMITED,Active,86909,PHARMA_CORPORATE_ENTITY,525,500000.0,Karnataka
U86909KA2023PTC179988,MEEM HEALTHCARE PRIVATE LIMITED,Active,86909,NAME_BASED_MATCH,525,100000.0,Karnataka
U86909KA2025PTC199316,VAROLYN HEALTHCARE PRIVATE LIMITED,Active,86909,NAME_BASED_MATCH,525,20000.0,Karnataka
U73200KA2010PTC056038,VINOOT HERBAL SPECIALITIES PRIVATE LIMITED,Strike Off,73200,NAME_BASED_MATCH,525,100000.0,Karnataka
U74900KA2014PTC074930,JESTA HEALTHCARE INDIA PRIVATE LIMITED,Active,74900,NAME_BASED_MATCH,525,100000.0,Karnataka
U93000KA2019OPC121384,AMTRONICS HEALTHCARE (OPC) PRIVATE LIMITED,Active,93000,NAME_BASED_MATCH,525,750000.0,Karnataka
U74140KA2012PTC065957,PHARMAGENICA HEALTHCARE PRIVATE LIMITED,Active,74140,PHARMA_CORPORATE_ENTITY,525,100000.0,Karnataka
U74140KA2015PTC082865,SAMI BIOTECH INDIA PRIVATE LIMITED,Strike Off,74140,PHARMA_CORPORATE_ENTITY,525,150000000.0,Karnataka
U87200KA2024PTC185491,GLASSONION MENTAL HEALTHCARE PRIVATE LIMITED,Active,87200,NAME_BASED_MATCH,525,100000.0,Karnataka
U87300KA2024PTC188154,VIOLET DAFFODIL HEALTHCARE PRIVATE LIMITED,Active,87300,NAME_BASED_MATCH,525,20000.0,Karnataka
U88900KA2023NPL179899,TRINETHRA YOGA AND AYURVEDA CHARITABLE FOUNDATION,Active,88900,NAME_BASED_MATCH,525,100000.0,Karnataka
U73200KA2009PTC050477,ANHVITA BIOPHARMA CONSULTING PRIVATE LIMITED,Strike Off,73200,PHARMA_CORPORATE_ENTITY,525,100000.0,Karnataka
U86900KA2024PTC192643,SREE PARIPOORNA HEALTHCARE AND MEDICAL SCIENCES PRIVATE LIMITED,Active,86900,NAME_BASED_MATCH,525,100000.0,Karnataka
U86900KA2025PTC198364,AINE HEALTHCARE PRIVATE LIMITED,Active,86900,NAME_BASED_MATCH,525,1000000.0,Karnataka
U86901KA2024PTC192127,AAYURDHAM LIFE SCIENCES PRIVATE LIMITED,Active,86901,PHARMA_CORPORATE_ENTITY,525,100000.0,Karnataka
U86909KA2024PTC189045,APRATIM HEALTHCARE PRIVATE LIMITED,Active,86909,NAME_BASED_MATCH,525,2000000.0,Karnataka
U86900KA2025PTC197029,RUBITS HEALTHCARE INNOVATIONS PRIVATE LIMITED,Active,86900,NAME_BASED_MATCH,525,109470.0,Karnataka
U86900KA2025PTC199195,KOPPAMED HEALTHCARE PRIVATE LIMITED,Active,86900,NAME_BASED_MATCH,525,100000.0,Karnataka
U86905KA2025PTC210892,GOKULA DIAGNOSTICS & HEALTHCARE PRIVATE LIMITED,Active,86905,NAME_BASED_MATCH,525,100000.0,Karnataka
U86909KA2020PTC138549,MIROR THERAPEUTICS PRIVATE LIMITED,Active,86909,PHARMA_CORPORATE_ENTITY,525,61000000.0,Karnataka
U86909KA2025PTC209140,MEDI-ANALYTIQ HEALTHCARE PRIVATE LIMITED,Active,86909,NAME_BASED_MATCH,525,100000.0,Karnataka
U87300KA2024PTC185795,CURELISE HEALTHCARE AND WELLNESS PRIVATE LIMITED,Active,87300,NAME_BASED_MATCH,525,10000.0,Karnataka
U99999KA1901PTC001129,KARNATAKA CHEMICALS AND PHARMACEUTICALS PRIVATE LIMITED,Strike Off,99999,PHARMA_CORPORATE_ENTITY,525,0.0,Karnataka
U73100KA2025PTC198746,LKSEAS PHARMA PRIVATE LIMITED,Active,73100,PHARMA_CORPORATE_ENTITY,525,10000.0,Karnataka
U73200KA2018PTC112490,STRAXIMM THERAPEUTICS PRIVATE LIMITED,Strike Off,73200,PHARMA_CORPORATE_ENTITY,525,10000.0,Karnataka
U73200KA2018PTC117070,NATURAL PHYTO PHARMA PRIVATE LIMITED,Active,73200,PHARMA_CORPORATE_ENTITY,525,100000.0,Karnataka
U74900KA2012FTC065991,AVESTHAGEN PHARMA INDIA PRIVATE LIMITED,Strike Off,74900,PHARMA_CORPORATE_ENTITY,525,100000.0,Karnataka
U86900KA2025PTC206397,SRI SAI SUN HEALTHCARE PRIVATE LIMITED,Active,86900,NAME_BASED_MATCH,525,100000.0,Karnataka
U92490KA2021PTC154409,UVG FITNESS AND HEALTHCARE PRIVATE LIMITED,Active,92490,NAME_BASED_MATCH,525,100000.0,Karnataka
U93090KA2017PTC104452,GRJ HEALTHCARE PRIVATE LIMITED,Strike Off,93090,NAME_BASED_MATCH,525,300000.0,Karnataka
AAE-2101,CHAYADEEP PHARMA ALLIANCE LLP,Strike Off,nan,PHARMA_CORPORATE_ENTITY,525,0.0,Karnataka
U15400KA2019PTC120662,HITA HEALTHCARE PRIVATE LIMITED,Active,15400,NAME_BASED_MATCH,525,100000.0,Karnataka
U15490KA2008PTC048380,EASTERN FOOD SPECIALITY FORMULATIONS PRIVATE LIMITED,Strike Off,15490,PHARMA_CORPORATE_ENTITY,525,1000000.0,Karnataka
U21000KA1986PTC007639,KIRTI PAPERS PRIVATE LIMITED,Active,21000,DIRECT_NIC_PHARMA_MANUFACTURER,525,500000.0,Karnataka
U21000KA2023PTC181626,MORDECAI LEGOLAS ANALYTICAL AND RESEARCH PRIVATE LIMITED,Active,21000,DIRECT_NIC_PHARMA_MANUFACTURER,525,100000.0,Karnataka
U21000KA2023PTC182828,BRAYMED HEALTHCARE PRIVATE LIMITED,Active,21000,DIRECT_NIC_PHARMA_MANUFACTURER,525,500000.0,Karnataka
U21000KA2025PTC200719,AYCOS LIFE SCIENCES PRIVATE LIMITED,Active,21000,DIRECT_NIC_PHARMA_MANUFACTURER,525,100000.0,Karnataka
U21001KA2024PTC191352,G2S PHARMACEUTICALS PRIVATE LIMITED,Active,21001,DIRECT_NIC_PHARMA_MANUFACTURER,542,500000.0,Karnataka
U21001KA2024PTC195713,ENNOVIS LIFE SCIENCE PRIVATE LIMITED,Active,21001,DIRECT_NIC_PHARMA_MANUFACTURER,525,100000.0,Karnataka
U21001KA2025PTC202684,PRAANAA DISCOVERIES PRIVATE LIMITED,Active,21001,DIRECT_NIC_PHARMA_MANUFACTURER,525,104170.0,Karnataka
U21001KA2025PTC203089,MANMADE BIOPHARMACEUTICALS PRIVATE LIMITED,Active,21001,DIRECT_NIC_PHARMA_MANUFACTURER,525,100000.0,Karnataka
U21001KA2025PTC208344,FERMATERRA BIOTECH PRIVATE LIMITED,Active,21001,DIRECT_NIC_PHARMA_MANUFACTURER,525,100000.0,Karnataka
U21001KA2026PTC221443,CANNAPHYTICA GLOBAL PRIVATE LIMITED,Active,21001,DIRECT_NIC_PHARMA_MANUFACTURER,525,100000.0,Karnataka
U21001KA2026PTC221770,AI CORP MEDICAL INDIA PRIVATE LIMITED,Active,21001,DIRECT_NIC_PHARMA_MANUFACTURER,525,1000000.0,Karnataka
U21002KA2023FTC171784,LABCORP EARLY DEVELOPMENT INDIA PRIVATE LIMITED,Active,21002,DIRECT_NIC_PHARMA_MANUFACTURER,525,100000.0,Karnataka
U21002KA2023PTC173273,SUKHITVAM CARE PRIVATE LIMITED,Active,21002,DIRECT_NIC_PHARMA_MANUFACTURER,550,100000.0,Karnataka
U21002KA2023PTC177992,DE LAVIDA PHARMA PRIVATE LIMITED,Active,21002,DIRECT_NIC_PHARMA_MANUFACTURER,525,900000.0,Karnataka
U21002KA2024PTC184092,MAVIHS PHARMA WORLD PRIVATE LIMITED,Active,21002,DIRECT_NIC_PHARMA_MANUFACTURER,525,100000.0,Karnataka
U21002KA2025PTC203041,CUTIFIX PHARMACEUTICALS PRIVATE LIMITED,Active,21002,DIRECT_NIC_PHARMA_MANUFACTURER,525,100000.0,Karnataka
U21003KA2023PTC178822,GLATZO PHARMACEUTICALS PRIVATE LIMITED,Active,21003,DIRECT_NIC_PHARMA_MANUFACTURER,525,34000.0,Karnataka
U21003KA2024PTC187592,JIVAAYUSH HEALTHCARE PRIVATE LIMITED,Active,21003,DIRECT_NIC_PHARMA_MANUFACTURER,525,200000.0,Karnataka
U21003KA2024PTC195552,LOKAHITA ENTERPRISE PRIVATE LIMITED,Active,21003,DIRECT_NIC_PHARMA_MANUFACTURER,549,100000.0,Karnataka
U21003KA2025PTC211021,DMK AYURVEDA PRIVATE LIMITED,Active,21003,DIRECT_NIC_PHARMA_MANUFACTURER,525,100000.0,Karnataka
U21003KA2026PTC214341,VINAY SAVANTHI PRIVATE LIMITED,Active,21003,DIRECT_NIC_PHARMA_MANUFACTURER,525,10000.0,Karnataka
U21003KA2026PTC220336,RASEE AYUR SCIENCES PRIVATE LIMITED,Active,21003,DIRECT_NIC_PHARMA_MANUFACTURER,525,100000.0,Karnataka
U21004KA2025PTC201601,SAAMBAJI PHARMA PRIVATE LIMITED,Active,21004,DIRECT_NIC_PHARMA_MANUFACTURER,525,100000.0,Karnataka
U21009KA2023PTC173527,FLEMING LIFE SCIENCES PRIVATE LIMITED,Amalgamated,21009,DIRECT_NIC_PHARMA_MANUFACTURER,635,8175000.0,Karnataka
U21009KA2023PTC175011,BYDOOS PHARMACEUTICAL PRIVATE LIMITED,Active,21009,DIRECT_NIC_PHARMA_MANUFACTURER,525,100000.0,Karnataka
U21009KA2024PTC187110,PRAMANIK PHARMA PRIVATE LIMITED,Active,21009,DIRECT_NIC_PHARMA_MANUFACTURER,525,2500000.0,Karnataka
U21009KA2025OPC200300,CAMOMILA BOTANICALS (OPC) PRIVATE LIMITED,Active,21009,DIRECT_NIC_PHARMA_MANUFACTURER,525,100000.0,Karnataka
U21009KA2025PTC211002,SIVISHA INDUSTRIES PRIVATE LIMITED,Active,21009,DIRECT_NIC_PHARMA_MANUFACTURER,525,100000.0,Karnataka
U21009KA2026PTC217579,NOVALGAE PRIVATE LIMITED,Active,21009,DIRECT_NIC_PHARMA_MANUFACTURER,525,1000000.0,Karnataka
U21012KA1995PTC018492,KARNATAKA PAPER AGENCIES PRIVATE LIMITED,Strike Off,21012,DIRECT_NIC_PHARMA_MANUFACTURER,525,3000.0,Karnataka
U21012KA2009PTC050616,HOSUR PAPER MILLS PRIVATE LIMITED,Active,21012,DIRECT_NIC_PHARMA_MANUFACTURER,525,15000000.0,Karnataka
U21014KA1979PTC003599,AGRICULTURAL AND INDUSTRIAL PACKGING CO PRIVATE LIMITED,Strike Off,21014,DIRECT_NIC_PHARMA_MANUFACTURER,525,200.0,Karnataka
U21014KA1990PTC011096,HARSHA PACKAGING PRIVATE LIMITED,Strike Off,21014,DIRECT_NIC_PHARMA_MANUFACTURER,525,2000.0,Karnataka
U21014KA1991PTC012143,TRANS PACKING PRIVATE LIMITED,Strike Off,21014,DIRECT_NIC_PHARMA_MANUFACTURER,525,949200.0,Karnataka
U21014KA1997PTC021706,ARADHANA PACKAGING PRIVATE LIMITED,Strike Off,21014,DIRECT_NIC_PHARMA_MANUFACTURER,525,0.0,Karnataka
U21014KA2007PTC043518,KARLE PACKAGING PRIVATE LIMITED,Strike Off,21014,DIRECT_NIC_PHARMA_MANUFACTURER,525,100000.0,Karnataka
U21014KA2021PTC148780,WHITE PETALS TISSUES PRIVATE LIMITED,Active,21014,DIRECT_NIC_PHARMA_MANUFACTURER,525,100000.0,Karnataka
U21014KA2021PTC154245,DIVYA PROPACKS PRIVATE LIMITED,Active,21014,DIRECT_NIC_PHARMA_MANUFACTURER,525,1800000.0,Karnataka
U21014KA2022PTC168486,FML PRODUCTS PRIVATE LIMITED,Active,21014,DIRECT_NIC_PHARMA_MANUFACTURER,525,200000.0,Karnataka
U21015KA1992PTC012713,VIJAY VENKATESHA PAPER AND BOARD MILLS PRIVATE LIMITED,Strike Off,21015,DIRECT_NIC_PHARMA_MANUFACTURER,525,60000.0,Karnataka
U21016KA1985PTC006840,BIDAR DECORATIVE BOARDS PRIVATE LIMITED,Strike Off,21016,DIRECT_NIC_PHARMA_MANUFACTURER,525,20000.0,Karnataka
U21022KA2015PTC081510,SREE VIGNESHWARA CARTONS PRIVATE LIMITED,Active,21022,DIRECT_NIC_PHARMA_MANUFACTURER,525,500000.0,Karnataka
U21023KA2015PTC078390,VITHOBHA CARTONS PRIVATE LIMITED,Strike Off,21023,DIRECT_NIC_PHARMA_MANUFACTURER,534,1000000.0,Karnataka
U21090KA1991PTC011962,INDRAKRUPA PAPERS PRIVATE LIMITED,Strike Off,21090,DIRECT_NIC_PHARMA_MANUFACTURER,525,2000.0,Karnataka
U21090KA2011PTC058925,UNITED KRAFT CARTONS & SHIPPERS (INDIA) PRIVATE LIMITED,Active,21090,DIRECT_NIC_PHARMA_MANUFACTURER,525,2000000.0,Karnataka
U21091KA1994PTC016171,COASTAL PACKAGING PRIVATE LIMITED,Strike Off,21091,DIRECT_NIC_PHARMA_MANUFACTURER,536,460000.0,Karnataka
U21093KA2011PTC061722,KHADARIA MARKETING PRIVATE LIMITED,Active,21093,DIRECT_NIC_PHARMA_MANUFACTURER,525,19800000.0,Karnataka
U21093KA2022PTC165121,RITAHA PAPERS PRIVATE LIMITED,Active,21093,DIRECT_NIC_PHARMA_MANUFACTURER,536,10000.0,Karnataka
U21096KA2020PTC133466,ARMOUR KARTONS PRIVATE LIMITED,Active,21096,DIRECT_NIC_PHARMA_MANUFACTURER,549,36600000.0,Karnataka
U21098KA2011PTC056976,MICRO LABELS PRIVATE LIMITED,Active,21098,DIRECT_NIC_PHARMA_MANUFACTURER,525,100000.0,Karnataka
U21099KA2016PTC096075,CHESAN PAPYE PRIVATE LIMITED,Active,21099,DIRECT_NIC_PHARMA_MANUFACTURER,525,100000.0,Karnataka
U21000KA2022PTC163415,ARTHA PACKAGING INDUSTRIES PRIVATE LIMITED,Active,21000,DIRECT_NIC_PHARMA_MANUFACTURER,525,100000.0,Karnataka
U21000KA2025PTC208046,NAMMARX PRIVATE LIMITED,Active,21000,DIRECT_NIC_PHARMA_MANUFACTURER,525,135000.0,Karnataka
U21001KA2026PTC214441,DVISE PHARMA TECH PRIVATE LIMITED,Active,21001,DIRECT_NIC_PHARMA_MANUFACTURER,525,5650000.0,Karnataka
U21002KA2026PTC219988,BIOVIREXA LIFESCIENCE PRIVATE LIMITED,Active,21002,DIRECT_NIC_PHARMA_MANUFACTURER,525,100000.0,Karnataka
U21009KA2023PTC178641,RAGHAVI HEALTH SCIENCES PRIVATE LIMITED,Active,21009,DIRECT_NIC_PHARMA_MANUFACTURER,525,50000.0,Karnataka
U21009KA2023PTC179006,COCREATE GLOBAL TECHNOLOGIES PRIVATE LIMITED,Active,21009,DIRECT_NIC_PHARMA_MANUFACTURER,525,1439459.0,Karnataka
U21010KA1995PTC019038,CHEMMANUR PAPERANDBOARDS PRIVATE LIMITED,Strike Off,21010,DIRECT_NIC_PHARMA_MANUFACTURER,525,6000.0,Karnataka
U21010KA2020PTC135450,CHANDRAGIRI MANUFACTURING INDUSTRIES PRIVATE LIMITED,Active,21010,DIRECT_NIC_PHARMA_MANUFACTURER,525,100000.0,Karnataka
U21013KA1989PTC010623,R M PAPERS PRIVATE LIMITED,Strike Off,21013,DIRECT_NIC_PHARMA_MANUFACTURER,525,1000.0,Karnataka
U21019KA2021PTC147648,AVI ANAND MANUFACTURING PRIVATE LIMITED,Active,21019,DIRECT_NIC_PHARMA_MANUFACTURER,525,100000.0,Karnataka
U21021KA2011PTC061909,MIRAGGIO CONSTRUCTION & MANUFACTURING PRIVATE LIMITED,Strike Off,21021,DIRECT_NIC_PHARMA_MANUFACTURER,525,100000.0,Karnataka
U21022KA2006PTC039739,SIGMA ECO PACKING PRIVATE LIMITED,Strike Off,21022,DIRECT_NIC_PHARMA_MANUFACTURER,525,0.0,Karnataka
U21023KA1993PTC014034,SRICHAKRA CONTAINERS PRIVATE LIMITED,Active,21023,DIRECT_NIC_PHARMA_MANUFACTURER,549,16868200.0,Karnataka
U21029KA2008PTC047410,CONCEPT INDUSTRIAL PACKAGING PREIVATE LIMITED,Strike Off,21029,DIRECT_NIC_PHARMA_MANUFACTURER,525,1000000.0,Karnataka
U21098KA2007PTC042124,V2 INNOVATIVES PRIVATE LIMITED,Active,21098,DIRECT_NIC_PHARMA_MANUFACTURER,525,100000000.0,Karnataka
U21098KA2012PTC067286,SIDVIN INDUSTRIES PRIVATE LIMITED,Active,21098,DIRECT_NIC_PHARMA_MANUFACTURER,525,100000.0,Karnataka
U21099KA2021PTC148462,YES N YES VENTURES PRIVATE LIMITED,Active,21099,DIRECT_NIC_PHARMA_MANUFACTURER,525,100000.0,Karnataka
AAE-5215,INTEGRATED LIVER HEALTHCARE LLP,Active,nan,NAME_BASED_MATCH,525,0.0,Karnataka
AAJ-7370,SVOI HEALTHCARE AND RESEARCH LLP,Active,nan,NAME_BASED_MATCH,525,0.0,Karnataka
U80900KA2021PTC152905,MEDIARCK PHARMA TRAINING SOLUTIONS PRIVATE LIMITED,Active,80900,PHARMA_CORPORATE_ENTITY,525,1000000.0,Karnataka
U74999KA2020PTC140356,DYU HEALTHCARE PRIVATE LIMITED,Strike Off,74999,NAME_BASED_MATCH,525,100000.0,Karnataka
U74999KA2022PTC165171,ARYVENK PHARMATECH GLOBAL SOLUTIONS PRIVATE LIMITED,Active,74999,PHARMA_CORPORATE_ENTITY,525,100000.0,Karnataka
U24299KA2022PTC156544,ENDOCRINE PHARMA PRIVATE LIMITED,Active,24299,PHARMA_CORPORATE_ENTITY,536,38500000.0,Karnataka
U24299KA2022PTC166363,PRIDUS GLOBAL PHARMA PRIVATE LIMITED,Active,24299,PHARMA_CORPORATE_ENTITY,525,100000.0,Karnataka
U24300KA2019PTC123954,LYSKAMM PHARMACEUTICAL PRIVATE LIMITED,Active,24300,PHARMA_CORPORATE_ENTITY,529,150000.0,Karnataka
U24304KA2019PTC129530,BHESAJ PHARMACEUTICAL AND RESEARCH PRIVATE LIMITED,Active,24304,PHARMA_CORPORATE_ENTITY,738,100000.0,Karnataka
U40101KA2010PTC055279,TRINITY AERO AND ENERGY FORMULATIONS PRIVATE LIMITED,Strike Off,40101,PHARMA_CORPORATE_ENTITY,525,100000.0,Karnataka
U02423KA2003PTC032200,ATRIMED PHARMACEUTICALS PRIVATE LIMITED,Active,02423,PHARMA_CORPORATE_ENTITY,525,81552280.0,Karnataka
U02424KA1990PTC011453,WALSON LABORATORIES (HYQIENE) PRIVATE LIMITED,Strike Off,02424,PHARMA_CORPORATE_ENTITY,525,3000.0,Karnataka
U24100KA2012PTC066386,KUTIS HEALTHCARE PRIVATE LIMITED,Active,24100,NAME_BASED_MATCH,527,100000.0,Karnataka
U03112KA2024PTC191489,UJJANI BIOTECH PRIVATE LIMITED,Active,03112,PHARMA_CORPORATE_ENTITY,525,10000.0,Karnataka
U24110KA2022PTC163596,M R BIOTECH PRIVATE LIMITED,Active,24110,PHARMA_CORPORATE_ENTITY,525,855000.0,Karnataka
U24119KA1988PTC009108,BHIMSEN DRUGS PRIVATE LIMITED,Strike Off,24119,PHARMA_CORPORATE_ENTITY,525,20200.0,Karnataka
U24129KA1994PTC016040,LABLAND BIOTECHS PRIVATE LIMITED,Under CIRP,24129,PHARMA_CORPORATE_ENTITY,525,5835400.0,Karnataka
U24230KA1995PTC018835,WINSTON HEALTHCARE(INDIA)PRIVATE LIMITED,Strike Off,24230,DIRECT_NIC_PHARMA_MANUFACTURER,525,2200.0,Karnataka
U24230KA2007PTC044656,NYA IMPORTS & EXPORTS PRIVATE LIMITED,Strike Off,24230,DIRECT_NIC_PHARMA_MANUFACTURER,525,100000.0,Karnataka
U24230KA2010PTC053487,SEQUENT ANTI BIOTICS PRIVATE LIMITED,Strike Off,24230,DIRECT_NIC_PHARMA_MANUFACTURER,525,700000.0,Karnataka
U24230KA2010PTC055122,XELLIA PHARMACEUTICALS PRIVATE LIMITED,Active,24230,DIRECT_NIC_PHARMA_MANUFACTURER,525,100000.0,Karnataka
U24230KA2011PTC059402,CARYOTA LIFESCIENCES INDIA PRIVATE LIMITED,Active,24230,DIRECT_NIC_PHARMA_MANUFACTURER,525,800000.0,Karnataka
U24230KA2014PTC073470,NAVIEL PHARMACEUTICALS PRIVATE LIMITED,Strike Off,24230,DIRECT_NIC_PHARMA_MANUFACTURER,525,1000000.0,Karnataka
U24230KA2015PTC082630,MEDICLICK HEALTHCARE SERVICES PRIVATE LIMITED,Active,24230,DIRECT_NIC_PHARMA_MANUFACTURER,525,100000.0,Karnataka
U24230KA2021PTC148606,ST CHEM SOLUTIONS PRIVATE LIMITED,Active,24230,DIRECT_NIC_PHARMA_MANUFACTURER,525,25000.0,Karnataka
U24230KA2022PTC158714,FYTOMED LIFE PRIVATE LIMITED,Active,24230,DIRECT_NIC_PHARMA_MANUFACTURER,545,50000.0,Karnataka
U24230KA2022PTC165849,CHEMLEX SPECIALITES PRIVATE LIMITED,Active,24230,DIRECT_NIC_PHARMA_MANUFACTURER,525,10000.0,Karnataka
U24230KA2022PTC167867,SEROCODE BIOLABS PRIVATE LIMITED,Active,24230,DIRECT_NIC_PHARMA_MANUFACTURER,525,100000.0,Karnataka
U24231KA1993PTC014661,CARNATION CHEMICALS PRIVATE LIMITED,Active,24231,DIRECT_NIC_PHARMA_MANUFACTURER,525,100000.0,Karnataka
U24231KA2003PTC032145,HICURE PHARMACEUTICALS PRIVATE LIMITED,Active,24231,DIRECT_NIC_PHARMA_MANUFACTURER,536,14460000.0,Karnataka
U24232KA1989PTC010133,DEEJAY EWABO DISINFECTANTS PRIVATE LIMITED,Strike Off,24232,DIRECT_NIC_PHARMA_MANUFACTURER,525,200.0,Karnataka
U24232KA1991PTC011560,KRAANS MEDICA PRIVATE LIMITED,Strike Off,24232,DIRECT_NIC_PHARMA_MANUFACTURER,525,300000.0,Karnataka
U24232KA2006PLC040855,SHREE ANAND LIFE SCIENCES LIMITED,Active,24232,DIRECT_NIC_PHARMA_MANUFACTURER,525,146112500.0,Karnataka
U24232KA2009PTC050770,PARMARTH LABS PRIVATE LIMITED,Strike Off,24232,DIRECT_NIC_PHARMA_MANUFACTURER,525,100000.0,Karnataka
U24232KA2014PTC077318,MYSORE PROBIOTIC SOLUTIONS PRIVATE LIMITED,Strike Off,24232,DIRECT_NIC_PHARMA_MANUFACTURER,525,1000000.0,Karnataka
U24233KA1995PTC018262,ISHAAN LABS PRIVATE LIMITED,Active,24233,DIRECT_NIC_PHARMA_MANUFACTURER,525,4350000.0,Karnataka
U24233KA2006PTC038121,THULASI HERBAL AND BIO OILS PRIVATE LIMITED,Strike Off,24233,DIRECT_NIC_PHARMA_MANUFACTURER,525,100000.0,Karnataka
U24233KA2012PTC067254,KML CHEMICALS PRIVATE LIMITED,Active,24233,DIRECT_NIC_PHARMA_MANUFACTURER,525,100000.0,Karnataka
U24234KA2008PTC046420,THINKGENOME LABS PRIVATE LIMITED,Strike Off,24234,DIRECT_NIC_PHARMA_MANUFACTURER,525,100000.0,Karnataka
U24239KA1979PTC003531,BENSON PHARMACEUTICALS PRIVATE LIMITED,Under Liquidation,24239,DIRECT_NIC_PHARMA_MANUFACTURER,525,60000.0,Karnataka
U24239KA1982PLC004839,BIO-CHEMIZYME (INDIA) LIMITED,Amalgamated,24239,DIRECT_NIC_PHARMA_MANUFACTURER,525,500.0,Karnataka
U24239KA1994PTC015510,UNISURGE PHARMACEUTICALS PRIVATE LIMITED,Strike Off,24239,DIRECT_NIC_PHARMA_MANUFACTURER,525,20000.0,Karnataka
U24239KA2011PTC056850,FOI PHARMACEUTICALS PRIVATE LIMITED,Strike Off,24239,DIRECT_NIC_PHARMA_MANUFACTURER,525,100000.0,Karnataka
U24239KA2021PTC146393,AUSHAD PHARMACIES PRIVATE LIMITED,Active,24239,DIRECT_NIC_PHARMA_MANUFACTURER,525,100000.0,Karnataka
U24297KA2013PTC114365,PRAJWAL HEALTHCARE PRIVATE LIMITED,Active,24297,NAME_BASED_MATCH,525,100000.0,Karnataka
U24297KA2021PTC146569,XOBAC PHARMA PRIVATE LIMITED,Active,24297,PHARMA_CORPORATE_ENTITY,525,1000000.0,Karnataka
U24299KA2020PTC139798,BIOCHEMIST PHARMACEUTICALS PRIVATE LIMITED,Active,24299,PHARMA_CORPORATE_ENTITY,525,105000.0,Karnataka
U21000KA2011PTC059673,HYGIYA PRODUCTS PRIVATE LIMITED,Active,21000,DIRECT_NIC_PHARMA_MANUFACTURER,525,20000000.0,Karnataka
U21000KA2024OPC192134,NANDANA BIOSCIENCE (OPC) PRIVATE LIMITED,Active,21000,DIRECT_NIC_PHARMA_MANUFACTURER,525,1000000.0,Karnataka
U21000KA2025PTC197149,DOYEN REMEDIES PRIVATE LIMITED,Active,21000,DIRECT_NIC_PHARMA_MANUFACTURER,525,10000.0,Karnataka
U21000KA2026PTC215343,BYLCAMP PRIVATE LIMITED,Active,21000,DIRECT_NIC_PHARMA_MANUFACTURER,525,1000000.0,Karnataka
U21002KA2026PTC221790,ARRAN LIFE SCIENCES PRIVATE LIMITED,Active,21002,DIRECT_NIC_PHARMA_MANUFACTURER,525,100000.0,Karnataka
U21003KA2024PTC184847,JIVAMUKTI WELLNESS PRIVATE LIMITED,Active,21003,DIRECT_NIC_PHARMA_MANUFACTURER,525,100000.0,Karnataka
U21012KA1981PTC004155,MISHAL PAPER MILLS PRIVATE LIMITED,Strike Off,21012,DIRECT_NIC_PHARMA_MANUFACTURER,525,3000.0,Karnataka
U21012KA2017PTC104273,CONSOLIDATE HYGIENE PRIVATE LIMITED,Active,21012,DIRECT_NIC_PHARMA_MANUFACTURER,525,500000.0,Karnataka
U21090KA1997PTC022602,MEGHADHUTAM EXPORTS PRIVATE LIMITED,Strike Off,21090,DIRECT_NIC_PHARMA_MANUFACTURER,525,20.0,Karnataka
U21090KA2011PTC059771,KAAVERY PACKAGING CONSORTIUM PRIVATE LIMITED,Active,21090,DIRECT_NIC_PHARMA_MANUFACTURER,738,2000000.0,Karnataka
U21090KA2013PTC072392,MMJ PENS AND PAPERS DEALERS PRIVATE LIMITED,Strike Off,21090,DIRECT_NIC_PHARMA_MANUFACTURER,525,100000.0,Karnataka
U21090KA2017PTC100307,HIND PAPER MILLS PRIVATE LIMITED,Active,21090,DIRECT_NIC_PHARMA_MANUFACTURER,525,42500000.0,Karnataka
U21099KA2018PTC116280,SHIVYAA AUTOPACK PRIVATE LIMITED,Active,21099,DIRECT_NIC_PHARMA_MANUFACTURER,525,1000000.0,Karnataka
U21099KA2020OPC139493,VM-BOX & BAGS (OPC) PRIVATE LIMITED,Active,21099,DIRECT_NIC_PHARMA_MANUFACTURER,525,10000.0,Karnataka
U01118KA2007PTC043831,CELLENT BIOTECH PRIVATE LIMITED,Strike Off,01118,PHARMA_CORPORATE_ENTITY,631,100000.0,Karnataka
U01409KA1996PTC020545,PRAKRUTI BIOTECH AGRO PRODUCTS PRIVATE LIMITED,Strike Off,01409,PHARMA_CORPORATE_ENTITY,525,200000.0,Karnataka
U15100KA2022PTC166648,MEIOSYS BIOTECH PRIVATE LIMITED,Active,15100,PHARMA_CORPORATE_ENTITY,525,10000.0,Karnataka
U52599KA2022OPC167416,MULTIMEDS HEALTHCARE (OPC) PRIVATE LIMITED,Active,52599,NAME_BASED_MATCH,525,4700000.0,Karnataka
U52601KA2021PTC145171,PHEBE HEALTHCARE PRIVATE LIMITED,Strike Off,52601,NAME_BASED_MATCH,525,100000.0,Karnataka
AAU-9053,SIAN HEALTHCARE SOLUTIONS LLP,Active,nan,NAME_BASED_MATCH,525,0.0,Karnataka
AAV-1376,MEDIGROW HEALTHCARE CONSULTING LLP,Strike Off,nan,NAME_BASED_MATCH,525,0.0,Karnataka
AAX-4485,SHIVCHAN HEALTHCARE LLP,Active,nan,NAME_BASED_MATCH,525,0.0,Karnataka
AAY-0046,LIFECREST HEALTHCARE LLP,Active,nan,NAME_BASED_MATCH,525,0.0,Karnataka
ABA-0877,CNOIC LIFE SCIENCES LLP,Active,nan,PHARMA_CORPORATE_ENTITY,525,0.0,Karnataka
ABB-7325,SIDDHASHRI HEALTHCARE LLP,Active,nan,NAME_BASED_MATCH,525,0.0,Karnataka
ABZ-1444,ZYCRON HEALTHCARE (INDIA) LLP,Active,nan,NAME_BASED_MATCH,525,0.0,Karnataka
U24304KA2017PTC106747,AKP HEALTHCARE PRIVATE LIMITED,Active,24304,NAME_BASED_MATCH,525,202100.0,Karnataka
U21000KA2020PTC134231,PAGEWORK INDIA PRIVATE LIMITED,Active,21000,DIRECT_NIC_PHARMA_MANUFACTURER,525,1100000.0,Karnataka
U21000KA2025PTC207289,SIXTUS PRIVATE LIMITED,Active,21000,DIRECT_NIC_PHARMA_MANUFACTURER,536,100000.0,Karnataka
U21003KA2026PTC215356,SUSHRUTHA NATURALS PRIVATE LIMITED,Active,21003,DIRECT_NIC_PHARMA_MANUFACTURER,535,10000.0,Karnataka
U21003KA2026PTC218222,WAKANA BOTANICS PRIVATE LIMITED,Active,21003,DIRECT_NIC_PHARMA_MANUFACTURER,525,100000.0,Karnataka
U21013KA1951PTC000702,KALYAN PRINTERS PRIVATE LIMITED,Strike Off,21013,DIRECT_NIC_PHARMA_MANUFACTURER,525,100000.0,Karnataka
U21014KA1983PTC005258,S.B. PACKAGINGS PRIVATE LIMITED,Converted to LLP,21014,DIRECT_NIC_PHARMA_MANUFACTURER,525,750000.0,Karnataka
U21020KA2008PTC046452,METCAN PACKAGING PRIVATE LIMITED,Under Liquidation,21020,DIRECT_NIC_PHARMA_MANUFACTURER,525,11934600.0,Karnataka
U21022KA2012PTC062079,ASIAN CLEAN AND CARE PRIVATE LIMITED,Strike Off,21022,DIRECT_NIC_PHARMA_MANUFACTURER,525,100000.0,Karnataka
U21099KA2018PTC119304,JKH AND SON'S ENTERPRISE PRIVATE LIMITED,Strike Off,21099,DIRECT_NIC_PHARMA_MANUFACTURER,635,100000.0,Karnataka
U21099KA2020PTC135020,IMPERIALI EFP PRIVATE LIMITED,Dormant under section 455,21099,DIRECT_NIC_PHARMA_MANUFACTURER,525,100000.0,Karnataka
U02421KA2003PLC033026,I-VEN BIOTECH LIMITED,Under Liquidation,02421,PHARMA_CORPORATE_ENTITY,525,500000.0,Karnataka
U02423KA1988PTC008953,VINEELA DRUGS PRIVATE LIMITED,Strike Off,02423,PHARMA_CORPORATE_ENTITY,546,2000.0,Karnataka
U11049KA2024PTC187522,MANISHI HERBAL FOOD PRODUCTS PRIVATE LIMITED,Active,11049,NAME_BASED_MATCH,549,50000.0,Karnataka
U13996KA2024PTC187812,GLOAID PHARMA PRIVATE LIMITED,Active,13996,PHARMA_CORPORATE_ENTITY,525,50000.0,Karnataka
U52520KA2021PTC144146,FIRST LAYER HEALTHCARE PRIVATE LIMITED,Active,52520,NAME_BASED_MATCH,525,100000.0,Karnataka
U52609KA2020OPC132287,TIWIT LIFE SCIENCES (OPC) PRIVATE LIMITED,Active,52609,PHARMA_CORPORATE_ENTITY,525,100000.0,Karnataka
U01122KA1996PTC020656,HARIHAR HERBALS PRIVATE LIMITED,Strike Off,01122,NAME_BASED_MATCH,525,8000.0,Karnataka
U02423KA1993PTC014111,VER LAC PHARMACEUTICALS PRIVATE LIMITED,Strike Off,02423,PHARMA_CORPORATE_ENTITY,525,2000.0,Karnataka
U02423KA1999PTC025761,SASCOM PHARMACEUTICALS PRIVATE LIMITED,Strike Off,02423,PHARMA_CORPORATE_ENTITY,525,0.0,Karnataka
ACC-5236,ADLUX PHARMACEUTICALS LLP,Active,nan,PHARMA_CORPORATE_ENTITY,525,0.0,Karnataka
ACD-8752,MEDPREX BIO PHARMACEUTICAL LLP,Active,nan,PHARMA_CORPORATE_ENTITY,525,0.0,Karnataka
ACG-5842,JIRALI HERBALS LLP,Active,nan,NAME_BASED_MATCH,525,0.0,Karnataka
ACG-6903,SARANGA AYURVEDA LLP,Active,nan,NAME_BASED_MATCH,525,0.0,Karnataka
ACG-8252,SANWISH PHARMA LLP,Active,nan,PHARMA_CORPORATE_ENTITY,525,0.0,Karnataka
ACH-0366,PHARMADIGM LIFE SCIENCES LLP,Active,nan,PHARMA_CORPORATE_ENTITY,525,0.0,Karnataka
ACI-5673,NOVANZA PHARMA LLP,Active,nan,PHARMA_CORPORATE_ENTITY,525,0.0,Karnataka
ACL-8307,HEALNWELL PHARMACEUTICAL LLP,Active,nan,PHARMA_CORPORATE_ENTITY,525,0.0,Karnataka
ACM-4097,ENTOPTIC HEALTHCARE LLP,Active,nan,NAME_BASED_MATCH,525,0.0,Karnataka
ACM-5738,NANDAKI AYURVEDA LLP,Active,nan,NAME_BASED_MATCH,525,0.0,Karnataka
ACQ-8410,GRACENEX PHARMACEUTICAL LLP,Active,nan,PHARMA_CORPORATE_ENTITY,525,0.0,Karnataka
ACS-6728,QUANTIS HEALTHCARE SOLUTIONS LLP,Active,nan,NAME_BASED_MATCH,525,0.0,Karnataka
ACS-9516,SOLARIUS HEALTHCARE LLP,Active,nan,NAME_BASED_MATCH,525,0.0,Karnataka
ACH-7038,VIATRIX PHARMA INDIA LLP,Active,nan,PHARMA_CORPORATE_ENTITY,525,0.0,Karnataka
ACK-8472,SUPSUN HEALTHCARE LLP,Active,nan,NAME_BASED_MATCH,537,0.0,Karnataka
ACM-8907,AAAKARSHINI HEALTHCARE LIMITED LIABILITY PARTNERSHIP,Active,nan,NAME_BASED_MATCH,525,0.0,Karnataka
U24299KA2018PTC115535,DOMINUS HEALTHCARE PRIVATE LIMITED,Active,24299,NAME_BASED_MATCH,525,5725600.0,Karnataka
U24299KA2021PTC147446,WINZETTA PHARMA PRIVATE LIMITED,Active,24299,PHARMA_CORPORATE_ENTITY,534,1000000.0,Karnataka
U21000KA2024PTC193971,PKV LIFESCIENCES PRIVATE LIMITED,Active,21000,DIRECT_NIC_PHARMA_MANUFACTURER,539,1500000.0,Karnataka
U21000KA2025PTC199084,KALLOS PHARMACEUTICALS PRIVATE LIMITED,Active,21000,DIRECT_NIC_PHARMA_MANUFACTURER,525,10000.0,Karnataka
U21001KA2023PTC177207,MAXHOLD PHARMACEUTICAL PRIVATE LIMITED,Active,21001,DIRECT_NIC_PHARMA_MANUFACTURER,525,100000.0,Karnataka
U21001KA2025PTC202687,XENTHIL PHARMACEUTICALS PRIVATE LIMITED,Active,21001,DIRECT_NIC_PHARMA_MANUFACTURER,525,100000.0,Karnataka
U21001KA2025PTC205563,THUMBE ABHYANGA INDIA PRIVATE LIMITED,Active,21001,DIRECT_NIC_PHARMA_MANUFACTURER,525,100000.0,Karnataka
U21002KA2024PTC189404,PSYCONOVA PHARMACEUTICALS PRIVATE LIMITED,Active,21002,DIRECT_NIC_PHARMA_MANUFACTURER,525,100000.0,Karnataka
U21003KA2023PTC175802,AYUR DEVA HOLISTIC HEALTH & WELLNESS CENTRE PRIVATE LIMITED,Strike Off,21003,DIRECT_NIC_PHARMA_MANUFACTURER,525,10000.0,Karnataka
U21003KA2025PTC211469,SHWETA HEALTHCARE PRIVATE LIMITED,Active,21003,DIRECT_NIC_PHARMA_MANUFACTURER,540,100000.0,Karnataka
U21006KA2025PTC202335,AIDICARE SURGICALS PRIVATE LIMITED,Active,21006,DIRECT_NIC_PHARMA_MANUFACTURER,525,60000.0,Karnataka
U21009KA2024PTC183488,SEEDEX HERBAL PRIVATE LIMITED,Active,21009,DIRECT_NIC_PHARMA_MANUFACTURER,525,100000.0,Karnataka
U21014KA1992PTC012695,ESS VEE PACKAGING PRIVATE LIMITED,Active,21014,DIRECT_NIC_PHARMA_MANUFACTURER,525,242000.0,Karnataka
U21021KA1994PTC015467,MUNU TRADE LINKS PRIVATE LIMITED,Strike Off,21021,DIRECT_NIC_PHARMA_MANUFACTURER,525,2450000.0,Karnataka
U21022KA2013PTC072666,MAHATI PACKWELL PRIVATE LIMITED,Active,21022,DIRECT_NIC_PHARMA_MANUFACTURER,525,2700000.0,Karnataka
U21090KA2014PTC075069,YUNO RIGID BOX PRIVATE LIMITED,Active,21090,DIRECT_NIC_PHARMA_MANUFACTURER,525,100000.0,Karnataka
U74999KA2020PTC133779,INTEGRATIVE HEALTHCARE AND LIFESTYLE PRIVATE LIMITED,Active,74999,NAME_BASED_MATCH,525,4673080.0,Karnataka
U74999KA2022PTC167011,KLARYCE PHARMA PRIVATE LIMITED,Active,74999,PHARMA_CORPORATE_ENTITY,525,100000.0,Karnataka
U74999KA2021PTC143374,SINIGENICS PHARMACEUTICALS PRIVATE LIMITED,Active,74999,PHARMA_CORPORATE_ENTITY,544,100000.0,Karnataka
U78100KA2025PTC205556,SERAXA HEALTHCARE PRIVATE LIMITED,Active,78100,NAME_BASED_MATCH,525,10000.0,Karnataka
ABZ-0741,VLPL&NM DIAGNOSTICS LLP,Active,nan,NAME_BASED_MATCH,525,0.0,Karnataka
ACK-3623,AKSHAYA SIMHA BIO-THERAPEUTICS LLP,Active,nan,PHARMA_CORPORATE_ENTITY,525,0.0,Karnataka
ACB-5572,PEOPLETECH HEALTHCARE LLP,Active,nan,NAME_BASED_MATCH,525,0.0,Karnataka
ACC-2483,NIREEKSHA SPECIALITY HEALTHCARE LLP,Active,nan,NAME_BASED_MATCH,525,0.0,Karnataka
AAM-4524,AIKYAYURVEDA LLP,Strike Off,nan,NAME_BASED_MATCH,525,0.0,Karnataka
AAP-1822,BERLINCLEVE PHARMACEUTICALS LLP,Active,nan,PHARMA_CORPORATE_ENTITY,525,0.0,Karnataka
AAQ-1509,UPEKSHA HEALTHCARE LLP,Active,nan,NAME_BASED_MATCH,525,0.0,Karnataka
AAP-9469,SANCHAYA PHARMACEUTICALS LLP,Active,nan,PHARMA_CORPORATE_ENTITY,536,0.0,Karnataka
AAS-6730,SIX RAYS PHARMA SOLUTIONS LLP,Active,nan,PHARMA_CORPORATE_ENTITY,525,0.0,Karnataka
AAR-6289,I PHARMA SOLUTIONS LLP,Active,nan,PHARMA_CORPORATE_ENTITY,525,0.0,Karnataka
AAS-4091,ACOLOGY HEALTHCARE LLP,Strike Off,nan,NAME_BASED_MATCH,525,0.0,Karnataka
AAV-2834,SLV DIAGNOSTICS LLP,Active,nan,NAME_BASED_MATCH,525,0.0,Karnataka
AAT-3106,GANDH NE ROWTH PHARMA LLP,Active,nan,PHARMA_CORPORATE_ENTITY,525,0.0,Karnataka
ACK-9666,CHIKKAMAGALUR NEURO SURGICAL CENTRE LLP,Active,nan,NAME_BASED_MATCH,525,0.0,Karnataka
ABD-0725,NADHERA BIOTECH LLP,Active,nan,PHARMA_CORPORATE_ENTITY,525,0.0,Karnataka
ACA-1262,ELDER BIOPHARMACEUTICALS LLP,Active,nan,PHARMA_CORPORATE_ENTITY,525,0.0,Karnataka
ACG-9977,BHRITHY AYURVEDA LLP,Active,nan,NAME_BASED_MATCH,545,0.0,Karnataka
U86901KA2025PTC199098,ASMAKAM AYURVEDA PRIVATE LIMITED,Active,86901,NAME_BASED_MATCH,525,100000.0,Karnataka
U86901KA2026PTC213660,BJRM AYURVEDA PRIVATE LIMITED,Active,86901,NAME_BASED_MATCH,525,250000.0,Karnataka
U86905KA2023PTC176828,BHIMA DIAGNOSTICS PRIVATE LIMITED,Active,86905,NAME_BASED_MATCH,525,10000.0,Karnataka
U86905KA2026PTC216035,VIVEKA HEALTHCARE SERVICES PRIVATE LIMITED,Active,86905,NAME_BASED_MATCH,525,100000.0,Karnataka
U86909KA2025NPL196797,HDR HEALTHCARE FOUNDATION,Active,86909,NAME_BASED_MATCH,525,100000.0,Karnataka
U86909KA2026PTC214838,WINSIGHT HEALTHCARE PRIVATE LIMITED,Active,86909,NAME_BASED_MATCH,525,100000.0,Karnataka
U32509KA2026PTC213838,MEDCETRA HEALTHCARE PRIVATE LIMITED,Active,32509,PHARMA_RELATED_MANUFACTURER,525,100000.0,Karnataka
U33100KA1989PTC010204,THEERTANKAR PHARMA PRIVATE LIMITED,Active,33100,PHARMA_CORPORATE_ENTITY,525,4936800.0,Karnataka
U33100KA2022PTC163641,LAYA HEALTHCARE - KAR PRIVATE LIMITED,Active,33100,NAME_BASED_MATCH,525,100000.0,Karnataka
U33110KA2011PTC058286,AVISHKAR SURGICALS INDIA PRIVATE LIMITED,Active,33110,NAME_BASED_MATCH,525,500000.0,Karnataka
U33110KA2022PTC163450,QNOVA HEALTHCARE PRIVATE LIMITED,Active,33110,NAME_BASED_MATCH,525,100000.0,Karnataka
U33112KA1981PTC004403,K T S SURGICAL COTTONS PRIVATE LIMITED,Strike Off,33112,NAME_BASED_MATCH,525,20000.0,Karnataka
U33119KA2021PTC151128,MAXXGEN HEALTHCARE PRIVATE LIMITED,Active,33119,NAME_BASED_MATCH,525,100000.0,Karnataka
U33110KA2015PTC079743,SURGICAL SUTURES PRIVATE LIMITED,Active,33110,NAME_BASED_MATCH,525,1000000.0,Karnataka
U33119KA2022PTC159534,PRAJWAL SURGICAL AND SCIENTIFICS PRIVATE LIMITED,Active,33119,NAME_BASED_MATCH,525,20000000.0,Karnataka
AAA-1454,JANAPADA PHARMA LLP,Strike Off,nan,PHARMA_CORPORATE_ENTITY,525,0.0,Karnataka
AAD-2996,IOH HEALTHCARE SERVICES LLP,Strike Off,nan,NAME_BASED_MATCH,525,0.0,Karnataka
AAH-0711,TRANSCURE HEALTHCARE LLP,Active,nan,NAME_BASED_MATCH,525,0.0,Karnataka
U72900KA2017PTC100371,WRIZTO HEALTHCARE PRIVATE LIMITED,Active,72900,NAME_BASED_MATCH,525,813810.0,Karnataka
U93030KA2021PTC153979,FIREFIT HEALTHCARE PRIVATE LIMITED,Active,93030,NAME_BASED_MATCH,525,100000.0,Karnataka
U29297KA2001PTC028745,PHARMACON (INDIA) PRIVATE LIMITED,Strike Off,29297,PHARMA_CORPORATE_ENTITY,525,426000.0,Karnataka
U32509KA2025PTC203289,NAVIVAN HEALTHCARE PRIVATE LIMITED,Active,32509,PHARMA_RELATED_MANUFACTURER,525,100000.0,Karnataka
U33119KA2001PTC029142,MEDNESTOR HEALTHCARE PRIVATE LIMITED,Strike Off,33119,NAME_BASED_MATCH,525,100000.0,Karnataka
U33125KA1985PTC006899,INPAR LABORATORIES PRIVATE LIMITED,Under process of striking off,33125,PHARMA_CORPORATE_ENTITY,529,300.0,Karnataka
U33309KA2016PTC098625,MERLION PHARMA INDIA PRIVATE LIMITED,Active,33309,PHARMA_CORPORATE_ENTITY,525,100000.0,Karnataka
U33309KA2020PTC135798,BHARGAV HEALTHCARE PRODUCTS PRIVATE LIMITED,Strike Off,33309,NAME_BASED_MATCH,525,100000.0,Karnataka
U46909KA2024PTC192767,KEEMINDS FORMULATION PRIVATE LIMITED,Active,46909,PHARMA_CORPORATE_ENTITY,525,100000.0,Karnataka
AAE-5900,MEDI LEADS LIFE SCIENCES LLP,Active,nan,PHARMA_CORPORATE_ENTITY,525,0.0,Karnataka
AAH-7143,BANGALORE ORTHOPAEDIC AND SURGICAL HOSPITAL LLP,Active,nan,NAME_BASED_MATCH,525,0.0,Karnataka
AAI-7818,PARKMED HEALTHCARE LLP,Active,nan,NAME_BASED_MATCH,525,0.0,Karnataka
U74900KA2016PTC085339,ESPACE HEALTHCARE SOLUTIONS PRIVATE LIMITED,Active,74900,NAME_BASED_MATCH,525,1000000.0,Karnataka
U74900KA2016PTC085960,MERESIA HEALTHCARE PRIVATE LIMITED,Strike Off,74900,NAME_BASED_MATCH,525,120000.0,Karnataka
U74900KA2024OPC189117,INFERLYSIS HEALTHCARE (OPC) PRIVATE LIMITED,Active,74900,NAME_BASED_MATCH,525,100000.0,Karnataka
U74999KA2017PTC103120,PRAKRUTHI AYURVEDA AND WELLNESS PRIVATE LIMITED,Strike Off,74999,NAME_BASED_MATCH,525,100000.0,Karnataka
U74999KA2017PTC104657,DROOTO HEALTHCARE PRIVATE LIMITED,Strike Off,74999,NAME_BASED_MATCH,525,100000.0,Karnataka
U72900KA2019PTC127906,VERITYTECH HEALTHCARE SOLUTIONS PRIVATE LIMITED,Active,72900,NAME_BASED_MATCH,525,27070000.0,Karnataka
U73100KA2004PTC035238,ACUNOVA LIFE SCIENCES PRIVATE LIMITED,Converted to LLP,73100,PHARMA_CORPORATE_ENTITY,525,19993870.0,Karnataka
U74999KA2016PTC093455,TENERCI HEALTHCARE PRIVATE LIMITED,Active,74999,NAME_BASED_MATCH,525,2000000.0,Karnataka
U74999KA2020PTC134448,NUTRISURGIMEDI BIOTECH PRIVATE LIMITED,Active,74999,PHARMA_CORPORATE_ENTITY,525,1500000.0,Karnataka
U74999KA2021FTC150115,EUROFINS BIOPHARMA PRODUCT TESTING INDIA PRIVATE LIMITED,Active,74999,PHARMA_CORPORATE_ENTITY,525,21804090.0,Karnataka
U74999KA2016PTC197435,HYDRA ACTIVE PHARMA SCIENCES PRIVATE LIMITED,Active,74999,PHARMA_CORPORATE_ENTITY,525,1210504170.0,Karnataka
U73200KA1978PTC003287,BANGALORE PHARMACEUTICAL AND RESEARCH LABORATORY PRIVATE LIMITED,Active,73200,PHARMA_CORPORATE_ENTITY,525,2475000.0,Karnataka
U73200KA2022PTC158430,NINKILIM LIFE SCIENCES PRIVATE LIMITED,Active,73200,PHARMA_CORPORATE_ENTITY,525,19600000.0,Karnataka
U74900KA2011PTC057449,AGBRO PHARMACEUTICALS PRIVATE LIMITED,Active,74900,PHARMA_CORPORATE_ENTITY,525,100000.0,Karnataka
U74999KA2017PTC107371,OXYEASE HEALTHCARE SERVICES PRIVATE LIMITED,Active,74999,NAME_BASED_MATCH,525,3000000.0,Karnataka
U74999KA2018OPC115060,STRM PHARMACEUTICALS (OPC) PRIVATE LIMITED,Active,74999,PHARMA_CORPORATE_ENTITY,525,200000.0,Karnataka
U74999KA2018PTC111848,MYDOC UST HEALTHCARE INDIA PRIVATE LIMITED,Active,74999,NAME_BASED_MATCH,525,100000.0,Karnataka
U72900KA2022PTC165616,HEUMEA HEALTHCARE PRIVATE LIMITED,Active,72900,NAME_BASED_MATCH,525,100000.0,Karnataka
U73100KA2013PTC068736,OMKAR CRYO BIOTECHNOLOGIES PRIVATE LIMITED,Strike Off,73100,PHARMA_CORPORATE_ENTITY,525,500000.0,Karnataka
U73100KA2019PTC120024,ONIUM LIFE SCIENCES PRIVATE LIMITED,Active,73100,PHARMA_CORPORATE_ENTITY,525,100000.0,Karnataka
U33100KA2021PTC147370,DIGIGENE DIAGNOSTICS PRIVATE LIMITED,Active,33100,NAME_BASED_MATCH,525,20000.0,Karnataka
U33111KA2010PTC055643,STAYSEE HEALTHCARE PRODUCTS PRIVATE LIMITED,Active,33111,NAME_BASED_MATCH,525,6648510.0,Karnataka
U33119KA2011PTC058902,DHANVA PHARMACARE PRIVATE LIMITED,Strike Off,33119,PHARMA_CORPORATE_ENTITY,525,100000.0,Karnataka
AAD-7198,FOBICS FOOD AND BIOTECHNOLOGY CONSULTANCY SERVICES LLP,Active,nan,PHARMA_CORPORATE_ENTITY,525,0.0,Karnataka
AAE-3876,VISHV SURGICALS LLP,Strike Off,nan,NAME_BASED_MATCH,525,0.0,Karnataka
U86905KA2025PTC201076,NUMA DIAGNOSTICS AND HEALTHCARE PRIVATE LIMITED,Active,86905,NAME_BASED_MATCH,525,100000.0,Karnataka
U86905KA2026PTC217455,FITNATURA HEALTHCARE PRIVATE LIMITED,Active,86905,NAME_BASED_MATCH,525,100000.0,Karnataka
U86909KA2023PTC172840,ANEXHOME HEALTHCARE PRIVATE LIMITED,Active,86909,NAME_BASED_MATCH,525,100000.0,Karnataka
U86909KA2023PTC173747,VANDE HERBALS INDIA PRIVATE LIMITED,Active,86909,NAME_BASED_MATCH,738,100000.0,Karnataka
U86909KA2025PTC212721,DPJ HEALTHCARE PRIVATE LIMITED,Active,86909,NAME_BASED_MATCH,525,100000.0,Karnataka
U93000KA2008PTC045060,BIOCOS LIFE SCIENCES PRIVATE LIMITED,Active,93000,PHARMA_CORPORATE_ENTITY,525,100000.0,Karnataka
U62099KA2023PTC175166,DSEIDE HEALTHCARE NETWORK PRIVATE LIMITED,Active,62099,NAME_BASED_MATCH,542,100000.0,Karnataka
U99999KA1999PTC025788,DERMAGEN PHARMACEUTICALS PRIVATE LIMITED,Strike Off,99999,PHARMA_CORPORATE_ENTITY,525,0.0,Karnataka
U62020KA2024PTC184409,SIYAVERSE HEALTHCARE PRIVATE LIMITED,Active,62020,NAME_BASED_MATCH,525,100000.0,Karnataka
U46909KA2024PTC194717,LOXMO PHARMACEUTICALS PRIVATE LIMITED,Active,46909,PHARMA_CORPORATE_ENTITY,525,30000.0,Karnataka
U87100KA2026PTC220151,SAVIO HEALTHCARE PRIVATE LIMITED,Active,87100,NAME_BASED_MATCH,525,100000.0,Karnataka
U93090KA2018PTC109281,KABINI AYURVEDA HOSPITAL PRIVATE LIMITED,Active,93090,NAME_BASED_MATCH,525,100000.0,Karnataka
U24230KA1998PTC023243,LUCIA CHEMICALS AND MARKETING PRIVATE LIMITED,Strike Off,24230,DIRECT_NIC_PHARMA_MANUFACTURER,525,200.0,Karnataka
U24230KA2015PTC079981,HESS PHARMACEUTICALS PRIVATE LIMITED,Strike Off,24230,DIRECT_NIC_PHARMA_MANUFACTURER,525,700000.0,Karnataka
U24231KA2005PTC035895,CODEXIS LABORATORIES INDIA PRIVATE LIMITED,Under Liquidation,24231,DIRECT_NIC_PHARMA_MANUFACTURER,525,18738580.0,Karnataka
U24232KA2007PTC041539,BASE PAIR BIOSCIENCES PRIVATE LIMITED,Strike Off,24232,DIRECT_NIC_PHARMA_MANUFACTURER,525,0.0,Karnataka
U24232KA2011PTC057661,HECTOR PHARMACEUTICALS PRIVATE LIMITED,Active,24232,DIRECT_NIC_PHARMA_MANUFACTURER,525,100000.0,Karnataka
U24233KA2005PTC035745,AKSHATA PHARMA PRIVATE LIMITED,Active,24233,DIRECT_NIC_PHARMA_MANUFACTURER,527,200000.0,Karnataka
U24233KA2011PTC061357,JSR LOGISTICS PRIVATE LIMITED,Strike Off,24233,DIRECT_NIC_PHARMA_MANUFACTURER,525,100000.0,Karnataka
U24239KA1999PTC024910,SOLAR FORMULATIONS PRIVATE LIMITED,Strike Off,24239,DIRECT_NIC_PHARMA_MANUFACTURER,525,160000.0,Karnataka
U24239KA2021PTC149089,ELEVEN O TWO PRODUCTS PRIVATE LIMITED,Active,24239,DIRECT_NIC_PHARMA_MANUFACTURER,525,100000.0,Karnataka
U24290KA2022PTC167934,CAMBRIAN BIOTECH PRIVATE LIMITED,Active,24290,PHARMA_CORPORATE_ENTITY,525,453710.0,Karnataka
U24304KA2018PTC112361,TRICLAD BIOTECH PRIVATE LIMITED,Strike Off,24304,PHARMA_CORPORATE_ENTITY,525,500000.0,Karnataka
U22300KA1978PTC003321,QUALITY CINE LABORATORIES (KARNATAKA)PRI VATE LIMITED,Strike Off,22300,PHARMA_CORPORATE_ENTITY,525,100000.0,Karnataka
U24100KA1986PTC007619,LAVANYA CHEMICALS AND PHARMACEUTICALS PR IVATE LIMITED,Strike Off,24100,PHARMA_CORPORATE_ENTITY,525,100000.0,Karnataka
U24100KA2007PTC055076,SHARAN LIFE SCIENCES PRIVATE LIMITED,Strike Off,24100,PHARMA_CORPORATE_ENTITY,525,100000.0,Karnataka
U24100KA2009PTC050471,SHARAVATHI PHARMACY AND MEDICINES PRIVATE LIMITED,Strike Off,24100,PHARMA_CORPORATE_ENTITY,525,100000.0,Karnataka
U24100KA2010PTC052997,NOVASANG LABORATORIES PRIVATE LIMITED,Strike Off,24100,PHARMA_CORPORATE_ENTITY,525,100000.0,Karnataka
U24100KA2014PTC074142,KARGSIN HEALTHCARE PRIVATE LIMITED,Strike Off,24100,NAME_BASED_MATCH,525,100000.0,Karnataka
U24100KA2019PTC122271,HEILWIG HEALTHCARE PRIVATE LIMITED,Active,24100,NAME_BASED_MATCH,525,100000.0,Karnataka
U24100KA2021PTC148065,BREN BIO LIFE SCIENCES PRIVATE LIMITED,Active,24100,PHARMA_CORPORATE_ENTITY,525,2500000.0,Karnataka
U24100KA2021PTC153781,PRIONS BIOTECH PRIVATE LIMITED,Active,24100,PHARMA_CORPORATE_ENTITY,527,100000.0,Karnataka
U24110KA2020OPC134780,KRISHNAAYURVEDA (OPC) PRIVATE LIMITED,Strike Off,24110,NAME_BASED_MATCH,525,100000.0,Karnataka
U24110KA2021PTC146153,CLINIMED PHARMACY & THERAPEUTICS PRIVATE LIMITED,Strike Off,24110,PHARMA_CORPORATE_ENTITY,525,500000.0,Karnataka
U24119KA2014PTC074090,DAISY LABORATORIES PRIVATE LIMITED,Active,24119,PHARMA_CORPORATE_ENTITY,534,200000.0,Karnataka
U24124KA1981PTC004450,GLOFIN DURGS AND PHARMACEUTICALS PRIVATE LIMITED,Under process of striking off,24124,PHARMA_CORPORATE_ENTITY,525,5000.0,Karnataka
U24219KA2001PTC029700,V.S. BIO PHARMA RESEARCH AND PROCESSING PRIVATE LIMITED,Strike Off,24219,PHARMA_CORPORATE_ENTITY,525,100000.0,Karnataka
U24230KA1944PTC000350,GAUSBHIR CHEMICAL AND PHARMACEUTICAL WORKS PRIVATE LIMITED,Under Liquidation,24230,DIRECT_NIC_PHARMA_MANUFACTURER,525,100000.0,Karnataka
U24230KA1977PLC003169,BROWN AND BURK PHARMACEUTICALS LIMITED,Amalgamated,24230,DIRECT_NIC_PHARMA_MANUFACTURER,525,4800000.0,Karnataka
U24230KA1986PTC007862,TARAM PHARMA PRIVATE LIMITED,Strike Off,24230,DIRECT_NIC_PHARMA_MANUFACTURER,525,776000.0,Karnataka
U24230KA2007PTC043892,OLIVE LIFESCIENCES PRIVATE LIMITED,Active,24230,DIRECT_NIC_PHARMA_MANUFACTURER,525,10000000.0,Karnataka
U24230KA2010PTC053004,ELYSIAN HEALTH CARE PRIVATE LIMITED,Active,24230,DIRECT_NIC_PHARMA_MANUFACTURER,525,100000.0,Karnataka
U24230KA2013PTC072419,COPERNICIUM PHARMACEUTICALS PRIVATE LIMITED,Active,24230,DIRECT_NIC_PHARMA_MANUFACTURER,525,35849800.0,Karnataka
U24230KA2014PTC073609,NOVOSYNTH INDUSTRIES PRIVATE LIMITED,Active,24230,DIRECT_NIC_PHARMA_MANUFACTURER,525,10000000.0,Karnataka
U24230KA2015PTC078654,WELLSOON PHARMA PRIVATE LIMITED,Active,24230,DIRECT_NIC_PHARMA_MANUFACTURER,525,950000.0,Karnataka
U24230KA2022PTC168054,AMIT PHARMA PRIVATE LIMITED,Active,24230,DIRECT_NIC_PHARMA_MANUFACTURER,525,1000000.0,Karnataka
U24231KA1982PTC004790,KARNATAKA CAPSULES (INDIA) PRIVATE LIMITED,Active,24231,DIRECT_NIC_PHARMA_MANUFACTURER,525,20000.0,Karnataka
U24231KA1989PTC010162,ZENITH PHARMACEUTICALS PRIVATE LIMITED,Strike Off,24231,DIRECT_NIC_PHARMA_MANUFACTURER,525,2000.0,Karnataka
U24231KA2004PTC034250,JAGDALE HEALTHCARE PRIVATE LIMITED,Strike Off,24231,DIRECT_NIC_PHARMA_MANUFACTURER,525,100000.0,Karnataka
U24231KA2007PTC044290,AURZ PHARMACEUTICAL PRIVATE LIMITED,Active,24231,DIRECT_NIC_PHARMA_MANUFACTURER,525,2500000.0,Karnataka
U24232KA1993PTC014251,KORIN HAIR PROCESSING COMPANY PRIVATE LIMITED,Strike Off,24232,DIRECT_NIC_PHARMA_MANUFACTURER,525,20000.0,Karnataka
U24232KA2010PTC055919,CARE TECH LIFE SCIENCE PRIVATE LIMITED,Active,24232,DIRECT_NIC_PHARMA_MANUFACTURER,525,2500000.0,Karnataka
U24234KA2021PTC144700,ZOOBION PHARMACEUTICALS PRIVATE LIMITED,Active,24234,DIRECT_NIC_PHARMA_MANUFACTURER,529,54000.0,Karnataka
U24239KA2007PTC042636,R-ZION LABORATORIES PRIVATE LIMITED,Active,24239,DIRECT_NIC_PHARMA_MANUFACTURER,525,100000.0,Karnataka
U24239KA2009PTC048773,GEO BIOTECHNOLOGIES (INDIA) PRIVATE LIMITED,Active,24239,DIRECT_NIC_PHARMA_MANUFACTURER,525,20020000.0,Karnataka
U24239KA2017PTC099699,KONNISERI PHARMACEUTICALS PRIVATE LIMITED,Active,24239,DIRECT_NIC_PHARMA_MANUFACTURER,525,100000.0,Karnataka
U24239KA2022PTC156943,HILAXY PHARMACEUTICALS PRIVATE LIMITED,Active,24239,DIRECT_NIC_PHARMA_MANUFACTURER,525,100000.0,Karnataka
U24290KA2020PTC131572,SILUK HEALTHCARE PRIVATE LIMITED,Active,24290,NAME_BASED_MATCH,536,100000.0,Karnataka
U24290KA2022PTC164123,CYNTHOGEN PHARMACEUTICALS PRIVATE LIMITED,Active,24290,PHARMA_CORPORATE_ENTITY,525,100000.0,Karnataka
U24290KA2023PTC170572,MILASMED PHARMA PRIVATE LIMITED,Active,24290,PHARMA_CORPORATE_ENTITY,525,750000.0,Karnataka
U24304KA2016PTC094195,ASTHEMED PHARMACEUTICALS PRIVATE LIMITED,Active,24304,PHARMA_CORPORATE_ENTITY,525,100000.0,Karnataka
U51397KA2003PTC032625,HEALTHCARE INNOVATIONS PRIVATE LIMITED,Strike Off,51397,NAME_BASED_MATCH,525,100000.0,Karnataka
U51397KA2012PTC065239,IFIMED PHARMACEUTICALS PRIVATE LIMITED,Active,51397,PHARMA_CORPORATE_ENTITY,545,2500000.0,Karnataka
U93000KA2009PTC050138,GILA LABORATORIES PRIVATE LIMITED,Active,93000,PHARMA_CORPORATE_ENTITY,525,700000.0,Karnataka
U24100KA2019PTC122732,BLAZED PHARMACEUTICALS PRIVATE LIMITED,Active,24100,PHARMA_CORPORATE_ENTITY,525,30000000.0,Karnataka
U24100KA2021PTC146262,NUWIN PHARMACEUTICALS PRIVATE LIMITED,Active,24100,PHARMA_CORPORATE_ENTITY,525,100000.0,Karnataka
U24100KA2021PTC149330,JIA PHARMACEUTICALS PRIVATE LIMITED,Active,24100,PHARMA_CORPORATE_ENTITY,525,100000.0,Karnataka
U24110KA2016PTC098767,SCLERA PHARMACEUTICALS PRIVATE LIMITED,Active,24110,PHARMA_CORPORATE_ENTITY,525,100000.0,Karnataka
U24119KA1985PTC007047,PREMIER DRUGS PRIVATE LIMITED,Strike Off,24119,PHARMA_CORPORATE_ENTITY,525,4000.0,Karnataka
U24230KA1986PTC007599,PRIMEDICS PRIVATE LIMITED,Strike Off,24230,DIRECT_NIC_PHARMA_MANUFACTURER,529,2000.0,Karnataka
U24230KA2017OPC105419,CHROMATOGEN ANALYTICAL SOLUTIONS (OPC) PRIVATE LIMITED,Active,24230,DIRECT_NIC_PHARMA_MANUFACTURER,525,5000000.0,Karnataka
U24231KA1980PLC003976,KUMERGODE INVESTMENTS LIMITED,Active,24231,DIRECT_NIC_PHARMA_MANUFACTURER,525,2475000.0,Karnataka
U24232KA1990PTC010764,ASSOCIATE ENGINEERS (INDIA) PRIVATE LIMITED,Strike Off,24232,DIRECT_NIC_PHARMA_MANUFACTURER,525,300000.0,Karnataka
U24232KA2008PTC047934,WEISS BIOTECH PRIVATE LIMITED,Strike Off,24232,DIRECT_NIC_PHARMA_MANUFACTURER,525,100000.0,Karnataka
U24232KA2009PTC050065,MICRO OPTHALMIC PRIVATE LIMITED,Strike Off,24232,DIRECT_NIC_PHARMA_MANUFACTURER,525,100000.0,Karnataka
U24232KA2011PTC060979,RAPID BIOPHARMA PRIVATE LIMITED,Active,24232,DIRECT_NIC_PHARMA_MANUFACTURER,525,6200000.0,Karnataka
U24232KA2014PTC075538,C M PHARMA BIOTECH (INDIA) PRIVATE LIMITED,Strike Off,24232,DIRECT_NIC_PHARMA_MANUFACTURER,525,100000.0,Karnataka
U24235KA1995PTC018160,ZYMONUTRIENTS PRIVATE LIMITED,Active,24235,DIRECT_NIC_PHARMA_MANUFACTURER,525,500000.0,Karnataka
U24236KA1991PTC012033,PRECISION MEDICAL DEVICES PRIVATE LIMITED,Strike Off,24236,DIRECT_NIC_PHARMA_MANUFACTURER,525,2000.0,Karnataka
U24236KA1995PTC018051,BENAKA MARKETING PRIVATE LIMITED,Strike Off,24236,DIRECT_NIC_PHARMA_MANUFACTURER,525,300.0,Karnataka
U24236KA1995PTC019479,EASYSTICH NEEDLES PRIVATE LIMITED,Amalgamated,24236,DIRECT_NIC_PHARMA_MANUFACTURER,525,900300.0,Karnataka
U24239KA2002PTC030478,HILLGREEN HERBALS PRIVATE LIMITED,Active,24239,DIRECT_NIC_PHARMA_MANUFACTURER,525,500000.0,Karnataka
U24290KA2020PTC138672,NUVENTIQ PHARMACIA PRIVATE LIMITED,Strike Off,24290,PHARMA_CORPORATE_ENTITY,539,100000.0,Karnataka
U24290KA2021PTC146043,SRI THIRUMALA PHARMACEUTICALS PRIVATE LIMITED,Active,24290,PHARMA_CORPORATE_ENTITY,525,800000.0,Karnataka
U24290KA2021PTC152293,USK THERAPEUTICS PRIVATE LIMITED,Active,24290,PHARMA_CORPORATE_ENTITY,525,1000000.0,Karnataka
U24290KA2022PTC157432,MAXINOVA FORMULATIONS PRIVATE LIMITED,Strike Off,24290,PHARMA_CORPORATE_ENTITY,525,100000.0,Karnataka
U24290KA2022PTC164257,SPECSYN LABORATORIES PRIVATE LIMITED,Active,24290,PHARMA_CORPORATE_ENTITY,536,25000000.0,Karnataka
U24297KA2013PTC069473,PINKPETALS HEALTHCARE PRIVATE LIMITED,Strike Off,24297,NAME_BASED_MATCH,738,100000.0,Karnataka
U24297KA2021PTC152797,NUTRISUKAN BIOTECH PRIVATE LIMITED,Active,24297,PHARMA_CORPORATE_ENTITY,525,104000.0,Karnataka
U24299KA1981PTC004306,THERAMED LABORATORIES PRIVATE LIMITED,Strike Off,24299,PHARMA_CORPORATE_ENTITY,525,15000.0,Karnataka
U24299KA2018PTC113368,INFUDRIP HEALTHCARE PRIVATE LIMITED,Active,24299,NAME_BASED_MATCH,525,100000.0,Karnataka
U24290KA2018PTC110846,SUNBOTT PHARMACEUTICAL PRIVATE LIMITED,Active,24290,PHARMA_CORPORATE_ENTITY,525,1000000.0,Karnataka
U24290KA2020PTC139906,SHAMANUR PHARMA AND HEALTH CARE PRIVATE LIMITED,Active,24290,PHARMA_CORPORATE_ENTITY,535,2000000.0,Karnataka
U24290KA2021PTC152737,BLUEMARLIN PHARMACEUTICAL PRIVATE LIMITED,Active,24290,PHARMA_CORPORATE_ENTITY,525,150000.0,Karnataka
U24299KA2018PTC110747,OZWIN PHARMA PRIVATE LIMITED,Active,24299,PHARMA_CORPORATE_ENTITY,525,100000.0,Karnataka
U24299KA2021PTC145988,AURA AYURVEDIC PRIVATE LIMITED,Active,24299,NAME_BASED_MATCH,525,100000.0,Karnataka
U28572KA2001PTC028572,HAIL HEALTHCARE ALLIANCE INDIA PRIVATE LIMITED,Strike Off,28572,NAME_BASED_MATCH,525,100000.0,Karnataka
U58201KA2024FTC191719,GENAI HEALTHCARE SOLUTIONS PRIVATE LIMITED,Active,58201,NAME_BASED_MATCH,525,100000.0,Karnataka
U62013KA2023PTC179861,STEFFAN STEFFO HEALTHCARE PRIVATE LIMITED,Active,62013,NAME_BASED_MATCH,525,200000.0,Karnataka
U47613KA2023PTC179635,HAPISO VENTURES PRIVATE LIMITED,Active,47613,PHARMA_CORPORATE_ENTITY,525,500000.0,Karnataka
U47720KA2024PTC191103,WALBLUES PHARMACY AND LIFESTYLE PRIVATE LIMITED,Active,47720,PHARMA_CORPORATE_ENTITY,525,100000.0,Karnataka
U47720KA2025PTC212858,PHARMALYTIX INDIA PRIVATE LIMITED,Active,47720,PHARMA_CORPORATE_ENTITY,525,500000.0,Karnataka
U47721KA2023PTC174797,DEEKSHA FACE PHARMA BENGALURU PRIVATE LIMITED,Active,47721,PHARMA_CORPORATE_ENTITY,525,100000.0,Karnataka
U47721KA2024PTC183512,PYARIT PHARMACEUTICALS PRIVATE LIMITED,Active,47721,PHARMA_CORPORATE_ENTITY,525,100000.0,Karnataka
U47721KA2024PTC190669,CK PHARMA MART PRIVATE LIMITED,Active,47721,PHARMA_CORPORATE_ENTITY,525,1000000.0,Karnataka
U47721KA2025PTC201532,NAVRAAG PHARMA PRIVATE LIMITED,Active,47721,PHARMA_CORPORATE_ENTITY,525,400000.0,Karnataka
U51397KA2008PTC046772,DREAMLIFE HEALTHCARE (INDIA) PRIVATE LIMITED,Strike Off,51397,NAME_BASED_MATCH,541,0.0,Karnataka
U51397KA2015PTC083610,BLUENEST PHARMA PRIVATE LIMITED,Active,51397,PHARMA_CORPORATE_ENTITY,525,100000.0,Karnataka
U51501KA1996PTC021264,MCLAREN BIOTECH PRIVATE LIMITED,Strike Off,51501,PHARMA_CORPORATE_ENTITY,525,1675000.0,Karnataka
U51909KA2016PTC095432,PHARMA CURE PRIVATE LIMITED,Active,51909,PHARMA_CORPORATE_ENTITY,525,100000.0,Karnataka
U51909KA2018PTC113773,AROTEZA HEALTHCARE PRIVATE LIMITED,Active,51909,NAME_BASED_MATCH,525,100000.0,Karnataka
U46490KA2025PTC199425,INTRENZICA HEALTHCARE PRIVATE LIMITED,Active,46490,NAME_BASED_MATCH,525,10000.0,Karnataka
U46497KA2025PTC206673,CUTIE SCIENCE PHARMACEUTICAL PRIVATE LIMITED,Active,46497,PHARMA_CORPORATE_ENTITY,525,100000.0,Karnataka
U46596KA2025PTC213340,PULSARIO HEALTHCARE MARKETING PRIVATE LIMITED,Active,46596,NAME_BASED_MATCH,525,100000.0,Karnataka
U46596KA2026PTC220772,SHREE SURGICALS MEDTECH PRIVATE LIMITED,Active,46596,NAME_BASED_MATCH,534,1000000.0,Karnataka
ACY-2613,PROGENY FETAL MEDICINE AND DIAGNOSTICS LLP,Active,nan,PHARMA_CORPORATE_ENTITY,525,0.0,Karnataka
U00380KA1988PTC009312,HEBBAR SURGICAL PRODUCTS PRIVATE LIMITED,Strike Off,00380,NAME_BASED_MATCH,525,5000.0,Karnataka
U74999KA2020PTC134253,FSD CARE PHARMA PRIVATE LIMITED,Active,74999,PHARMA_CORPORATE_ENTITY,525,100000.0,Karnataka
U72100KA2025PTC208749,PRESIME THERAPEUTICS PRIVATE LIMITED,Active,72100,PHARMA_CORPORATE_ENTITY,549,500000.0,Karnataka
U42909KA2023PTC172830,CASTELLAR HEALTHCARE PRIVATE LIMITED,Active,42909,NAME_BASED_MATCH,525,100000.0,Karnataka
U51109KA2011PTC059385,BELLIS BIOTECH PRIVATE LIMITED,Strike Off,51109,PHARMA_CORPORATE_ENTITY,525,1000000.0,Karnataka
U52100KA2020PTC141838,SALTS PHARMA PRIVATE LIMITED,Active,52100,PHARMA_CORPORATE_ENTITY,525,1000000.0,Karnataka
U74900KA2015PTC084256,SUZRAYN PHARMA PRIVATE LIMITED,Active,74900,PHARMA_CORPORATE_ENTITY,533,171810.0,Karnataka
U52590KA2015PTC082351,SNIG PHARMA PRIVATE LIMITED,Active,52590,PHARMA_CORPORATE_ENTITY,525,32622280.0,Karnataka
U51909KA2020PTC134950,INFECTIONSHIELD BIOTECH PRIVATE LIMITED,Strike Off,51909,PHARMA_CORPORATE_ENTITY,525,103510.0,Karnataka
U74999KA2012PTC065326,KK PHARMA ENGINEERING SOLUTIONS PRIVATE LIMITED,Strike Off,74999,PHARMA_CORPORATE_ENTITY,525,100000.0,Karnataka
U74900KA2016PTC085689,AROGYASPARSHA HEALTHCARE PRIVATE LIMITED,Active,74900,NAME_BASED_MATCH,536,100000.0,Karnataka
U74999KA2011PTC061174,PATCURE PHARMACEUTICALS (BELGAUM) PRIVATE LIMITED,Active,74999,PHARMA_CORPORATE_ENTITY,525,100000.0,Karnataka
U86909KA2023PTC174512,FAZCO HEALTHCARE PRIVATE LIMITED,Active,86909,NAME_BASED_MATCH,525,100000.0,Karnataka
ACX-7395,PUSHTITHA PHARMA LLP,Active,nan,PHARMA_CORPORATE_ENTITY,525,0.0,Karnataka
ACY-4746,SHRIPHARMA ASSOCIATES LLP,Active,nan,PHARMA_CORPORATE_ENTITY,525,0.0,Karnataka
L21014KA1980PLC003842,SHETRON LIMITED,Active,21014,DIRECT_NIC_PHARMA_MANUFACTURER,525,90033000.0,Karnataka
U70200KA2026FTC218396,SAMMA PHARMA INDIA PRIVATE LIMITED,Active,70200,PHARMA_CORPORATE_ENTITY,525,10000000.0,Karnataka
U80902KA2020PTC142803,CODEZI HEALTHCARE SOLUTIONS PRIVATE LIMITED,Strike Off,80902,NAME_BASED_MATCH,525,30000.0,Karnataka
U51101KA2015PTC078165,MEDSERVE CHEMIST AND DRUGGIST INDIA PRIVATE LIMITED,Strike Off,51101,PHARMA_CORPORATE_ENTITY,525,500000.0,Karnataka
U47720KA2024PTC184076,TRULIT HERBALS PRIVATE LIMITED,Active,47720,NAME_BASED_MATCH,525,100000.0,Karnataka
U47721KA2024PTC188681,AYODYA PHARMACEUTICALS PRIVATE LIMITED,Active,47721,PHARMA_CORPORATE_ENTITY,525,100000.0,Karnataka
U47721KA2024PTC193962,PANS MEDTECH PRIVATE LIMITED,Active,47721,NAME_BASED_MATCH,525,100000.0,Karnataka
U47721KA2025PTC199724,SUBHA CHETHAN PHARMACEUTICALS PRIVATE LIMITED,Active,47721,PHARMA_CORPORATE_ENTITY,525,100000.0,Karnataka
U47721KA2026PTC214508,S PHARMA PRIVATE LIMITED,Active,47721,PHARMA_CORPORATE_ENTITY,525,100000.0,Karnataka
U51909KA1998PTC026098,HERBALIFE INTERNATIONAL INDIA PRIVATE LIMITED,Active,51909,NAME_BASED_MATCH,525,71786250.0,Karnataka
U51909KA2017PTC108347,SIFRA LIFE SCIENCES PRIVATE LIMITED,Active,51909,PHARMA_CORPORATE_ENTITY,525,100000.0,Karnataka
U51909KA2018PTC117267,NIGHTSSABAANDON CONSUMER AND HEALTHCARE PRIVATE LIMITED,Active,51909,NAME_BASED_MATCH,540,100000.0,Karnataka
U51909KA2021PTC148474,MEDRIC HEALTHCARE ENTERPRISES PRIVATE LIMITED,Active,51909,NAME_BASED_MATCH,525,100000.0,Karnataka
U51909KA2021PTC153402,SRN PHARMA PRIVATE LIMITED,Active,51909,PHARMA_CORPORATE_ENTITY,525,100000.0,Karnataka
U51909KA2022OPC162154,MEDOFY HEALTHCARE (OPC) PRIVATE LIMITED,Active,51909,NAME_BASED_MATCH,525,100000.0,Karnataka
U51909KA2021PTC145129,AFFORGEN BIOPHARMA PRIVATE LIMITED,Active,51909,PHARMA_CORPORATE_ENTITY,525,10000.0,Karnataka
U51909KA2022PTC159797,SUSHIV PHARMACEUTICAL PRIVATE LIMITED,Active,51909,PHARMA_CORPORATE_ENTITY,525,100000.0,Karnataka
U51397KA2009PLC050640,WARNER HEALTHCARE LIMITED,Strike Off,51397,NAME_BASED_MATCH,525,500000.0,Karnataka
U51507KA2008FTC047061,FISHER & PAYKEL HEALTHCARE INDIA PRIVATE LIMITED,Active,51507,NAME_BASED_MATCH,525,100000.0,Karnataka
U51599KA2016PTC092842,VIGILOMED PHARMACUETICALS INDIA PRIVATE LIMITED,Active,51599,PHARMA_CORPORATE_ENTITY,525,500000.0,Karnataka
U51909KA1997PTC022665,NEETU HERBAL CARE PRIVATE LIMITED,Strike Off,51909,NAME_BASED_MATCH,738,10000.0,Karnataka
U74900KA2016FTC085919,TRANSFORMATIVE PHARMACEUTICAL SOLUTIONS INDIA PRIVATE LIMITED,Active,74900,PHARMA_CORPORATE_ENTITY,525,100000.0,Karnataka
U74900KA2016PTC086172,DUNE PATH HEALTHCARE PRIVATE LIMITED,Active,74900,NAME_BASED_MATCH,525,100000.0,Karnataka
U74900KA2016PTC086690,RASIYA AYURVED PRIVATE LIMITED,Strike Off,74900,NAME_BASED_MATCH,525,1000000.0,Karnataka
U74999KA2016PTC095579,SPATIKA LIFE SCIENCES PRIVATE LIMITED,Active,74999,PHARMA_CORPORATE_ENTITY,525,100000.0,Karnataka
U74999KA2016PTC098726,TMI HEALTHCARE ECOSYSTEMS PRIVATE LIMITED,Strike Off,74999,NAME_BASED_MATCH,525,100000.0,Karnataka
U74999KA2011PTC059704,KEYSTONE HEALTHCARE TECHNOLOGIES PRIVATE LIMITED,Active,74999,NAME_BASED_MATCH,525,142860.0,Karnataka
U74999KA2016PTC097264,SCANROOF LIFE SCIENCES PRIVATE LIMITED,Active,74999,PHARMA_CORPORATE_ENTITY,525,100000.0,Karnataka
U86900KA2024PTC185736,VIJURANA HEALTHCARE PRIVATE LIMITED,Active,86900,NAME_BASED_MATCH,525,10000.0,Karnataka
U86905KA2025PTC207997,NUCLEOTIDE HEALTHCARE PRIVATE LIMITED,Active,86905,NAME_BASED_MATCH,550,100000.0,Karnataka
U93090KA2002PTC030306,VARSHA DIAGNOSTIC CENTRE PRIVATE LIMITED,Strike Off,93090,NAME_BASED_MATCH,525,500000.0,Karnataka
U24100KA2020PTC191552,APICEM PHARMACEUTICALS PRIVATE LIMITED,Active,24100,PHARMA_CORPORATE_ENTITY,525,100000.0,Karnataka
U24119KA1985PTC007004,MARIE CURIE PHARMA PRIVATE LIMITED,Strike Off,24119,PHARMA_CORPORATE_ENTITY,525,200.0,Karnataka
U24230KA2012PTC063724,VET CURE LIFE SCIENCES PRIVATE LIMITED,Strike Off,24230,DIRECT_NIC_PHARMA_MANUFACTURER,525,150000.0,Karnataka
U24230KA2015PTC082350,MIRANA INDUSTRIES PRIVATE LIMITED,Active,24230,DIRECT_NIC_PHARMA_MANUFACTURER,525,2252500.0,Karnataka
U24230KA2015PTC082919,ANUBIS PHARMACEUTICAL PRIVATE LIMITED,Strike Off,24230,DIRECT_NIC_PHARMA_MANUFACTURER,525,100000.0,Karnataka
U24230KA2018PTC119625,S.M. PHARMACEUTICALS PRIVATE LIMITED,Under CIRP,24230,DIRECT_NIC_PHARMA_MANUFACTURER,525,55000000.0,Karnataka
U24230KA2022PTC166658,INDO BEST PHARMACEUTICALS PRIVATE LIMITED,Active,24230,DIRECT_NIC_PHARMA_MANUFACTURER,525,100000.0,Karnataka
U24231KA1994PTC015414,TORE LABORATORIES PRIVATE LIMITED,Strike Off,24231,DIRECT_NIC_PHARMA_MANUFACTURER,525,2000.0,Karnataka
U24231KA1996PTC019719,LE INNOVATIVE PHARMA PRIVATE LIMITED,Strike Off,24231,DIRECT_NIC_PHARMA_MANUFACTURER,525,330400.0,Karnataka
U24231KA2008PTC045884,BIO-GEN COASTAL INGREDIENTS PRIVATE LIMITED,Under process of striking off,24231,DIRECT_NIC_PHARMA_MANUFACTURER,525,100000.0,Karnataka
U24232KA2005PLC036574,BIO CURE HEALTH SCIENCES LIMITED,Strike Off,24232,DIRECT_NIC_PHARMA_MANUFACTURER,525,1000000.0,Karnataka
U24232KA2007PTC042578,DYNA VISION HEALTHCARE PRIVATE LIMITED,Strike Off,24232,DIRECT_NIC_PHARMA_MANUFACTURER,525,100000.0,Karnataka
U24232KA2008PTC046973,SUNPAB HEALTH (INDIA) PRIVATE LIMITED,Strike Off,24232,DIRECT_NIC_PHARMA_MANUFACTURER,525,0.0,Karnataka
U24232KA2012PTC061980,SAPPHIRE BIO CHEM PRIVATE LIMITED,Strike Off,24232,DIRECT_NIC_PHARMA_MANUFACTURER,546,100000.0,Karnataka
U24233KA2012PTC065387,PHARX PHARMACEUTICALS PRIVATE LIMITED,Strike Off,24233,DIRECT_NIC_PHARMA_MANUFACTURER,525,1000000.0,Karnataka
U24290KA2018PTC119794,BIOLIFT PHARMA PRIVATE LIMITED,Active,24290,PHARMA_CORPORATE_ENTITY,525,100000.0,Karnataka
U24290KA2021PTC153295,ZARDEN PHARMA PRIVATE LIMITED,Active,24290,PHARMA_CORPORATE_ENTITY,549,100000.0,Karnataka
U24290KA2022PTC159656,SERVIR SURGICAL REMEDY PRIVATE LIMITED,Active,24290,NAME_BASED_MATCH,534,1000000.0,Karnataka
U24230KA2015PTC082719,ALBRIGHT LABORATORIES (INDIA) PRIVATE LIMITED,Active,24230,DIRECT_NIC_PHARMA_MANUFACTURER,538,100000.0,Karnataka
U24231KA1991PTC011902,SUMMITH PHARMACEUTICALS PRIVATE LIMITED,Strike Off,24231,DIRECT_NIC_PHARMA_MANUFACTURER,525,2000.0,Karnataka
U24231KA2002PTC030849,WEXFORD LABORATORIES PRIVATE LIMITED,Active,24231,DIRECT_NIC_PHARMA_MANUFACTURER,525,7215120.0,Karnataka
U24231KA2006PTC038261,ARISTOGENE BIOSCIENCES PRIVATE LIMITED,Active,24231,DIRECT_NIC_PHARMA_MANUFACTURER,525,4190000.0,Karnataka
U24232KA1990PTC010674,VARSHA DYE-CHEM PRIVATE LIMITED,Active,24232,DIRECT_NIC_PHARMA_MANUFACTURER,525,0.0,Karnataka
U24232KA2005PTC036125,ALTEON HEALTHCARE PRIVATE LIMITED,Strike Off,24232,DIRECT_NIC_PHARMA_MANUFACTURER,525,100000.0,Karnataka
U24232KA2009PTC050124,DR. CURE PHARMACEUTICALS (INDIA) PRIVATE LIMITED,Active,24232,DIRECT_NIC_PHARMA_MANUFACTURER,525,300000.0,Karnataka
U24232KA2011PTC057739,CASCADES PHARMACEUTICALS PRIVATE LIMITED,Strike Off,24232,DIRECT_NIC_PHARMA_MANUFACTURER,525,100000.0,Karnataka
U24234KA2008PTC045070,SANGENOMICS RESEARCH LABS PRIVATE LIMITED,Strike Off,24234,DIRECT_NIC_PHARMA_MANUFACTURER,525,100000.0,Karnataka
U24239KA2020PTC137602,NATURAL BIOGENEX PRIVATE LIMITED,Active,24239,DIRECT_NIC_PHARMA_MANUFACTURER,525,688900760.0,Karnataka
U24304KA2017PTC103260,IBB COSMETIC AND PHARMACEUTICALS MANUFACTURING PRIVATE LIMITED,Strike Off,24304,PHARMA_CORPORATE_ENTITY,525,500000.0,Karnataka
U26516KA2023OPC181091,SRI VIVEKANANDA RESEARCH LABORATORIES (OPC) PRIVATE LIMITED,Active,26516,PHARMA_CORPORATE_ENTITY,525,50000.0,Karnataka
U51109KA2012PTC062321,ESSENCE HEALTHCARE INDIA PRIVATE LIMITED,Active,51109,NAME_BASED_MATCH,525,1900000.0,Karnataka
U51397KA2010PTC055190,SPLENDINA HEALTHCARE PRIVATE LIMITED,Strike Off,51397,NAME_BASED_MATCH,525,500000.0,Karnataka
U51397KA2013PTC071890,SHINEMAX PHARMA (INDIA) PRIVATE LIMITED,Active,51397,PHARMA_CORPORATE_ENTITY,525,100000.0,Karnataka
U74999KA2020PTC138796,MEDIDENT HEALTHCARE PRIVATE LIMITED,Active,74999,NAME_BASED_MATCH,545,100000.0,Karnataka
U47721KA2024PTC183646,BLISKCON PHARMACEUTICALS PRIVATE LIMITED,Active,47721,PHARMA_CORPORATE_ENTITY,525,100000.0,Karnataka
U47721KA2025PTC196531,MEDHOC PHARMACEUTICALS PRIVATE LIMITED,Active,47721,PHARMA_CORPORATE_ENTITY,525,1000000.0,Karnataka
U51397KA2013PTC070047,MESHKE BIOTECH PRIVATE LIMITED,Active,51397,PHARMA_CORPORATE_ENTITY,525,100000.0,Karnataka
U51909KA2016PTC097451,ATTIS GLOBAL PHARMA PRIVATE LIMITED,Active,51909,PHARMA_CORPORATE_ENTITY,525,100000.0,Karnataka
U51909KA2019PTC127649,BIOREN PHARMA PRIVATE LIMITED,Strike Off,51909,PHARMA_CORPORATE_ENTITY,525,100000.0,Karnataka
U51909KA2018PTC112313,AROVED HEALTHCARE PRIVATE LIMITED,Active,51909,NAME_BASED_MATCH,525,3500000.0,Karnataka
U52590KA2013PTC072212,TIGER PHARMA PRIVATE LIMITED,Strike Off,52590,PHARMA_CORPORATE_ENTITY,525,100000.0,Karnataka
U74999KA2012PTC063045,JMS BIOTECH PRIVATE LIMITED,Active,74999,PHARMA_CORPORATE_ENTITY,525,2000000.0,Karnataka
U86900KA2024PTC185955,MEHARIA HEALTHCARE INDIA PRIVATE LIMITED,Active,86900,NAME_BASED_MATCH,525,100000.0,Karnataka
U86900KA2024PTC190092,SARVFIT HEALTHCARE PRIVATE LIMITED,Active,86900,NAME_BASED_MATCH,525,1000000.0,Karnataka
U86900KA2025PTC199768,WASAKE HEALTHCARE PRIVATE LIMITED,Active,86900,NAME_BASED_MATCH,525,100000.0,Karnataka
U86905KA2023PTC181810,ASTHRA HEALTHCARE SERVICES PRIVATE LIMITED,Active,86905,NAME_BASED_MATCH,525,100000.0,Karnataka
U86905KA2025PTC202143,OLIVECARE WELLNESS AND DIAGNOSTICS PRIVATE LIMITED,Active,86905,NAME_BASED_MATCH,525,100000.0,Karnataka
U86909KA2023PTC172585,BALLOON HEALTHCARE PRIVATE LIMITED,Active,86909,NAME_BASED_MATCH,525,500000.0,Karnataka
U86201KA2025OPC201985,SVASAMVEDA LIFE SCIENCES (OPC) PRIVATE LIMITED,Active,86201,PHARMA_CORPORATE_ENTITY,525,100000.0,Karnataka
U90000KA2022PTC156363,BIOTECH ENVIRON SOLUTIONS PRIVATE LIMITED,Active,90000,PHARMA_CORPORATE_ENTITY,525,100000.0,Karnataka
U46909KA2023PTC172163,AVENTOS PHARMACEUTICALS PRIVATE LIMITED,Active,46909,PHARMA_CORPORATE_ENTITY,525,20000.0,Karnataka
U47721KA2023PTC176336,CAPSQUICK PHARMA PRIVATE LIMITED,Active,47721,PHARMA_CORPORATE_ENTITY,525,10000.0,Karnataka
U47721KA2025PTC211582,CURE PLUS BIOTECH PRIVATE LIMITED,Active,47721,PHARMA_CORPORATE_ENTITY,525,1000000.0,Karnataka
U47721KA2025PTC212712,ATLANTIS BIOPHARMA PRIVATE LIMITED,Active,47721,PHARMA_CORPORATE_ENTITY,525,100000.0,Karnataka
U51397KA2009PTC051209,ZENMAC LABORATORIES PRIVATE LIMITED,Active,51397,PHARMA_CORPORATE_ENTITY,544,1000000.0,Karnataka
U51507KA2003PTC031827,SUBHADRA BIOTECHNOLOGIES PRIVATE LIMITED,Strike Off,51507,PHARMA_CORPORATE_ENTITY,525,100000.0,Karnataka
U51101KA2013PTC069282,ANESMED HEALTHCARE (INDIA) PRIVATE LIMITED,Strike Off,51101,NAME_BASED_MATCH,525,500000.0,Karnataka
U51909KA2018PTC118216,KINSLEY LIFECARE PHARMA PRIVATE LIMITED,Active,51909,PHARMA_CORPORATE_ENTITY,525,100000.0,Karnataka
U51909KA2020PTC141026,5S PHARMA DISTRIBUTIONS PRIVATE LIMITED,Active,51909,PHARMA_CORPORATE_ENTITY,525,1600000.0,Karnataka
U51109KA2016PTC085834,PLUSBAZAAR PHARMA PRODUCTS PRIVATE LIMITED,Active,51109,PHARMA_CORPORATE_ENTITY,525,100000.0,Karnataka
U51909KA2022PTC158204,BIO-LIGHT PHARMA PRIVATE LIMITED,Active,51909,PHARMA_CORPORATE_ENTITY,525,10000.0,Karnataka
U52202KA2022PTC163107,MAA AMBIKA PHARMA PRIVATE LIMITED,Active,52202,PHARMA_CORPORATE_ENTITY,525,100000.0,Karnataka
U52310KA2011PTC061628,RIHANNA HEALTHCARE SOLUTIONS PRIVATE LIMITED,Strike Off,52310,NAME_BASED_MATCH,525,100000.0,Karnataka
U51909KA2016PTC095207,CANPHARMA LABS PRIVATE LIMITED,Active,51909,PHARMA_CORPORATE_ENTITY,525,1000000.0,Karnataka
U74900KA2019PTC129921,ILACH HEALTHCARE PRIVATE LIMITED,Active,74900,NAME_BASED_MATCH,525,1400000.0,Karnataka
U51909KA2020PTC141981,LIKHA PHARMACEUTICALS PRIVATE LIMITED,Active,51909,PHARMA_CORPORATE_ENTITY,525,100000.0,Karnataka
U51909KA2021PTC144979,DOCTORWEB PHARMA PRIVATE LIMITED,Active,51909,PHARMA_CORPORATE_ENTITY,534,100000.0,Karnataka
U86909KA2025PTC213231,TRAYEE PHARMA CONSULTANCY SERVICES PRIVATE LIMITED,Active,86909,PHARMA_CORPORATE_ENTITY,525,10000.0,Karnataka
U86909KA2026PTC214574,AGNICEL HEALTHCARE PRIVATE LIMITED,Active,86909,NAME_BASED_MATCH,525,100000.0,Karnataka
U86909KA2026PTC216891,SHARANSHANTA HEALTHCARE PRIVATE LIMITED,Active,86909,NAME_BASED_MATCH,525,1500000.0,Karnataka
U90009KA2021PTC150121,BIOTECH ENVIRON ENGINEERING PRIVATE LIMITED,Active,90009,PHARMA_CORPORATE_ENTITY,525,100000.0,Karnataka
U93190KA2001PTC029006,BIOPHARMA INFORMATICS PRIVATE LIMITED,Active,93190,PHARMA_CORPORATE_ENTITY,525,300000.0,Karnataka
U96020KA2025PTC212453,NDV HEALTHCARE & AESTHETICS PRIVATE LIMITED,Active,96020,NAME_BASED_MATCH,525,20000.0,Karnataka
U24100KA2014OPC075190,SEARCHMEDICINES TECHNOLOGIES PRIVATE LIMITED (OPC),Strike Off,24100,PHARMA_CORPORATE_ENTITY,525,0.0,Karnataka
U24119KA1985PTC006714,ELEGANT BIOTECH PRIVATE LIMITED,Strike Off,24119,PHARMA_CORPORATE_ENTITY,525,0.0,Karnataka
U24132KA2011PTC061675,CHOUDHARI DRUG DISTRIBUTORS PRIVATE LIMITED,Active,24132,PHARMA_CORPORATE_ENTITY,525,600000.0,Karnataka
U24230KA2015PTC078753,GENWORKS HEALTH PRIVATE LIMITED,Active,24230,DIRECT_NIC_PHARMA_MANUFACTURER,525,30000000.0,Karnataka
U24230KA2020PTC141490,LN LIFE SCIENCES PRIVATE LIMITED,Active,24230,DIRECT_NIC_PHARMA_MANUFACTURER,525,100000.0,Karnataka
U24231KA1977PTC003217,TWINKANHAM PHARMACEUTICALS PRIVATE LIMITED,Under process of striking off,24231,DIRECT_NIC_PHARMA_MANUFACTURER,525,700.0,Karnataka
U24231KA1983PTC005122,BRINDAVAN CHEMICALS AND MINERALS PRIVATE LIMITED,Active,24231,DIRECT_NIC_PHARMA_MANUFACTURER,525,997500.0,Karnataka
U24231KA1994PTC015884,ORCINE PHARMA PRIVATE LIMITED,Strike Off,24231,DIRECT_NIC_PHARMA_MANUFACTURER,525,350000.0,Karnataka
U24231KA2004PTC034203,SKYLINE HYGIENIC SERVICES PRIVATE LIMITED,Strike Off,24231,DIRECT_NIC_PHARMA_MANUFACTURER,525,100000.0,Karnataka
U24232KA2008PTC048422,SENSES PHARMACEUTICALS PRIVATE LIMITED,Active,24232,DIRECT_NIC_PHARMA_MANUFACTURER,525,1112440.0,Karnataka
U24233KA2014PTC074226,AYURVEDA ONE PRIVATE LIMITED,Active,24233,DIRECT_NIC_PHARMA_MANUFACTURER,525,985000.0,Karnataka
U24234KA2021PTC151668,MAXACE PHARMA PRIVATE LIMITED,Active,24234,DIRECT_NIC_PHARMA_MANUFACTURER,525,100000.0,Karnataka
U24235KA2005PTC037132,CUITE CARE LABS PRIVATE LIMITED,Active,24235,DIRECT_NIC_PHARMA_MANUFACTURER,525,100000.0,Karnataka
U24236KA1995PTC017691,TECHNODENT EQUIPMENTS PRIVATE LIMITED,Active,24236,DIRECT_NIC_PHARMA_MANUFACTURER,738,500000.0,Karnataka
U24236KA1995PTC018445,MAHAJAN MEDICAL SYSTEMS PRIVATE LIMITED,Active,24236,DIRECT_NIC_PHARMA_MANUFACTURER,525,500000.0,Karnataka
U24239KA1990PTC010804,KEVER PHARMA PRIVATE LIMITED,Active,24239,DIRECT_NIC_PHARMA_MANUFACTURER,529,20000000.0,Karnataka
U24299KA1995PTC018875,R.H.PHARMACHEM PRIVATE LIMITED,Strike Off,24299,PHARMA_CORPORATE_ENTITY,525,10000.0,Karnataka
U24304KA2018PTC110510,KYNTOX BIOTECH INDIA PRIVATE LIMITED,Active,24304,PHARMA_CORPORATE_ENTITY,525,100000.0,Karnataka
U24304KA2020PTC138371,PHARMASTAR RESEARCH LABS PRIVATE LIMITED,Strike Off,24304,PHARMA_CORPORATE_ENTITY,525,100000.0,Karnataka
U24304KA2022PTC157633,VALVEDO PHARMACEUTICALS PRIVATE LIMITED,Active,24304,PHARMA_CORPORATE_ENTITY,525,300000.0,Karnataka
U24230KA2015PTC082209,CADOMAX HEALTHCARE PRIVATE LIMITED,Active,24230,DIRECT_NIC_PHARMA_MANUFACTURER,535,500000.0,Karnataka
U24230KA2022PTC167144,CASPASE PHARMACEUTICALS PRIVATE LIMITED,Active,24230,DIRECT_NIC_PHARMA_MANUFACTURER,525,100000.0,Karnataka
U24231KA1972PTC002161,IDEAL INDIGENOUS PHARMAECUTICALS PRIVATE LIMITED,Strike Off,24231,DIRECT_NIC_PHARMA_MANUFACTURER,525,1000000.0,Karnataka
U24231KA1986PTC007481,DATTATHREYA HILL PLANTS PRIVATE LIMITED,Strike Off,24231,DIRECT_NIC_PHARMA_MANUFACTURER,525,1000.0,Karnataka
U24232KA1995PTC017729,SOUTHERN FORMULATIONS PRIVATE LIMITED,Active,24232,DIRECT_NIC_PHARMA_MANUFACTURER,525,460000.0,Karnataka
U24232KA2004PTC033578,BIOPLUS LIFE SCIENCES PRIVATE LIMITED,Active,24232,DIRECT_NIC_PHARMA_MANUFACTURER,525,30000000.0,Karnataka
U24232KA2008PTC045709,SOLARIUM PHARMACEUTICALS PRIVATE LIMITED,Strike Off,24232,DIRECT_NIC_PHARMA_MANUFACTURER,525,0.0,Karnataka
U24232KA2014PTC072893,KAVERI LIFESCIENCES PRIVATE LIMITED,Strike Off,24232,DIRECT_NIC_PHARMA_MANUFACTURER,525,300000.0,Karnataka
U24233KA2014PTC074951,PURNAYU BIO SCIENCE PRIVATE LIMITED,Active,24233,DIRECT_NIC_PHARMA_MANUFACTURER,525,100000.0,Karnataka
U24239KA2021PTC152984,TRESH PHARMACEUTICALS PRIVATE LIMITED,Active,24239,DIRECT_NIC_PHARMA_MANUFACTURER,527,100000.0,Karnataka
U24290KA2022PTC159666,VVIO PHARMACEUTICALS PRIVATE LIMITED,Active,24290,PHARMA_CORPORATE_ENTITY,525,100000.0,Karnataka
U24299KA2016PTC098575,RAIYAAN INTERNATIONAL CORPORATE FOR HEALTHCARE (RICH) PRIVATE LIMITED,Active,24299,NAME_BASED_MATCH,525,1000000.0,Karnataka
U24299KA2021PTC153948,BIOESSENTIA LIFE SCIENCES PRIVATE LIMITED,Active,24299,PHARMA_CORPORATE_ENTITY,525,300000.0,Karnataka
U24299KA2022PTC156698,CORNERSTONE THERAPEUTICS PRIVATE LIMITED,Active,24299,PHARMA_CORPORATE_ENTITY,525,100000.0,Karnataka
U24299KA2022PTC160003,WEGHA HERBALS PRIVATE LIMITED,Active,24299,NAME_BASED_MATCH,536,100000.0,Karnataka
U24304KA2021FTC147384,CORERX PHARMA INDIA PRIVATE LIMITED,Active,24304,PHARMA_CORPORATE_ENTITY,525,100000.0,Karnataka
U51109KA2016PTC087251,AAVHANZR PHARMACEUTICALS PRIVATE LIMITED,Active,51109,PHARMA_CORPORATE_ENTITY,525,3800000.0,Karnataka
ACU-7871,NUVERA HEALTHCARE LLP,Active,nan,NAME_BASED_MATCH,525,0.0,Karnataka
ACW-6000,MEDPOP BIOTECH LLP,Active,nan,PHARMA_CORPORATE_ENTITY,525,0.0,Karnataka
U72900KA2007PTC158284,VNURTURE HEALTHCARE SOFTWARE SOLUTIONS PRIVATE LIMITED,Active,72900,NAME_BASED_MATCH,525,517820.0,Karnataka
U72900KA2014PTC076679,NEETI HEALTHCARE TECHNOLOGIES PRIVATE LIMITED,Active,72900,NAME_BASED_MATCH,525,100000.0,Karnataka
U72900KA2019PTC125353,AAYU HEALTHCARE PRIVATE LIMITED,Strike Off,72900,NAME_BASED_MATCH,525,100000.0,Karnataka
U74900KA2015PTC080077,EQUINE BIOTECH PRIVATE LIMITED,Active,74900,PHARMA_CORPORATE_ENTITY,525,100000.0,Karnataka
U74999KA2017PTC099025,BLACK FOREST HERBALS PRIVATE LIMITED,Strike Off,74999,NAME_BASED_MATCH,525,10100.0,Karnataka
U33125KA1947PTC000496,GENERAL ESSENTIALS MANUFACFTURING COMPAN Y AND LABORATORIES PRIVATE LIMITED,Strike Off,33125,PHARMA_CORPORATE_ENTITY,525,100000.0,Karnataka
AAD-1457,Q. R. LIFE SCIENCES LLP,Active,nan,PHARMA_CORPORATE_ENTITY,525,0.0,Karnataka
AAG-9731,ADITRI HEALTHCARE LLP,Active,nan,NAME_BASED_MATCH,545,0.0,Karnataka
U72900KA2019PTC123164,MASANTH HEALTHCARE PRIVATE LIMITED,Strike Off,72900,NAME_BASED_MATCH,525,100000.0,Karnataka
U74999KA2018PTC112835,RAYCHARGE PHARMA PRIVATE LIMITED,Strike Off,74999,PHARMA_CORPORATE_ENTITY,525,100000.0,Karnataka
U74999KA2018PTC113610,APTICON HEALTHCARE PRIVATE LIMITED,Strike Off,74999,NAME_BASED_MATCH,525,100000.0,Karnataka
U72900KA2022OPC162094,NUANCE WORKFORCE LABORATORIES (OPC) PRIVATE LIMITED,Active,72900,PHARMA_CORPORATE_ENTITY,525,100000.0,Karnataka
U86202KA2024PTC191252,HOMOSAPIENS HEALTHCARE PRIVATE LIMITED,Active,86202,NAME_BASED_MATCH,525,100000.0,Karnataka
U86905KA2024PTC195294,VDC IMAGING SOLUTIONS AND HEALTHCARE PRIVATE LIMITED,Active,86905,NAME_BASED_MATCH,525,100000.0,Karnataka
U86905KA2025PTC198116,SPECTRUM DIAGNOSTICS AND HEALTH CARE PRIVATE LIMITED,Active,86905,NAME_BASED_MATCH,525,1000000.0,Karnataka
U93090KA2018PTC111633,RUFAIDA HEALTHCARE PRIVATE LIMITED,Active,93090,NAME_BASED_MATCH,525,12490000.0,Karnataka
U74999KA2016FTC093671,WELMEDIX HEALTHCARE PRIVATE LIMITED,Dissolved (Liquidated),74999,NAME_BASED_MATCH,525,200000.0,Karnataka
U74999KA2016PLC097581,CODIYA PHARMA LIMITED,Active,74999,PHARMA_CORPORATE_ENTITY,525,2500000.0,Karnataka
U73200KA2014PTC073657,SANORVA BIOTECH PRIVATE LIMITED,Active,73200,PHARMA_CORPORATE_ENTITY,525,100000.0,Karnataka
U73200KA2019PTC123456,ARTELUS BIOTECH INNOVATIONS PRIVATE LIMITED,Strike Off,73200,PHARMA_CORPORATE_ENTITY,525,100000.0,Karnataka
U74140KA2015PTC080388,SV - ROOTS HEALTHCARE PRIVATE LIMITED,Active,74140,NAME_BASED_MATCH,525,100000.0,Karnataka
U74900KA2009PTC051149,MARUTI FUTURISTIC PHARMA PRIVATE LIMITED,Active,74900,PHARMA_CORPORATE_ENTITY,525,200000.0,Karnataka
U74999KA2017PTC104051,GVK PHARMA PRIVATE LIMITED,Active,74999,PHARMA_CORPORATE_ENTITY,525,100000.0,Karnataka
U74999KA2017PTC107152,DSG HERBAL PRODUCTS PRIVATE LIMITED,Strike Off,74999,NAME_BASED_MATCH,525,50000.0,Karnataka
U74999KA2018PTC112010,COM BIOTECH PRIVATE LIMITED,Active,74999,PHARMA_CORPORATE_ENTITY,525,10000000.0,Karnataka
U87200KA2026PTC215481,ETHIQRA HEALTHCARE SERVICES PRIVATE LIMITED,Active,87200,NAME_BASED_MATCH,525,10000.0,Karnataka
U93090KA2017PTC101505,VIKRANTH USHA HEALTHCARE PRIVATE LIMITED,Active,93090,NAME_BASED_MATCH,525,5000000.0,Karnataka
U74900KA2011PTC057327,CADOMED PHARMACEUTICALS INDIA PRIVATE LIMITED,Active,74900,PHARMA_CORPORATE_ENTITY,545,1000000.0,Karnataka
U74900KA2012PTC063566,SCRAPBOTICS LABORATORIES PRIVATE LIMITED,Active,74900,PHARMA_CORPORATE_ENTITY,525,100000.0,Karnataka
U74900KA2014PTC074348,CARDIAC DIAGNOSTICS AND SERVICES PRIVATE LIMITED,Active,74900,NAME_BASED_MATCH,525,100000.0,Karnataka
U74999KA2017PTC100382,ANUCHETHANA HEALTHCARE PRIVATE LIMITED,Strike Off,74999,NAME_BASED_MATCH,542,100000.0,Karnataka
U74999KA2018PTC109984,TBH HEALTHCARE PRIVATE LIMITED,Active,74999,NAME_BASED_MATCH,525,100000.0,Karnataka
U74999KA2019PTC129250,ULTRAHUMAN HEALTHCARE PRIVATE LIMITED,Active,74999,NAME_BASED_MATCH,525,833878.0,Karnataka
U74999KA2020OPC132865,ARKA HERBALS (OPC) PRIVATE LIMITED,Active,74999,NAME_BASED_MATCH,525,50000.0,Karnataka
U73100KA2019PTC127476,ELCHEMYC BIOTECHNOLOGY PRIVATE LIMITED,Active,73100,PHARMA_CORPORATE_ENTITY,525,100000.0,Karnataka
U86905KA2025PTC199636,SPM ONE LABORATORIES PRIVATE LIMITED,Active,86905,PHARMA_CORPORATE_ENTITY,525,100000.0,Karnataka
U74900KA2016NPL086274,OPEN SOURCE PHARMA FOUNDATION,Active,74900,PHARMA_CORPORATE_ENTITY,525,0.0,Karnataka
U74999KA2016PTC098030,RAJATHANABHI HEALTHCARE PRIVATE LIMITED,Active,74999,NAME_BASED_MATCH,525,100000.0,Karnataka
U74999KA2016PTC098807,AMJANYA HEALTHCARE VENTURES PRIVATE LIMITED,Strike Off,74999,NAME_BASED_MATCH,525,100000.0,Karnataka
U74900KA2013PTC072616,APPLIED GENETICS DIAGNOSTICS INDIA PRIVATE LIMITED,Strike Off,74900,NAME_BASED_MATCH,525,5299900.0,Karnataka
U74900KA2014PTC074565,RPS HEALTHCARE PRIVATE LIMITED,Active,74900,NAME_BASED_MATCH,525,1000000.0,Karnataka
U74999KA2017PTC102957,PRAGYAN PHARMACEUTICALS PRIVATE LIMITED,Active,74999,PHARMA_CORPORATE_ENTITY,542,100000.0,Karnataka
U74999KA2017PTC107096,ADISATTVA HEALTHCARE PRIVATE LIMITED,Active,74999,NAME_BASED_MATCH,525,100000.0,Karnataka
U74999KA2017PTC108032,READY MEDICINE PRIVATE LIMITED,Strike Off,74999,PHARMA_CORPORATE_ENTITY,525,1000000.0,Karnataka
U74999KA2018PTC109558,MEL MED HEALTHCARE PRIVATE LIMITED,Active,74999,NAME_BASED_MATCH,525,100000.0,Karnataka
U86202KA2024PTC187808,DIBELLA HEALTHCARE PRIVATE LIMITED,Strike Off,86202,NAME_BASED_MATCH,525,1500000.0,Karnataka
U86900KA2024PTC187642,SISUSHI HEALTHCARE SOLUTIONS PRIVATE LIMITED,Active,86900,NAME_BASED_MATCH,549,21000.0,Karnataka
U86905KA2023PTC179340,NEULABS INDIA LIFE SCIENCES PRIVATE LIMITED,Active,86905,PHARMA_CORPORATE_ENTITY,525,10000.0,Karnataka
U93000KA2014PTC073912,PRAIRIE HEALTHCARE PRIVATE LIMITED,Strike Off,93000,NAME_BASED_MATCH,525,100000.0,Karnataka
U85110KA2000PTC028040,HYDERABAD KARNATAKA DIAGNOSTICS AND MEDICAL RESEARCH INSTITUTE PRIVATE LIMITED,Strike Off,85110,NAME_BASED_MATCH,525,7195000.0,Karnataka
U85110KA2006PTC038381,IMED HEALTHCARE PRIVATE LIMITED,Active,85110,NAME_BASED_MATCH,525,7972760.0,Karnataka
U85110KA2009PTC051214,SAHYADRI HEALTHCARE & DIAGNOSTICS PRIVATE LIMITED,Active,85110,NAME_BASED_MATCH,525,6310000.0,Karnataka
U85110KA2012PTC062266,DIVYASAI TEJ AYURVEDIC NUTRACEUTICAL PRIVATE LIMITED,Strike Off,85110,NAME_BASED_MATCH,525,100000.0,Karnataka
U85190KA2008PTC053507,MITRA LIFE SCIENCES INDIA PRIVATE LIMITED,Strike Off,85190,PHARMA_CORPORATE_ENTITY,525,501000.0,Karnataka
U85190KA2022PTC165328,DIGNITAS HEALTHCARE PRIVATE LIMITED,Active,85190,NAME_BASED_MATCH,525,100000.0,Karnataka
U15549KA2018PTC111379,RISHYAASHRINGA HERBAL PRODUCTS PRIVATE LIMITED,Strike Off,15549,NAME_BASED_MATCH,525,85000.0,Karnataka
U85300KA2022PTC165674,COSMORAD HOLISTIC HEALTHCARE PRIVATE LIMITED,Active,85300,NAME_BASED_MATCH,525,100000.0,Karnataka
U73100KA2007PTC042504,SAFE THERAPEUTICS PRIVATE LIMITED,Strike Off,73100,PHARMA_CORPORATE_ENTITY,738,0.0,Karnataka
U73100KA2011PTC057155,CLINICA PHARMA RESEARCH (INDIA) PRIVATE LIMITED,Strike Off,73100,PHARMA_CORPORATE_ENTITY,525,100000.0,Karnataka
U73100KA2022PTC163522,VELES THERAPEUTICS PRIVATE LIMITED,Active,73100,PHARMA_CORPORATE_ENTITY,525,100000.0,Karnataka
U86100KA2025PTC203419,DR SUSHMAKASH HEALTHCARE AND AESTHETICS PRIVATE LIMITED,Active,86100,NAME_BASED_MATCH,525,20000.0,Karnataka
U21000KA2008PTC048331,SRI TIRUMALA HITECH PACKAGES PRIVATE LIMITED,Strike Off,21000,DIRECT_NIC_PHARMA_MANUFACTURER,525,100000.0,Karnataka
U86100KA2025PTC206317,SVASTIRA HEALTHCARE PRIVATE LIMITED,Active,86100,NAME_BASED_MATCH,525,10000.0,Karnataka
U21000KA2020PTC131564,GREEN STAR EXPORTS PRIVATE LIMITED,Active,21000,DIRECT_NIC_PHARMA_MANUFACTURER,525,100000.0,Karnataka
U86201KA2024PTC191837,ADRITHI LIFE SCIENCES PRIVATE LIMITED,Active,86201,PHARMA_CORPORATE_ENTITY,525,100000.0,Karnataka
U21001KA2023PTC172412,REMENY PHARMA PRIVATE LIMITED,Active,21001,DIRECT_NIC_PHARMA_MANUFACTURER,525,1000000.0,Karnataka
U21001KA2025PTC202323,CINCOMED HEALTHCARE PRIVATE LIMITED,Active,21001,DIRECT_NIC_PHARMA_MANUFACTURER,525,500000.0,Karnataka
U21001KA2026PTC216021,CHORDIUS BIOPHARMA PRIVATE LIMITED,Active,21001,DIRECT_NIC_PHARMA_MANUFACTURER,525,100000.0,Karnataka
U21002KA2024PTC188946,DOCWISE LIFESCIENCES PRIVATE LIMITED,Active,21002,DIRECT_NIC_PHARMA_MANUFACTURER,525,20000.0,Karnataka
U21014KA1981PTC004446,UKAYS CONTAINERS PRIVATE LIMITED,Strike Off,21014,DIRECT_NIC_PHARMA_MANUFACTURER,525,2000.0,Karnataka
U21014KA1996PTC020006,VARNA FLEXPACK PRIVATE LIMITED,Strike Off,21014,DIRECT_NIC_PHARMA_MANUFACTURER,525,5000.0,Karnataka
U21019KA1988PTC008943,HEGDE SPIZIAL PAPERS PRIVATE LIMITED,Strike Off,21019,DIRECT_NIC_PHARMA_MANUFACTURER,549,2000.0,Karnataka
U21029KA2019PTC129935,JOPACK PRIVATE LIMITED,Active,21029,DIRECT_NIC_PHARMA_MANUFACTURER,525,100000.0,Karnataka
U21098KA1994PTC015666,ARKAVATHY PRODUCTS PRIVATE LIMITED,Strike Off,21098,DIRECT_NIC_PHARMA_MANUFACTURER,525,20.0,Karnataka
U21099KA1990PTC011215,MAHATMA PAPER MILLS PRIVATE LIMITED,Strike Off,21099,DIRECT_NIC_PHARMA_MANUFACTURER,525,2000.0,Karnataka
U22208KA2020PTC141228,CAREMONT MEDTECH PRIVATE LIMITED,Active,22208,NAME_BASED_MATCH,525,100000.0,Karnataka
U62099KA2025FTC203006,IMAGEFIRST HEALTHCARE INDIA PRIVATE LIMITED,Active,62099,NAME_BASED_MATCH,525,100000.0,Karnataka
U85100KA2011PTC059916,MOTHERS VILLAGE HEALTHCARE PRIVATE LIMITED,Strike Off,85100,NAME_BASED_MATCH,525,100000.0,Karnataka
U85100KA2013PTC071790,GENLABS HEALTHCARE PRIVATE LIMITED,Active,85100,NAME_BASED_MATCH,525,11127200.0,Karnataka
U85100KA2013PTC071834,KINOME PHARMA PRIVATE LIMITED,Strike Off,85100,PHARMA_CORPORATE_ENTITY,525,200000.0,Karnataka
U85100KA2014PTC073856,SIDDAGANGA DIAGNOSTIC CENTRE PRIVATE LIMITED,Active,85100,NAME_BASED_MATCH,525,80610000.0,Karnataka
U85100KA2015PTC081596,HEGETINANI HEALTHCARE PRIVATE LIMITED,Active,85100,NAME_BASED_MATCH,525,200.0,Karnataka
U85100KA2016OPC086215,CHAIR HEALTHCARE (OPC) PRIVATE LIMITED,Active,85100,NAME_BASED_MATCH,525,100000.0,Karnataka
U85100KA2017PTC102199,HATHOR HEALTHCARE SERVICES PRIVATE LIMITED,Active,85100,NAME_BASED_MATCH,525,100000.0,Karnataka
U85100KA2018PTC117147,DIMA HEALTHCARE PRIVATE LIMITED,Active,85100,NAME_BASED_MATCH,525,100000.0,Karnataka
U85100KA2018PTC119301,NIRAARYA LIFE SCIENCES PRIVATE LIMITED,Active,85100,PHARMA_CORPORATE_ENTITY,545,1000000.0,Karnataka
U85100KA2021PTC145277,ECTODERM HEALTHCARE PRIVATE LIMITED,Active,85100,NAME_BASED_MATCH,525,100000.0,Karnataka
U85100KA2021PTC149830,SUSHEEL HEALTHCARE PRIVATE LIMITED,Active,85100,NAME_BASED_MATCH,525,100000.0,Karnataka
U85110KA1989PTC009974,R S M PHARMA PRIVATE LIMITED,Active,85110,PHARMA_CORPORATE_ENTITY,525,15000000.0,Karnataka
U85110KA1991PTC011571,SPURTHI DIAGNOSTICS PRIVATE LIMITED,Strike Off,85110,NAME_BASED_MATCH,525,313500.0,Karnataka
U85110KA2013FTC070315,KEF HEALTHCARE INDIA PRIVATE LIMITED,Strike Off,85110,NAME_BASED_MATCH,525,9750690.0,Karnataka
U85110KA2013PTC072389,3K HEALTHCARE PRIVATE LIMITED,Active,85110,NAME_BASED_MATCH,525,20000000.0,Karnataka
U85110KA2014PTC076949,YOGAKSEMA HEALTHCARE PRIVATE LIMITED,Active,85110,NAME_BASED_MATCH,525,805000.0,Karnataka
U85110KA2019PTC127800,WELFINITY HEALTHCARE PRIVATE LIMITED,Active,85110,NAME_BASED_MATCH,525,330552.0,Karnataka
U85110KA2020PTC133437,BRIGID HEALTHCARE AND PHARMA PRIVATE LIMITED,Active,85110,PHARMA_CORPORATE_ENTITY,529,100000.0,Karnataka
U85110KA2021PTC155289,KIND HANDS HEALTHCARE PRIVATE LIMITED,Active,85110,NAME_BASED_MATCH,525,1000000.0,Karnataka
U85110KA2022PTC169714,MEDIBLIS HEALTHCARE PRIVATE LIMITED,Active,85110,NAME_BASED_MATCH,527,100000.0,Karnataka
U85190KA2013PTC068317,SUNETRA HEALTHCARE PRIVATE LIMITED,Strike Off,85190,NAME_BASED_MATCH,525,100000.0,Karnataka
U85195KA2022PTC167592,EINES HEALTHCARE PRIVATE LIMITED,Active,85195,NAME_BASED_MATCH,525,143250.0,Karnataka
U85199KA2007PTC043828,MERGE HEALTHCARE TELERADIOLOGY SERVICES (INDIA) PRIVATE LIMITED,Strike Off,85199,NAME_BASED_MATCH,525,100000.0,Karnataka
U85200KA2019PTC122928,ULEX DIAGNOSTICS CENTRE PRIVATE LIMITED,Active,85200,NAME_BASED_MATCH,525,100000.0,Karnataka
U85300KA2020PTC138340,KIRAN NUCLEAR MEDICINE AND PET CT PRIVATE LIMITED,Active,85300,PHARMA_CORPORATE_ENTITY,525,325000.0,Karnataka
U85300KA2022OPC165974,MAHA GAJANAN HEALTHCARE SERVICES (OPC) PRIVATE LIMITED,Active,85300,NAME_BASED_MATCH,525,25000.0,Karnataka
U85300KA2022PTC158952,ZYMUS HEALTHCARE PRIVATE LIMITED,Active,85300,NAME_BASED_MATCH,525,20000000.0,Karnataka
U85300KA2022PTC159876,FARMICINE HEALTHCARE PRIVATE LIMITED,Active,85300,NAME_BASED_MATCH,525,100000.0,Karnataka
U86100KA2024PTC183423,JIT HEALTHCARE INDIA PRIVATE LIMITED,Active,86100,NAME_BASED_MATCH,525,100000.0,Karnataka
U86100KA2024PTC195412,KIDORA HEALTHCARE PRIVATE LIMITED,Active,86100,NAME_BASED_MATCH,525,500000.0,Karnataka
U86100KA2026PTC219582,SARVODAYA WOMEN'S HEALTHCARE PRIVATE LIMITED,Active,86100,NAME_BASED_MATCH,536,1000000.0,Karnataka
U85100KA2009PTC051251,HAIRLINE DIAGNOSTICS AND HEALTH CARE PRIVATE LIMITED,Active,85100,NAME_BASED_MATCH,525,8100000.0,Karnataka
U85100KA2011PTC061786,CSOFT HEALTHCARE SOLUTIONS PRIVATE LIMITED,Active,85100,NAME_BASED_MATCH,525,18415100.0,Karnataka
U85100KA2015PTC080209,VNP HEALTHCARE PRIVATE LIMITED,Active,85100,NAME_BASED_MATCH,525,5000000.0,Karnataka
U85100KA2017PTC107347,ACP HEALTHCARE PRIVATE LIMITED,Strike Off,85100,NAME_BASED_MATCH,525,100000.0,Karnataka
U85100KA2018PTC110209,SANJADHI HEALTHCARE PRIVATE LIMITED,Active,85100,NAME_BASED_MATCH,525,13000000.0,Karnataka
U85100KA2021PTC145139,CENTXIA HEALTHCARE BUSINESS SOLUTIONS PRIVATE LIMITED,Active,85100,NAME_BASED_MATCH,525,100000.0,Karnataka
U85110KA2013PTC068143,INSCIENCE HEALTHCARE CONSULTING PRIVATE LIMITED,Active,85110,NAME_BASED_MATCH,525,100000.0,Karnataka
U85110KA2014PTC072913,CLC HEALTHCARE INDIA PRIVATE LIMITED,Strike Off,85110,NAME_BASED_MATCH,525,100000.0,Karnataka
U85110KA2014PTC073240,JASPER HEALTHCARE PRIVATE LIMITED,Strike Off,85110,NAME_BASED_MATCH,525,100000.0,Karnataka
U85110KA2014PTC073658,UBER DIAGNOSTICS PRIVATE LIMITED,Active,85110,NAME_BASED_MATCH,525,1784164.0,Karnataka
U85110KA2020PTC138145,HEXATRON HEALTHCARE PRIVATE LIMITED,Active,85110,NAME_BASED_MATCH,525,100000.0,Karnataka
U85110KA2021PTC148220,AMRITATTVA HEALTHCARE PRIVATE LIMITED,Active,85110,NAME_BASED_MATCH,525,100000.0,Karnataka
U85190KA2022PTC157703,PANDRI HEALTHCARE PRIVATE LIMITED,Active,85190,NAME_BASED_MATCH,547,100000.0,Karnataka
U85300KA2018OPC113713,SADAIKA HEALTHCARE (OPC) PRIVATE LIMITED,Active,85300,NAME_BASED_MATCH,549,100000.0,Karnataka
U85300KA2019PTC120182,LNZ HEALTHCARE PRIVATE LIMITED,Active,85300,NAME_BASED_MATCH,525,100000.0,Karnataka
U85300KA2019PTC122580,AMRUTHA DIAGNOSTIC CENTRE INDIA PRIVATE LIMITED,Active,85300,NAME_BASED_MATCH,525,100000.0,Karnataka
U85300KA2021OPC147045,RED APPLE HEALTHCARE AND DIAGNOSTICS (OPC) PRIVATE LIMITED,Active,85300,NAME_BASED_MATCH,525,100000.0,Karnataka
U85300KA2022PTC163017,PENTAMEDICA PHARMA PRIVATE LIMITED,Active,85300,PHARMA_CORPORATE_ENTITY,525,100000.0,Karnataka
U85300KA2023PTC170382,CUSPID HEALTHCARE PRIVATE LIMITED,Active,85300,NAME_BASED_MATCH,525,10000.0,Karnataka
U85320KA2018PTC111793,MEDIHASA HEALTHCARE PRIVATE LIMITED,Strike Off,85320,NAME_BASED_MATCH,525,100000.0,Karnataka
U85320KA2019PTC124279,HARITHAGIRI HEALTHCARE PRIVATE LIMITED,Active,85320,NAME_BASED_MATCH,525,100000.0,Karnataka
U86100KA2023PTC175553,MEDICURIE DIAGNOSTIC HEALTHCARE PRIVATE LIMITED,Active,86100,NAME_BASED_MATCH,534,199840.0,Karnataka
U86100KA2023PTC182729,JAYALAXMI HEALTHCARE PRIVATE LIMITED,Active,86100,NAME_BASED_MATCH,546,100000.0,Karnataka
U86100KA2024PTC184259,SANTAANA HEALTHCARE PRIVATE LIMITED,Active,86100,NAME_BASED_MATCH,525,100000.0,Karnataka
U86201KA2024PTC190680,KRIAN HEALTHCARE PRIVATE LIMITED,Active,86201,NAME_BASED_MATCH,525,100000.0,Karnataka
ACE-7634,DR SOOD'S HEALTHCARE LLP,Active,nan,NAME_BASED_MATCH,525,0.0,Karnataka
ACI-1856,SAMRUDDHI SVAASTHYA HEALTHCARE LLP,Active,nan,NAME_BASED_MATCH,542,0.0,Karnataka
ACI-4856,ORONTIS LIFE SCIENCES LLP,Active,nan,PHARMA_CORPORATE_ENTITY,525,0.0,Karnataka
U74999KA2018PTC117759,META16LABS HEALTHCARE AND ANALYTICS PRIVATE LIMITED,Active,74999,NAME_BASED_MATCH,525,50000.0,Karnataka
U74999KA2018PTC117775,LE-TYCHE PHARMACEUTICALS PRIVATE LIMITED,Active,74999,PHARMA_CORPORATE_ENTITY,525,100000.0,Karnataka
U74999KA2019PTC124035,STETHOX HEALTHCARE PRIVATE LIMITED,Active,74999,NAME_BASED_MATCH,525,100000.0,Karnataka
U70109KA1981PTC004489,CRYSTAL COLOUR LABORATORIES PRIVATE LIMITED,Strike Off,70109,PHARMA_CORPORATE_ENTITY,525,200.0,Karnataka
ACY-3694,NAGU DENTAL DIAGNOSTICS LLP,Active,nan,NAME_BASED_MATCH,525,0.0,Karnataka
L24231KA1979PLC003563,ASTRAZENECA PHARMA INDIA LIMITED,Active,24231,DIRECT_NIC_PHARMA_MANUFACTURER,525,50000000.0,Karnataka
U74999KA2017PTC103605,JODAN HEALTHCARE PRIVATE LIMITED,Strike Off,74999,NAME_BASED_MATCH,525,100000.0,Karnataka
U74999KA2018PTC110793,AYSKA LIFE SCIENCES PRIVATE LIMITED,Active,74999,PHARMA_CORPORATE_ENTITY,525,500000.0,Karnataka
U74999KA2018PTC112930,KOPLAR HEALTHCARE PRIVATE LIMITED,Active,74999,NAME_BASED_MATCH,525,500000.0,Karnataka
U74999KA2018PTC117084,MILLIONEYES HEALTHCARE TECHNOLOGIES PRIVATE LIMITED,Active,74999,NAME_BASED_MATCH,525,100000.0,Karnataka
U74999KA2018PTC118562,CYNTHUS BIOTECH PRIVATE LIMITED,Active,74999,PHARMA_CORPORATE_ENTITY,525,500000.0,Karnataka
U74999KA2018PTC119409,GREENENVY HEALTHCARE PRIVATE LIMITED,Active,74999,NAME_BASED_MATCH,534,100000.0,Karnataka
U74999KA2019PTC122073,DXGENESIS HEALTHCARE PRIVATE LIMITED,Active,74999,NAME_BASED_MATCH,525,100000.0,Karnataka
U74999KA2019PTC123412,APTSCOPE HEALTHCARE SERVICES PRIVATE LIMITED,Strike Off,74999,NAME_BASED_MATCH,525,100000.0,Karnataka
ACO-9502,BALMORA PHARMACEUTICALS LLP,Active,nan,PHARMA_CORPORATE_ENTITY,525,0.0,Karnataka
ACP-9817,MEKSTONE PHARMACEUTICALS LLP,Active,nan,PHARMA_CORPORATE_ENTITY,525,0.0,Karnataka
ACS-1538,NT PHARMA LLP,Active,nan,PHARMA_CORPORATE_ENTITY,525,0.0,Karnataka
ACV-9019,ARCS BIOTECH LLP,Active,nan,PHARMA_CORPORATE_ENTITY,525,0.0,Karnataka
ACW-2510,AVIMA HEALTHCARE LLP,Active,nan,NAME_BASED_MATCH,525,0.0,Karnataka
ACY-1118,MEDINOME HEALTHCARE LLP,Active,nan,NAME_BASED_MATCH,525,0.0,Karnataka
U00304KA1996PTC021292,MARUTHUA HERBALS AND FARMS PRIVATE LIMITED,Strike Off,00304,NAME_BASED_MATCH,525,20000.0,Karnataka
U73100KA1999PLC025348,UNIWELL LABORATORIES LIMITED,Strike Off,73100,PHARMA_CORPORATE_ENTITY,525,8000.0,Karnataka
U73100KA2019PTC126511,RHETORIC LIFE SCIENCES PRIVATE LIMITED,Active,73100,PHARMA_CORPORATE_ENTITY,525,100000.0,Karnataka
U73100KA2020PTC131487,XYTHON BIOTECH PRIVATE LIMITED,Active,73100,PHARMA_CORPORATE_ENTITY,525,100000.0,Karnataka
U24299KA2021PTC151374,LILLYGLEN HEALTHCARE PRIVATE LIMITED,Active,24299,NAME_BASED_MATCH,525,100000.0,Karnataka
AAZ-4878,AGRIDER BIOTECH LLP,Active,nan,PHARMA_CORPORATE_ENTITY,525,0.0,Karnataka
ABA-7967,HIIGHNES HEALTHCARE LLP,Active,nan,NAME_BASED_MATCH,525,0.0,Karnataka
ABB-8644,PERFICIENT HEALTHCARE CONSULTING LLP,Active,nan,NAME_BASED_MATCH,525,0.0,Karnataka
ABB-8911,PRIME LIFELINE HEALTHCARE LLP,Active,nan,NAME_BASED_MATCH,525,0.0,Karnataka
ABZ-6365,ESYES HEALTHCARE LLP,Active,nan,NAME_BASED_MATCH,525,0.0,Karnataka
ACB-3185,SUNVED PHARMACEUTICALS LLP,Active,nan,PHARMA_CORPORATE_ENTITY,525,0.0,Karnataka
ACD-3842,AREKERE LIFE CARE DIAGNOSTICS AND SPECIALITY CLINIC LLP,Active,nan,NAME_BASED_MATCH,525,0.0,Karnataka
U74999KA2018PTC111657,LKD HEALTHCARE PRIVATE LIMITED,Strike Off,74999,NAME_BASED_MATCH,525,500000.0,Karnataka
ACI-9934,INTUIWISE HEALTHCARE SERVICES LLP,Active,nan,NAME_BASED_MATCH,525,0.0,Karnataka
ACL-0345,CADABAMS DIAGNOSTICS KANAKAPURA ROAD LLP,Active,nan,NAME_BASED_MATCH,525,0.0,Karnataka
ACY-0283,RIVAH PHARMA LLP,Active,nan,PHARMA_CORPORATE_ENTITY,525,0.0,Karnataka
U00284KA1987PTC008722,V.V.PHARMA HOUSE PRIVATE LIMITED,Strike Off,00284,PHARMA_CORPORATE_ENTITY,525,30000.0,Karnataka
U74999KA2017PTC101455,BIOCEUTICS PHARMACEUTICALS PRIVATE LIMITED,Strike Off,74999,PHARMA_CORPORATE_ENTITY,525,100000.0,Karnataka
U74999KA2018OPC111377,MEDVITE PHARMACEUTICALS (OPC) PRIVATE LIMITED,Active,74999,PHARMA_CORPORATE_ENTITY,525,100000.0,Karnataka
U74999KA2018OPC115992,EVOLUTO BIOTECH (OPC) PRIVATE LIMITED,Active,74999,PHARMA_CORPORATE_ENTITY,525,10000.0,Karnataka
ACM-6596,MEDLIFT PHARMACEUTICALS LLP,Active,nan,PHARMA_CORPORATE_ENTITY,525,0.0,Karnataka
ACO-3068,SAUKHYABHARATHI HEALTHCARE LLP,Active,nan,NAME_BASED_MATCH,525,0.0,Karnataka
ACY-8604,ARUNITA HEALTHCARE LLP,Active,nan,NAME_BASED_MATCH,525,0.0,Karnataka
U24299KA2021PTC153415,GENRISE MEDICINE PRIVATE LIMITED,Active,24299,PHARMA_CORPORATE_ENTITY,525,50000.0,Karnataka
U24302KA2016OPC096126,MEDICOM PHARMA SOLUTIONS PRIVATE LIMITED (OPC),Active,24302,PHARMA_CORPORATE_ENTITY,525,100000.0,Karnataka
U24304KA2016PTC096239,CAROLE DRUGS PRIVATE LIMITED,Strike Off,24304,PHARMA_CORPORATE_ENTITY,525,100000.0,Karnataka
U34103KA2019PTC126698,CHEMIXEL PHARMACEUTICAL PRIVATE LIMITED,Active,34103,PHARMA_CORPORATE_ENTITY,525,100000.0,Karnataka
U24100KA2011PTC058333,AZVESTON HEALTHCARE PRIVATE LIMITED,Active,24100,NAME_BASED_MATCH,525,13899200.0,Karnataka
U24100KA2022PTC156753,VIJAYKIRAN PHARMACEUTICALS PRIVATE LIMITED,Active,24100,PHARMA_CORPORATE_ENTITY,536,100000.0,Karnataka
U24230KA1995PLC020571,BHAGIRATHA LIME AND CHEMICALS LIMITED,Active,24230,DIRECT_NIC_PHARMA_MANUFACTURER,546,0.0,Karnataka
U24230KA2007PTC043837,MEDIMATRIX MARKETING SOLUTION INDIA PRIVATE LIMITED,Strike Off,24230,DIRECT_NIC_PHARMA_MANUFACTURER,525,0.0,Karnataka
U24230KA2009PTC049127,KENTRON BIOTECHNOLOGY PRIVATE LIMITED,Active,24230,DIRECT_NIC_PHARMA_MANUFACTURER,525,1000000.0,Karnataka
U24230KA2015PTC083627,GITEC PHARMA INDIA PRIVATE LIMITED,Strike Off,24230,DIRECT_NIC_PHARMA_MANUFACTURER,525,100000.0,Karnataka
U24230KA2020PTC141683,RANA RAMDEV MEDICO PRIVATE LIMITED,Active,24230,DIRECT_NIC_PHARMA_MANUFACTURER,525,200000.0,Karnataka
U24230KA2022OPC165782,CLINSTLE HEALTHCARE (OPC) PRIVATE LIMITED,Active,24230,DIRECT_NIC_PHARMA_MANUFACTURER,548,10000.0,Karnataka
U24230KA2022PTC160278,KEVINDENTALS PRIVATE LIMITED,Active,24230,DIRECT_NIC_PHARMA_MANUFACTURER,525,100000.0,Karnataka
U24231KA1974PTC002683,MANGALORE PHARMACEUTICALS AND PHYTO CHEM ICALS PRIVATE LIMITED,Strike Off,24231,DIRECT_NIC_PHARMA_MANUFACTURER,525,11100.0,Karnataka
U24231KA1983PTC005602,SOMU SOLVENTS PRIVATE LIMITED,Active,24231,DIRECT_NIC_PHARMA_MANUFACTURER,525,57705400.0,Karnataka
U24231KA1984PTC006031,FINE PHARMA PRIVATE LIMITED,Strike Off,24231,DIRECT_NIC_PHARMA_MANUFACTURER,525,10000.0,Karnataka
U24231KA1991PTC012488,GENOTECH PRIVATE LIMITED,Strike Off,24231,DIRECT_NIC_PHARMA_MANUFACTURER,525,20000.0,Karnataka
U24231KA1994PTC047003,ARCOLAB (INDIA) P.LTD.,Amalgamated,24231,DIRECT_NIC_PHARMA_MANUFACTURER,525,100000.0,Karnataka
U24231KA1997PTC023153,DECCAN BLOSSOMS PRIVATE LIMITED,Strike Off,24231,DIRECT_NIC_PHARMA_MANUFACTURER,525,500.0,Karnataka
U24231KA2006PTC040543,RIZON PHARMA PRIVATE LIMITED,Strike Off,24231,DIRECT_NIC_PHARMA_MANUFACTURER,525,0.0,Karnataka
U24231KA2022PTC164923,DHARE ORGANICS PRIVATE LIMITED,Active,24231,DIRECT_NIC_PHARMA_MANUFACTURER,525,1000000.0,Karnataka
U24232KA2006PTC039607,SANFORD PHARMA (INDIA) PRIVATE LIMITED,Strike Off,24232,DIRECT_NIC_PHARMA_MANUFACTURER,525,100000.0,Karnataka
U24232KA2007PTC044419,LIFESPAN PHARMACEUTICALS PRIVATE LIMITED,Active,24232,DIRECT_NIC_PHARMA_MANUFACTURER,738,0.0,Karnataka
U24232KA2012PTC066464,I PHARMA PRIVATE LIMITED,Strike Off,24232,DIRECT_NIC_PHARMA_MANUFACTURER,525,100000.0,Karnataka
U24232KA2014PTC075884,MYREN PHARMACEUTICALS PRIVATE LIMITED,Strike Off,24232,DIRECT_NIC_PHARMA_MANUFACTURER,525,100000.0,Karnataka
U24233KA2004PTC033937,VIDYA HERBS PRIVATE LIMITED,Active,24233,DIRECT_NIC_PHARMA_MANUFACTURER,525,1434919900.0,Karnataka
U24233KA2005FTC037548,NATURE CARE BIO CONCEPTS PRIVATE LIMITED,Strike Off,24233,DIRECT_NIC_PHARMA_MANUFACTURER,525,100000.0,Karnataka
U24233KA2010PTC054985,CZAR LAB PRIVATE LIMITED,Active,24233,DIRECT_NIC_PHARMA_MANUFACTURER,525,100000.0,Karnataka
U24233KA2013PTC068137,CEUTICA AND CHEMIE HEALTHCARE PRIVATE LIMITED,Active,24233,DIRECT_NIC_PHARMA_MANUFACTURER,525,400000.0,Karnataka
U24236KA1990PTC010757,FIBREPEDIC MANUFACTURING AND MARKETING PRIVATE LIMITED,Strike Off,24236,DIRECT_NIC_PHARMA_MANUFACTURER,525,100000.0,Karnataka
U24236KA1990PTC011054,FOURTH DIMENSION INDIA PRIVATE LIMITED,Active,24236,DIRECT_NIC_PHARMA_MANUFACTURER,525,7500000.0,Karnataka
U24239KA1989PTC010357,RAJAVINAYAKA DRUGS PRIVATE LIMITED,Strike Off,24239,DIRECT_NIC_PHARMA_MANUFACTURER,525,200.0,Karnataka
U24239KA2019PTC128839,INDOERWIN PHARMACEUTICALS PRIVATE LIMITED,Active,24239,DIRECT_NIC_PHARMA_MANUFACTURER,525,10000.0,Karnataka
U24290KA2021PTC150392,RPGS PHARMA PRIVATE LIMITED,Active,24290,PHARMA_CORPORATE_ENTITY,525,100000.0,Karnataka
U24290KA2021PTC153717,AMETHOS PHARMA PRIVATE LIMITED,Active,24290,PHARMA_CORPORATE_ENTITY,525,100000.0,Karnataka
U24290KA2022PTC161706,ALDOSE PHARMA PRIVATE LIMITED,Active,24290,PHARMA_CORPORATE_ENTITY,525,500000.0,Karnataka
U24290KA2022PTC164094,RANBIOSIS PHARMACEUTICAL PRIVATE LIMITED,Active,24290,PHARMA_CORPORATE_ENTITY,525,10000.0,Karnataka
U24290KA2023PTC170440,KRIKU PHARMA PRIVATE LIMITED,Active,24290,PHARMA_CORPORATE_ENTITY,525,100000.0,Karnataka
U24297KA2009PTC049614,TERBOL LABORATORIES PRIVATE LIMITED,Active,24297,PHARMA_CORPORATE_ENTITY,525,100000.0,Karnataka
U24299KA2020PTC138071,NEOFYSIS BIOTECH PRIVATE LIMITED,Active,24299,PHARMA_CORPORATE_ENTITY,525,100000.0,Karnataka
U24299KA2021PTC148184,ADCOCK INGRAM PHARMA PRIVATE LIMITED,Active,24299,PHARMA_CORPORATE_ENTITY,525,714643330.0,Karnataka
AAN-1628,KOHLEN LABORATORIES LLP,Active,nan,PHARMA_CORPORATE_ENTITY,545,0.0,Karnataka
U63090KA2006PTC040825,CONCORDE HEALTHCARE PRIVATE LIMITED,Strike Off,63090,NAME_BASED_MATCH,525,500000.0,Karnataka
U85100KA2013PTC071141,FRONTIER HEALTHCARE INDIA PRIVATE LIMITED,Active,85100,NAME_BASED_MATCH,525,17781835.0,Karnataka
U85100KA2016PTC085589,KYROS HEALTHCARE SOLUTIONS PRIVATE LIMITED,Strike Off,85100,NAME_BASED_MATCH,525,185437.0,Karnataka
U85100KA2020PTC131489,SPRYGEN BIOTHERAPEUTICS PRIVATE LIMITED,Active,85100,PHARMA_CORPORATE_ENTITY,525,100000.0,Karnataka
U85110KA1997PTC022723,NORTH BANGALORE DIAGNOSTICS PRIVATE LIMITED,Strike Off,85110,NAME_BASED_MATCH,525,2550000.0,Karnataka
U85110KA2005PTC036237,SYSINFORMATION HEALTHCARE INDIA PRIVATE LIMITED,Active,85110,NAME_BASED_MATCH,525,500000.0,Karnataka
U85110KA2020PTC131850,MAHILA HEALTHCARE PRIVATE LIMITED,Active,85110,NAME_BASED_MATCH,525,100000.0,Karnataka
U85110KA2021PTC153693,PLUS ALPHA DIAGNOSTIC AND HEALTH CARE PRIVATE LIMITED,Active,85110,NAME_BASED_MATCH,525,100000.0,Karnataka
U85110KA2021PTC155091,VIPASYIN HEALTHCARE PRIVATE LIMITED,Active,85110,NAME_BASED_MATCH,525,100000.0,Karnataka
U85190KA2007PTC044237,HEALTHCARE GLOBAL VIJAY ONCOLOGY PRIVATE LIMITED,Amalgamated,85190,NAME_BASED_MATCH,525,64578160.0,Karnataka
U85190KA2016PTC093973,NEURON IMAGING & DIAGNOSTICS PRIVATE LIMITED,Strike Off,85190,NAME_BASED_MATCH,525,1000000.0,Karnataka
U85195KA2011PTC058084,BIGTEC HEALTHCARE PRIVATE LIMITED,Strike Off,85195,NAME_BASED_MATCH,525,100000.0,Karnataka
U85200KA2017PTC099397,ASKI FAMILY HEALTHCARE PRIVATE LIMITED,Strike Off,85200,NAME_BASED_MATCH,525,100000.0,Karnataka
U17119KA1978PTC003317,MYSORE SURGICAL COTTONS PRIVATE LIMITED,Under Liquidation,17119,NAME_BASED_MATCH,525,400.0,Karnataka
U85300KA2021PTC147327,CHIRAAYUSH MEDICAL DIAGNOSTICS PRIVATE LIMITED,Active,85300,NAME_BASED_MATCH,525,100000.0,Karnataka
U85300KA2022PTC161056,UHS GLOBAL HEALTHCARE PRIVATE LIMITED,Active,85300,NAME_BASED_MATCH,525,5000000.0,Karnataka
U73100KA2020OPC134628,CYTOKINE BIOTECH (OPC) PRIVATE LIMITED,Active,73100,PHARMA_CORPORATE_ENTITY,525,0.0,Karnataka
U20237KA2026PTC217881,HERBAL HYPOTHESIS PRIVATE LIMITED,Active,20237,PHARMA_RELATED_MANUFACTURER,525,150000.0,Karnataka
U86100KA2023PTC173274,SUVARNASHANKARA SURAKSHA SURGICALS PRIVATE LIMITED,Active,86100,NAME_BASED_MATCH,525,100000.0,Karnataka
U21000KA2020PTC135659,SAMRUDHI KRAFT PAPER RECYCLING PRIVATE LIMITED,Strike Off,21000,DIRECT_NIC_PHARMA_MANUFACTURER,525,1000000.0,Karnataka
U21000KA2024FTC195374,PAIRX ROBOTIC FORMULATIONS PRIVATE LIMITED,Active,21000,DIRECT_NIC_PHARMA_MANUFACTURER,525,100000.0,Karnataka
U21000KA2025PTC208510,NEOLIX PHARMA PRIVATE LIMITED,Active,21000,DIRECT_NIC_PHARMA_MANUFACTURER,525,100000.0,Karnataka
U21000KA2026PTC220301,GFR LIFESCIENCES PRIVATE LIMITED,Active,21000,DIRECT_NIC_PHARMA_MANUFACTURER,525,1000000.0,Karnataka
U21001KA2023PTC181394,SALVINIA FORMULATION PRIVATE LIMITED,Active,21001,DIRECT_NIC_PHARMA_MANUFACTURER,546,1000000.0,Karnataka
U21001KA2024PTC190634,HEMIOX HEALTHCARE PRIVATE LIMITED,Active,21001,DIRECT_NIC_PHARMA_MANUFACTURER,525,100000.0,Karnataka
U21002KA2023PTC179388,DR. K. S. H PHARMA AND HEALTHCARE PRIVATE LIMITED,Active,21002,DIRECT_NIC_PHARMA_MANUFACTURER,525,30000.0,Karnataka
U21002KA2025PTC207785,ABDIEL (INDIA) LIFESCIENCES PRIVATE LIMITED,Active,21002,DIRECT_NIC_PHARMA_MANUFACTURER,536,200000.0,Karnataka
U21014KA2017PTC106060,OMTIMUS PRIVATE LIMITED,Active,21014,DIRECT_NIC_PHARMA_MANUFACTURER,525,100000.0,Karnataka
U21019KA1975PLC002855,MUNGALORE PAPER MILLS LIMITED,Under process of striking off,21019,DIRECT_NIC_PHARMA_MANUFACTURER,525,0.0,Karnataka
U21022KA1990PTC010670,NANDI BOXES PRIVATE LIMITED,Strike Off,21022,DIRECT_NIC_PHARMA_MANUFACTURER,525,1000.0,Karnataka
U21093KA2018PTC112120,PRISTINE PAPER BAG MANUFACTURING AND TRADING PRIVATE LIMITED,Strike Off,21093,DIRECT_NIC_PHARMA_MANUFACTURER,525,50000.0,Karnataka
U21099KA2019PTC122907,TISLET PRODUCTS PRIVATE LIMITED,Active,21099,DIRECT_NIC_PHARMA_MANUFACTURER,525,200000.0,Karnataka
U21099KA2020PTC141128,MICRO PRINT & PACK PRIVATE LIMITED,Active,21099,DIRECT_NIC_PHARMA_MANUFACTURER,525,50000000.0,Karnataka
U74999KA2019FTC127059,PHARMASPECTRA INFORMATICS PRIVATE LIMITED,Dissolved under section 59(8),74999,PHARMA_CORPORATE_ENTITY,525,5000000.0,Karnataka
U74999KA2019PTC129182,HEALTHGREEN DIAGNOSTICS PRIVATE LIMITED,Active,74999,NAME_BASED_MATCH,525,75000.0,Karnataka
ACY-0512,TYTRON BIOTECH LLP,Active,nan,PHARMA_CORPORATE_ENTITY,525,0.0,Karnataka
U00140KA2005PTC036244,BHANDARI BIOTECH SERVICES PRIVATE LIMITED,Strike Off,00140,PHARMA_CORPORATE_ENTITY,546,100000.0,Karnataka
U70200KA2026PTC214229,CURIAM HEALTHCARE SOLUTIONS PRIVATE LIMITED,Active,70200,NAME_BASED_MATCH,536,100000.0,Karnataka
U00304KA1991PTC012289,KARNATAKA AYURVEDA PHARMACY PRIVATE LIMITED,Strike Off,00304,PHARMA_CORPORATE_ENTITY,525,0.0,Karnataka
U25920KA2025PTC208353,KAUNTO INDUSTRIES AND LABORATORIES PRIVATE LIMITED,Active,25920,PHARMA_CORPORATE_ENTITY,525,100000.0,Karnataka
U24100KA2013PTC071731,ASTRAEA LIFE SCIENCES PRIVATE LIMITED,Active,24100,PHARMA_CORPORATE_ENTITY,525,1000000.0,Karnataka
U24100KA2014PTC076599,JV CHEMICALS AND PHARMA PRIVATE LIMITED,Strike Off,24100,PHARMA_CORPORATE_ENTITY,525,500000.0,Karnataka
U24100KA2019PTC121691,SIMIA LIFE SCIENCES PRIVATE LIMITED,Active,24100,PHARMA_CORPORATE_ENTITY,525,150000.0,Karnataka
U24100KA2022PTC163603,BEVILIN PHARMA PRIVATE LIMITED,Active,24100,PHARMA_CORPORATE_ENTITY,525,600000.0,Karnataka
U24109KA2025PTC202203,COR BIOPHARMA ENGINEERING PRIVATE LIMITED,Active,24109,PHARMA_CORPORATE_ENTITY,525,100000.0,Karnataka
U24230KA2008PTC047575,IXORA BIOSCIENCES PRIVATE LIMITED,Strike Off,24230,DIRECT_NIC_PHARMA_MANUFACTURER,525,200000.0,Karnataka
U24230KA2014PTC077890,ESENTE HEALTHCARE PRIVATE LIMITED,Active,24230,DIRECT_NIC_PHARMA_MANUFACTURER,525,24640000.0,Karnataka
U24230KA2018PTC119691,IMMUNEEL THERAPEUTICS PRIVATE LIMITED,Active,24230,DIRECT_NIC_PHARMA_MANUFACTURER,525,463660.0,Karnataka
U24230KA2019PTC124474,CENTENARYAPEX BIOGENETIC PRIVATE LIMITED,Active,24230,DIRECT_NIC_PHARMA_MANUFACTURER,525,100000.0,Karnataka
U24230KA2021PTC145870,EMMEX HEALTHCARE PRIVATE LIMITED,Active,24230,DIRECT_NIC_PHARMA_MANUFACTURER,525,100000.0,Karnataka
U24230KA2021PTC154194,DIPONED UNICARE PRIVATE LIMITED,Active,24230,DIRECT_NIC_PHARMA_MANUFACTURER,525,100000.0,Karnataka
U24230KA2022PTC160155,ARAYA HEALTH PRIVATE LIMITED,Active,24230,DIRECT_NIC_PHARMA_MANUFACTURER,525,212770.0,Karnataka
U24230KA2022PTC167625,VENKATESHA MEDICAL STORES PRIVATE LIMITED,Active,24230,DIRECT_NIC_PHARMA_MANUFACTURER,533,1000000.0,Karnataka
U24231KA1953PTC000757,UNITED LABORATORIES (INDIA) PVT LTD,Strike Off,24231,DIRECT_NIC_PHARMA_MANUFACTURER,525,1000.0,Karnataka
U24231KA1977PTC003108,RAGHAVENDRA CHEMICALS PRIVATE LIMITED,Active,24231,DIRECT_NIC_PHARMA_MANUFACTURER,536,1294200.0,Karnataka
U24231KA1981PTC004260,REMIDEX PHARMA PRIVATE LIMITED,Active,24231,DIRECT_NIC_PHARMA_MANUFACTURER,525,30000000.0,Karnataka
U24231KA1981PTC004285,BPRL FINE CHEMICALS PRIVATE LIMITED,Strike Off,24231,DIRECT_NIC_PHARMA_MANUFACTURER,525,10000000.0,Karnataka
U24231KA1990PTC011299,L S K PHARMACEUTICALS PRIVATE LIMITED,Strike Off,24231,DIRECT_NIC_PHARMA_MANUFACTURER,525,50000.0,Karnataka
U24231KA1992PTC012968,AGWA PHARMACEUTICALS PRIVATE LIMITED,Under process of striking off,24231,DIRECT_NIC_PHARMA_MANUFACTURER,525,20000.0,Karnataka
U24231KA1993PTC013976,MAIVA PHARMA PRIVATE LIMITED,Active,24231,DIRECT_NIC_PHARMA_MANUFACTURER,525,246589560.0,Karnataka
U24231KA2000PTC026260,DASUDI REMEDIES PRIVATE LIMITED,Strike Off,24231,DIRECT_NIC_PHARMA_MANUFACTURER,525,0.0,Karnataka
U24231KA2005PTC036494,SYNAVIA RESEARCH FOUNDATION PRIVATE LIMITED,Strike Off,24231,DIRECT_NIC_PHARMA_MANUFACTURER,525,100000.0,Karnataka
U24231KA2006PTC038541,INLOCUS BIOTECH PRIVATE LIMITED,Strike Off,24231,DIRECT_NIC_PHARMA_MANUFACTURER,525,100000.0,Karnataka
U24231KA2007PTC042597,PUNARJANI PROJECTS PRIVATE LIMITED,Active,24231,DIRECT_NIC_PHARMA_MANUFACTURER,525,100000.0,Karnataka
U24232KA1973PLC002383,MEDREICH LIMITED,Active,24232,DIRECT_NIC_PHARMA_MANUFACTURER,525,401556140.0,Karnataka
U24232KA2007PTC042778,MINOVA LIFE SCIENCES PRIVATE LIMITED,Active,24232,DIRECT_NIC_PHARMA_MANUFACTURER,525,100000.0,Karnataka
U24232KA2009PTC049861,MICRO DERMACEUTICALS PRIVATE LIMITED,Strike Off,24232,DIRECT_NIC_PHARMA_MANUFACTURER,525,100000.0,Karnataka
U24232KA2012PTC064896,RANBOSIS PHARMACEUTICAL PRIVATE LIMITED,Strike Off,24232,DIRECT_NIC_PHARMA_MANUFACTURER,525,100000.0,Karnataka
U24232KA2013PTC067680,R A C S PHARMACHEM (INDIA) PRIVATE LIMITED,Active,24232,DIRECT_NIC_PHARMA_MANUFACTURER,525,100000.0,Karnataka
U24233KA2009PTC049530,VPL INDUSTRIAL TECHNOLOGIES PRIVATE LIMITED,Active,24233,DIRECT_NIC_PHARMA_MANUFACTURER,525,300000.0,Karnataka
U24233KA2013PTC067508,GENEI LABORATORIES PRIVATE LIMITED,Active,24233,DIRECT_NIC_PHARMA_MANUFACTURER,525,13840000.0,Karnataka
U24233KA2016PTC085427,EPIKART PHARMA PRIVATE LIMITED,Active,24233,DIRECT_NIC_PHARMA_MANUFACTURER,525,100000.0,Karnataka
U24239KA1948PTC000533,AMRIT LABORATORIES PRIVATE LIMITED,Strike Off,24239,DIRECT_NIC_PHARMA_MANUFACTURER,525,100000.0,Karnataka
U24239KA1994PTC015482,NOVO BIO ENZYMES PRIVATE LIMITED,Strike Off,24239,DIRECT_NIC_PHARMA_MANUFACTURER,525,2000.0,Karnataka
U24239KA2019PTC128286,RETRA LIFE SCIENCES PRIVATE LIMITED,Active,24239,DIRECT_NIC_PHARMA_MANUFACTURER,525,14000000.0,Karnataka
U24239KA2019PTC129344,THEERTHA BIOPHARMA PRIVATE LIMITED,Active,24239,DIRECT_NIC_PHARMA_MANUFACTURER,525,20500000.0,Karnataka
U24239KA2021PTC146518,MIRASURE LIFE SCIENCES PRIVATE LIMITED,Active,24239,DIRECT_NIC_PHARMA_MANUFACTURER,525,1000000.0,Karnataka
U24243KA2010PTC054197,AVYAKTH BIOTECH PRIVATE LIMITED,Active,24243,PHARMA_CORPORATE_ENTITY,525,100000.0,Karnataka
U24290KA2016PTC093908,VAS PHARMACO PRIVATE LIMITED,Strike Off,24290,PHARMA_CORPORATE_ENTITY,535,100000.0,Karnataka
U24290KA2016PTC094054,ARAR PHARMACEUTICAL RESEARCH CENTER PRIVATE LIMITED,Active,24290,PHARMA_CORPORATE_ENTITY,525,200000.0,Karnataka
U24290KA2019PTC121486,CALGILL PHARMA PRIVATE LIMITED,Active,24290,PHARMA_CORPORATE_ENTITY,525,50000.0,Karnataka
U24290KA2019PTC129304,WORIOX PHARMA PRIVATE LIMITED,Active,24290,PHARMA_CORPORATE_ENTITY,525,300000.0,Karnataka
U24290KA2022PTC159407,INNOVMEDICINE PHARMACEUTICALS PRIVATE LIMITED,Active,24290,PHARMA_CORPORATE_ENTITY,525,100000.0,Karnataka
U24296KA2016PTC092395,BIONOR AYURVEDA PRIVATE LIMITED,Strike Off,24296,NAME_BASED_MATCH,525,100000.0,Karnataka
U24297KA2020PTC135267,DIVINECARE PHARMA PRIVATE LIMITED,Active,24297,PHARMA_CORPORATE_ENTITY,525,150000.0,Karnataka
U24297KA2020PTC138683,DR. ZAINUL PHARMACEUTICALS PRIVATE LIMITED,Strike Off,24297,PHARMA_CORPORATE_ENTITY,546,500000.0,Karnataka
U24299KA2016PTC095066,MEDILEO PHARMA PRIVATE LIMITED,Strike Off,24299,PHARMA_CORPORATE_ENTITY,525,100000.0,Karnataka
U24299KA2019PTC119948,NOVAKON HEALTHCARE PRIVATE LIMITED,Active,24299,NAME_BASED_MATCH,525,100020.0,Karnataka
U24299KA2021PTC146788,DEA WIN PHARMACEUTICALS PRIVATE LIMITED,Active,24299,PHARMA_CORPORATE_ENTITY,525,100000.0,Karnataka
U86100KA2023PTC172495,V-SHAPE HEALTHCARE PRIVATE LIMITED,Active,86100,NAME_BASED_MATCH,545,4500000.0,Karnataka
U20299KA2025PTC206244,BRICSTAL BIOTECH PRIVATE LIMITED,Active,20299,PHARMA_RELATED_MANUFACTURER,525,100000.0,Karnataka
U21000KA2017PTC106977,N2P MANUFACTURING PRIVATE LIMITED,Strike Off,21000,DIRECT_NIC_PHARMA_MANUFACTURER,525,500000.0,Karnataka
U86100KA2025PTC208101,CAREME HEALTHCARE PRIVATE LIMITED,Active,86100,NAME_BASED_MATCH,525,100000.0,Karnataka
U21000KA2023PTC182885,ESENTE INNOVATIONS & RESEARCH SOLUTIONS PRIVATE LIMITED,Active,21000,DIRECT_NIC_PHARMA_MANUFACTURER,525,100000.0,Karnataka
U21000KA2024PTC185686,RAPHAPLUS INDIA PRIVATE LIMITED,Active,21000,DIRECT_NIC_PHARMA_MANUFACTURER,525,2197802.0,Karnataka
U21000KA2026OPC215821,Q153 BIOPHYSICS AND METAPHYSICS (OPC) PRIVATE LIMITED,Active,21000,DIRECT_NIC_PHARMA_MANUFACTURER,525,100000.0,Karnataka
U21001KA2023PTC176584,WHIMPER PHARMALABS PRIVATE LIMITED,Active,21001,DIRECT_NIC_PHARMA_MANUFACTURER,525,100000.0,Karnataka
U21001KA2024PTC194734,BELDEK PHARMACEUTICALS PRIVATE LIMITED,Active,21001,DIRECT_NIC_PHARMA_MANUFACTURER,525,10000.0,Karnataka
U21001KA2026OPC215946,AYURVEDALOVE WELLNESS (OPC) PRIVATE LIMITED,Active,21001,DIRECT_NIC_PHARMA_MANUFACTURER,525,10000.0,Karnataka
U21014KA1983PTC005311,PRATIBHA PAPER MILLS PRIVATE LIMITED,Strike Off,21014,DIRECT_NIC_PHARMA_MANUFACTURER,525,3000.0,Karnataka
AAM-2565,MORGENALL HEALTHCARE LLP,Active,nan,NAME_BASED_MATCH,525,0.0,Karnataka
U24299KA2022PTC159209,SWASHYAKSAZ BIOTECH SOLUTIONS PRIVATE LIMITED,Active,24299,PHARMA_CORPORATE_ENTITY,525,10000.0,Karnataka
U24304KA2023PTC170047,SUDHANAND PHARMACIES PRIVATE LIMITED,Active,24304,PHARMA_CORPORATE_ENTITY,525,112220.0,Karnataka
U46497KA2023PTC174585,LIONEL HEALTHCARE PRIVATE LIMITED,Active,46497,NAME_BASED_MATCH,525,100000.0,Karnataka
U46497KA2025OPC202735,MEGHAMEDS PHARMA (OPC) PRIVATE LIMITED,Active,46497,PHARMA_CORPORATE_ENTITY,525,100000.0,Karnataka
U46497KA2025PTC208966,NEOTEZ HEALTHCARE PRIVATE LIMITED,Active,46497,NAME_BASED_MATCH,525,100000.0,Karnataka
U85100KA2012PTC064977,QUIMUS HEALTHCARE PRIVATE LIMITED,Strike Off,85100,NAME_BASED_MATCH,525,100000.0,Karnataka
U85100KA2020PTC132856,AABS HEALTHCARE PRIVATE LIMITED,Active,85100,NAME_BASED_MATCH,525,20000000.0,Karnataka
U85110KA1990PTC010700,INTERMED PHARMA PRIVATE LIMITED,Amalgamated,85110,PHARMA_CORPORATE_ENTITY,525,1120000.0,Karnataka
U85110KA1991PLC012371,GREENEARTH BIOTECHNOLOGIES LIMITED,Active,85110,PHARMA_CORPORATE_ENTITY,525,3600000.0,Karnataka
U85110KA2001PTC029040,JEEVAN REGIONAL DIAGNOSTIC HEALTH CARE A ND RESEARCH CENTRE PRIVATE LIMITED,Strike Off,85110,NAME_BASED_MATCH,525,100000.0,Karnataka
U85110KA2006PTC038586,PRIME LIFELINE HEALTHCARE PRIVATE LIMITED,Converted to LLP,85110,NAME_BASED_MATCH,525,18101000.0,Karnataka
U85110KA2009PTC050712,CANADIAN DIAGNOSTIC & IMAGING PRIVATE LIMITED,Active,85110,NAME_BASED_MATCH,525,500000.0,Karnataka
U85110KA2011PTC058247,CLINILEARN LIFE SCIENCES PRIVATE LIMITED,Active,85110,PHARMA_CORPORATE_ENTITY,534,100000.0,Karnataka
U85110KA2015PTC079665,HEALTHMAP DIAGNOSTICS PRIVATE LIMITED,Active,85110,NAME_BASED_MATCH,525,1334814400.0,Karnataka
U85190KA1946PLC001286,NATIONAL PHARMACIS AND PHARMACEUTICALS LIMITED,Strike Off,85190,PHARMA_CORPORATE_ENTITY,525,0.0,Karnataka
U85190KA2020PTC142462,PATHWAY HEALTHCARE PRIVATE LIMITED,Active,85190,NAME_BASED_MATCH,525,1000000.0,Karnataka
U85190KA2022PTC156201,CD PATIL HEALTHCARE PRIVATE LIMITED,Active,85190,NAME_BASED_MATCH,538,26800000.0,Karnataka
U85191KA1944PLC000341,THE ABHAYA AYURVEDIC RESEARCHES LIMITED,Strike Off,85191,NAME_BASED_MATCH,525,0.0,Karnataka
U85195KA1991PTC011830,NIRMAL NIDAAN AND DIAGNOSTIC RESEARCH CENTRE PRIVATE LIMITED,Active,85195,NAME_BASED_MATCH,525,100000.0,Karnataka
U85195KA2003PTC033041,STANFORD HEALTHCARE PRIVATE LIMITED,Strike Off,85195,NAME_BASED_MATCH,525,196000.0,Karnataka
U85195KA2008PTC047764,FOOD AND HEALTH LABORATORIES (INDIA) PRI VATE LIMITED,Strike Off,85195,PHARMA_CORPORATE_ENTITY,525,1000000.0,Karnataka
U85199KA2002PTC030452,BRAWN HEALTHCARE INDIA PRIVATE LIMITED,Active,85199,NAME_BASED_MATCH,525,200000.0,Karnataka
U85300KA2016PTC093319,AARUDEEYA HEALTHCARE PRIVATE LIMITED,Active,85300,NAME_BASED_MATCH,536,100000.0,Karnataka
U85310KA2016PTC096232,IVITY HEALTHCARE PRIVATE LIMITED,Active,85310,NAME_BASED_MATCH,525,100000.0,Karnataka
U85310KA2016PTC098554,HEILSA HEALTHCARE PRIVATE LIMITED,Active,85310,NAME_BASED_MATCH,525,100000.0,Karnataka
U67120KA2009PTC051845,HERBAL HOLDINGS PRIVATE LIMITED,Strike Off,67120,NAME_BASED_MATCH,525,100000.0,Karnataka
U01110KA2020PTC131228,PEAKS BIOTECH PRIVATE LIMITED,Active,01110,PHARMA_CORPORATE_ENTITY,525,200000.0,Karnataka
U74900KA2013PTC072011,JANASNEHA OXILIFE PHARMACEUTICALS PRIVATE LIMITED,Strike Off,74900,PHARMA_CORPORATE_ENTITY,525,500000.0,Karnataka
U46497KA2025PTC208113,OSTEVA PHARMACEUTICALS PRIVATE LIMITED,Active,46497,PHARMA_CORPORATE_ENTITY,525,200000.0,Karnataka
U52100KA2021PTC145744,MINITOWN DRUGS AND PHARMACEUTICAL INDIA PRIVATE LIMITED,Active,52100,PHARMA_CORPORATE_ENTITY,525,100000.0,Karnataka
U74899KA1978PTC142872,NAARI PHARMA PRIVATE LIMITED,Active,74899,PHARMA_CORPORATE_ENTITY,525,27003570.0,Karnataka
U52590KA2015PTC082546,ASTRINX LABORATORIES PRIVATE LIMITED,Strike Off,52590,PHARMA_CORPORATE_ENTITY,525,100000.0,Karnataka
U41001KA2024PTC193949,BVJS PHARMACEUTICAL INFRASTRUCTURE CONSTRUCTIONS PRIVATE LIMITED,Active,41001,PHARMA_CORPORATE_ENTITY,525,100000.0,Karnataka
U74999KA2017PTC101694,JALAVAHINI TESTING AND RESEARCH LABORATORIES PRIVATE LIMITED,Strike Off,74999,PHARMA_CORPORATE_ENTITY,536,100000.0,Karnataka
U74999KA2017PTC106287,MANDEV SURGIPHARMA PRIVATE LIMITED,Active,74999,PHARMA_CORPORATE_ENTITY,525,100000.0,Karnataka
U74999KA2018PTC110956,BELGAUM SURGICALS AND DIALYSIS PRIVATE LIMITED,Active,74999,NAME_BASED_MATCH,525,100000.0,Karnataka
U46101KA2025PTC200013,VK AGRO AND HERBALS PRIVATE LIMITED,Active,46101,NAME_BASED_MATCH,525,10000.0,Karnataka
U46497KA2023FTC181546,EASY HEALTHCARE HOLDCO INDIA PRIVATE LIMITED,Active,46497,NAME_BASED_MATCH,525,26772140.0,Karnataka
U46497KA2023PTC174232,MEDIPUNCH PHARMACEUTICALS PRIVATE LIMITED,Active,46497,PHARMA_CORPORATE_ENTITY,525,1000000.0,Karnataka
U46497KA2023PTC182546,VINRAY LIFE SCIENCES PRIVATE LIMITED,Active,46497,PHARMA_CORPORATE_ENTITY,525,101120.0,Karnataka
U46497KA2024PTC185185,SHEVINS HEALTHCARE PRIVATE LIMITED,Active,46497,NAME_BASED_MATCH,525,300000.0,Karnataka
U46497KA2025PTC201145,APLOSA BIOTECH PRIVATE LIMITED,Active,46497,PHARMA_CORPORATE_ENTITY,525,100000.0,Karnataka
U46497KA2025PTC202198,MEDTECH LEGACY INDIA PRIVATE LIMITED,Active,46497,NAME_BASED_MATCH,525,100000.0,Karnataka
U46497KA2025PTC210508,PHORVIA PHARMACEUTICALS PRIVATE LIMITED,Active,46497,PHARMA_CORPORATE_ENTITY,525,600000.0,Karnataka
U46497KA2026PTC214373,GLENNOX PHARMACEUTICALS PRIVATE LIMITED,Active,46497,PHARMA_CORPORATE_ENTITY,525,100000.0,Karnataka
U46497KA2026PTC215635,KTGEN PHARMACEUTICALS PRIVATE LIMITED,Active,46497,PHARMA_CORPORATE_ENTITY,525,100000.0,Karnataka
U46497KA2026PTC220227,KENKO PHARMACEUTICAL PRIVATE LIMITED,Active,46497,PHARMA_CORPORATE_ENTITY,525,200000.0,Karnataka
U46596KA2023PTC182188,NYMBIOZ BIOTECH PRIVATE LIMITED,Active,46596,PHARMA_CORPORATE_ENTITY,525,100000.0,Karnataka
U46596KA2024PTC186115,REGENA HEALTHCARE INDIA PRIVATE LIMITED,Active,46596,NAME_BASED_MATCH,525,500000.0,Karnataka
U46599KA2025PTC202367,ROSS BIOTECH PRIVATE LIMITED,Active,46599,PHARMA_CORPORATE_ENTITY,525,100000.0,Karnataka
U73100KA2026PTC220518,HOWAY PHARMACEUTICAL PRIVATE LIMITED,Active,73100,PHARMA_CORPORATE_ENTITY,525,100000.0,Karnataka
U73200KA2018PTC113255,RISHIPATH HEALTHCARE RESEARCH AND PUBLICATION INTERNATIONAL PRIVATE LIMITED,Active,73200,NAME_BASED_MATCH,525,1000000.0,Karnataka
U74120KA2016PTC086520,VIBHAV BIOTECH LABS PRIVATE LIMITED,Active,74120,PHARMA_CORPORATE_ENTITY,525,100000.0,Karnataka
U74140KA1999PTC026134,PHIKON BIOTECH PRIVATE LIMITED,Active,74140,PHARMA_CORPORATE_ENTITY,525,33000000.0,Karnataka
U74140KA2012PTC066976,GLENDALE ASIA HEALTHCARE PRIVATE LIMITED,Strike Off,74140,NAME_BASED_MATCH,738,100000.0,Karnataka
U74900KA2013PTC068029,ATARVA AYURVEDA HEALTH CARE SOLUTIONS PRIVATE LIMITED,Strike Off,74900,NAME_BASED_MATCH,525,100000.0,Karnataka
U74900KA2013PTC071979,SUKRUTHAM AYURVEDA PRIVATE LIMITED,Strike Off,74900,NAME_BASED_MATCH,525,100000.0,Karnataka
U74900KA2014PTC074887,VAIDYARAKSHA AYURVEDA PRIVATE LIMITED,Strike Off,74900,NAME_BASED_MATCH,525,100000.0,Karnataka
U46491KA2025PTC198441,SMILEYBEAUTY PHARMA PRIVATE LIMITED,Active,46491,PHARMA_CORPORATE_ENTITY,525,10000.0,Karnataka
U46497KA2025PTC200647,SILITRONIX HEALTHCARE PRIVATE LIMITED,Active,46497,NAME_BASED_MATCH,525,100000.0,Karnataka
U46497KA2025PTC206459,ARBIONEX PHARMACEUTICAL PRIVATE LIMITED,Active,46497,PHARMA_CORPORATE_ENTITY,525,100000.0,Karnataka
U46497KA2025PTC212050,ADILINE LIFE SCIENCES PRIVATE LIMITED,Active,46497,PHARMA_CORPORATE_ENTITY,525,100000.0,Karnataka
U73200KA2020PTC134666,ASSISTAID HEALTHCARE PRIVATE LIMITED,Active,73200,NAME_BASED_MATCH,525,114650.0,Karnataka
U51909KA2021PTC156074,SOURIS PHARMACEUTICALS PRIVATE LIMITED,Active,51909,PHARMA_CORPORATE_ENTITY,525,100000.0,Karnataka
AAW-0417,MYSURU ALPHA HEALTHCARE LLP,Active,nan,NAME_BASED_MATCH,545,0.0,Karnataka
U72200KA2015PTC080159,SPEEDDOC HEALTHCARE(INDIA) SOLUTIONS PRIVATE LIMITED,Active,72200,NAME_BASED_MATCH,525,100000.0,Karnataka
U72100KA2026PTC215828,AI-CAREVA LIFE SCIENCES PRIVATE LIMITED,Active,72100,PHARMA_CORPORATE_ENTITY,525,100000.0,Karnataka
U74900KA2014PTC074302,SHRI BANASHANKARI PHARMA PRIVATE LIMITED,Active,74900,PHARMA_CORPORATE_ENTITY,525,2100000.0,Karnataka
U46497KA2023PTC172012,TERRAFIT LIFE SCIENCES PRIVATE LIMITED,Active,46497,PHARMA_CORPORATE_ENTITY,525,500000.0,Karnataka
U46497KA2023PTC173118,SANIANCE PHARMACEUTICALS PRIVATE LIMITED,Active,46497,PHARMA_CORPORATE_ENTITY,525,100000.0,Karnataka
U46596KA2025PTC208153,MEDICURATE SURGICAL PRIVATE LIMITED,Active,46596,NAME_BASED_MATCH,525,100000.0,Karnataka
U73200KA2011PTC059411,VIJNANA LIFE SCIENCES PRIVATE LIMITED,Strike Off,73200,PHARMA_CORPORATE_ENTITY,525,100000.0,Karnataka
U74140KA2023PTC170317,NF2HEALTHCARE SOLUTIONS PRIVATE LIMITED,Active,74140,NAME_BASED_MATCH,525,100000.0,Karnataka
U52590KA2014PTC075929,SRI BALAJI PHARMA AGENCIES PRIVATE LIMITED,Strike Off,52590,PHARMA_CORPORATE_ENTITY,525,100000.0,Karnataka
U74900KA2013PTC070356,RMEEX PHARMACEUTICAL PRIVATE LIMITED,Active,74900,PHARMA_CORPORATE_ENTITY,525,100000.0,Karnataka
U43900KA2025PTC197002,RMZ HEALTHCARE PARTNERS PRIVATE LIMITED,Active,43900,NAME_BASED_MATCH,525,100000.0,Karnataka
AAW-4507,ANVESHANA AYURVEDA SOLUTIONS LLP,Active,nan,NAME_BASED_MATCH,525,0.0,Karnataka
AAY-0051,PHARMA VIBRANCE LLP,Active,nan,PHARMA_CORPORATE_ENTITY,525,0.0,Karnataka
U74999KA2017PTC100719,KASI PHARMA DISTRIBUTORS PRIVATE LIMITED,Active,74999,PHARMA_CORPORATE_ENTITY,525,1000000.0,Karnataka
U74999KA2018PTC110852,MEDIVITA CONSUMER HEALTHCARE PRIVATE LIMITED,Active,74999,NAME_BASED_MATCH,525,4800000.0,Karnataka
U74900KA2012PTC067420,MEDTRIX HEALTHCARE COMMUNICATION SERVICES PRIVATE LIMITED,Active,74900,NAME_BASED_MATCH,525,20000000.0,Karnataka
U46497KA2023PTC171538,FERMOSA PHARMA PRIVATE LIMITED,Active,46497,PHARMA_CORPORATE_ENTITY,525,100000.0,Karnataka
U46497KA2023PTC174431,RAYBLISS PHARMA PRIVATE LIMITED,Active,46497,PHARMA_CORPORATE_ENTITY,525,100000.0,Karnataka
U46497KA2025PTC206408,BIOTWIN THERAPEUTICS PRIVATE LIMITED,Active,46497,PHARMA_CORPORATE_ENTITY,525,10000.0,Karnataka
U73200KA2017PTC102216,SATYASAI AYURVEDIC HEALTH CARE PRIVATE LIMITED,Strike Off,73200,NAME_BASED_MATCH,525,500000.0,Karnataka
U70200KA2023PTC172259,ZAYAK HEALTHCARE PRIVATE LIMITED,Active,70200,NAME_BASED_MATCH,525,100000.0,Karnataka
U72200KA2026PTC214176,OPTIDRUG PHARMA INDUSTRY PRIVATE LIMITED,Active,72200,PHARMA_CORPORATE_ENTITY,525,500000.0,Karnataka
ACY-0803,NEELGANGA HOSPITALS AND PHARMACEUTICALS LLP,Active,nan,PHARMA_CORPORATE_ENTITY,525,0.0,Karnataka
U51909KA2018PTC115460,SARCA DRUG PRIVATE LIMITED,Active,51909,PHARMA_CORPORATE_ENTITY,525,1000000.0,Karnataka
U51909KA2019PTC122480,MEDIMITHRA PHARMA PRIVATE LIMITED,Active,51909,PHARMA_CORPORATE_ENTITY,539,400000.0,Karnataka
U51909KA2019PTC127576,ANFA LABORATORIES AND PHARMACEUTICALS PRIVATE LIMITED,Active,51909,PHARMA_CORPORATE_ENTITY,525,100000.0,Karnataka
U51909KA2019PTC128878,BIOGREEN BIOTECH PRIVATE LIMITED,Active,51909,PHARMA_CORPORATE_ENTITY,525,100000.0,Karnataka
U51909KA2019PTC130598,KUST HEALTHCARE PRIVATE LIMITED,Active,51909,NAME_BASED_MATCH,525,100000.0,Karnataka
U51909KA2020PTC133694,CHETHANA PHARMA DISTRIBUTORS PRIVATE LIMITED,Active,51909,PHARMA_CORPORATE_ENTITY,535,3000000.0,Karnataka
U51909KA2021PTC143012,LENOCHEM HEALTHCARE PRIVATE LIMITED,Active,51909,NAME_BASED_MATCH,525,1000000.0,Karnataka
U51909KA2021PTC145039,SHARISH PHARMACEUTICAL PRIVATE LIMITED,Active,51909,PHARMA_CORPORATE_ENTITY,525,200000.0,Karnataka
U45201KA2018PTC117443,BIOTECH ENVIRON CONSULTANCY PRIVATE LIMITED,Active,45201,PHARMA_CORPORATE_ENTITY,525,100000.0,Karnataka
U46497KA2023OPC182626,SRI ADIGURU MEDTECH (OPC) PRIVATE LIMITED,Active,46497,NAME_BASED_MATCH,525,100000.0,Karnataka
U46497KA2026PTC216701,NMPC PHARMA PRIVATE LIMITED,Active,46497,PHARMA_CORPORATE_ENTITY,525,1000000.0,Karnataka
U46596KA2023PTC175458,VICTUSHEALTH MEDTECH PRIVATE LIMITED,Active,46596,NAME_BASED_MATCH,525,100000.0,Karnataka
U85100KA2011PTC057625,INDUS DIAGNOSTICS AND IMAGING PRIVATE LIMITED,Active,85100,NAME_BASED_MATCH,525,500000.0,Karnataka
U85100KA2011PTC059682,LUCID DIAGNOSTICS (KARNATAKA) PRIVATE LIMITED,Active,85100,NAME_BASED_MATCH,525,34453400.0,Karnataka
U85100KA2012PTC065141,TRAVHEAL GLOBAL HEALTHCARE PRIVATE LIMITED,Strike Off,85100,NAME_BASED_MATCH,525,100000.0,Karnataka
U85100KA2020OPC134193,NYLAS HEALTHCARE (OPC) PRIVATE LIMITED,Active,85100,NAME_BASED_MATCH,525,100000.0,Karnataka
U85100KA2021NPL149906,OSIRIS HEALTHCARE FOUNDATION,Active,85100,NAME_BASED_MATCH,525,10000.0,Karnataka
U85110KA1993PLC014523,SANJEEVINI DIAGNOSTICS LIMITED,Strike Off,85110,NAME_BASED_MATCH,525,7000.0,Karnataka
U85110KA2011PTC058394,OPTIS HEALTHCARE PRIVATE LIMITED,Strike Off,85110,NAME_BASED_MATCH,525,100000.0,Karnataka
U85110KA2012PTC066232,SAMPIGE DIAGNOSTIC CENTRE PRIVATE LIMITED,Active,85110,NAME_BASED_MATCH,539,17000000.0,Karnataka
U85110KA2014PTC076417,BJN HEALTHCARE SERVICES PRIVATE LIMITED,Active,85110,NAME_BASED_MATCH,525,12000000.0,Karnataka
U85110KA2015PTC078329,SUBHODA HEALTHCARE SERVICES PRIVATE LIMITED,Strike Off,85110,NAME_BASED_MATCH,525,100000.0,Karnataka
U72200KA2008PTC045049,HEALTHCARE PROCESS SOLUTIONS (INDIA) PRIVATE LIMITED,Active,72200,NAME_BASED_MATCH,525,587700.0,Karnataka
U85190KA2022PTC157901,NEIGHBOURHOOD DIAGNOSTICS PRIVATE LIMITED,Active,85190,NAME_BASED_MATCH,525,500000.0,Karnataka
U85190KA2022PTC164489,DOCWORKS HEALTHCARE SOLUTIONS PRIVATE LIMITED,Active,85190,NAME_BASED_MATCH,525,100000.0,Karnataka
U85191KA2015PTC083252,YOUNGMINDS HEALTHCARE PRIVATE LIMITED,Strike Off,85191,NAME_BASED_MATCH,525,100000.0,Karnataka
U85199KA2003PTC032196,NAVRANG DIAGNOSTICS PRIVATE LIMITED,Active,85199,NAME_BASED_MATCH,525,2415080.0,Karnataka
U85300KA2018PTC109587,PLEXI INNOVATIVE HEALTHCARE PRIVATE LIMITED,Active,85300,NAME_BASED_MATCH,525,100000.0,Karnataka
U85300KA2018PTC117226,SISHA PHARMA INDIA PRIVATE LIMITED,Active,85300,PHARMA_CORPORATE_ENTITY,525,100000.0,Karnataka
U85300KA2019PTC123248,ABHAYA HASTHA HEALTHCARE PRIVATE LIMITED,Active,85300,NAME_BASED_MATCH,525,100000.0,Karnataka
U85300KA2020PTC136528,VEZALIUS HEALTHCARE PRIVATE LIMITED,Strike Off,85300,NAME_BASED_MATCH,525,200000.0,Karnataka
U85300KA2020PTC140427,X10 HEALTHCARE PRIVATE LIMITED,Active,85300,NAME_BASED_MATCH,525,100000.0,Karnataka
U85300KA2021NPL154514,PALLAV INDIA HERBAL UNITED FOUNDATION,Active,85300,NAME_BASED_MATCH,525,90000.0,Karnataka
U85300KA2021PTC155475,REFORMERZ HEALTHCARE SERVICES PRIVATE LIMITED,Active,85300,NAME_BASED_MATCH,535,100000.0,Karnataka
U85300KA2022PTC157066,CESSNA LIFELINE VETERINARY HEALTHCARE PRIVATE LIMITED,Active,85300,NAME_BASED_MATCH,525,115714290.0,Karnataka
U85320KA2017PTC100301,HNR HOSPITALS & DIAGNOSTICS PRIVATE LIMITED,Strike Off,85320,NAME_BASED_MATCH,738,100000.0,Karnataka
U85320KA2017PTC101907,SKAVIN STANDBYU MEDICAL AND HEALTHCARE PRIVATE LIMITED,Active,85320,NAME_BASED_MATCH,525,100000.0,Karnataka
U85320KA2018PTC110358,SANVEER HEALTHCARE PRIVATE LIMITED,Active,85320,NAME_BASED_MATCH,525,100000.0,Karnataka
U86100KA2023PTC178664,M.A.J. HEALTHCARE PRIVATE LIMITED,Active,86100,NAME_BASED_MATCH,525,20000.0,Karnataka
U86100KA2026PTC219668,DIALYNX HEALTHCARE PRIVATE LIMITED,Active,86100,NAME_BASED_MATCH,525,200000.0,Karnataka
U00304KA1994PTC016187,YASODA PHARMACEUTICALS PRIVATE LIMITED,Strike Off,00304,PHARMA_CORPORATE_ENTITY,525,11000.0,Karnataka
U47720KA2024PTC186779,NOVOFORTIS BIOTECH PRIVATE LIMITED,Active,47720,PHARMA_CORPORATE_ENTITY,525,100000.0,Karnataka
U47721KA2024PTC183102,HEALTHENE PHARMACEUTICALS PRIVATE LIMITED,Active,47721,PHARMA_CORPORATE_ENTITY,525,100000.0,Karnataka
U47721KA2024PTC183361,LIVMAC PHARMACEUTICALS PRIVATE LIMITED,Active,47721,PHARMA_CORPORATE_ENTITY,525,100000.0,Karnataka
U47721KA2025PTC200625,ADINOVA PHARMACEUTICALS PRIVATE LIMITED,Active,47721,PHARMA_CORPORATE_ENTITY,525,100000.0,Karnataka
U47721KA2025PTC201666,BROWNBIRD HEALTHCARE PRIVATE LIMITED,Active,47721,NAME_BASED_MATCH,525,100000.0,Karnataka
U47721KA2025PTC206238,MACSAPIEN PHARMACEUTICALS PRIVATE LIMITED,Active,47721,PHARMA_CORPORATE_ENTITY,525,100000.0,Karnataka
U47721KA2025PTC207172,MEDIFID PHARMAZONE PRIVATE LIMITED,Active,47721,PHARMA_CORPORATE_ENTITY,525,10000.0,Karnataka
U47721KA2026PTC221517,UPENDRA PHARMACEUTICALS PRIVATE LIMITED,Active,47721,PHARMA_CORPORATE_ENTITY,525,200000.0,Karnataka
U51101KA1952PTC000727,SIMRAN DRUG COMPANY PRIVATE LIMITED,Strike Off,51101,PHARMA_CORPORATE_ENTITY,525,20.0,Karnataka
U51909KA2009PTC049268,ASTARK PHARMACEUTICALS PRIVATE LIMITED,Strike Off,51909,PHARMA_CORPORATE_ENTITY,536,100000.0,Karnataka
U51909KA2017PTC106001,RADIKEM BIOTECH PRIVATE LIMITED,Strike Off,51909,PHARMA_CORPORATE_ENTITY,525,1000000.0,Karnataka
U51909KA2018PTC112704,THINKMED HEALTHCARE PRIVATE LIMITED,Active,51909,NAME_BASED_MATCH,525,450000.0,Karnataka
U51909KA2019PTC123111,ARYAADITI PHARMA PRIVATE LIMITED,Strike Off,51909,PHARMA_CORPORATE_ENTITY,525,100000.0,Karnataka
U46497KA2023PTC172753,NOVAMATRIX HEALTHCARE PRIVATE LIMITED,Active,46497,NAME_BASED_MATCH,525,100000.0,Karnataka
U46497KA2023PTC182149,EASYMEDS INTEGRATED HEALTHCARE PRIVATE LIMITED,Active,46497,NAME_BASED_MATCH,525,100000.0,Karnataka
U46497KA2024PTC189215,LAKSAW HEALTHCARE PRIVATE LIMITED,Active,46497,NAME_BASED_MATCH,525,100000.0,Karnataka
U46497KA2024PTC189866,ISEINKO PHARMA PRIVATE LIMITED,Active,46497,PHARMA_CORPORATE_ENTITY,525,1500000.0,Karnataka
U46497KA2024PTC194009,ANOMA PHARMA PRIVATE LIMITED,Active,46497,PHARMA_CORPORATE_ENTITY,525,10000.0,Karnataka
U46497KA2024PTC196328,DERMAGLITZ PHARMA PRIVATE LIMITED,Active,46497,PHARMA_CORPORATE_ENTITY,525,100000.0,Karnataka
U46596KA2025PTC212434,CORE PHARMA A SOLUTIONS PRIVATE LIMITED,Active,46596,PHARMA_CORPORATE_ENTITY,525,100000.0,Karnataka
U72900KA2018PTC116130,SENSAI HEALTHCARE PRIVATE LIMITED,Active,72900,NAME_BASED_MATCH,525,1000000.0,Karnataka
U72900KA2019PTC125213,AVENUEMED HEALTHCARE SOLUTIONS PRIVATE LIMITED,Active,72900,NAME_BASED_MATCH,525,100000.0,Karnataka
AAB-3391,MALLIGE DIAGNOSTICS LLP,Active,nan,NAME_BASED_MATCH,545,0.0,Karnataka
U74900KA2015PTC080147,ELITE AYURVEDA SERVICES PRIVATE LIMITED,Active,74900,NAME_BASED_MATCH,525,100000.0,Karnataka
U74900KA2015PTC081298,DIAKART HEALTHCARE TECHNOLOGIES PRIVATE LIMITED,Active,74900,NAME_BASED_MATCH,525,100000.0,Karnataka
U74999KA2020PTC131925,SHEPAV PHARMACEUTICAL PRIVATE LIMITED,Active,74999,PHARMA_CORPORATE_ENTITY,525,2400000.0,Karnataka
U74999KA2022PTC160594,KAMAL HEALTHCARE TECHNOLOGIES PRIVATE LIMITED,Active,74999,NAME_BASED_MATCH,525,50480.0,Karnataka
U74999KA2017OPC107275,SKYWIN PHARMACEUTICAL (OPC) PRIVATE LIMITED,Strike Off,74999,PHARMA_CORPORATE_ENTITY,525,100000.0,Karnataka
U74900KA2013PTC071409,ECHOBIOTECH FINANCIAL CONSULTANTS PRIVATE LIMITED,Active,74900,PHARMA_CORPORATE_ENTITY,525,100000.0,Karnataka
U74900KA2014PTC075936,VIDARES HEALTHCARE PRIVATE LIMITED,Active,74900,NAME_BASED_MATCH,525,100000.0,Karnataka
U74999KA2017PTC102816,LIAN PHARMACEUTICALS PRIVATE LIMITED,Active,74999,PHARMA_CORPORATE_ENTITY,525,100000.0,Karnataka
U74999KA2017PTC103941,IMPRESSO PHARMA SERVICES GLOBAL PRIVATE LIMITED,Active,74999,PHARMA_CORPORATE_ENTITY,525,100000.0,Karnataka
U74999KA2019PTC129539,CLINIRO GLOBAL HEALTHCARE PRIVATE LIMITED,Active,74999,NAME_BASED_MATCH,525,0.0,Karnataka
U73100KA2007PTC041543,PACIFIC NATURA BIOTECH PRIVATE LIMITED.,Active,73100,PHARMA_CORPORATE_ENTITY,525,1000000.0,Karnataka
U73100KA2010PTC052428,STABICON LIFE SCIENCES PRIVATE LIMITED,Active,73100,PHARMA_CORPORATE_ENTITY,525,37000000.0,Karnataka
U85100KA2011PTC056858,CUREOMA HEALTHCARE SERVICES PRIVATE LIMITED,Active,85100,NAME_BASED_MATCH,525,100000.0,Karnataka
U85100KA2012PTC063928,SMS HEALTHCARE PRIVATE LIMITED,Active,85100,NAME_BASED_MATCH,525,100000.0,Karnataka
U85100KA2012PTC064967,LEGACY HEALTHCARE PRIVATE LIMITED,Strike Off,85100,NAME_BASED_MATCH,525,673860.0,Karnataka
U85100KA2017PTC103909,CLINAULT DIAGNOSTICS PRIVATE LIMITED,Strike Off,85100,NAME_BASED_MATCH,525,100000.0,Karnataka
U85110KA2013PTC071807,SMARTCORP HEALTHCARE PRIVATE LIMITED,Active,85110,NAME_BASED_MATCH,525,100000.0,Karnataka
U85110KA2015PTC080088,INDIANOVA HEALTHCARE PRIVATE LIMITED,Active,85110,NAME_BASED_MATCH,525,100000.0,Karnataka
U85110KA2015PTC081321,BVR HEALTHCARE PRIVATE LIMITED,Active,85110,NAME_BASED_MATCH,525,100000.0,Karnataka
U85110KA2019PTC120459,ASTERALES SURGICALS & PHARMA PRIVATE LIMITED,Strike Off,85110,PHARMA_CORPORATE_ENTITY,525,1000000.0,Karnataka
U85110KA2022PTC168487,VIVEKANANDA HEALTHCARE SOLUTIONS PRIVATE LIMITED,Active,85110,NAME_BASED_MATCH,525,100000.0,Karnataka
U85190KA2011PTC057066,INVITROZ DIAGNOSTICS PRIVATE LIMITED,Active,85190,NAME_BASED_MATCH,525,100000.0,Karnataka
U85190KA2018PTC114036,BRESCAN HEALTHCARE PRIVATE LIMITED,Active,85190,NAME_BASED_MATCH,545,1000000.0,Karnataka
U85195KA2004PTC033162,MERA HEALTHCARE PRIVATE LIMITED,Amalgamated,85195,NAME_BASED_MATCH,525,8650000.0,Karnataka
U85300KA2017PTC102352,NIKHARA HEALTHCARE PRIVATE LIMITED,Active,85300,NAME_BASED_MATCH,525,10000000.0,Karnataka
U85300KA2020PTC140653,PRUOO HEALTHCARE TECHNOLOGIES PRIVATE LIMITED,Active,85300,NAME_BASED_MATCH,525,465400.0,Karnataka
U85300KA2022PTC162896,NILAKSH HEALTHCARE PRIVATE LIMITED,Active,85300,NAME_BASED_MATCH,525,4000000.0,Karnataka
U85300KA2022PTC167468,ARARRK HEALTHCARE VENTURES PRIVATE LIMITED,Active,85300,NAME_BASED_MATCH,525,150000.0,Karnataka
U86100KA2024PTC190040,PROTEAMSERVE HEALTHCARE PRIVATE LIMITED,Active,86100,NAME_BASED_MATCH,525,1000000.0,Karnataka
U21000KA2021PTC153517,PAWAN SHAKTI PAPERS PRIVATE LIMITED,Active,21000,DIRECT_NIC_PHARMA_MANUFACTURER,525,191350000.0,Karnataka
U21000KA2024PTC189181,BIOSIN PHARMACEUTICALS PRIVATE LIMITED,Active,21000,DIRECT_NIC_PHARMA_MANUFACTURER,525,100000.0,Karnataka
U21001KA2023PTC171939,NUVIKAS VITAMINS PRIVATE LIMITED,Active,21001,DIRECT_NIC_PHARMA_MANUFACTURER,525,800000.0,Karnataka
U21002KA2024PTC195606,CURACRITI LIFESCIENCES PRIVATE LIMITED,Active,21002,DIRECT_NIC_PHARMA_MANUFACTURER,525,100000.0,Karnataka
U21003KA2023PTC178450,DR AYURS LIFELINE PRIVATE LIMITED,Active,21003,DIRECT_NIC_PHARMA_MANUFACTURER,525,100000.0,Karnataka
U21003KA2025PTC210828,FIVE30 AM JOINT VENTURES PRIVATE LIMITED,Active,21003,DIRECT_NIC_PHARMA_MANUFACTURER,534,100000.0,Karnataka
U21012KA1997PTC050582,GOKALDAS IMAGES INFRASTRUCTURE PRIVATE LIMITED,Strike Off,21012,DIRECT_NIC_PHARMA_MANUFACTURER,525,100010.0,Karnataka
U21015KA1991PTC012593,G.S.C. PAPER AND BOARDS PRIVATE LIMITED,Strike Off,21015,DIRECT_NIC_PHARMA_MANUFACTURER,525,20000.0,Karnataka
U21021KA2005PTC036986,PERFECT POLYBAAGS PRIVATE LIMITED,Active,21021,DIRECT_NIC_PHARMA_MANUFACTURER,525,10000000.0,Karnataka
U21022KA2009PTC051980,SMARTBOX PACKAGING PRIVATE LIMITED,Active,21022,DIRECT_NIC_PHARMA_MANUFACTURER,525,4455560.0,Karnataka
U21029KA1986PTC007903,QUALIPACK CARTONS PRIVATE LIMITED,Strike Off,21029,DIRECT_NIC_PHARMA_MANUFACTURER,525,4000.0,Karnataka
U21094KA2020PTC133590,SIX COLORS PRIVATE LIMITED,Active,21094,DIRECT_NIC_PHARMA_MANUFACTURER,525,100000.0,Karnataka
U21098KA1997PTC022172,HAMSA MARKETING PRIVATE LIMITED,Strike Off,21098,DIRECT_NIC_PHARMA_MANUFACTURER,525,50000.0,Karnataka
U21099KA2022PTC162645,JNS NEOPAC INDIA PRIVATE LIMITED,Active,21099,DIRECT_NIC_PHARMA_MANUFACTURER,525,50000000.0,Karnataka
U62099KA2024PTC188876,AICLID HEALTHCARE PRIVATE LIMITED,Active,62099,NAME_BASED_MATCH,525,100000.0,Karnataka
U62099KA2026FTC214363,ANSR MEDTECH CAPABILITY CENTER PRIVATE LIMITED,Active,62099,NAME_BASED_MATCH,525,100000.0,Karnataka
U63999KA2023PTC172590,ARUSHY GLOBAL HEALTHCARE TECHNOLOGIES PRIVATE LIMITED,Active,63999,NAME_BASED_MATCH,525,100000.0,Karnataka
U85100KA2010PTC055453,NARAYANA HRUDAYALAYA SURGICAL HOSPITAL PRIVATE LIMITED,Active,85100,NAME_BASED_MATCH,525,244259000.0,Karnataka
U85100KA2010PTC055506,MAGNOLIA HEALTHCARE PRIVATE LIMITED,Strike Off,85100,NAME_BASED_MATCH,525,100000.0,Karnataka
U85100KA2011PTC059048,AMELIORATE PHARMACARE PRIVATE LIMITED,Active,85100,PHARMA_CORPORATE_ENTITY,525,100000.0,Karnataka
U85100KA2012PTC066039,WISHING WELL HEALTHCARE PRIVATE LIMITED,Active,85100,NAME_BASED_MATCH,525,100000.0,Karnataka
U85100KA2013PTC068496,SKANRAY HEALTHCARE GLOBAL PRIVATE LIMITED,Active,85100,NAME_BASED_MATCH,525,660233430.0,Karnataka
U85110KA2003PTC031652,CARDIOVASCULAR HEALTH AND DIAGNOSTICS PRIVATE LIMITED,Strike Off,85110,NAME_BASED_MATCH,525,2247400.0,Karnataka
U85110KA2013PTC070705,AK HEALTHCARE PRIVATE LIMITED,Active,85110,NAME_BASED_MATCH,525,100000.0,Karnataka
U85110KA2015PTC078563,MARATHON HEALTHCARE PRIVATE LIMITED,Active,85110,NAME_BASED_MATCH,525,100000.0,Karnataka
U85110KA2020PTC131274,RMM HEALTHCARE INDIA PRIVATE LIMITED,Active,85110,NAME_BASED_MATCH,525,100000.0,Karnataka
U85190KA2011PTC061634,HEALTHCARE UTILITY SERVICES PRIVATE LIMITED,Strike Off,85190,NAME_BASED_MATCH,525,100000.0,Karnataka
U85200KA2017PTC107703,PEBBLEBRIDGE HEALTHCARE PRIVATE LIMITED,Active,85200,NAME_BASED_MATCH,525,200000.0,Karnataka
U85200KA2019PTC122115,SOMIDEEP HEALTHCARE PRIVATE LIMITED,Active,85200,NAME_BASED_MATCH,525,100000.0,Karnataka
U85300KA2022PTC161527,RIKSAN PHARMACEUTICALS PRIVATE LIMITED,Active,85300,PHARMA_CORPORATE_ENTITY,534,1200000.0,Karnataka
U86100KA2023PTC182552,VISHWAPRIYA HEALTHCARE & HOSPITALITY PRIVATE LIMITED,Active,86100,NAME_BASED_MATCH,525,200000.0,Karnataka
U86100KA2025PTC201931,MYCOMPANYON HEALTHCARE PRIVATE LIMITED,Active,86100,NAME_BASED_MATCH,525,100000.0,Karnataka
U86201KA2023PTC177076,MATYAJ HEALTHCARE PRIVATE LIMITED,Active,86201,NAME_BASED_MATCH,525,100000.0,Karnataka
U86201KA2024PTC188825,TRINI HEALTHCARE PRIVATE LIMITED,Active,86201,NAME_BASED_MATCH,525,20000.0,Karnataka
U80904KA2018PTC119385,ZEBX PHARMACEUTICALS PRIVATE LIMITED,Active,80904,PHARMA_CORPORATE_ENTITY,525,566660.0,Karnataka
U85100KA2008PTC046789,SYMS DIAGNOSTICS PRIVATE LIMITED,Active,85100,NAME_BASED_MATCH,525,100000.0,Karnataka
U85100KA2011PTC061452,PROTECTA HEALTH CARE DIAGNOSTIC PRODUCTS PRIVATE LIMITED,Strike Off,85100,NAME_BASED_MATCH,525,100000.0,Karnataka
U85100KA2015PTC084560,SANATH HEALTHCARE SERVICES PRIVATE LIMITED,Active,85100,NAME_BASED_MATCH,525,1000000.0,Karnataka
U85100KA2020PTC131784,VARNA DIAGNOSTICS PRIVATE LIMITED,Active,85100,NAME_BASED_MATCH,525,100000.0,Karnataka
U85100KA2020PTC140121,REFRESHO HERBAL PRIVATE LIMITED,Strike Off,85100,NAME_BASED_MATCH,525,200000.0,Karnataka
U85100KA2021PTC148801,WEISERMANNER HEALTHCARE PRIVATE LIMITED,Active,85100,NAME_BASED_MATCH,525,100000.0,Karnataka
U85100KA2022PTC165421,DENTICYTE HEALTHCARE PRIVATE LIMITED,Strike Off,85100,NAME_BASED_MATCH,525,100000.0,Karnataka
U85110KA1998PTC024518,KANVA DIAGNOSTIC SERVICES PRIVATE LIMITED,Active,85110,NAME_BASED_MATCH,525,810000.0,Karnataka
U85110KA2006PTC038217,KOSMODERMA HEALTHCARE PRIVATE LIMITED,Active,85110,NAME_BASED_MATCH,525,9100000.0,Karnataka
U85110KA2013PTC069267,SHIRDI PHARMACEUTICAL CONSULTANCY PRIVATE LIMITED,Active,85110,PHARMA_CORPORATE_ENTITY,525,100000.0,Karnataka
U85110KA2015PTC079330,VIKRAM MYSURU HEALTHCARE PRIVATE LIMITED,Strike Off,85110,NAME_BASED_MATCH,525,100000.0,Karnataka
U85110KA2020PTC141903,MEDPHARMAX PRIVATE LIMITED,Active,85110,PHARMA_CORPORATE_ENTITY,525,100000.0,Karnataka
U85110KA2021PTC153913,HELO HEALTHCARE SERVICES PRIVATE LIMITED,Active,85110,NAME_BASED_MATCH,525,100000.0,Karnataka
U85110KA2022OPC156310,ADITI NADAMANI DIAGNOSTICS (OPC) PRIVATE LIMITED,Active,85110,NAME_BASED_MATCH,525,100000.0,Karnataka
U85110KA2022PTC166741,REFERRAL LABS AND DIAGNOSTICS PRIVATE LIMITED,Active,85110,NAME_BASED_MATCH,525,100000.0,Karnataka
U85194KA2010PTC056247,VITA CARE DIAGNOSTICS INDIA PRIVATE LIMITED,Active,85194,NAME_BASED_MATCH,525,0.0,Karnataka
U85195KA2008PTC046387,LIFETEST DIAGNOSTICS AND RESEARCH CENTRE PRIVATE LIMITED,Strike Off,85195,NAME_BASED_MATCH,525,0.0,Karnataka
U85300KA2018PTC118027,KALLAKUNTA HEALTHCARE SERVICES PRIVATE LIMITED,Active,85300,NAME_BASED_MATCH,525,100000.0,Karnataka
U85310KA2016PTC094644,EPRESCRIPTION HEALTHCARE INDIA PRIVATE LIMITED,Active,85310,NAME_BASED_MATCH,525,100000.0,Karnataka
U85320KA2017PTC103904,MAXCARE PATHOLOGY AND RADIOLOGY DIAGNOSTICS PRIVATE LIMITED,Strike Off,85320,NAME_BASED_MATCH,525,1800000.0,Karnataka
U85320KA2018PTC110551,GAVISHREE DIAGNOSTIC CENTER PRIVATE LIMITED,Active,85320,NAME_BASED_MATCH,543,4200000.0,Karnataka
U86100KA2020PTC133301,ZOLV HEALTHCARE PRIVATE LIMITED,Active,86100,NAME_BASED_MATCH,738,97000.0,Karnataka
U86100KA2023PTC172222,SACHIS HEALTHCARE PRIVATE LIMITED,Active,86100,NAME_BASED_MATCH,525,100000.0,Karnataka
U86100KA2024PTC184863,ENDOPHY HEALTHCARE PRIVATE LIMITED,Active,86100,NAME_BASED_MATCH,525,1000000.0,Karnataka
U86100KA2025PTC213075,EXCELIXIS HEALTHCARE PRIVATE LIMITED,Active,86100,NAME_BASED_MATCH,525,100000.0,Karnataka
U86201KA2024PTC187678,PRIMITA HEALTHCARE PRIVATE LIMITED,Active,86201,NAME_BASED_MATCH,525,100000.0,Karnataka
U52390KA2020PTC142078,ELVIVE HEALTHCARE PRIVATE LIMITED,Active,52390,NAME_BASED_MATCH,525,100000.0,Karnataka
U52500KA2022PTC158078,BIODIZIRE PHARMA PRIVATE LIMITED,Active,52500,PHARMA_CORPORATE_ENTITY,525,900000.0,Karnataka
U52520KA2022PTC160171,LAIMA PHARMACEUTICALS PRIVATE LIMITED,Active,52520,PHARMA_CORPORATE_ENTITY,525,100000.0,Karnataka
U02423KA1992PTC013258,ESSKAY THERAPEUTICS PRIVATE LIMITED,Strike Off,02423,PHARMA_CORPORATE_ENTITY,525,12500.0,Karnataka
U05190KA2005PTC035431,MYSTICAL BIOTECH PRIVATE LIMITED,Active,05190,PHARMA_CORPORATE_ENTITY,525,1000000.0,Karnataka
AAM-3888,GUNASHEELA HEALTHCARE SERVICES LLP,Strike Off,nan,NAME_BASED_MATCH,525,0.0,Karnataka
AAP-7275,VETBEE ANIMAL HEALTHCARE LLP,Active,nan,NAME_BASED_MATCH,541,0.0,Karnataka
AAU-5242,MEDIEXPERT PHARMA LLP,Active,nan,PHARMA_CORPORATE_ENTITY,525,0.0,Karnataka
AAV-7183,MEDHILL DIAGNOSTICS LLP,Active,nan,NAME_BASED_MATCH,525,0.0,Karnataka
AAT-5708,OTP PHARMA HEALTH SERVICES LLP,Active,nan,PHARMA_CORPORATE_ENTITY,525,0.0,Karnataka
AAU-3523,FOURSQUARE PHARMA SOLUTIONS LLP,Active,nan,PHARMA_CORPORATE_ENTITY,525,0.0,Karnataka
AAU-6709,GAMYA HEALTHCARE LLP,Active,nan,NAME_BASED_MATCH,525,0.0,Karnataka
AAY-2571,INFERPURE MENTAL HEALTHCARE LLP,Active,nan,NAME_BASED_MATCH,542,0.0,Karnataka
U52311KA2021PTC144226,DRUGWAY PHARMA PRIVATE LIMITED,Strike Off,52311,PHARMA_CORPORATE_ENTITY,525,10000.0,Karnataka
U51909KA2021PTC146702,JUNIPER LIFE SCIENCES PRIVATE LIMITED,Active,51909,PHARMA_CORPORATE_ENTITY,525,100000.0,Karnataka
U51909KA2021PTC149356,QUIBSA PHARMACEUTICALS PRIVATE LIMITED,Active,51909,PHARMA_CORPORATE_ENTITY,525,25000.0,Karnataka
U51909KA2021PTC151262,AESTHDERM LIFE SCIENCES PRIVATE LIMITED,Active,51909,PHARMA_CORPORATE_ENTITY,525,100000.0,Karnataka
U52310KA2021PTC152573,AMAXA PHARMA PRIVATE LIMITED,Active,52310,PHARMA_CORPORATE_ENTITY,525,100000.0,Karnataka
U01120KA2020PTC139259,VROVA AGRIBIOTECH PRIVATE LIMITED,Active,01120,PHARMA_CORPORATE_ENTITY,525,100000.0,Karnataka
U10809KA2024OPC184819,AQUILIUS VETPHARMATICS (OPC) PRIVATE LIMITED,Active,10809,PHARMA_CORPORATE_ENTITY,525,100000.0,Karnataka
U36994KA2019PTC119967,KRIJAN BIOTECH PRIVATE LIMITED,Active,36994,PHARMA_CORPORATE_ENTITY,525,100000.0,Karnataka
U02423KA1987PTC008803,SURMED LABORATORIES PRIVATE LIMITED,Strike Off,02423,PHARMA_CORPORATE_ENTITY,525,10000.0,Karnataka
U24100KA2012PTC063995,STELIS BIOPHARMA PRIVATE LIMITED,Amalgamated,24100,PHARMA_CORPORATE_ENTITY,525,237500.0,Karnataka
U24110KA2019PTC128692,CIMS HEALTHCARE PRIVATE LIMITED,Active,24110,NAME_BASED_MATCH,525,200000.0,Karnataka
U24119KA1986PTC007584,SHARVANI PHARMACEUTICALS PRIVATE LIMITED,Under Liquidation,24119,PHARMA_CORPORATE_ENTITY,525,0.0,Karnataka
U24230KA2004PTC070372,RANDOX LABORATORIES (INDIA) PRIVATE LIMITED,Active,24230,DIRECT_NIC_PHARMA_MANUFACTURER,525,98719700.0,Karnataka
U05190KA2005PTC036417,HEALTHCARE GLOBAL ADVANCED ISOTOPES PRIVATE LIMITED,Dissolved (Liquidated),05190,NAME_BASED_MATCH,525,5000000.0,Karnataka
U24230KA2008PTC046313,EURIAN PHARMACEUTICALS PRIVATE LIMITED,Strike Off,24230,DIRECT_NIC_PHARMA_MANUFACTURER,525,100000.0,Karnataka
U24230KA2010PTC054727,HORN BILL PET NEEDS PRIVATE LIMITED,Active,24230,DIRECT_NIC_PHARMA_MANUFACTURER,525,3275000.0,Karnataka
U24230KA2013PTC072600,INDIAN PHARMA LABORATORIES PRIVATE LIMITED,Strike Off,24230,DIRECT_NIC_PHARMA_MANUFACTURER,525,100000.0,Karnataka
U24230KA2020PTC142096,APNA AYUSH MARKETING PRIVATE LIMITED,Strike Off,24230,DIRECT_NIC_PHARMA_MANUFACTURER,525,25000.0,Karnataka
U24230KA2021PTC152958,TATAWATI PHARMACEUTICALS PRIVATE LIMITED,Active,24230,DIRECT_NIC_PHARMA_MANUFACTURER,525,100000.0,Karnataka
U24231KA1982PTC004615,SURANA PHARMACEUTICALS PRIVATE LIMITED,Amalgamated,24231,DIRECT_NIC_PHARMA_MANUFACTURER,525,200.0,Karnataka
U24231KA1982PTC004870,CHAITANYA CHEMICALS PRIVATE LIMITED,Strike Off,24231,DIRECT_NIC_PHARMA_MANUFACTURER,525,15000.0,Karnataka
U24231KA1996PTC020988,SUPREEM PHARMACEUTICALS MYSORE PRIVATE LIMITED,Active,24231,DIRECT_NIC_PHARMA_MANUFACTURER,525,39416920.0,Karnataka
U24231KA1997PTC022829,KARNATAKA MEDICAL AND SURGICALS SUPPLIES PRIVATE LIMITED,Strike Off,24231,DIRECT_NIC_PHARMA_MANUFACTURER,525,150000.0,Karnataka
U24231KA1998PTC024515,INDO BIOCARE PRIVATE LIMITED,Active,24231,DIRECT_NIC_PHARMA_MANUFACTURER,525,22104900.0,Karnataka
U24231KA2005PLC036761,KARNATAKA NUTRACEUTICALS INDIA LIMITED,Amalgamated,24231,DIRECT_NIC_PHARMA_MANUFACTURER,525,30000000.0,Karnataka
U24232KA1995PTC018991,AAYUSH ENTERPRISES PRIVATE LIMITED,Converted to LLP,24232,DIRECT_NIC_PHARMA_MANUFACTURER,525,3520000.0,Karnataka
U24232KA2008PTC046953,LOWKAL HEALTHCARE PRIVATE LIMITED,Active,24232,DIRECT_NIC_PHARMA_MANUFACTURER,529,34980820.0,Karnataka
U24232KA2012PTC062140,ALDERAMIN PHARMACEUTICALS PRIVATE LIMITED,Strike Off,24232,DIRECT_NIC_PHARMA_MANUFACTURER,525,100000.0,Karnataka
U24233KA1996PLC049815,BASAV CHEM LIMITED,Amalgamated,24233,DIRECT_NIC_PHARMA_MANUFACTURER,525,1000000.0,Karnataka
U24233KA2010PTC052715,KALYA AYUR HEAL PRIVATE LIMITED,Active,24233,DIRECT_NIC_PHARMA_MANUFACTURER,525,1500000.0,Karnataka
U24233KA2014PTC076199,MRHM PHARMA PRIVATE LIMITED,Active,24233,DIRECT_NIC_PHARMA_MANUFACTURER,525,12100000.0,Karnataka
U24234KA1995PTC018758,MICRO VISION PRIVATE LIMITED,Strike Off,24234,DIRECT_NIC_PHARMA_MANUFACTURER,525,2000.0,Karnataka
U24234KA2011PTC057213,INVISION MEDI SCIENCES PRIVATE LIMITED,Active,24234,DIRECT_NIC_PHARMA_MANUFACTURER,525,1000000.0,Karnataka
U24236KA1991PTC012590,SHIVANI SURGICALS PRIVATE LIMITED,Strike Off,24236,DIRECT_NIC_PHARMA_MANUFACTURER,525,2000.0,Karnataka
U24239KA1991PTC011990,SHANKAR AND SASTRY BIOTECH PRIVATE LIMITED,Strike Off,24239,DIRECT_NIC_PHARMA_MANUFACTURER,525,4000.0,Karnataka
U24239KA2000PTC026409,INDFRAG HERBALS PRIVATE LIMITED,Active,24239,DIRECT_NIC_PHARMA_MANUFACTURER,525,2092000.0,Karnataka
U24239KA2011PTC058438,CEPHALUS PHARMACEUTICAL PRIVATE LIMITED,Strike Off,24239,DIRECT_NIC_PHARMA_MANUFACTURER,525,333340.0,Karnataka
U24239KA2021PTC144920,KANNOTH HEALTH LAB PRIVATE LIMITED,Active,24239,DIRECT_NIC_PHARMA_MANUFACTURER,525,100000.0,Karnataka
U24240KA1986PTC007680,SCHEVARAN LABORATORIES PRIVATE LIMITED,Active,24240,PHARMA_CORPORATE_ENTITY,525,50000000.0,Karnataka
U24290KA2020PTC142633,ABSAL PHARMA GLOBAL PRIVATE LIMITED,Active,24290,PHARMA_CORPORATE_ENTITY,525,2851000.0,Karnataka
U24299KA2021PTC146697,EEASH HONEY AYURVEDIC RESEARCH CENTRE PRIVATE LIMITED,Active,24299,NAME_BASED_MATCH,525,100000.0,Karnataka
U21000KA2023PTC181904,BIO LIQUA RESEARCH PRIVATE LIMITED,Active,21000,DIRECT_NIC_PHARMA_MANUFACTURER,525,1000000.0,Karnataka
U21000KA2024PTC186437,SAMANYA BIOTECH PRIVATE LIMITED,Active,21000,DIRECT_NIC_PHARMA_MANUFACTURER,525,100000.0,Karnataka
U21000KA2026PTC213647,VYRA RETAIL AND WELLNESS PRIVATE LIMITED,Active,21000,DIRECT_NIC_PHARMA_MANUFACTURER,525,100000.0,Karnataka
U21001KA2024PTC188555,HELIXCIA PHARMA INDIA PRIVATE LIMITED,Active,21001,DIRECT_NIC_PHARMA_MANUFACTURER,525,100000.0,Karnataka
U21002KA2025PTC197342,EVOPHARMIX FORMULATIONS PRIVATE LIMITED,Active,21002,DIRECT_NIC_PHARMA_MANUFACTURER,525,100000.0,Karnataka
U21003KA2023PTC181940,BRAINWAYZ CONSULTANCY SERVICES PRIVATE LIMITED,Active,21003,DIRECT_NIC_PHARMA_MANUFACTURER,525,100000.0,Karnataka
U21009KA2024PTC190399,JEI PHARMA PRIVATE LIMITED,Active,21009,DIRECT_NIC_PHARMA_MANUFACTURER,525,100000.0,Karnataka
U21023KA2008PTC048296,MARUTI CORRUGATORS PRIVATE LIMITED,Strike Off,21023,DIRECT_NIC_PHARMA_MANUFACTURER,525,100000.0,Karnataka
U21029KA2019PTC123044,PRIMOTEX LABELS PRIVATE LIMITED,Active,21029,DIRECT_NIC_PHARMA_MANUFACTURER,525,2500000.0,Karnataka
U21099KA2017PTC100653,CANOPUS WET WIPES PRIVATE LIMITED,Active,21099,DIRECT_NIC_PHARMA_MANUFACTURER,631,25000000.0,Karnataka
U21099KA2022PTC157344,ADINA FLEXIBLE PACKAGING PRIVATE LIMITED,Active,21099,DIRECT_NIC_PHARMA_MANUFACTURER,525,9600000.0,Karnataka
AAB-2957,SKANRAY HEALTHCARE PARTNERS LLP,Active,nan,NAME_BASED_MATCH,525,0.0,Karnataka
AAE-5021,JMP HEALTHCARE LLP,Active,nan,NAME_BASED_MATCH,525,0.0,Karnataka
AAE-5610,A2 PHARMA LLP,Active,nan,PHARMA_CORPORATE_ENTITY,525,0.0,Karnataka
AAJ-9043,HEALING ANGELS HOME HEALTHCARE LLP,Active,nan,NAME_BASED_MATCH,525,0.0,Karnataka
AAE-9193,KALABURAGI SCANNING AND DIAGNOSTIC CENTER LLP,Active,nan,NAME_BASED_MATCH,525,0.0,Karnataka
AAF-8723,NEIGHBORX HEALTHCARE LLP,Active,nan,NAME_BASED_MATCH,525,0.0,Karnataka
AAG-1699,MEDIPLEX DIAGNOSTICS CENTER LLP,Active,nan,NAME_BASED_MATCH,541,0.0,Karnataka
AAI-5551,HEART & RYTHM DIAGNOSTICS J K LLP,Active,nan,NAME_BASED_MATCH,525,0.0,Karnataka
AAA-0677,LOWELLS THOMAS BIOTECH LLP,Active,nan,PHARMA_CORPORATE_ENTITY,525,0.0,Karnataka
AAA-2369,ORCH HOSPITAL AND HEALTHCARE SERVICES LLP,Strike Off,nan,NAME_BASED_MATCH,525,0.0,Karnataka
AAB-1867,MOLECURE PHARMACEUTICALS LLP,Strike Off,nan,PHARMA_CORPORATE_ENTITY,525,0.0,Karnataka
AAE-4043,LIPRIX PHARMA LLP,Strike Off,nan,PHARMA_CORPORATE_ENTITY,525,0.0,Karnataka
AAI-1894,SHANTI SAI LEELA DIAGNOSTICS LLP,Active,nan,NAME_BASED_MATCH,525,0.0,Karnataka
ACL-4471,DHARINI BIOTECH LLP,Active,nan,PHARMA_CORPORATE_ENTITY,525,0.0,Karnataka
ACL-6734,MY-STREE HEALTHCARE SOLUTIONS LLP,Active,nan,NAME_BASED_MATCH,525,0.0,Karnataka
ACM-6701,PINKAPPLE HEALTHCARE LLP,Active,nan,NAME_BASED_MATCH,525,0.0,Karnataka
ACC-1054,VETCOMMUNE ANIMAL HEALTHCARE LLP,Active,nan,NAME_BASED_MATCH,544,0.0,Karnataka
AAZ-4048,BELAGAVI PHARMA LLP,Active,nan,PHARMA_CORPORATE_ENTITY,527,0.0,Karnataka
U62013KA2024PTC191414,GALAXBIOTECH SOLUTION PRIVATE LIMITED,Active,62013,PHARMA_CORPORATE_ENTITY,525,100000.0,Karnataka
U62091KA2023PTC178433,VITALRX HEALTHCARE TECHNOLOGIES INDIA PRIVATE LIMITED,Active,62091,NAME_BASED_MATCH,525,100000.0,Karnataka
U58122KA2023PTC172683,SSDM PHARMA PHARMACEUTICAL PRIVATE LIMITED,Active,58122,PHARMA_CORPORATE_ENTITY,533,100000.0,Karnataka
U58122KA2023PTC175645,RESCURE BIOTECH PRIVATE LIMITED,Active,58122,PHARMA_CORPORATE_ENTITY,525,500000.0,Karnataka
ACB-2905,STETHESCOPE HEALTHCARE SOLUTIONS LLP,Active,nan,NAME_BASED_MATCH,534,0.0,Karnataka
U01117KA2004PTC033566,HERBOTECH PHARMA PRIVATE LIMITED,Strike Off,01117,PHARMA_CORPORATE_ENTITY,525,100000.0,Karnataka
U01136KA2026PTC217710,GENOVION BIOTECH PRIVATE LIMITED,Active,01136,PHARMA_CORPORATE_ENTITY,525,1000000.0,Karnataka
U01407KA2009PTC048922,SWEET LEAF BIOTECH PRIVATE LIMITED,Strike Off,01407,PHARMA_CORPORATE_ENTITY,525,500000.0,Karnataka
U01409KA2021FTC143780,MYCELIUM SONA BIOTECH PRIVATE LIMITED,Active,01409,PHARMA_CORPORATE_ENTITY,525,100000.0,Karnataka
U02423KA1992PTC013628,LIFEGUARD DRUGSANDPHARMA PRIVATE LIMITED,Strike Off,02423,PHARMA_CORPORATE_ENTITY,525,3000.0,Karnataka
U10802KA2026PTC217320,LIVSTO HEALTHCARE PRIVATE LIMITED,Active,10802,NAME_BASED_MATCH,525,2000000.0,Karnataka
U01112KA2020PTC141857,KUMUDVATI BIOTECH PRIVATE LIMITED,Active,01112,PHARMA_CORPORATE_ENTITY,525,15000000.0,Karnataka
U02423KA1985PTC006729,CLAISEN PURE DRUGS PRIVATE LIMITED,Strike Off,02423,PHARMA_CORPORATE_ENTITY,529,6000.0,Karnataka
U03311KA2005PTC037091,KARNATAKA SURGICALS PRIVATE LIMITED,Strike Off,03311,NAME_BASED_MATCH,525,100000.0,Karnataka
ABC-0871,INDOSERENE HEALTHCARE LLP,Active,nan,NAME_BASED_MATCH,543,0.0,Karnataka
ACJ-2713,VETWIN PHARMA LLP,Active,nan,PHARMA_CORPORATE_ENTITY,525,0.0,Karnataka
ACC-0266,SAI BRINDAVAN HEALTHCARE LLP,Active,nan,NAME_BASED_MATCH,525,0.0,Karnataka
U32503KA2025PTC209116,RADIODENT 3D DIGITAL DENTAL DIAGNOSTICS PRIVATE LIMITED,Active,32503,PHARMA_RELATED_MANUFACTURER,525,50000.0,Karnataka
U32511KA1976PTC003004,KARNATAKA SURGICAL DRESSING PRIVATE LIMITED,Strike Off,32511,PHARMA_RELATED_MANUFACTURER,525,20000.0,Karnataka
U33100KA2020PTC134939,SAI SHANKARANARAYANA LIFE SCIENCES PRIVATE LIMITED,Strike Off,33100,PHARMA_CORPORATE_ENTITY,525,100000.0,Karnataka
U33110KA2014PTC077331,MEDENTIS PHARMA INDIA PRIVATE LIMITED,Active,33110,PHARMA_CORPORATE_ENTITY,525,1000000.0,Karnataka
U33119KA2008PTC045715,LIFE DIAGNOSTICS INDIA PRIVATE LIMITED,Active,33119,NAME_BASED_MATCH,525,500000.0,Karnataka
U33125KA1990PTC010965,OKASA LABORATORIES PRIVATE LIMITED,Inactive for e-filing,33125,PHARMA_CORPORATE_ENTITY,525,1000.0,Karnataka
U33125KA1999PTC025426,MAYASHREE LABORATORIES PRIVATE LIMITED,Strike Off,33125,PHARMA_CORPORATE_ENTITY,525,200.0,Karnataka
U33201KA1990PTC011056,STERICON PHARMA PRIVATE LIMITED,Amalgamated,33201,PHARMA_CORPORATE_ENTITY,525,43731210.0,Karnataka
U33309KA2017PTC104881,IAN DRUGS PRIVATE LIMITED,Strike Off,33309,PHARMA_CORPORATE_ENTITY,525,100000.0,Karnataka
U33309KA2017PTC108319,QRIT LIFE SCIENCES PRIVATE LIMITED,Active,33309,PHARMA_CORPORATE_ENTITY,525,100000.0,Karnataka
U17297KA1995PTC103571,MULTICURE PHARMA PRIVATE LIMITED,Active,17297,PHARMA_CORPORATE_ENTITY,525,23684000.0,Karnataka
U21000KA1994PTC015977,VETTIYIL PACKAGING (INDIA) PRIVATE LIMITED,Active,21000,DIRECT_NIC_PHARMA_MANUFACTURER,525,100000.0,Karnataka
U21000KA2018PTC116592,RMS WRAPPAGE SOLUTIONS PRIVATE LIMITED,Active,21000,DIRECT_NIC_PHARMA_MANUFACTURER,525,100000.0,Karnataka
U21000KA2025PTC196446,SATTVAM LIFE SCIENCE PRIVATE LIMITED,Active,21000,DIRECT_NIC_PHARMA_MANUFACTURER,525,100000.0,Karnataka
U21000KA2025PTC197339,AEVO PHARMACEUTICALS PRIVATE LIMITED,Active,21000,DIRECT_NIC_PHARMA_MANUFACTURER,525,100000.0,Karnataka
U21001KA2023PTC178568,JYOGAN LABS PRIVATE LIMITED,Active,21001,DIRECT_NIC_PHARMA_MANUFACTURER,525,5000000.0,Karnataka
U21001KA2023PTC181373,BRIGID REMEDIES PRIVATE LIMITED,Active,21001,DIRECT_NIC_PHARMA_MANUFACTURER,525,900000.0,Karnataka
U21001KA2024PTC194702,AVAMMUNE LIFESCIENCES PRIVATE LIMITED,Active,21001,DIRECT_NIC_PHARMA_MANUFACTURER,525,894190000.0,Karnataka
U21000KA2024FTC186926,AXESSDR INDIA PRIVATE LIMITED,Active,21000,DIRECT_NIC_PHARMA_MANUFACTURER,525,100000.0,Karnataka
U21000KA2025PTC208520,AVAND LIFESCIENCES PRIVATE LIMITED,Active,21000,DIRECT_NIC_PHARMA_MANUFACTURER,525,100000.0,Karnataka
U21001KA2025PTC206453,AROGVEER PHARMACEUTICALS PRIVATE LIMITED,Active,21001,DIRECT_NIC_PHARMA_MANUFACTURER,525,100000.0,Karnataka
U21001KA2026PTC219718,AKRIONIX PRIVATE LIMITED,Active,21001,DIRECT_NIC_PHARMA_MANUFACTURER,525,50000.0,Karnataka
U21009KA2025PTC199144,HAUTELITE WELLNESS PRIVATE LIMITED,Active,21009,DIRECT_NIC_PHARMA_MANUFACTURER,537,400000.0,Karnataka
U21011KA1998PTC023321,HAVERI FABRICS PRIVATE LIMITED,Strike Off,21011,DIRECT_NIC_PHARMA_MANUFACTURER,536,2000.0,Karnataka
U21014KA1981PTC004241,SUMMIT GRAPHICS PRIVATE LIMITED,Strike Off,21014,DIRECT_NIC_PHARMA_MANUFACTURER,525,264000.0,Karnataka
U21016KA2012PTC062299,UNITED PACKAGING CONCEPTS PRIVATE LIMITED,Active,21016,DIRECT_NIC_PHARMA_MANUFACTURER,542,2000000.0,Karnataka
U21022KA1966PTC001607,NANDI PACKAGING PRIVATE LIMITED,Under process of striking off,21022,DIRECT_NIC_PHARMA_MANUFACTURER,525,20000.0,Karnataka
U21022KA2013PTC068793,PAPERTREE CREATIONS INDIA PRIVATE LIMITED,Strike Off,21022,DIRECT_NIC_PHARMA_MANUFACTURER,549,100000.0,Karnataka
