lgd_code,district_name,state_name,population_reference_millions,population_source,stunting_pct,wasting_pct,underweight_pct,electricity_pct,clean_fuel_pct,drinking_water_pct,sanitation_pct,insurance_pct,oope_delivery_rs,hypertension_combined_pct_women,hypertension_combined_pct_men,diabetes_combined_pct_women,diabetes_combined_pct_men,jan_aushadhi_kendra_count,decadal_growth_rate_pct,density_per_sqkm,sex_ratio,literacy_rate_pct,urban_population_pct,population_age_0_6_pct,sub_centres_per_lakh_pop,phcs_per_lakh_pop,chcs_per_lakh_pop,rhs_sub_divisional_hospital,rhs_district_hospital,mca21_active_pharma_company_count,niti_aspirational_district_flag,stunting_pct__status,wasting_pct__status,underweight_pct__status,electricity_pct__status,clean_fuel_pct__status,drinking_water_pct__status,sanitation_pct__status,insurance_pct__status,oope_delivery_rs__status,hypertension_combined_pct_women__status,hypertension_combined_pct_men__status,diabetes_combined_pct_women__status,diabetes_combined_pct_men__status,jan_aushadhi_kendra_count__status,decadal_growth_rate_pct__status,density_per_sqkm__status,sex_ratio__status,literacy_rate_pct__status,urban_population_pct__status,population_age_0_6_pct__status,sub_centres_per_lakh_pop__status,phcs_per_lakh_pop__status,chcs_per_lakh_pop__status,rhs_sub_divisional_hospital__status,rhs_district_hospital__status,mca21_active_pharma_company_count__status,niti_aspirational_district_flag__status
554,Alappuzha,Kerala,,illustrative_placeholder,14.5,16.6,17.2,99.6,3.0,1.0,97.2,56.0,9472.0,90.0,90.0,25.2,25.4,139,,,,,,,,,,,,,0,native,native,native,native,native,native,native,native,native,native,native,native,native,native,still_missing,still_missing,still_missing,still_missing,still_missing,still_missing,still_missing,still_missing,still_missing,still_missing,still_missing,still_missing,native
121,Ambedkar Nagar,Uttar Pradesh,,illustrative_placeholder,,,,,,,,,,,,,,,,,,,,,,,,,,,0,still_missing,still_missing,still_missing,still_missing,still_missing,still_missing,still_missing,still_missing,still_missing,still_missing,still_missing,still_missing,still_missing,still_missing,still_missing,still_missing,still_missing,still_missing,still_missing,still_missing,still_missing,still_missing,still_missing,still_missing,still_missing,still_missing,native
27,Amritsar,Punjab,,illustrative_placeholder,,,,,,,,,,,,,,,,,,,,,,,,,,,0,still_missing,still_missing,still_missing,still_missing,still_missing,still_missing,still_missing,still_missing,still_missing,still_missing,still_missing,still_missing,still_missing,still_missing,still_missing,still_missing,still_missing,still_missing,still_missing,still_missing,still_missing,still_missing,still_missing,still_missing,still_missing,still_missing,native
672,Arvalli,Gujarat,,illustrative_placeholder,,,,,,,,,,,,,,,,,,,,,,,,,,,0,still_missing,still_missing,still_missing,still_missing,still_missing,still_missing,still_missing,still_missing,still_missing,still_missing,still_missing,still_missing,still_missing,still_missing,still_missing,still_missing,still_missing,still_missing,still_missing,still_missing,still_missing,still_missing,still_missing,still_missing,still_missing,still_missing,native
611,Arwal,Bihar,,illustrative_placeholder,,,,,,,,,,,,,,,,,,,,,,,,,,,0,still_missing,still_missing,still_missing,still_missing,still_missing,still_missing,still_missing,still_missing,still_missing,still_missing,still_missing,still_missing,still_missing,still_missing,still_missing,still_missing,still_missing,still_missing,still_missing,still_missing,still_missing,still_missing,still_missing,still_missing,still_missing,still_missing,native
189,Aurangabad,Bihar,,illustrative_placeholder,,,,,,,,,,,,,,,,,,,,,,,,,,,1,still_missing,still_missing,still_missing,still_missing,still_missing,still_missing,still_missing,still_missing,still_missing,still_missing,still_missing,still_missing,still_missing,still_missing,still_missing,still_missing,still_missing,still_missing,still_missing,still_missing,still_missing,still_missing,still_missing,still_missing,still_missing,still_missing,native
125,Bahraich,Uttar Pradesh,,illustrative_placeholder,,,,,,,,,,,,,,,,,,,,,,,,,,,1,still_missing,still_missing,still_missing,still_missing,still_missing,still_missing,still_missing,still_missing,still_missing,still_missing,still_missing,still_missing,still_missing,still_missing,still_missing,still_missing,still_missing,still_missing,still_missing,still_missing,still_missing,still_missing,still_missing,still_missing,still_missing,still_missing,native
646,Balod,Chhattisgarh,,illustrative_placeholder,44.9,29.1,38.9,96.7,3.0,1.0,22.6,36.4,2914.0,90.0,21.0,11.6,14.3,,,,,,,,,,,,,,0,state_mean,state_mean,state_mean,state_mean,state_mean,state_mean,state_mean,state_mean,state_mean,state_mean,state_mean,state_mean,state_mean,still_missing,still_missing,still_missing,still_missing,still_missing,still_missing,still_missing,still_missing,still_missing,still_missing,still_missing,still_missing,still_missing,native
127,Balrampur,Uttar Pradesh,,illustrative_placeholder,,,,,,,,,,,,,,,,,,,,,,,,,,,1,still_missing,still_missing,still_missing,still_missing,still_missing,still_missing,still_missing,still_missing,still_missing,still_missing,still_missing,still_missing,still_missing,still_missing,still_missing,still_missing,still_missing,still_missing,still_missing,still_missing,still_missing,still_missing,still_missing,still_missing,still_missing,still_missing,native
649,Balrampur-Ramanujganj,Chhattisgarh,,illustrative_placeholder,44.9,29.1,38.9,96.7,3.0,1.0,22.6,36.4,2914.0,90.0,21.0,11.6,14.3,,,,,,,,,,,,,,0,state_mean,state_mean,state_mean,state_mean,state_mean,state_mean,state_mean,state_mean,state_mean,state_mean,state_mean,state_mean,state_mean,still_missing,still_missing,still_missing,still_missing,still_missing,still_missing,still_missing,still_missing,still_missing,still_missing,still_missing,still_missing,still_missing,native
623,Bandipora,Jammu And Kashmir,,illustrative_placeholder,,,,,,,,,,,,,,,,,,,,,,,,,,,0,still_missing,still_missing,still_missing,still_missing,still_missing,still_missing,still_missing,still_missing,still_missing,still_missing,still_missing,still_missing,still_missing,still_missing,still_missing,still_missing,still_missing,still_missing,still_missing,still_missing,still_missing,still_missing,still_missing,still_missing,still_missing,still_missing,native
470,Beed,Maharashtra,,illustrative_placeholder,,,,,,,,,,,,,,24,,,,,,,,,,,,,0,still_missing,still_missing,still_missing,still_missing,still_missing,still_missing,still_missing,still_missing,still_missing,still_missing,still_missing,still_missing,still_missing,native,still_missing,still_missing,still_missing,still_missing,still_missing,still_missing,still_missing,still_missing,still_missing,still_missing,still_missing,still_missing,native
650,Bemetara,Chhattisgarh,,illustrative_placeholder,44.9,29.1,38.9,96.7,3.0,1.0,22.6,36.4,2914.0,90.0,21.0,11.6,14.3,,,,,,,,,,,,,,0,state_mean,state_mean,state_mean,state_mean,state_mean,state_mean,state_mean,state_mean,state_mean,state_mean,state_mean,state_mean,state_mean,still_missing,still_missing,still_missing,still_missing,still_missing,still_missing,still_missing,still_missing,still_missing,still_missing,still_missing,still_missing,still_missing,native
525,Bengaluru Urban,Karnataka,,illustrative_placeholder,28.1,28.9,26.8,99.6,3.0,1.0,88.4,15.4,9333.0,90.0,33.5,19.4,21.3,505,,,,,,,,,,,,,0,native,native,native,native,native,native,native,native,native,native,native,native,native,native,still_missing,still_missing,still_missing,still_missing,still_missing,still_missing,still_missing,still_missing,still_missing,still_missing,still_missing,still_missing,native
179,Bhadohi,Uttar Pradesh,,illustrative_placeholder,,,,,,,,,,,,,,,,,,,,,,,,,,,0,still_missing,still_missing,still_missing,still_missing,still_missing,still_missing,still_missing,still_missing,still_missing,still_missing,still_missing,still_missing,still_missing,still_missing,still_missing,still_missing,still_missing,still_missing,still_missing,still_missing,still_missing,still_missing,still_missing,still_missing,still_missing,still_missing,native
471,Bhandara,Maharashtra,,illustrative_placeholder,,,,,,,,,,,,,,5,,,,,,,,,,,,,0,still_missing,still_missing,still_missing,still_missing,still_missing,still_missing,still_missing,still_missing,still_missing,still_missing,still_missing,still_missing,still_missing,native,still_missing,still_missing,still_missing,still_missing,still_missing,still_missing,still_missing,still_missing,still_missing,still_missing,still_missing,still_missing,native
395,Bhind,Madhya Pradesh,,illustrative_placeholder,,,,,,,,,,,,,,4,,,,,,,,,,,,,0,still_missing,still_missing,still_missing,still_missing,still_missing,still_missing,still_missing,still_missing,still_missing,still_missing,still_missing,still_missing,still_missing,native,still_missing,still_missing,still_missing,still_missing,still_missing,still_missing,still_missing,still_missing,still_missing,still_missing,still_missing,still_missing,native
636,Bijapur,Chhattisgarh,,illustrative_placeholder,44.9,29.1,38.9,96.7,3.0,1.0,22.6,36.4,2914.0,90.0,21.0,11.6,14.3,,,,,,,,,,,,,,1,native,native,native,native,native,native,native,native,native,native,native,native,native,still_missing,still_missing,still_missing,still_missing,still_missing,still_missing,still_missing,still_missing,still_missing,still_missing,still_missing,still_missing,still_missing,native
676,Botad,Gujarat,,illustrative_placeholder,,,,,,,,,,,,,,,,,,,,,,,,,,,0,still_missing,still_missing,still_missing,still_missing,still_missing,still_missing,still_missing,still_missing,still_missing,still_missing,still_missing,still_missing,still_missing,still_missing,still_missing,still_missing,still_missing,still_missing,still_missing,still_missing,still_missing,still_missing,still_missing,still_missing,still_missing,still_missing,native
47,Chamoli,Uttarakhand,,illustrative_placeholder,,,,,,,,,,,,,,,,,,,,,,,,,,,0,still_missing,still_missing,still_missing,still_missing,still_missing,still_missing,still_missing,still_missing,still_missing,still_missing,still_missing,still_missing,still_missing,still_missing,still_missing,still_missing,still_missing,still_missing,still_missing,still_missing,still_missing,still_missing,still_missing,still_missing,still_missing,still_missing,native
135,Chandauli,Uttar Pradesh,,illustrative_placeholder,,,,,,,,,,,,,,,,,,,,,,,,,,,1,still_missing,still_missing,still_missing,still_missing,still_missing,still_missing,still_missing,still_missing,still_missing,still_missing,still_missing,still_missing,still_missing,still_missing,still_missing,still_missing,still_missing,still_missing,still_missing,still_missing,still_missing,still_missing,still_missing,still_missing,still_missing,still_missing,native
253,Chandel,Manipur,,illustrative_placeholder,,,,,,,,,,,,,,,,,,,,,,,,,,,1,still_missing,still_missing,still_missing,still_missing,still_missing,still_missing,still_missing,still_missing,still_missing,still_missing,still_missing,still_missing,still_missing,still_missing,still_missing,still_missing,still_missing,still_missing,still_missing,still_missing,still_missing,still_missing,still_missing,still_missing,still_missing,still_missing,native
473,Chandrapur,Maharashtra,,illustrative_placeholder,,,,,,,,,,,,,,7,,,,,,,,,,,,,0,still_missing,still_missing,still_missing,still_missing,still_missing,still_missing,still_missing,still_missing,still_missing,still_missing,still_missing,still_missing,still_missing,native,still_missing,still_missing,still_missing,still_missing,still_missing,still_missing,still_missing,still_missing,still_missing,still_missing,still_missing,still_missing,native
398,Chhatarpur,Madhya Pradesh,,illustrative_placeholder,,,,,,,,,,,,,,27,,,,,,,,,,,,,1,still_missing,still_missing,still_missing,still_missing,still_missing,still_missing,still_missing,still_missing,still_missing,still_missing,still_missing,still_missing,still_missing,native,still_missing,still_missing,still_missing,still_missing,still_missing,still_missing,still_missing,still_missing,still_missing,still_missing,still_missing,still_missing,native
668,Chhotaudepur,Gujarat,,illustrative_placeholder,,,,,,,,,,,,,,,,,,,,,,,,,,,0,still_missing,still_missing,still_missing,still_missing,still_missing,still_missing,still_missing,still_missing,still_missing,still_missing,still_missing,still_missing,still_missing,still_missing,still_missing,still_missing,still_missing,still_missing,still_missing,still_missing,still_missing,still_missing,still_missing,still_missing,still_missing,still_missing,native
445,Dahod,Gujarat,,illustrative_placeholder,,,,,,,,,,,,,,,,,,,,,,,,,,,1,still_missing,still_missing,still_missing,still_missing,still_missing,still_missing,still_missing,still_missing,still_missing,still_missing,still_missing,still_missing,still_missing,still_missing,still_missing,still_missing,still_missing,still_missing,still_missing,still_missing,still_missing,still_missing,still_missing,still_missing,still_missing,still_missing,native
310,Dakshin Dinajpur,West Bengal,,illustrative_placeholder,,,,,,,,,,,,,,,,,,,,,,,,,,,0,still_missing,still_missing,still_missing,still_missing,still_missing,still_missing,still_missing,still_missing,still_missing,still_missing,still_missing,still_missing,still_missing,still_missing,still_missing,still_missing,still_missing,still_missing,still_missing,still_missing,still_missing,still_missing,still_missing,still_missing,still_missing,still_missing,native
400,Damoh,Madhya Pradesh,,illustrative_placeholder,,,,,,,,,,,,,,10,,,,,,,,,,,,,1,still_missing,still_missing,still_missing,still_missing,still_missing,still_missing,still_missing,still_missing,still_missing,still_missing,still_missing,still_missing,still_missing,native,still_missing,still_missing,still_missing,still_missing,still_missing,still_missing,still_missing,still_missing,still_missing,still_missing,still_missing,still_missing,native
444,Dangs,Gujarat,,illustrative_placeholder,,,,,,,,,,,,,,,,,,,,,,,,,,,0,still_missing,still_missing,still_missing,still_missing,still_missing,still_missing,still_missing,still_missing,still_missing,still_missing,still_missing,still_missing,still_missing,still_missing,still_missing,still_missing,still_missing,still_missing,still_missing,still_missing,still_missing,still_missing,still_missing,still_missing,still_missing,still_missing,native
309,Darjeeling,West Bengal,,illustrative_placeholder,,,,,,,,,,,,,,,,,,,,,,,,,,,0,still_missing,still_missing,still_missing,still_missing,still_missing,still_missing,still_missing,still_missing,still_missing,still_missing,still_missing,still_missing,still_missing,still_missing,still_missing,still_missing,still_missing,still_missing,still_missing,still_missing,still_missing,still_missing,still_missing,still_missing,still_missing,still_missing,native
535,Davangere,Karnataka,,illustrative_placeholder,46.4,22.4,41.9,98.9,3.0,1.0,63.1,38.0,2988.0,90.0,29.5,16.1,17.5,48,,,,,,,,,,,,,0,native,native,native,native,native,native,native,native,native,native,native,native,native,native,still_missing,still_missing,still_missing,still_missing,still_missing,still_missing,still_missing,still_missing,still_missing,still_missing,still_missing,still_missing,native
269,Dhalai,Tripura,,illustrative_placeholder,,,,,,,,,,,,,,,,,,,,,,,,,,,1,still_missing,still_missing,still_missing,still_missing,still_missing,still_missing,still_missing,still_missing,still_missing,still_missing,still_missing,still_missing,still_missing,still_missing,still_missing,still_missing,still_missing,still_missing,still_missing,still_missing,still_missing,still_missing,still_missing,still_missing,still_missing,still_missing,native
352,Dhenkanal,Odisha,,illustrative_placeholder,,,,,,,,,,,,,,1,,,,,,,,,,,,,1,still_missing,still_missing,still_missing,still_missing,still_missing,still_missing,still_missing,still_missing,still_missing,still_missing,still_missing,still_missing,still_missing,state_mean,still_missing,still_missing,still_missing,still_missing,still_missing,still_missing,still_missing,still_missing,still_missing,still_missing,still_missing,still_missing,native
404,Dindori,Madhya Pradesh,,illustrative_placeholder,,,,,,,,,,,,,,2,,,,,,,,,,,,,0,still_missing,still_missing,still_missing,still_missing,still_missing,still_missing,still_missing,still_missing,still_missing,still_missing,still_missing,still_missing,still_missing,native,still_missing,still_missing,still_missing,still_missing,still_missing,still_missing,still_missing,still_missing,still_missing,still_missing,still_missing,still_missing,native
769,Dudu,Rajasthan,,illustrative_placeholder,,,,,,,,,,,,,,,,,,,,,,,,,,,0,still_missing,still_missing,still_missing,still_missing,still_missing,still_missing,still_missing,still_missing,still_missing,still_missing,still_missing,still_missing,still_missing,still_missing,still_missing,still_missing,still_missing,still_missing,still_missing,still_missing,still_missing,still_missing,still_missing,still_missing,still_missing,still_missing,native
657,East Jaintia Hills,Meghalaya,,illustrative_placeholder,,,,,,,,,,,,,,,,,,,,,,,,,,,0,still_missing,still_missing,still_missing,still_missing,still_missing,still_missing,still_missing,still_missing,still_missing,still_missing,still_missing,still_missing,still_missing,still_missing,still_missing,still_missing,still_missing,still_missing,still_missing,still_missing,still_missing,still_missing,still_missing,still_missing,still_missing,still_missing,native
748,Eluru,Andhra Pradesh,,illustrative_placeholder,30.766666666666666,17.041666666666668,31.53333333333333,99.13333333333334,3.0,1.0,51.61666666666667,75.25,2368.5833333333335,90.0,28.691666666666666,19.308333333333334,21.358333333333334,12,,,,,,,,,,,,,0,state_mean,state_mean,state_mean,state_mean,state_mean,state_mean,state_mean,state_mean,state_mean,state_mean,state_mean,state_mean,state_mean,native,still_missing,still_missing,still_missing,still_missing,still_missing,still_missing,still_missing,still_missing,still_missing,still_missing,still_missing,still_missing,native
573,Erode,Tamil Nadu,,illustrative_placeholder,25.6,16.3,16.1,98.9,3.0,1.0,62.7,60.4,2439.0,90.0,90.0,16.6,16.1,54,,,,,,,,,,,,,0,native,native,native,native,native,native,native,native,native,native,native,native,native,native,still_missing,still_missing,still_missing,still_missing,still_missing,still_missing,still_missing,still_missing,still_missing,still_missing,still_missing,still_missing,native
651,Fazilka,Punjab,,illustrative_placeholder,,,,,,,,,,,,,,,,,,,,,,,,,,,0,still_missing,still_missing,still_missing,still_missing,still_missing,still_missing,still_missing,still_missing,still_missing,still_missing,still_missing,still_missing,still_missing,still_missing,still_missing,still_missing,still_missing,still_missing,still_missing,still_missing,still_missing,still_missing,still_missing,still_missing,still_missing,still_missing,native
31,Ferozepur,Punjab,,illustrative_placeholder,,,,,,,,,,,,,,,,,,,,,,,,,,,1,still_missing,still_missing,still_missing,still_missing,still_missing,still_missing,still_missing,still_missing,still_missing,still_missing,still_missing,still_missing,still_missing,still_missing,still_missing,still_missing,still_missing,still_missing,still_missing,still_missing,still_missing,still_missing,still_missing,still_missing,still_missing,still_missing,native
446,Gandhinagar,Gujarat,,illustrative_placeholder,,,,,,,,,,,,,,,,,,,,,,,,,,,0,still_missing,still_missing,still_missing,still_missing,still_missing,still_missing,still_missing,still_missing,still_missing,still_missing,still_missing,still_missing,still_missing,still_missing,still_missing,still_missing,still_missing,still_missing,still_missing,still_missing,still_missing,still_missing,still_missing,still_missing,still_missing,still_missing,native
328,Garhwa,Jharkhand,,illustrative_placeholder,,,,,,,,,,,,,,,,,,,,,,,,,,,1,still_missing,still_missing,still_missing,still_missing,still_missing,still_missing,still_missing,still_missing,still_missing,still_missing,still_missing,still_missing,still_missing,still_missing,still_missing,still_missing,still_missing,still_missing,still_missing,still_missing,still_missing,still_missing,still_missing,still_missing,still_missing,still_missing,native
645,Gariyaband,Chhattisgarh,,illustrative_placeholder,44.9,29.1,38.9,96.7,3.0,1.0,22.6,36.4,2914.0,90.0,21.0,11.6,14.3,,,,,,,,,,,,,,0,state_mean,state_mean,state_mean,state_mean,state_mean,state_mean,state_mean,state_mean,state_mean,state_mean,state_mean,state_mean,state_mean,still_missing,still_missing,still_missing,still_missing,still_missing,still_missing,still_missing,still_missing,still_missing,still_missing,still_missing,still_missing,still_missing,native
196,Gaya,Bihar,,illustrative_placeholder,,,,,,,,,,,,,,,,,,,,,,,,,,,1,still_missing,still_missing,still_missing,still_missing,still_missing,still_missing,still_missing,still_missing,still_missing,still_missing,still_missing,still_missing,still_missing,still_missing,still_missing,still_missing,still_missing,still_missing,still_missing,still_missing,still_missing,still_missing,still_missing,still_missing,still_missing,still_missing,native
654,Gomati,Tripura,,illustrative_placeholder,,,,,,,,,,,,,,,,,,,,,,,,,,,0,still_missing,still_missing,still_missing,still_missing,still_missing,still_missing,still_missing,still_missing,still_missing,still_missing,still_missing,still_missing,still_missing,still_missing,still_missing,still_missing,still_missing,still_missing,still_missing,still_missing,still_missing,still_missing,still_missing,still_missing,still_missing,still_missing,native
331,Gumla,Jharkhand,,illustrative_placeholder,,,,,,,,,,,,,,,,,,,,,,,,,,,1,still_missing,still_missing,still_missing,still_missing,still_missing,still_missing,still_missing,still_missing,still_missing,still_missing,still_missing,still_missing,still_missing,still_missing,still_missing,still_missing,still_missing,still_missing,still_missing,still_missing,still_missing,still_missing,still_missing,still_missing,still_missing,still_missing,native
17,Hamirpur,Himachal Pradesh,,illustrative_placeholder,,,,,,,,,,,,,,,,,,,,,,,,,,,0,still_missing,still_missing,still_missing,still_missing,still_missing,still_missing,still_missing,still_missing,still_missing,still_missing,still_missing,still_missing,still_missing,still_missing,still_missing,still_missing,still_missing,still_missing,still_missing,still_missing,still_missing,still_missing,still_missing,still_missing,still_missing,still_missing,native
686,Hanumakonda,Telangana,,illustrative_placeholder,33.08,22.246666666666666,32.596666666666664,99.50333333333333,3.0,1.0,74.62,61.97,3932.766666666667,90.0,90.0,14.073333333333334,17.56,5,,,,,,,,,,,,,0,state_mean,state_mean,state_mean,state_mean,state_mean,state_mean,state_mean,state_mean,state_mean,state_mean,state_mean,state_mean,state_mean,native,still_missing,still_missing,still_missing,still_missing,still_missing,still_missing,still_missing,still_missing,still_missing,still_missing,still_missing,still_missing,native
408,Harda,Madhya Pradesh,,illustrative_placeholder,,,,,,,,,,,,,,5,,,,,,,,,,,,,0,still_missing,still_missing,still_missing,still_missing,still_missing,still_missing,still_missing,still_missing,still_missing,still_missing,still_missing,still_missing,still_missing,native,still_missing,still_missing,still_missing,still_missing,still_missing,still_missing,still_missing,still_missing,still_missing,still_missing,still_missing,still_missing,native
50,Haridwar,Uttarakhand,,illustrative_placeholder,,,,,,,,,,,,,,,,,,,,,,,,,,,1,still_missing,still_missing,still_missing,still_missing,still_missing,still_missing,still_missing,still_missing,still_missing,still_missing,still_missing,still_missing,still_missing,still_missing,still_missing,still_missing,still_missing,still_missing,still_missing,still_missing,still_missing,still_missing,still_missing,still_missing,still_missing,still_missing,native
539,Hassan,Karnataka,,illustrative_placeholder,27.0,19.1,26.4,97.5,3.0,1.0,66.9,39.8,4493.0,90.0,29.5,16.3,18.7,35,,,,,,,,,,,,,0,native,native,native,native,native,native,native,native,native,native,native,native,native,native,still_missing,still_missing,still_missing,still_missing,still_missing,still_missing,still_missing,still_missing,still_missing,still_missing,still_missing,still_missing,native
355,Jagatsinghapur,Odisha,,illustrative_placeholder,,,,,,,,,,,,,,1,,,,,,,,,,,,,0,still_missing,still_missing,still_missing,still_missing,still_missing,still_missing,still_missing,still_missing,still_missing,still_missing,still_missing,still_missing,still_missing,state_mean,still_missing,still_missing,still_missing,still_missing,still_missing,still_missing,still_missing,still_missing,still_missing,still_missing,still_missing,still_missing,native
102,Jaipur,Rajasthan,,illustrative_placeholder,,,,,,,,,,,,,,,,,,,,,,,,,,,0,still_missing,still_missing,still_missing,still_missing,still_missing,still_missing,still_missing,still_missing,still_missing,still_missing,still_missing,still_missing,still_missing,still_missing,still_missing,still_missing,still_missing,still_missing,still_missing,still_missing,still_missing,still_missing,still_missing,still_missing,still_missing,still_missing,native
104,Jalore,Rajasthan,,illustrative_placeholder,,,,,,,,,,,,,,,,,,,,,,,,,,,0,still_missing,still_missing,still_missing,still_missing,still_missing,still_missing,still_missing,still_missing,still_missing,still_missing,still_missing,still_missing,still_missing,still_missing,still_missing,still_missing,still_missing,still_missing,still_missing,still_missing,still_missing,still_missing,still_missing,still_missing,still_missing,still_missing,native
314,Jalpaiguri,West Bengal,,illustrative_placeholder,,,,,,,,,,,,,,,,,,,,,,,,,,,0,still_missing,still_missing,still_missing,still_missing,still_missing,still_missing,still_missing,still_missing,still_missing,still_missing,still_missing,still_missing,still_missing,still_missing,still_missing,still_missing,still_missing,still_missing,still_missing,still_missing,still_missing,still_missing,still_missing,still_missing,still_missing,still_missing,native
687,Jayashankar Bhupalapally,Telangana,,illustrative_placeholder,32.5,31.8,36.7,99.3,3.0,1.0,65.6,71.5,5993.0,90.0,90.0,13.5,17.4,2,,,,,,,,,,,,,0,native,native,native,native,native,native,native,native,native,native,native,native,native,native,still_missing,still_missing,still_missing,still_missing,still_missing,still_missing,still_missing,still_missing,still_missing,still_missing,still_missing,still_missing,native
105,Jhalawar,Rajasthan,,illustrative_placeholder,,,,,,,,,,,,,,,,,,,,,,,,,,,0,still_missing,still_missing,still_missing,still_missing,still_missing,still_missing,still_missing,still_missing,still_missing,still_missing,still_missing,still_missing,still_missing,still_missing,still_missing,still_missing,still_missing,still_missing,still_missing,still_missing,still_missing,still_missing,still_missing,still_missing,still_missing,still_missing,native
153,Jhansi,Uttar Pradesh,,illustrative_placeholder,,,,,,,,,,,,,,,,,,,,,,,,,,,0,still_missing,still_missing,still_missing,still_missing,still_missing,still_missing,still_missing,still_missing,still_missing,still_missing,still_missing,still_missing,still_missing,still_missing,still_missing,still_missing,still_missing,still_missing,still_missing,still_missing,still_missing,still_missing,still_missing,still_missing,still_missing,still_missing,native
357,Jharsuguda,Odisha,,illustrative_placeholder,,,,,,,,,,,,,,1,,,,,,,,,,,,,0,still_missing,still_missing,still_missing,still_missing,still_missing,still_missing,still_missing,still_missing,still_missing,still_missing,still_missing,still_missing,still_missing,state_mean,still_missing,still_missing,still_missing,still_missing,still_missing,still_missing,still_missing,still_missing,still_missing,still_missing,still_missing,still_missing,native
382,Kabeerdham,Chhattisgarh,,illustrative_placeholder,44.9,29.1,38.9,96.7,3.0,1.0,22.6,36.4,2914.0,90.0,21.0,11.6,14.3,,,,,,,,,,,,,,0,state_mean,state_mean,state_mean,state_mean,state_mean,state_mean,state_mean,state_mean,state_mean,state_mean,state_mean,state_mean,state_mean,still_missing,still_missing,still_missing,still_missing,still_missing,still_missing,still_missing,still_missing,still_missing,still_missing,still_missing,still_missing,still_missing,native
702,Kalimpong,West Bengal,,illustrative_placeholder,,,,,,,,,,,,,,,,,,,,,,,,,,,0,still_missing,still_missing,still_missing,still_missing,still_missing,still_missing,still_missing,still_missing,still_missing,still_missing,still_missing,still_missing,still_missing,still_missing,still_missing,still_missing,still_missing,still_missing,still_missing,still_missing,still_missing,still_missing,still_missing,still_missing,still_missing,still_missing,native
156,Kanpur Dehat,Uttar Pradesh,,illustrative_placeholder,,,,,,,,,,,,,,,,,,,,,,,,,,,0,still_missing,still_missing,still_missing,still_missing,still_missing,still_missing,still_missing,still_missing,still_missing,still_missing,still_missing,still_missing,still_missing,still_missing,still_missing,still_missing,still_missing,still_missing,still_missing,still_missing,still_missing,still_missing,still_missing,still_missing,still_missing,still_missing,native
108,Karauli,Rajasthan,,illustrative_placeholder,,,,,,,,,,,,,,,,,,,,,,,,,,,1,still_missing,still_missing,still_missing,still_missing,still_missing,still_missing,still_missing,still_missing,still_missing,still_missing,still_missing,still_missing,still_missing,still_missing,still_missing,still_missing,still_missing,still_missing,still_missing,still_missing,still_missing,still_missing,still_missing,still_missing,still_missing,still_missing,native
508,Karimnagar,Telangana,,illustrative_placeholder,30.3,13.9,27.5,99.7,3.0,1.0,78.8,58.6,4573.0,90.0,90.0,16.8,20.0,5,,,,,,,,,,,,,0,native,native,native,native,native,native,native,native,native,native,native,native,native,native,still_missing,still_missing,still_missing,still_missing,still_missing,still_missing,still_missing,still_missing,still_missing,still_missing,still_missing,still_missing,native
201,Katihar,Bihar,,illustrative_placeholder,,,,,,,,,,,,,,,,,,,,,,,,,,,1,still_missing,still_missing,still_missing,still_missing,still_missing,still_missing,still_missing,still_missing,still_missing,still_missing,still_missing,still_missing,still_missing,still_missing,still_missing,still_missing,still_missing,still_missing,still_missing,still_missing,still_missing,still_missing,still_missing,still_missing,still_missing,still_missing,native
360,Kendrapara,Odisha,,illustrative_placeholder,,,,,,,,,,,,,,1,,,,,,,,,,,,,0,still_missing,still_missing,still_missing,still_missing,still_missing,still_missing,still_missing,still_missing,still_missing,still_missing,still_missing,still_missing,still_missing,state_mean,still_missing,still_missing,still_missing,still_missing,still_missing,still_missing,still_missing,still_missing,still_missing,still_missing,still_missing,still_missing,native
414,Khargone (West Nimar),Madhya Pradesh,,illustrative_placeholder,,,,,,,,,,,,,,13,,,,,,,,,,,,,0,still_missing,still_missing,still_missing,still_missing,still_missing,still_missing,still_missing,still_missing,still_missing,still_missing,still_missing,still_missing,still_missing,native,still_missing,still_missing,still_missing,still_missing,still_missing,still_missing,still_missing,still_missing,still_missing,still_missing,still_missing,still_missing,native
450,Kheda,Gujarat,,illustrative_placeholder,,,,,,,,,,,,,,,,,,,,,,,,,,,0,still_missing,still_missing,still_missing,still_missing,still_missing,still_missing,still_missing,still_missing,still_missing,still_missing,still_missing,still_missing,still_missing,still_missing,still_missing,still_missing,still_missing,still_missing,still_missing,still_missing,still_missing,still_missing,still_missing,still_missing,still_missing,still_missing,native
159,Kheri,Uttar Pradesh,,illustrative_placeholder,,,,,,,,,,,,,,,,,,,,,,,,,,,0,still_missing,still_missing,still_missing,still_missing,still_missing,still_missing,still_missing,still_missing,still_missing,still_missing,still_missing,still_missing,still_missing,still_missing,still_missing,still_missing,still_missing,still_missing,still_missing,still_missing,still_missing,still_missing,still_missing,still_missing,still_missing,still_missing,native
652,Khowai,Tripura,,illustrative_placeholder,,,,,,,,,,,,,,,,,,,,,,,,,,,0,still_missing,still_missing,still_missing,still_missing,still_missing,still_missing,still_missing,still_missing,still_missing,still_missing,still_missing,still_missing,still_missing,still_missing,still_missing,still_missing,still_missing,still_missing,still_missing,still_missing,still_missing,still_missing,still_missing,still_missing,still_missing,still_missing,native
606,Khunti,Jharkhand,,illustrative_placeholder,,,,,,,,,,,,,,,,,,,,,,,,,,,1,still_missing,still_missing,still_missing,still_missing,still_missing,still_missing,still_missing,still_missing,still_missing,still_missing,still_missing,still_missing,still_missing,still_missing,still_missing,still_missing,still_missing,still_missing,still_missing,still_missing,still_missing,still_missing,still_missing,still_missing,still_missing,still_missing,native
620,Kishtwar,Jammu And Kashmir,,illustrative_placeholder,,,,,,,,,,,,,,,,,,,,,,,,,,,0,still_missing,still_missing,still_missing,still_missing,still_missing,still_missing,still_missing,still_missing,still_missing,still_missing,still_missing,still_missing,still_missing,still_missing,still_missing,still_missing,still_missing,still_missing,still_missing,still_missing,still_missing,still_missing,still_missing,still_missing,still_missing,still_missing,native
263,Kolasib,Mizoram,,illustrative_placeholder,,,,,,,,,,,,,,,,,,,,,,,,,,,0,still_missing,still_missing,still_missing,still_missing,still_missing,still_missing,still_missing,still_missing,still_missing,still_missing,still_missing,still_missing,still_missing,still_missing,still_missing,still_missing,still_missing,still_missing,still_missing,still_missing,still_missing,still_missing,still_missing,still_missing,still_missing,still_missing,native
315,Kolkata,West Bengal,,illustrative_placeholder,,,,,,,,,,,,,,,,,,,,,,,,,,,0,still_missing,still_missing,still_missing,still_missing,still_missing,still_missing,still_missing,still_missing,still_missing,still_missing,still_missing,still_missing,still_missing,still_missing,still_missing,still_missing,still_missing,still_missing,still_missing,still_missing,still_missing,still_missing,still_missing,still_missing,still_missing,still_missing,native
559,Kollam,Kerala,,illustrative_placeholder,14.4,18.8,14.2,98.2,3.0,1.0,98.1,45.5,10299.0,90.0,90.0,26.2,30.2,129,,,,,,,,,,,,,0,native,native,native,native,native,native,native,native,native,native,native,native,native,native,still_missing,still_missing,still_missing,still_missing,still_missing,still_missing,still_missing,still_missing,still_missing,still_missing,still_missing,still_missing,native
109,Kota,Rajasthan,,illustrative_placeholder,,,,,,,,,,,,,,,,,,,,,,,,,,,0,still_missing,still_missing,still_missing,still_missing,still_missing,still_missing,still_missing,still_missing,still_missing,still_missing,still_missing,still_missing,still_missing,still_missing,still_missing,still_missing,still_missing,still_missing,still_missing,still_missing,still_missing,still_missing,still_missing,still_missing,still_missing,still_missing,native
160,Kushinagar,Uttar Pradesh,,illustrative_placeholder,,,,,,,,,,,,,,,,,,,,,,,,,,,0,still_missing,still_missing,still_missing,still_missing,still_missing,still_missing,still_missing,still_missing,still_missing,still_missing,still_missing,still_missing,still_missing,still_missing,still_missing,still_missing,still_missing,still_missing,still_missing,still_missing,still_missing,still_missing,still_missing,still_missing,still_missing,still_missing,native
553,Lakshadweep District,Lakshadweep,,illustrative_placeholder,,,,,,,,,,,,,,,,,,,,,,,,3.0,1.0,,0,still_missing,still_missing,still_missing,still_missing,still_missing,still_missing,still_missing,still_missing,still_missing,still_missing,still_missing,still_missing,still_missing,still_missing,still_missing,still_missing,still_missing,still_missing,still_missing,still_missing,still_missing,still_missing,still_missing,native,native,still_missing,native
161,Lalitpur,Uttar Pradesh,,illustrative_placeholder,,,,,,,,,,,,,,,,,,,,,,,,,,,0,still_missing,still_missing,still_missing,still_missing,still_missing,still_missing,still_missing,still_missing,still_missing,still_missing,still_missing,still_missing,still_missing,still_missing,still_missing,still_missing,still_missing,still_missing,still_missing,still_missing,still_missing,still_missing,still_missing,still_missing,still_missing,still_missing,native
335,Latehar,Jharkhand,,illustrative_placeholder,,,,,,,,,,,,,,,,,,,,,,,,,,,1,still_missing,still_missing,still_missing,still_missing,still_missing,still_missing,still_missing,still_missing,still_missing,still_missing,still_missing,still_missing,still_missing,still_missing,still_missing,still_missing,still_missing,still_missing,still_missing,still_missing,still_missing,still_missing,still_missing,still_missing,still_missing,still_missing,native
234,Lohit,Arunachal Pradesh,,illustrative_placeholder,,,,,,,,,,,,,,,,,,,,,,,,,,,0,still_missing,still_missing,still_missing,still_missing,still_missing,still_missing,still_missing,still_missing,still_missing,still_missing,still_missing,still_missing,still_missing,still_missing,still_missing,still_missing,still_missing,still_missing,still_missing,still_missing,still_missing,still_missing,still_missing,still_missing,still_missing,still_missing,native
615,Longleng,Nagaland,,illustrative_placeholder,,,,,,,,,,,,,,,,,,,,,,,,,,,0,still_missing,still_missing,still_missing,still_missing,still_missing,still_missing,still_missing,still_missing,still_missing,still_missing,still_missing,still_missing,still_missing,still_missing,still_missing,still_missing,still_missing,still_missing,still_missing,still_missing,still_missing,still_missing,still_missing,still_missing,still_missing,still_missing,native
206,Madhubani,Bihar,,illustrative_placeholder,,,,,,,,,,,,,,,,,,,,,,,,,,,0,still_missing,still_missing,still_missing,still_missing,still_missing,still_missing,still_missing,still_missing,still_missing,still_missing,still_missing,still_missing,still_missing,still_missing,still_missing,still_missing,still_missing,still_missing,still_missing,still_missing,still_missing,still_missing,still_missing,still_missing,still_missing,still_missing,native
578,Madurai,Tamil Nadu,,illustrative_placeholder,21.2,12.7,19.5,99.4,3.0,1.0,56.3,50.5,3203.0,90.0,90.0,21.2,22.7,90,,,,,,,,,,,,,0,native,native,native,native,native,native,native,native,native,native,native,native,native,native,still_missing,still_missing,still_missing,still_missing,still_missing,still_missing,still_missing,still_missing,still_missing,still_missing,still_missing,still_missing,native
69,Mahendragarh,Haryana,,illustrative_placeholder,,,,,,,,,,,,,,,,,,,,,,,,,,,0,still_missing,still_missing,still_missing,still_missing,still_missing,still_missing,still_missing,still_missing,still_missing,still_missing,still_missing,still_missing,still_missing,still_missing,still_missing,still_missing,still_missing,still_missing,still_missing,still_missing,still_missing,still_missing,still_missing,still_missing,still_missing,still_missing,native
669,Mahisagar,Gujarat,,illustrative_placeholder,,,,,,,,,,,,,,,,,,,,,,,,,,,0,still_missing,still_missing,still_missing,still_missing,still_missing,still_missing,still_missing,still_missing,still_missing,still_missing,still_missing,still_missing,still_missing,still_missing,still_missing,still_missing,still_missing,still_missing,still_missing,still_missing,still_missing,still_missing,still_missing,still_missing,still_missing,still_missing,native
784,Maihar,Madhya Pradesh,,illustrative_placeholder,,,,,,,,,,,,,,2,,,,,,,,,,,,,0,still_missing,still_missing,still_missing,still_missing,still_missing,still_missing,still_missing,still_missing,still_missing,still_missing,still_missing,still_missing,still_missing,native,still_missing,still_missing,still_missing,still_missing,still_missing,still_missing,still_missing,still_missing,still_missing,still_missing,still_missing,still_missing,native
166,Mainpuri,Uttar Pradesh,,illustrative_placeholder,,,,,,,,,,,,,,,,,,,,,,,,,,,0,still_missing,still_missing,still_missing,still_missing,still_missing,still_missing,still_missing,still_missing,still_missing,still_missing,still_missing,still_missing,still_missing,still_missing,still_missing,still_missing,still_missing,still_missing,still_missing,still_missing,still_missing,still_missing,still_missing,still_missing,still_missing,still_missing,native
706,Majuli,Assam,,illustrative_placeholder,,,,,,,,,,,,,,,,,,,,,,,,,,,0,still_missing,still_missing,still_missing,still_missing,still_missing,still_missing,still_missing,still_missing,still_missing,still_missing,still_missing,still_missing,still_missing,still_missing,still_missing,still_missing,still_missing,still_missing,still_missing,still_missing,still_missing,still_missing,still_missing,still_missing,still_missing,still_missing,native
562,Malappuram,Kerala,,illustrative_placeholder,26.3,22.3,17.3,99.5,3.0,1.0,98.5,37.3,6202.0,90.0,90.0,21.4,24.0,190,,,,,,,,,,,,,0,native,native,native,native,native,native,native,native,native,native,native,native,native,native,still_missing,still_missing,still_missing,still_missing,still_missing,still_missing,still_missing,still_missing,still_missing,still_missing,still_missing,still_missing,native
316,Malda,West Bengal,,illustrative_placeholder,,,,,,,,,,,,,,,,,,,,,,,,,,,0,still_missing,still_missing,still_missing,still_missing,still_missing,still_missing,still_missing,still_missing,still_missing,still_missing,still_missing,still_missing,still_missing,still_missing,still_missing,still_missing,still_missing,still_missing,still_missing,still_missing,still_missing,still_missing,still_missing,still_missing,still_missing,still_missing,native
364,Malkangiri,Odisha,,illustrative_placeholder,,,,,,,,,,,,,,1,,,,,,,,,,,,,1,still_missing,still_missing,still_missing,still_missing,still_missing,still_missing,still_missing,still_missing,still_missing,still_missing,still_missing,still_missing,still_missing,native,still_missing,still_missing,still_missing,still_missing,still_missing,still_missing,still_missing,still_missing,still_missing,still_missing,still_missing,still_missing,native
684,Mancherial,Telangana,,illustrative_placeholder,25.9,22.1,27.4,99.6,3.0,1.0,78.1,64.4,3041.0,90.0,90.0,14.2,16.1,7,,,,,,,,,,,,,0,native,native,native,native,native,native,native,native,native,native,native,native,native,native,still_missing,still_missing,still_missing,still_missing,still_missing,still_missing,still_missing,still_missing,still_missing,still_missing,still_missing,still_missing,native
168,Mau,Uttar Pradesh,,illustrative_placeholder,,,,,,,,,,,,,,,,,,,,,,,,,,,0,still_missing,still_missing,still_missing,still_missing,still_missing,still_missing,still_missing,still_missing,still_missing,still_missing,still_missing,still_missing,still_missing,still_missing,still_missing,still_missing,still_missing,still_missing,still_missing,still_missing,still_missing,still_missing,still_missing,still_missing,still_missing,still_missing,native
247,Mon,Nagaland,,illustrative_placeholder,,,,,,,,,,,,,,,,,,,,,,,,,,,0,still_missing,still_missing,still_missing,still_missing,still_missing,still_missing,still_missing,still_missing,still_missing,still_missing,still_missing,still_missing,still_missing,still_missing,still_missing,still_missing,still_missing,still_missing,still_missing,still_missing,still_missing,still_missing,still_missing,still_missing,still_missing,still_missing,native
720,Mulugu,Telangana,,illustrative_placeholder,33.08,22.246666666666666,32.596666666666664,99.50333333333333,3.0,1.0,74.62,61.97,3932.766666666667,90.0,90.0,14.073333333333334,17.56,3,,,,,,,,,,,,,0,state_mean,state_mean,state_mean,state_mean,state_mean,state_mean,state_mean,state_mean,state_mean,state_mean,state_mean,state_mean,state_mean,native,still_missing,still_missing,still_missing,still_missing,still_missing,still_missing,still_missing,still_missing,still_missing,still_missing,still_missing,still_missing,native
207,Munger,Bihar,,illustrative_placeholder,,,,,,,,,,,,,,,,,,,,,,,,,,,0,still_missing,still_missing,still_missing,still_missing,still_missing,still_missing,still_missing,still_missing,still_missing,still_missing,still_missing,still_missing,still_missing,still_missing,still_missing,still_missing,still_missing,still_missing,still_missing,still_missing,still_missing,still_missing,still_missing,still_missing,still_missing,still_missing,native
545,Mysuru,Karnataka,,illustrative_placeholder,25.1,17.3,24.9,97.5,3.0,1.0,65.0,33.0,4981.0,90.0,27.4,13.8,14.0,88,,,,,,,,,,,,,0,native,native,native,native,native,native,native,native,native,native,native,native,native,native,still_missing,still_missing,still_missing,still_missing,still_missing,still_missing,still_missing,still_missing,still_missing,still_missing,still_missing,still_missing,native
579,Nagapattinam,Tamil Nadu,,illustrative_placeholder,24.5,17.4,22.9,99.1,3.0,1.0,42.5,52.4,3119.0,90.0,90.0,19.4,19.9,27,,,,,,,,,,,,,0,native,native,native,native,native,native,native,native,native,native,native,native,native,native,still_missing,still_missing,still_missing,still_missing,still_missing,still_missing,still_missing,still_missing,still_missing,still_missing,still_missing,still_missing,native
484,Nagpur,Maharashtra,,illustrative_placeholder,,,,,,,,,,,,,,20,,,,,,,,,,,,,0,still_missing,still_missing,still_missing,still_missing,still_missing,still_missing,still_missing,still_missing,still_missing,still_missing,still_missing,still_missing,still_missing,native,still_missing,still_missing,still_missing,still_missing,still_missing,still_missing,still_missing,still_missing,still_missing,still_missing,still_missing,still_missing,native
51,Nainital,Uttarakhand,,illustrative_placeholder,,,,,,,,,,,,,,,,,,,,,,,,,,,0,still_missing,still_missing,still_missing,still_missing,still_missing,still_missing,still_missing,still_missing,still_missing,still_missing,still_missing,still_missing,still_missing,still_missing,still_missing,still_missing,still_missing,still_missing,still_missing,still_missing,still_missing,still_missing,still_missing,still_missing,still_missing,still_missing,native
409,Narmadapuram,Madhya Pradesh,,illustrative_placeholder,,,,,,,,,,,,,,10,,,,,,,,,,,,,0,still_missing,still_missing,still_missing,still_missing,still_missing,still_missing,still_missing,still_missing,still_missing,still_missing,still_missing,still_missing,still_missing,native,still_missing,still_missing,still_missing,still_missing,still_missing,still_missing,still_missing,still_missing,still_missing,still_missing,still_missing,still_missing,native
487,Nashik,Maharashtra,,illustrative_placeholder,,,,,,,,,,,,,,39,,,,,,,,,,,,,0,still_missing,still_missing,still_missing,still_missing,still_missing,still_missing,still_missing,still_missing,still_missing,still_missing,still_missing,still_missing,still_missing,native,still_missing,still_missing,still_missing,still_missing,still_missing,still_missing,still_missing,still_missing,still_missing,still_missing,still_missing,still_missing,native
453,Navsari,Gujarat,,illustrative_placeholder,,,,,,,,,,,,,,,,,,,,,,,,,,,0,still_missing,still_missing,still_missing,still_missing,still_missing,still_missing,still_missing,still_missing,still_missing,still_missing,still_missing,still_missing,still_missing,still_missing,still_missing,still_missing,still_missing,still_missing,still_missing,still_missing,still_missing,still_missing,still_missing,still_missing,still_missing,still_missing,native
714,Noney,Manipur,,illustrative_placeholder,,,,,,,,,,,,,,,,,,,,,,,,,,,0,still_missing,still_missing,still_missing,still_missing,still_missing,still_missing,still_missing,still_missing,still_missing,still_missing,still_missing,still_missing,still_missing,still_missing,still_missing,still_missing,still_missing,still_missing,still_missing,still_missing,still_missing,still_missing,still_missing,still_missing,still_missing,still_missing,native
81,North East,Delhi,,illustrative_placeholder,,,,,,,,,,,,,,,,,,,,,,,,,,,0,still_missing,still_missing,still_missing,still_missing,still_missing,still_missing,still_missing,still_missing,still_missing,still_missing,still_missing,still_missing,still_missing,still_missing,still_missing,still_missing,still_missing,still_missing,still_missing,still_missing,still_missing,still_missing,still_missing,still_missing,still_missing,still_missing,native
270,North Tripura,Tripura,,illustrative_placeholder,,,,,,,,,,,,,,,,,,,,,,,,,,,0,still_missing,still_missing,still_missing,still_missing,still_missing,still_missing,still_missing,still_missing,still_missing,still_missing,still_missing,still_missing,still_missing,still_missing,still_missing,still_missing,still_missing,still_missing,still_missing,still_missing,still_missing,still_missing,still_missing,still_missing,still_missing,still_missing,native
749,Ntr,Andhra Pradesh,,illustrative_placeholder,30.766666666666666,17.041666666666668,31.53333333333333,99.13333333333334,3.0,1.0,51.61666666666667,75.25,2368.5833333333335,90.0,28.691666666666666,19.308333333333334,21.358333333333334,22,,,,,,,,,,,,,0,state_mean,state_mean,state_mean,state_mean,state_mean,state_mean,state_mean,state_mean,state_mean,state_mean,state_mean,state_mean,state_mean,native,still_missing,still_missing,still_missing,still_missing,still_missing,still_missing,still_missing,still_missing,still_missing,still_missing,still_missing,still_missing,native
563,Palakkad,Kerala,,illustrative_placeholder,20.2,10.3,19.1,99.2,3.0,1.0,97.0,48.0,4337.0,90.0,90.0,24.6,26.3,179,,,,,,,,,,,,,0,native,native,native,native,native,native,native,native,native,native,native,native,native,native,still_missing,still_missing,still_missing,still_missing,still_missing,still_missing,still_missing,still_missing,still_missing,still_missing,still_missing,still_missing,native
338,Palamu,Jharkhand,,illustrative_placeholder,,,,,,,,,,,,,,,,,,,,,,,,,,,1,still_missing,still_missing,still_missing,still_missing,still_missing,still_missing,still_missing,still_missing,still_missing,still_missing,still_missing,still_missing,still_missing,still_missing,still_missing,still_missing,still_missing,still_missing,still_missing,still_missing,still_missing,still_missing,still_missing,still_missing,still_missing,still_missing,native
665,Palghar,Maharashtra,,illustrative_placeholder,,,,,,,,,,,,,,42,,,,,,,,,,,,,0,still_missing,still_missing,still_missing,still_missing,still_missing,still_missing,still_missing,still_missing,still_missing,still_missing,still_missing,still_missing,still_missing,native,still_missing,still_missing,still_missing,still_missing,still_missing,still_missing,still_missing,still_missing,still_missing,still_missing,still_missing,still_missing,native
70,Panchkula,Haryana,,illustrative_placeholder,,,,,,,,,,,,,,,,,,,,,,,,,,,0,still_missing,still_missing,still_missing,still_missing,still_missing,still_missing,still_missing,still_missing,still_missing,still_missing,still_missing,still_missing,still_missing,still_missing,still_missing,still_missing,still_missing,still_missing,still_missing,still_missing,still_missing,still_missing,still_missing,still_missing,still_missing,still_missing,native
71,Panipat,Haryana,,illustrative_placeholder,,,,,,,,,,,,,,,,,,,,,,,,,,,0,still_missing,still_missing,still_missing,still_missing,still_missing,still_missing,still_missing,still_missing,still_missing,still_missing,still_missing,still_missing,still_missing,still_missing,still_missing,still_missing,still_missing,still_missing,still_missing,still_missing,still_missing,still_missing,still_missing,still_missing,still_missing,still_missing,native
743,Parvathipuram Manyam,Andhra Pradesh,,illustrative_placeholder,30.766666666666666,17.041666666666668,31.53333333333333,99.13333333333334,3.0,1.0,51.61666666666667,75.25,2368.5833333333335,90.0,28.691666666666666,19.308333333333334,21.358333333333334,5,,,,,,,,,,,,,1,state_mean,state_mean,state_mean,state_mean,state_mean,state_mean,state_mean,state_mean,state_mean,state_mean,state_mean,state_mean,state_mean,native,still_missing,still_missing,still_missing,still_missing,still_missing,still_missing,still_missing,still_missing,still_missing,still_missing,still_missing,still_missing,native
662,Pathankot,Punjab,,illustrative_placeholder,,,,,,,,,,,,,,,,,,,,,,,,,,,0,still_missing,still_missing,still_missing,still_missing,still_missing,still_missing,still_missing,still_missing,still_missing,still_missing,still_missing,still_missing,still_missing,still_missing,still_missing,still_missing,still_missing,still_missing,still_missing,still_missing,still_missing,still_missing,still_missing,still_missing,still_missing,still_missing,native
53,Pithoragarh,Uttarakhand,,illustrative_placeholder,,,,,,,,,,,,,,,,,,,,,,,,,,,0,still_missing,still_missing,still_missing,still_missing,still_missing,still_missing,still_missing,still_missing,still_missing,still_missing,still_missing,still_missing,still_missing,still_missing,still_missing,still_missing,still_missing,still_missing,still_missing,still_missing,still_missing,still_missing,still_missing,still_missing,still_missing,still_missing,native
213,Purbi Champaran,Bihar,,illustrative_placeholder,,,,,,,,,,,,,,,,,,,,,,,,,,,0,still_missing,still_missing,still_missing,still_missing,still_missing,still_missing,still_missing,still_missing,still_missing,still_missing,still_missing,still_missing,still_missing,still_missing,still_missing,still_missing,still_missing,still_missing,still_missing,still_missing,still_missing,still_missing,still_missing,still_missing,still_missing,still_missing,native
369,Puri,Odisha,,illustrative_placeholder,,,,,,,,,,,,,,1,,,,,,,,,,,,,0,still_missing,still_missing,still_missing,still_missing,still_missing,still_missing,still_missing,still_missing,still_missing,still_missing,still_missing,still_missing,still_missing,state_mean,still_missing,still_missing,still_missing,still_missing,still_missing,still_missing,still_missing,still_missing,still_missing,still_missing,still_missing,still_missing,native
421,Raisen,Madhya Pradesh,,illustrative_placeholder,,,,,,,,,,,,,,6,,,,,,,,,,,,,0,still_missing,still_missing,still_missing,still_missing,still_missing,still_missing,still_missing,still_missing,still_missing,still_missing,still_missing,still_missing,still_missing,native,still_missing,still_missing,still_missing,still_missing,still_missing,still_missing,still_missing,still_missing,still_missing,still_missing,still_missing,still_missing,native
518,Ranga Reddy,Telangana,,illustrative_placeholder,37.8,13.9,29.5,99.7,3.0,1.0,81.1,58.3,3499.0,90.0,90.0,15.3,19.6,20,,,,,,,,,,,,,0,native,native,native,native,native,native,native,native,native,native,native,native,native,native,still_missing,still_missing,still_missing,still_missing,still_missing,still_missing,still_missing,still_missing,still_missing,still_missing,still_missing,still_missing,native
627,Reasi,Jammu And Kashmir,,illustrative_placeholder,,,,,,,,,,,,,,,,,,,,,,,,,,,0,still_missing,still_missing,still_missing,still_missing,still_missing,still_missing,still_missing,still_missing,still_missing,still_missing,still_missing,still_missing,still_missing,still_missing,still_missing,still_missing,still_missing,still_missing,still_missing,still_missing,still_missing,still_missing,still_missing,still_missing,still_missing,still_missing,native
425,Sagar,Madhya Pradesh,,illustrative_placeholder,,,,,,,,,,,,,,17,,,,,,,,,,,,,0,still_missing,still_missing,still_missing,still_missing,still_missing,still_missing,still_missing,still_missing,still_missing,still_missing,still_missing,still_missing,still_missing,native,still_missing,still_missing,still_missing,still_missing,still_missing,still_missing,still_missing,still_missing,still_missing,still_missing,still_missing,still_missing,native
217,Samastipur,Bihar,,illustrative_placeholder,,,,,,,,,,,,,,,,,,,,,,,,,,,0,still_missing,still_missing,still_missing,still_missing,still_missing,still_missing,still_missing,still_missing,still_missing,still_missing,still_missing,still_missing,still_missing,still_missing,still_missing,still_missing,still_missing,still_missing,still_missing,still_missing,still_missing,still_missing,still_missing,still_missing,still_missing,still_missing,native
43,Sangrur,Punjab,,illustrative_placeholder,,,,,,,,,,,,,,,,,,,,,,,,,,,0,still_missing,still_missing,still_missing,still_missing,still_missing,still_missing,still_missing,still_missing,still_missing,still_missing,still_missing,still_missing,still_missing,still_missing,still_missing,still_missing,still_missing,still_missing,still_missing,still_missing,still_missing,still_missing,still_missing,still_missing,still_missing,still_missing,native
608,S.A.S Nagar,Punjab,,illustrative_placeholder,,,,,,,,,,,,,,,,,,,,,,,,,,,0,still_missing,still_missing,still_missing,still_missing,still_missing,still_missing,still_missing,still_missing,still_missing,still_missing,still_missing,still_missing,still_missing,still_missing,still_missing,still_missing,still_missing,still_missing,still_missing,still_missing,still_missing,still_missing,still_missing,still_missing,still_missing,still_missing,native
40,Shahid Bhagat Singh Nagar,Punjab,,illustrative_placeholder,,,,,,,,,,,,,,,,,,,,,,,,,,,0,still_missing,still_missing,still_missing,still_missing,still_missing,still_missing,still_missing,still_missing,still_missing,still_missing,still_missing,still_missing,still_missing,still_missing,still_missing,still_missing,still_missing,still_missing,still_missing,still_missing,still_missing,still_missing,still_missing,still_missing,still_missing,still_missing,native
182,Siddharthnagar,Uttar Pradesh,,illustrative_placeholder,,,,,,,,,,,,,,,,,,,,,,,,,,,1,still_missing,still_missing,still_missing,still_missing,still_missing,still_missing,still_missing,still_missing,still_missing,still_missing,still_missing,still_missing,still_missing,still_missing,still_missing,still_missing,still_missing,still_missing,still_missing,still_missing,still_missing,still_missing,still_missing,still_missing,still_missing,still_missing,native
114,Sikar,Rajasthan,,illustrative_placeholder,,,,,,,,,,,,,,,,,,,,,,,,,,,0,still_missing,still_missing,still_missing,still_missing,still_missing,still_missing,still_missing,still_missing,still_missing,still_missing,still_missing,still_missing,still_missing,still_missing,still_missing,still_missing,still_missing,still_missing,still_missing,still_missing,still_missing,still_missing,still_missing,still_missing,still_missing,still_missing,native
495,Sindhudurg,Maharashtra,,illustrative_placeholder,,,,,,,,,,,,,,3,,,,,,,,,,,,,0,still_missing,still_missing,still_missing,still_missing,still_missing,still_missing,still_missing,still_missing,still_missing,still_missing,still_missing,still_missing,still_missing,native,still_missing,still_missing,still_missing,still_missing,still_missing,still_missing,still_missing,still_missing,still_missing,still_missing,still_missing,still_missing,native
115,Sirohi,Rajasthan,,illustrative_placeholder,,,,,,,,,,,,,,,,,,,,,,,,,,,1,still_missing,still_missing,still_missing,still_missing,still_missing,still_missing,still_missing,still_missing,still_missing,still_missing,still_missing,still_missing,still_missing,still_missing,still_missing,still_missing,still_missing,still_missing,still_missing,still_missing,still_missing,still_missing,still_missing,still_missing,still_missing,still_missing,native
74,Sirsa,Haryana,,illustrative_placeholder,,,,,,,,,,,,,,,,,,,,,,,,,,,0,still_missing,still_missing,still_missing,still_missing,still_missing,still_missing,still_missing,still_missing,still_missing,still_missing,still_missing,still_missing,still_missing,still_missing,still_missing,still_missing,still_missing,still_missing,still_missing,still_missing,still_missing,still_missing,still_missing,still_missing,still_missing,still_missing,native
585,Sivaganga,Tamil Nadu,,illustrative_placeholder,20.9,18.8,22.7,98.6,3.0,1.0,48.7,65.7,3853.0,90.0,90.0,22.7,26.2,23,,,,,,,,,,,,,0,native,native,native,native,native,native,native,native,native,native,native,native,native,native,still_missing,still_missing,still_missing,still_missing,still_missing,still_missing,still_missing,still_missing,still_missing,still_missing,still_missing,still_missing,native
184,Sonbhadra,Uttar Pradesh,,illustrative_placeholder,,,,,,,,,,,,,,,,,,,,,,,,,,,1,still_missing,still_missing,still_missing,still_missing,still_missing,still_missing,still_missing,still_missing,still_missing,still_missing,still_missing,still_missing,still_missing,still_missing,still_missing,still_missing,still_missing,still_missing,still_missing,still_missing,still_missing,still_missing,still_missing,still_missing,still_missing,still_missing,native
372,Sonepur,Odisha,,illustrative_placeholder,,,,,,,,,,,,,,1,,,,,,,,,,,,,0,still_missing,still_missing,still_missing,still_missing,still_missing,still_missing,still_missing,still_missing,still_missing,still_missing,still_missing,still_missing,still_missing,state_mean,still_missing,still_missing,still_missing,still_missing,still_missing,still_missing,still_missing,still_missing,still_missing,still_missing,still_missing,still_missing,native
304,South 24 Parganas,West Bengal,,illustrative_placeholder,,,,,,,,,,,,,,,,,,,,,,,,,,,0,still_missing,still_missing,still_missing,still_missing,still_missing,still_missing,still_missing,still_missing,still_missing,still_missing,still_missing,still_missing,still_missing,still_missing,still_missing,still_missing,still_missing,still_missing,still_missing,still_missing,still_missing,still_missing,still_missing,still_missing,still_missing,still_missing,native
552,South Goa,Goa,,illustrative_placeholder,18.3,27.7,23.9,100.0,3.0,1.0,75.1,7.6,1841.0,90.0,90.0,21.1,23.2,10,,,,,,,,,,,,,0,native,native,native,native,native,native,native,native,native,native,native,native,native,native,still_missing,still_missing,still_missing,still_missing,still_missing,still_missing,still_missing,still_missing,still_missing,still_missing,still_missing,still_missing,native
696,Suryapet,Telangana,,illustrative_placeholder,29.1,24.9,30.1,99.4,3.0,1.0,77.9,63.1,3615.0,90.0,90.0,17.7,23.9,4,,,,,,,,,,,,,0,native,native,native,native,native,native,native,native,native,native,native,native,native,native,still_missing,still_missing,still_missing,still_missing,still_missing,still_missing,still_missing,still_missing,still_missing,still_missing,still_missing,still_missing,native
716,Tengnoupal,Manipur,,illustrative_placeholder,,,,,,,,,,,,,,,,,,,,,,,,,,,0,still_missing,still_missing,still_missing,still_missing,still_missing,still_missing,still_missing,still_missing,still_missing,still_missing,still_missing,still_missing,still_missing,still_missing,still_missing,still_missing,still_missing,still_missing,still_missing,still_missing,still_missing,still_missing,still_missing,still_missing,still_missing,still_missing,native
588,Theni,Tamil Nadu,,illustrative_placeholder,27.4,14.0,22.0,97.6,3.0,1.0,45.8,53.6,2190.0,90.0,90.0,22.9,23.1,29,,,,,,,,,,,,,0,native,native,native,native,native,native,native,native,native,native,native,native,native,native,still_missing,still_missing,still_missing,still_missing,still_missing,still_missing,still_missing,still_missing,still_missing,still_missing,still_missing,still_missing,native
590,Thiruvarur,Tamil Nadu,,illustrative_placeholder,28.4,22.1,29.6,97.8,3.0,1.0,45.8,76.4,3101.0,90.0,90.0,26.5,25.9,36,,,,,,,,,,,,,0,native,native,native,native,native,native,native,native,native,native,native,native,native,native,still_missing,still_missing,still_missing,still_missing,still_missing,still_missing,still_missing,still_missing,still_missing,still_missing,still_missing,still_missing,native
434,Tikamgarh,Madhya Pradesh,,illustrative_placeholder,,,,,,,,,,,,,,9,,,,,,,,,,,,,0,still_missing,still_missing,still_missing,still_missing,still_missing,still_missing,still_missing,still_missing,still_missing,still_missing,still_missing,still_missing,still_missing,native,still_missing,still_missing,still_missing,still_missing,still_missing,still_missing,still_missing,still_missing,still_missing,still_missing,still_missing,still_missing,native
655,Unakoti,Tripura,,illustrative_placeholder,,,,,,,,,,,,,,,,,,,,,,,,,,,0,still_missing,still_missing,still_missing,still_missing,still_missing,still_missing,still_missing,still_missing,still_missing,still_missing,still_missing,still_missing,still_missing,still_missing,still_missing,still_missing,still_missing,still_missing,still_missing,still_missing,still_missing,still_missing,still_missing,still_missing,still_missing,still_missing,native
241,Upper Subansiri,Arunachal Pradesh,,illustrative_placeholder,,,,,,,,,,,,,,,,,,,,,,,,,,,0,still_missing,still_missing,still_missing,still_missing,still_missing,still_missing,still_missing,still_missing,still_missing,still_missing,still_missing,still_missing,still_missing,still_missing,still_missing,still_missing,still_missing,still_missing,still_missing,still_missing,still_missing,still_missing,still_missing,still_missing,still_missing,still_missing,native
187,Varanasi,Uttar Pradesh,,illustrative_placeholder,,,,,,,,,,,,,,,,,,,,,,,,,,,0,still_missing,still_missing,still_missing,still_missing,still_missing,still_missing,still_missing,still_missing,still_missing,still_missing,still_missing,still_missing,still_missing,still_missing,still_missing,still_missing,still_missing,still_missing,still_missing,still_missing,still_missing,still_missing,still_missing,still_missing,still_missing,still_missing,native
597,Virudhunagar,Tamil Nadu,,illustrative_placeholder,29.9,17.7,25.7,98.8,3.0,1.0,36.6,45.5,7111.0,90.0,90.0,19.2,21.6,25,,,,,,,,,,,,,1,native,native,native,native,native,native,native,native,native,native,native,native,native,native,still_missing,still_missing,still_missing,still_missing,still_missing,still_missing,still_missing,still_missing,still_missing,still_missing,still_missing,still_missing,native
498,Wardha,Maharashtra,,illustrative_placeholder,,,,,,,,,,,,,,5,,,,,,,,,,,,,0,still_missing,still_missing,still_missing,still_missing,still_missing,still_missing,still_missing,still_missing,still_missing,still_missing,still_missing,still_missing,still_missing,native,still_missing,still_missing,still_missing,still_missing,still_missing,still_missing,still_missing,still_missing,still_missing,still_missing,still_missing,still_missing,native
279,West Khasi Hills,Meghalaya,,illustrative_placeholder,,,,,,,,,,,,,,,,,,,,,,,,,,,0,still_missing,still_missing,still_missing,still_missing,still_missing,still_missing,still_missing,still_missing,still_missing,still_missing,still_missing,still_missing,still_missing,still_missing,still_missing,still_missing,still_missing,still_missing,still_missing,still_missing,still_missing,still_missing,still_missing,still_missing,still_missing,still_missing,native
272,West Tripura,Tripura,,illustrative_placeholder,,,,,,,,,,,,,,,,,,,,,,,,,,,0,still_missing,still_missing,still_missing,still_missing,still_missing,still_missing,still_missing,still_missing,still_missing,still_missing,still_missing,still_missing,still_missing,still_missing,still_missing,still_missing,still_missing,still_missing,still_missing,still_missing,still_missing,still_missing,still_missing,still_missing,still_missing,still_missing,native
504,Y.S.R.,Andhra Pradesh,,illustrative_placeholder,30.766666666666666,17.041666666666668,31.53333333333333,99.13333333333334,3.0,1.0,51.61666666666667,75.25,2368.5833333333335,90.0,28.691666666666666,19.308333333333334,21.358333333333334,10,,,,,,,,,,,,,0,state_mean,state_mean,state_mean,state_mean,state_mean,state_mean,state_mean,state_mean,state_mean,state_mean,state_mean,state_mean,state_mean,native,still_missing,still_missing,still_missing,still_missing,still_missing,still_missing,still_missing,still_missing,still_missing,still_missing,still_missing,still_missing,native
667,Agar-Malwa,Madhya Pradesh,,illustrative_placeholder,,,,,,,,,,,,,,5,,,,,,,,,,,,,0,still_missing,still_missing,still_missing,still_missing,still_missing,still_missing,still_missing,still_missing,still_missing,still_missing,still_missing,still_missing,still_missing,native,still_missing,still_missing,still_missing,still_missing,still_missing,still_missing,still_missing,still_missing,still_missing,still_missing,still_missing,still_missing,native
118,Agra,Uttar Pradesh,,illustrative_placeholder,,,,,,,,,,,,,,,,,,,,,,,,,,,0,still_missing,still_missing,still_missing,still_missing,still_missing,still_missing,still_missing,still_missing,still_missing,still_missing,still_missing,still_missing,still_missing,still_missing,still_missing,still_missing,still_missing,still_missing,still_missing,still_missing,still_missing,still_missing,still_missing,still_missing,still_missing,still_missing,native
86,Ajmer,Rajasthan,,illustrative_placeholder,,,,,,,,,,,,,,,,,,,,,,,,,,,0,still_missing,still_missing,still_missing,still_missing,still_missing,still_missing,still_missing,still_missing,still_missing,still_missing,still_missing,still_missing,still_missing,still_missing,still_missing,still_missing,still_missing,still_missing,still_missing,still_missing,still_missing,still_missing,still_missing,still_missing,still_missing,still_missing,native
664,Alipurduar,West Bengal,,illustrative_placeholder,,,,,,,,,,,,,,,,,,,,,,,,,,,0,still_missing,still_missing,still_missing,still_missing,still_missing,still_missing,still_missing,still_missing,still_missing,still_missing,still_missing,still_missing,still_missing,still_missing,still_missing,still_missing,still_missing,still_missing,still_missing,still_missing,still_missing,still_missing,still_missing,still_missing,still_missing,still_missing,native
45,Almora,Uttarakhand,,illustrative_placeholder,,,,,,,,,,,,,,,,,,,,,,,,,,,0,still_missing,still_missing,still_missing,still_missing,still_missing,still_missing,still_missing,still_missing,still_missing,still_missing,still_missing,still_missing,still_missing,still_missing,still_missing,still_missing,still_missing,still_missing,still_missing,still_missing,still_missing,still_missing,still_missing,still_missing,still_missing,still_missing,native
58,Ambala,Haryana,,illustrative_placeholder,,,,,,,,,,,,,,,,,,,,,,,,,,,0,still_missing,still_missing,still_missing,still_missing,still_missing,still_missing,still_missing,still_missing,still_missing,still_missing,still_missing,still_missing,still_missing,still_missing,still_missing,still_missing,still_missing,still_missing,still_missing,still_missing,still_missing,still_missing,still_missing,still_missing,still_missing,still_missing,native
468,Amravati,Maharashtra,,illustrative_placeholder,,,,,,,,,,,,,,13,,,,,,,,,,,,,0,still_missing,still_missing,still_missing,still_missing,still_missing,still_missing,still_missing,still_missing,still_missing,still_missing,still_missing,still_missing,still_missing,native,still_missing,still_missing,still_missing,still_missing,still_missing,still_missing,still_missing,still_missing,still_missing,still_missing,still_missing,still_missing,native
439,Amreli,Gujarat,,illustrative_placeholder,,,,,,,,,,,,,,,,,,,,,,,,,,,0,still_missing,still_missing,still_missing,still_missing,still_missing,still_missing,still_missing,still_missing,still_missing,still_missing,still_missing,still_missing,still_missing,still_missing,still_missing,still_missing,still_missing,still_missing,still_missing,still_missing,still_missing,still_missing,still_missing,still_missing,still_missing,still_missing,native
1,Anantnag,Jammu And Kashmir,,illustrative_placeholder,,,,,,,,,,,,,,,,,,,,,,,,,,,0,still_missing,still_missing,still_missing,still_missing,still_missing,still_missing,still_missing,still_missing,still_missing,still_missing,still_missing,still_missing,still_missing,still_missing,still_missing,still_missing,still_missing,still_missing,still_missing,still_missing,still_missing,still_missing,still_missing,still_missing,still_missing,still_missing,native
753,Annamayya,Andhra Pradesh,,illustrative_placeholder,30.766666666666666,17.041666666666668,31.53333333333333,99.13333333333334,3.0,1.0,51.61666666666667,75.25,2368.5833333333335,90.0,28.691666666666666,19.308333333333334,21.358333333333334,7,,,,,,,,,,,,,0,state_mean,state_mean,state_mean,state_mean,state_mean,state_mean,state_mean,state_mean,state_mean,state_mean,state_mean,state_mean,state_mean,native,still_missing,still_missing,still_missing,still_missing,still_missing,still_missing,still_missing,still_missing,still_missing,still_missing,still_missing,still_missing,native
616,Baksa,Assam,,illustrative_placeholder,,,,,,,,,,,,,,,,,,,,,,,,,,,1,still_missing,still_missing,still_missing,still_missing,still_missing,still_missing,still_missing,still_missing,still_missing,still_missing,still_missing,still_missing,still_missing,still_missing,still_missing,still_missing,still_missing,still_missing,still_missing,still_missing,still_missing,still_missing,still_missing,still_missing,still_missing,still_missing,native
346,Baleshwar,Odisha,,illustrative_placeholder,,,,,,,,,,,,,,1,,,,,,,,,,,,,0,still_missing,still_missing,still_missing,still_missing,still_missing,still_missing,still_missing,still_missing,still_missing,still_missing,still_missing,still_missing,still_missing,state_mean,still_missing,still_missing,still_missing,still_missing,still_missing,still_missing,still_missing,still_missing,still_missing,still_missing,still_missing,still_missing,native
126,Ballia,Uttar Pradesh,,illustrative_placeholder,,,,,,,,,,,,,,,,,,,,,,,,,,,0,still_missing,still_missing,still_missing,still_missing,still_missing,still_missing,still_missing,still_missing,still_missing,still_missing,still_missing,still_missing,still_missing,still_missing,still_missing,still_missing,still_missing,still_missing,still_missing,still_missing,still_missing,still_missing,still_missing,still_missing,still_missing,still_missing,native
644,Balodabazar-Bhatapara,Chhattisgarh,,illustrative_placeholder,44.9,29.1,38.9,96.7,3.0,1.0,22.6,36.4,2914.0,90.0,21.0,11.6,14.3,,,,,,,,,,,,,,0,state_mean,state_mean,state_mean,state_mean,state_mean,state_mean,state_mean,state_mean,state_mean,state_mean,state_mean,state_mean,state_mean,still_missing,still_missing,still_missing,still_missing,still_missing,still_missing,still_missing,still_missing,still_missing,still_missing,still_missing,still_missing,still_missing,native
128,Banda,Uttar Pradesh,,illustrative_placeholder,,,,,,,,,,,,,,,,,,,,,,,,,,,0,still_missing,still_missing,still_missing,still_missing,still_missing,still_missing,still_missing,still_missing,still_missing,still_missing,still_missing,still_missing,still_missing,still_missing,still_missing,still_missing,still_missing,still_missing,still_missing,still_missing,still_missing,still_missing,still_missing,still_missing,still_missing,still_missing,native
190,Banka,Bihar,,illustrative_placeholder,,,,,,,,,,,,,,,,,,,,,,,,,,,1,still_missing,still_missing,still_missing,still_missing,still_missing,still_missing,still_missing,still_missing,still_missing,still_missing,still_missing,still_missing,still_missing,still_missing,still_missing,still_missing,still_missing,still_missing,still_missing,still_missing,still_missing,still_missing,still_missing,still_missing,still_missing,still_missing,native
305,Bankura,West Bengal,,illustrative_placeholder,,,,,,,,,,,,,,,,,,,,,,,,,,,0,still_missing,still_missing,still_missing,still_missing,still_missing,still_missing,still_missing,still_missing,still_missing,still_missing,still_missing,still_missing,still_missing,still_missing,still_missing,still_missing,still_missing,still_missing,still_missing,still_missing,still_missing,still_missing,still_missing,still_missing,still_missing,still_missing,native
3,Baramulla,Jammu And Kashmir,,illustrative_placeholder,,,,,,,,,,,,,,,,,,,,,,,,,,,1,still_missing,still_missing,still_missing,still_missing,still_missing,still_missing,still_missing,still_missing,still_missing,still_missing,still_missing,still_missing,still_missing,still_missing,still_missing,still_missing,still_missing,still_missing,still_missing,still_missing,still_missing,still_missing,still_missing,still_missing,still_missing,still_missing,native
130,Bareilly,Uttar Pradesh,,illustrative_placeholder,,,,,,,,,,,,,,,,,,,,,,,,,,,0,still_missing,still_missing,still_missing,still_missing,still_missing,still_missing,still_missing,still_missing,still_missing,still_missing,still_missing,still_missing,still_missing,still_missing,still_missing,still_missing,still_missing,still_missing,still_missing,still_missing,still_missing,still_missing,still_missing,still_missing,still_missing,still_missing,native
393,Barwani,Madhya Pradesh,,illustrative_placeholder,,,,,,,,,,,,,,10,,,,,,,,,,,,,1,still_missing,still_missing,still_missing,still_missing,still_missing,still_missing,still_missing,still_missing,still_missing,still_missing,still_missing,still_missing,still_missing,native,still_missing,still_missing,still_missing,still_missing,still_missing,still_missing,still_missing,still_missing,still_missing,still_missing,still_missing,still_missing,native
28,Bathinda,Punjab,,illustrative_placeholder,,,,,,,,,,,,,,,,,,,,,,,,,,,0,still_missing,still_missing,still_missing,still_missing,still_missing,still_missing,still_missing,still_missing,still_missing,still_missing,still_missing,still_missing,still_missing,still_missing,still_missing,still_missing,still_missing,still_missing,still_missing,still_missing,still_missing,still_missing,still_missing,still_missing,still_missing,still_missing,native
191,Begusarai,Bihar,,illustrative_placeholder,,,,,,,,,,,,,,,,,,,,,,,,,,,1,still_missing,still_missing,still_missing,still_missing,still_missing,still_missing,still_missing,still_missing,still_missing,still_missing,still_missing,still_missing,still_missing,still_missing,still_missing,still_missing,still_missing,still_missing,still_missing,still_missing,still_missing,still_missing,still_missing,still_missing,still_missing,still_missing,native
527,Belagavi,Karnataka,,illustrative_placeholder,36.7,31.7,38.5,98.7,3.0,1.0,44.0,16.9,4521.0,90.0,22.2,12.9,12.2,33,,,,,,,,,,,,,0,native,native,native,native,native,native,native,native,native,native,native,native,native,native,still_missing,still_missing,still_missing,still_missing,still_missing,still_missing,still_missing,still_missing,still_missing,still_missing,still_missing,still_missing,native
192,Bhagalpur,Bihar,,illustrative_placeholder,,,,,,,,,,,,,,,,,,,,,,,,,,,0,still_missing,still_missing,still_missing,still_missing,still_missing,still_missing,still_missing,still_missing,still_missing,still_missing,still_missing,still_missing,still_missing,still_missing,still_missing,still_missing,still_missing,still_missing,still_missing,still_missing,still_missing,still_missing,still_missing,still_missing,still_missing,still_missing,native
375,Bilaspur,Chhattisgarh,,illustrative_placeholder,44.9,29.1,38.9,96.7,3.0,1.0,22.6,36.4,2914.0,90.0,21.0,11.6,14.3,,,,,,,,,,,,,,0,state_mean,state_mean,state_mean,state_mean,state_mean,state_mean,state_mean,state_mean,state_mean,state_mean,state_mean,state_mean,state_mean,still_missing,still_missing,still_missing,still_missing,still_missing,still_missing,still_missing,still_missing,still_missing,still_missing,still_missing,still_missing,still_missing,native
252,Bishnupur,Manipur,,illustrative_placeholder,,,,,,,,,,,,,,,,,,,,,,,,,,,0,still_missing,still_missing,still_missing,still_missing,still_missing,still_missing,still_missing,still_missing,still_missing,still_missing,still_missing,still_missing,still_missing,still_missing,still_missing,still_missing,still_missing,still_missing,still_missing,still_missing,still_missing,still_missing,still_missing,still_missing,still_missing,still_missing,native
705,Biswanath,Assam,,illustrative_placeholder,,,,,,,,,,,,,,,,,,,,,,,,,,,0,still_missing,still_missing,still_missing,still_missing,still_missing,still_missing,still_missing,still_missing,still_missing,still_missing,still_missing,still_missing,still_missing,still_missing,still_missing,still_missing,still_missing,still_missing,still_missing,still_missing,still_missing,still_missing,still_missing,still_missing,still_missing,still_missing,native
133,Budaun,Uttar Pradesh,,illustrative_placeholder,,,,,,,,,,,,,,,,,,,,,,,,,,,0,still_missing,still_missing,still_missing,still_missing,still_missing,still_missing,still_missing,still_missing,still_missing,still_missing,still_missing,still_missing,still_missing,still_missing,still_missing,still_missing,still_missing,still_missing,still_missing,still_missing,still_missing,still_missing,still_missing,still_missing,still_missing,still_missing,native
134,Bulandshahr,Uttar Pradesh,,illustrative_placeholder,,,,,,,,,,,,,,,,,,,,,,,,,,,0,still_missing,still_missing,still_missing,still_missing,still_missing,still_missing,still_missing,still_missing,still_missing,still_missing,still_missing,still_missing,still_missing,still_missing,still_missing,still_missing,still_missing,still_missing,still_missing,still_missing,still_missing,still_missing,still_missing,still_missing,still_missing,still_missing,native
94,Bundi,Rajasthan,,illustrative_placeholder,,,,,,,,,,,,,,,,,,,,,,,,,,,0,still_missing,still_missing,still_missing,still_missing,still_missing,still_missing,still_missing,still_missing,still_missing,still_missing,still_missing,still_missing,still_missing,still_missing,still_missing,still_missing,still_missing,still_missing,still_missing,still_missing,still_missing,still_missing,still_missing,still_missing,still_missing,still_missing,native
282,Cachar,Assam,,illustrative_placeholder,,,,,,,,,,,,,,,,,,,,,,,,,,,0,still_missing,still_missing,still_missing,still_missing,still_missing,still_missing,still_missing,still_missing,still_missing,still_missing,still_missing,still_missing,still_missing,still_missing,still_missing,still_missing,still_missing,still_missing,still_missing,still_missing,still_missing,still_missing,still_missing,still_missing,still_missing,still_missing,native
531,Chamarajanagara,Karnataka,,illustrative_placeholder,30.5,19.1,31.1,95.2,3.0,1.0,36.3,27.0,3626.0,90.0,29.9,14.1,14.8,15,,,,,,,,,,,,,0,native,native,native,native,native,native,native,native,native,native,native,native,native,native,still_missing,still_missing,still_missing,still_missing,still_missing,still_missing,still_missing,still_missing,still_missing,still_missing,still_missing,still_missing,native
48,Champawat,Uttarakhand,,illustrative_placeholder,,,,,,,,,,,,,,,,,,,,,,,,,,,0,still_missing,still_missing,still_missing,still_missing,still_missing,still_missing,still_missing,still_missing,still_missing,still_missing,still_missing,still_missing,still_missing,still_missing,still_missing,still_missing,still_missing,still_missing,still_missing,still_missing,still_missing,still_missing,still_missing,still_missing,still_missing,still_missing,native
708,Charaideo,Assam,,illustrative_placeholder,,,,,,,,,,,,,,,,,,,,,,,,,,,0,still_missing,still_missing,still_missing,still_missing,still_missing,still_missing,still_missing,still_missing,still_missing,still_missing,still_missing,still_missing,still_missing,still_missing,still_missing,still_missing,still_missing,still_missing,still_missing,still_missing,still_missing,still_missing,still_missing,still_missing,still_missing,still_missing,native
568,Chennai,Tamil Nadu,,illustrative_placeholder,30.9,18.1,17.2,99.7,3.0,1.0,82.7,56.8,1903.0,90.0,90.0,27.2,22.1,233,,,,,,,,,,,,,0,native,native,native,native,native,native,native,native,native,native,native,native,native,native,still_missing,still_missing,still_missing,still_missing,still_missing,still_missing,still_missing,still_missing,still_missing,still_missing,still_missing,still_missing,native
612,Chirang,Assam,,illustrative_placeholder,,,,,,,,,,,,,,,,,,,,,,,,,,,0,still_missing,still_missing,still_missing,still_missing,still_missing,still_missing,still_missing,still_missing,still_missing,still_missing,still_missing,still_missing,still_missing,still_missing,still_missing,still_missing,still_missing,still_missing,still_missing,still_missing,still_missing,still_missing,still_missing,still_missing,still_missing,still_missing,native
569,Coimbatore,Tamil Nadu,,illustrative_placeholder,27.3,21.3,22.9,98.9,3.0,1.0,58.1,76.0,2534.0,90.0,90.0,19.1,18.3,114,,,,,,,,,,,,,0,native,native,native,native,native,native,native,native,native,native,native,native,native,native,still_missing,still_missing,still_missing,still_missing,still_missing,still_missing,still_missing,still_missing,still_missing,still_missing,still_missing,still_missing,native
401,Datia,Madhya Pradesh,,illustrative_placeholder,,,,,,,,,,,,,,5,,,,,,,,,,,,,0,still_missing,still_missing,still_missing,still_missing,still_missing,still_missing,still_missing,still_missing,still_missing,still_missing,still_missing,still_missing,still_missing,native,still_missing,still_missing,still_missing,still_missing,still_missing,still_missing,still_missing,still_missing,still_missing,still_missing,still_missing,still_missing,native
325,Dhanbad,Jharkhand,,illustrative_placeholder,,,,,,,,,,,,,,,,,,,,,,,,,,,0,still_missing,still_missing,still_missing,still_missing,still_missing,still_missing,still_missing,still_missing,still_missing,still_missing,still_missing,still_missing,still_missing,still_missing,still_missing,still_missing,still_missing,still_missing,still_missing,still_missing,still_missing,still_missing,still_missing,still_missing,still_missing,still_missing,native
571,Dharmapuri,Tamil Nadu,,illustrative_placeholder,24.2,33.0,29.6,98.9,3.0,1.0,37.5,70.8,2190.0,90.0,90.0,15.4,18.1,26,,,,,,,,,,,,,0,native,native,native,native,native,native,native,native,native,native,native,native,native,native,still_missing,still_missing,still_missing,still_missing,still_missing,still_missing,still_missing,still_missing,still_missing,still_missing,still_missing,still_missing,native
536,Dharwad,Karnataka,,illustrative_placeholder,37.4,33.8,41.1,98.9,3.0,1.0,63.2,32.7,4058.0,90.0,23.7,13.8,14.1,45,,,,,,,,,,,,,0,native,native,native,native,native,native,native,native,native,native,native,native,native,native,still_missing,still_missing,still_missing,still_missing,still_missing,still_missing,still_missing,still_missing,still_missing,still_missing,still_missing,still_missing,native
98,Dholpur,Rajasthan,,illustrative_placeholder,,,,,,,,,,,,,,,,,,,,,,,,,,,1,still_missing,still_missing,still_missing,still_missing,still_missing,still_missing,still_missing,still_missing,still_missing,still_missing,still_missing,still_missing,still_missing,still_missing,still_missing,still_missing,still_missing,still_missing,still_missing,still_missing,still_missing,still_missing,still_missing,still_missing,still_missing,still_missing,native
286,Dibrugarh,Assam,,illustrative_placeholder,,,,,,,,,,,,,,,,,,,,,,,,,,,0,still_missing,still_missing,still_missing,still_missing,still_missing,still_missing,still_missing,still_missing,still_missing,still_missing,still_missing,still_missing,still_missing,still_missing,still_missing,still_missing,still_missing,still_missing,still_missing,still_missing,still_missing,still_missing,still_missing,still_missing,still_missing,still_missing,native
378,Durg,Chhattisgarh,,illustrative_placeholder,44.9,29.1,38.9,96.7,3.0,1.0,22.6,36.4,2914.0,90.0,21.0,11.6,14.3,,,,,,,,,,,,,,0,state_mean,state_mean,state_mean,state_mean,state_mean,state_mean,state_mean,state_mean,state_mean,state_mean,state_mean,state_mean,state_mean,still_missing,still_missing,still_missing,still_missing,still_missing,still_missing,still_missing,still_missing,still_missing,still_missing,still_missing,still_missing,still_missing,native
273,East Garo Hills,Meghalaya,,illustrative_placeholder,,,,,,,,,,,,,,,,,,,,,,,,,,,0,still_missing,still_missing,still_missing,still_missing,still_missing,still_missing,still_missing,still_missing,still_missing,still_missing,still_missing,still_missing,still_missing,still_missing,still_missing,still_missing,still_missing,still_missing,still_missing,still_missing,still_missing,still_missing,still_missing,still_missing,still_missing,still_missing,native
29,Faridkot,Punjab,,illustrative_placeholder,,,,,,,,,,,,,,,,,,,,,,,,,,,0,still_missing,still_missing,still_missing,still_missing,still_missing,still_missing,still_missing,still_missing,still_missing,still_missing,still_missing,still_missing,still_missing,still_missing,still_missing,still_missing,still_missing,still_missing,still_missing,still_missing,still_missing,still_missing,still_missing,still_missing,still_missing,still_missing,native
30,Fatehgarh Sahib,Punjab,,illustrative_placeholder,,,,,,,,,,,,,,,,,,,,,,,,,,,0,still_missing,still_missing,still_missing,still_missing,still_missing,still_missing,still_missing,still_missing,still_missing,still_missing,still_missing,still_missing,still_missing,still_missing,still_missing,still_missing,still_missing,still_missing,still_missing,still_missing,still_missing,still_missing,still_missing,still_missing,still_missing,still_missing,native
354,Ganjam,Odisha,,illustrative_placeholder,,,,,,,,,,,,,,1,,,,,,,,,,,,,0,still_missing,still_missing,still_missing,still_missing,still_missing,still_missing,still_missing,still_missing,still_missing,still_missing,still_missing,still_missing,still_missing,state_mean,still_missing,still_missing,still_missing,still_missing,still_missing,still_missing,still_missing,still_missing,still_missing,still_missing,still_missing,still_missing,native
144,Gautam Buddha Nagar,Uttar Pradesh,,illustrative_placeholder,,,,,,,,,,,,,,,,,,,,,,,,,,,0,still_missing,still_missing,still_missing,still_missing,still_missing,still_missing,still_missing,still_missing,still_missing,still_missing,still_missing,still_missing,still_missing,still_missing,still_missing,still_missing,still_missing,still_missing,still_missing,still_missing,still_missing,still_missing,still_missing,still_missing,still_missing,still_missing,native
146,Ghazipur,Uttar Pradesh,,illustrative_placeholder,,,,,,,,,,,,,,,,,,,,,,,,,,,0,still_missing,still_missing,still_missing,still_missing,still_missing,still_missing,still_missing,still_missing,still_missing,still_missing,still_missing,still_missing,still_missing,still_missing,still_missing,still_missing,still_missing,still_missing,still_missing,still_missing,still_missing,still_missing,still_missing,still_missing,still_missing,still_missing,native
330,Godda,Jharkhand,,illustrative_placeholder,,,,,,,,,,,,,,,,,,,,,,,,,,,1,still_missing,still_missing,still_missing,still_missing,still_missing,still_missing,still_missing,still_missing,still_missing,still_missing,still_missing,still_missing,still_missing,still_missing,still_missing,still_missing,still_missing,still_missing,still_missing,still_missing,still_missing,still_missing,still_missing,still_missing,still_missing,still_missing,native
62,Gurugram,Haryana,,illustrative_placeholder,,,,,,,,,,,,,,,,,,,,,,,,,,,0,still_missing,still_missing,still_missing,still_missing,still_missing,still_missing,still_missing,still_missing,still_missing,still_missing,still_missing,still_missing,still_missing,still_missing,still_missing,still_missing,still_missing,still_missing,still_missing,still_missing,still_missing,still_missing,still_missing,still_missing,still_missing,still_missing,native
661,Hapur,Uttar Pradesh,,illustrative_placeholder,,,,,,,,,,,,,,,,,,,,,,,,,,,0,still_missing,still_missing,still_missing,still_missing,still_missing,still_missing,still_missing,still_missing,still_missing,still_missing,still_missing,still_missing,still_missing,still_missing,still_missing,still_missing,still_missing,still_missing,still_missing,still_missing,still_missing,still_missing,still_missing,still_missing,still_missing,still_missing,native
163,Hathras,Uttar Pradesh,,illustrative_placeholder,,,,,,,,,,,,,,,,,,,,,,,,,,,0,still_missing,still_missing,still_missing,still_missing,still_missing,still_missing,still_missing,still_missing,still_missing,still_missing,still_missing,still_missing,still_missing,still_missing,still_missing,still_missing,still_missing,still_missing,still_missing,still_missing,still_missing,still_missing,still_missing,still_missing,still_missing,still_missing,native
540,Haveri,Karnataka,,illustrative_placeholder,43.8,20.4,36.9,97.3,3.0,1.0,56.0,44.4,2886.0,90.0,24.4,12.7,15.2,55,,,,,,,,,,,,,0,native,native,native,native,native,native,native,native,native,native,native,native,native,native,still_missing,still_missing,still_missing,still_missing,still_missing,still_missing,still_missing,still_missing,still_missing,still_missing,still_missing,still_missing,native
63,Hisar,Haryana,,illustrative_placeholder,,,,,,,,,,,,,,,,,,,,,,,,,,,0,still_missing,still_missing,still_missing,still_missing,still_missing,still_missing,still_missing,still_missing,still_missing,still_missing,still_missing,still_missing,still_missing,still_missing,still_missing,still_missing,still_missing,still_missing,still_missing,still_missing,still_missing,still_missing,still_missing,still_missing,still_missing,still_missing,native
726,Hnahthial,Mizoram,,illustrative_placeholder,,,,,,,,,,,,,,,,,,,,,,,,,,,0,still_missing,still_missing,still_missing,still_missing,still_missing,still_missing,still_missing,still_missing,still_missing,still_missing,still_missing,still_missing,still_missing,still_missing,still_missing,still_missing,still_missing,still_missing,still_missing,still_missing,still_missing,still_missing,still_missing,still_missing,still_missing,still_missing,native
507,Hyderabad,Telangana,,illustrative_placeholder,30.4,17.7,18.9,99.9,3.0,1.0,84.4,48.9,2815.0,90.0,90.0,21.2,26.8,27,,,,,,,,,,,,,0,native,native,native,native,native,native,native,native,native,native,native,native,native,native,still_missing,still_missing,still_missing,still_missing,still_missing,still_missing,still_missing,still_missing,still_missing,still_missing,still_missing,still_missing,native
151,Jalaun,Uttar Pradesh,,illustrative_placeholder,,,,,,,,,,,,,,,,,,,,,,,,,,,0,still_missing,still_missing,still_missing,still_missing,still_missing,still_missing,still_missing,still_missing,still_missing,still_missing,still_missing,still_missing,still_missing,still_missing,still_missing,still_missing,still_missing,still_missing,still_missing,still_missing,still_missing,still_missing,still_missing,still_missing,still_missing,still_missing,native
479,Jalna,Maharashtra,,illustrative_placeholder,,,,,,,,,,,,,,30,,,,,,,,,,,,,0,still_missing,still_missing,still_missing,still_missing,still_missing,still_missing,still_missing,still_missing,still_missing,still_missing,still_missing,still_missing,still_missing,native,still_missing,still_missing,still_missing,still_missing,still_missing,still_missing,still_missing,still_missing,still_missing,still_missing,still_missing,still_missing,native
447,Jamnagar,Gujarat,,illustrative_placeholder,,,,,,,,,,,,,,,,,,,,,,,,,,,0,still_missing,still_missing,still_missing,still_missing,still_missing,still_missing,still_missing,still_missing,still_missing,still_missing,still_missing,still_missing,still_missing,still_missing,still_missing,still_missing,still_missing,still_missing,still_missing,still_missing,still_missing,still_missing,still_missing,still_missing,still_missing,still_missing,native
380,Jashpur,Chhattisgarh,,illustrative_placeholder,44.9,29.1,38.9,96.7,3.0,1.0,22.6,36.4,2914.0,90.0,21.0,11.6,14.3,,,,,,,,,,,,,,0,state_mean,state_mean,state_mean,state_mean,state_mean,state_mean,state_mean,state_mean,state_mean,state_mean,state_mean,state_mean,state_mean,still_missing,still_missing,still_missing,still_missing,still_missing,still_missing,still_missing,still_missing,still_missing,still_missing,still_missing,still_missing,still_missing,native
412,Jhabua,Madhya Pradesh,,illustrative_placeholder,,,,,,,,,,,,,,4,,,,,,,,,,,,,0,still_missing,still_missing,still_missing,still_missing,still_missing,still_missing,still_missing,still_missing,still_missing,still_missing,still_missing,still_missing,still_missing,native,still_missing,still_missing,still_missing,still_missing,still_missing,still_missing,still_missing,still_missing,still_missing,still_missing,still_missing,still_missing,native
65,Jind,Haryana,,illustrative_placeholder,,,,,,,,,,,,,,,,,,,,,,,,,,,0,still_missing,still_missing,still_missing,still_missing,still_missing,still_missing,still_missing,still_missing,still_missing,still_missing,still_missing,still_missing,still_missing,still_missing,still_missing,still_missing,still_missing,still_missing,still_missing,still_missing,still_missing,still_missing,still_missing,still_missing,still_missing,still_missing,native
713,Jiribam,Manipur,,illustrative_placeholder,,,,,,,,,,,,,,,,,,,,,,,,,,,0,still_missing,still_missing,still_missing,still_missing,still_missing,still_missing,still_missing,still_missing,still_missing,still_missing,still_missing,still_missing,still_missing,still_missing,still_missing,still_missing,still_missing,still_missing,still_missing,still_missing,still_missing,still_missing,still_missing,still_missing,still_missing,still_missing,native
107,Jodhpur,Rajasthan,,illustrative_placeholder,,,,,,,,,,,,,,,,,,,,,,,,,,,0,still_missing,still_missing,still_missing,still_missing,still_missing,still_missing,still_missing,still_missing,still_missing,still_missing,still_missing,still_missing,still_missing,still_missing,still_missing,still_missing,still_missing,still_missing,still_missing,still_missing,still_missing,still_missing,still_missing,still_missing,still_missing,still_missing,native
778,Jodhpur (Gramin),Rajasthan,,illustrative_placeholder,,,,,,,,,,,,,,,,,,,,,,,,,,,0,still_missing,still_missing,still_missing,still_missing,still_missing,still_missing,still_missing,still_missing,still_missing,still_missing,still_missing,still_missing,still_missing,still_missing,still_missing,still_missing,still_missing,still_missing,still_missing,still_missing,still_missing,still_missing,still_missing,still_missing,still_missing,still_missing,native
290,Jorhat,Assam,,illustrative_placeholder,,,,,,,,,,,,,,,,,,,,,,,,,,,0,still_missing,still_missing,still_missing,still_missing,still_missing,still_missing,still_missing,still_missing,still_missing,still_missing,still_missing,still_missing,still_missing,still_missing,still_missing,still_missing,still_missing,still_missing,still_missing,still_missing,still_missing,still_missing,still_missing,still_missing,still_missing,still_missing,native
449,Kachchh,Gujarat,,illustrative_placeholder,,,,,,,,,,,,,,,,,,,,,,,,,,,0,still_missing,still_missing,still_missing,still_missing,still_missing,still_missing,still_missing,still_missing,still_missing,still_missing,still_missing,still_missing,still_missing,still_missing,still_missing,still_missing,still_missing,still_missing,still_missing,still_missing,still_missing,still_missing,still_missing,still_missing,still_missing,still_missing,native
746,Kakinada,Andhra Pradesh,,illustrative_placeholder,30.766666666666666,17.041666666666668,31.53333333333333,99.13333333333334,3.0,1.0,51.61666666666667,75.25,2368.5833333333335,90.0,28.691666666666666,19.308333333333334,21.358333333333334,6,,,,,,,,,,,,,0,state_mean,state_mean,state_mean,state_mean,state_mean,state_mean,state_mean,state_mean,state_mean,state_mean,state_mean,state_mean,state_mean,native,still_missing,still_missing,still_missing,still_missing,still_missing,still_missing,still_missing,still_missing,still_missing,still_missing,still_missing,still_missing,native
358,Kalahandi,Odisha,,illustrative_placeholder,,,,,,,,,,,,,,1,,,,,,,,,,,,,1,still_missing,still_missing,still_missing,still_missing,still_missing,still_missing,still_missing,still_missing,still_missing,still_missing,still_missing,still_missing,still_missing,state_mean,still_missing,still_missing,still_missing,still_missing,still_missing,still_missing,still_missing,still_missing,still_missing,still_missing,still_missing,still_missing,native
729,Kallakurichi,Tamil Nadu,,illustrative_placeholder,26.635483870967743,19.838709677419356,23.95483870967742,98.88064516129032,3.0,1.0,50.04516129032258,64.81290322580645,2861.1290322580644,90.0,90.0,20.54193548387097,22.24516129032258,12,,,,,,,,,,,,,0,state_mean,state_mean,state_mean,state_mean,state_mean,state_mean,state_mean,state_mean,state_mean,state_mean,state_mean,state_mean,state_mean,native,still_missing,still_missing,still_missing,still_missing,still_missing,still_missing,still_missing,still_missing,still_missing,still_missing,still_missing,still_missing,native
685,Kamareddy,Telangana,,illustrative_placeholder,33.4,34.5,43.9,99.5,3.0,1.0,68.2,66.5,5957.0,90.0,90.0,12.9,17.5,1,,,,,,,,,,,,,0,native,native,native,native,native,native,native,native,native,native,native,native,native,native,still_missing,still_missing,still_missing,still_missing,still_missing,still_missing,still_missing,still_missing,still_missing,still_missing,still_missing,still_missing,native
618,Kamrup Metro,Assam,,illustrative_placeholder,,,,,,,,,,,,,,,,,,,,,,,,,,,0,still_missing,still_missing,still_missing,still_missing,still_missing,still_missing,still_missing,still_missing,still_missing,still_missing,still_missing,still_missing,still_missing,still_missing,still_missing,still_missing,still_missing,still_missing,still_missing,still_missing,still_missing,still_missing,still_missing,still_missing,still_missing,still_missing,native
557,Kannur,Kerala,,illustrative_placeholder,25.3,10.2,10.5,98.7,3.0,1.0,99.0,38.1,7044.0,90.0,90.0,23.8,25.0,109,,,,,,,,,,,,,0,native,native,native,native,native,native,native,native,native,native,native,native,native,native,still_missing,still_missing,still_missing,still_missing,still_missing,still_missing,still_missing,still_missing,still_missing,still_missing,still_missing,still_missing,native
157,Kanpur Nagar,Uttar Pradesh,,illustrative_placeholder,,,,,,,,,,,,,,,,,,,,,,,,,,,0,still_missing,still_missing,still_missing,still_missing,still_missing,still_missing,still_missing,still_missing,still_missing,still_missing,still_missing,still_missing,still_missing,still_missing,still_missing,still_missing,still_missing,still_missing,still_missing,still_missing,still_missing,still_missing,still_missing,still_missing,still_missing,still_missing,native
35,Kapurthala,Punjab,,illustrative_placeholder,,,,,,,,,,,,,,,,,,,,,,,,,,,0,still_missing,still_missing,still_missing,still_missing,still_missing,still_missing,still_missing,still_missing,still_missing,still_missing,still_missing,still_missing,still_missing,still_missing,still_missing,still_missing,still_missing,still_missing,still_missing,still_missing,still_missing,still_missing,still_missing,still_missing,still_missing,still_missing,native
6,Kargil,Ladakh,,illustrative_placeholder,,,,,,,,,,,,,,,,,,,,,,,,,,,0,still_missing,still_missing,still_missing,still_missing,still_missing,still_missing,still_missing,still_missing,still_missing,still_missing,still_missing,still_missing,still_missing,still_missing,still_missing,still_missing,still_missing,still_missing,still_missing,still_missing,still_missing,still_missing,still_missing,still_missing,still_missing,still_missing,native
576,Karur,Tamil Nadu,,illustrative_placeholder,27.5,23.0,28.9,99.0,3.0,1.0,47.7,77.9,2349.0,90.0,90.0,23.4,28.9,21,,,,,,,,,,,,,0,native,native,native,native,native,native,native,native,native,native,native,native,native,native,still_missing,still_missing,still_missing,still_missing,still_missing,still_missing,still_missing,still_missing,still_missing,still_missing,still_missing,still_missing,native
7,Kathua,Jammu And Kashmir,,illustrative_placeholder,,,,,,,,,,,,,,,,,,,,,,,,,,,0,still_missing,still_missing,still_missing,still_missing,still_missing,still_missing,still_missing,still_missing,still_missing,still_missing,still_missing,still_missing,still_missing,still_missing,still_missing,still_missing,still_missing,still_missing,still_missing,still_missing,still_missing,still_missing,still_missing,still_missing,still_missing,still_missing,native
770,Khairthal-Tijara,Rajasthan,,illustrative_placeholder,,,,,,,,,,,,,,,,,,,,,,,,,,,0,still_missing,still_missing,still_missing,still_missing,still_missing,still_missing,still_missing,still_missing,still_missing,still_missing,still_missing,still_missing,still_missing,still_missing,still_missing,still_missing,still_missing,still_missing,still_missing,still_missing,still_missing,still_missing,still_missing,still_missing,still_missing,still_missing,native
405,Khandwa (East Nimar),Madhya Pradesh,,illustrative_placeholder,,,,,,,,,,,,,,7,,,,,,,,,,,,,0,still_missing,still_missing,still_missing,still_missing,still_missing,still_missing,still_missing,still_missing,still_missing,still_missing,still_missing,still_missing,still_missing,native,still_missing,still_missing,still_missing,still_missing,still_missing,still_missing,still_missing,still_missing,still_missing,still_missing,still_missing,still_missing,native
542,Kolar,Karnataka,,illustrative_placeholder,32.0,18.4,27.7,99.2,3.0,1.0,60.9,30.1,4569.0,90.0,27.9,12.5,15.1,21,,,,,,,,,,,,,0,native,native,native,native,native,native,native,native,native,native,native,native,native,native,still_missing,still_missing,still_missing,still_missing,still_missing,still_missing,still_missing,still_missing,still_missing,still_missing,still_missing,still_missing,native
699,Kumuram Bheem Asifabad,Telangana,,illustrative_placeholder,38.1,35.7,41.1,97.8,3.0,1.0,54.0,63.6,4121.0,90.0,90.0,8.4,11.6,4,,,,,,,,,,,,,0,native,native,native,native,native,native,native,native,native,native,native,native,native,native,still_missing,still_missing,still_missing,still_missing,still_missing,still_missing,still_missing,still_missing,still_missing,still_missing,still_missing,still_missing,native
264,Lawngtlai,Mizoram,,illustrative_placeholder,,,,,,,,,,,,,,,,,,,,,,,,,,,0,still_missing,still_missing,still_missing,still_missing,still_missing,still_missing,still_missing,still_missing,still_missing,still_missing,still_missing,still_missing,still_missing,still_missing,still_missing,still_missing,still_missing,still_missing,still_missing,still_missing,still_missing,still_missing,still_missing,still_missing,still_missing,still_missing,native
336,Lohardaga,Jharkhand,,illustrative_placeholder,,,,,,,,,,,,,,,,,,,,,,,,,,,1,still_missing,still_missing,still_missing,still_missing,still_missing,still_missing,still_missing,still_missing,still_missing,still_missing,still_missing,still_missing,still_missing,still_missing,still_missing,still_missing,still_missing,still_missing,still_missing,still_missing,still_missing,still_missing,still_missing,still_missing,still_missing,still_missing,native
235,Lower Dibang Valley,Arunachal Pradesh,,illustrative_placeholder,,,,,,,,,,,,,,,,,,,,,,,,,,,0,still_missing,still_missing,still_missing,still_missing,still_missing,still_missing,still_missing,still_missing,still_missing,still_missing,still_missing,still_missing,still_missing,still_missing,still_missing,still_missing,still_missing,still_missing,still_missing,still_missing,still_missing,still_missing,still_missing,still_missing,still_missing,still_missing,native
719,Lower Siang,Arunachal Pradesh,,illustrative_placeholder,,,,,,,,,,,,,,,,,,,,,,,,,,,0,still_missing,still_missing,still_missing,still_missing,still_missing,still_missing,still_missing,still_missing,still_missing,still_missing,still_missing,still_missing,still_missing,still_missing,still_missing,still_missing,still_missing,still_missing,still_missing,still_missing,still_missing,still_missing,still_missing,still_missing,still_missing,still_missing,native
165,Mahoba,Uttar Pradesh,,illustrative_placeholder,,,,,,,,,,,,,,,,,,,,,,,,,,,0,still_missing,still_missing,still_missing,still_missing,still_missing,still_missing,still_missing,still_missing,still_missing,still_missing,still_missing,still_missing,still_missing,still_missing,still_missing,still_missing,still_missing,still_missing,still_missing,still_missing,still_missing,still_missing,still_missing,still_missing,still_missing,still_missing,native
415,Mandla,Madhya Pradesh,,illustrative_placeholder,,,,,,,,,,,,,,9,,,,,,,,,,,,,0,still_missing,still_missing,still_missing,still_missing,still_missing,still_missing,still_missing,still_missing,still_missing,still_missing,still_missing,still_missing,still_missing,native,still_missing,still_missing,still_missing,still_missing,still_missing,still_missing,still_missing,still_missing,still_missing,still_missing,still_missing,still_missing,native
735,Mayiladuthurai,Tamil Nadu,,illustrative_placeholder,26.635483870967743,19.838709677419356,23.95483870967742,98.88064516129032,3.0,1.0,50.04516129032258,64.81290322580645,2861.1290322580644,90.0,90.0,20.54193548387097,22.24516129032258,20,,,,,,,,,,,,,0,state_mean,state_mean,state_mean,state_mean,state_mean,state_mean,state_mean,state_mean,state_mean,state_mean,state_mean,state_mean,state_mean,native,still_missing,still_missing,still_missing,still_missing,still_missing,still_missing,still_missing,still_missing,still_missing,still_missing,still_missing,still_missing,native
513,Medak,Telangana,,illustrative_placeholder,36.4,21.3,42.0,99.4,3.0,1.0,78.2,61.2,6139.0,90.0,90.0,14.0,19.5,1,,,,,,,,,,,,,0,native,native,native,native,native,native,native,native,native,native,native,native,native,native,still_missing,still_missing,still_missing,still_missing,still_missing,still_missing,still_missing,still_missing,still_missing,still_missing,still_missing,still_missing,native
170,Mirzapur,Uttar Pradesh,,illustrative_placeholder,,,,,,,,,,,,,,,,,,,,,,,,,,,0,still_missing,still_missing,still_missing,still_missing,still_missing,still_missing,still_missing,still_missing,still_missing,still_missing,still_missing,still_missing,still_missing,still_missing,still_missing,still_missing,still_missing,still_missing,still_missing,still_missing,still_missing,still_missing,still_missing,still_missing,still_missing,still_missing,native
246,Mokokchung,Nagaland,,illustrative_placeholder,,,,,,,,,,,,,,,,,,,,,,,,,,,0,still_missing,still_missing,still_missing,still_missing,still_missing,still_missing,still_missing,still_missing,still_missing,still_missing,still_missing,still_missing,still_missing,still_missing,still_missing,still_missing,still_missing,still_missing,still_missing,still_missing,still_missing,still_missing,still_missing,still_missing,still_missing,still_missing,native
171,Moradabad,Uttar Pradesh,,illustrative_placeholder,,,,,,,,,,,,,,,,,,,,,,,,,,,0,still_missing,still_missing,still_missing,still_missing,still_missing,still_missing,still_missing,still_missing,still_missing,still_missing,still_missing,still_missing,still_missing,still_missing,still_missing,still_missing,still_missing,still_missing,still_missing,still_missing,still_missing,still_missing,still_missing,still_missing,still_missing,still_missing,native
673,Morbi,Gujarat,,illustrative_placeholder,,,,,,,,,,,,,,,,,,,,,,,,,,,0,still_missing,still_missing,still_missing,still_missing,still_missing,still_missing,still_missing,still_missing,still_missing,still_missing,still_missing,still_missing,still_missing,still_missing,still_missing,still_missing,still_missing,still_missing,still_missing,still_missing,still_missing,still_missing,still_missing,still_missing,still_missing,still_missing,native
482,Mumbai,Maharashtra,,illustrative_placeholder,,,,,,,,,,,,,,77,,,,,,,,,,,,,0,still_missing,still_missing,still_missing,still_missing,still_missing,still_missing,still_missing,still_missing,still_missing,still_missing,still_missing,still_missing,still_missing,native,still_missing,still_missing,still_missing,still_missing,still_missing,still_missing,still_missing,still_missing,still_missing,still_missing,still_missing,still_missing,native
483,Mumbai Suburban,Maharashtra,,illustrative_placeholder,,,,,,,,,,,,,,33,,,,,,,,,,,,,0,still_missing,still_missing,still_missing,still_missing,still_missing,still_missing,still_missing,still_missing,still_missing,still_missing,still_missing,still_missing,still_missing,native,still_missing,still_missing,still_missing,still_missing,still_missing,still_missing,still_missing,still_missing,still_missing,still_missing,still_missing,still_missing,native
694,Nagarkurnool,Telangana,,illustrative_placeholder,35.1,27.3,30.9,99.9,3.0,1.0,73.2,68.6,2975.0,90.0,90.0,12.5,14.5,2,,,,,,,,,,,,,0,native,native,native,native,native,native,native,native,native,native,native,native,native,native,still_missing,still_missing,still_missing,still_missing,still_missing,still_missing,still_missing,still_missing,still_missing,still_missing,still_missing,still_missing,native
209,Nalanda,Bihar,,illustrative_placeholder,,,,,,,,,,,,,,,,,,,,,,,,,,,0,still_missing,still_missing,still_missing,still_missing,still_missing,still_missing,still_missing,still_missing,still_missing,still_missing,still_missing,still_missing,still_missing,still_missing,still_missing,still_missing,still_missing,still_missing,still_missing,still_missing,still_missing,still_missing,still_missing,still_missing,still_missing,still_missing,native
514,Nalgonda,Telangana,,illustrative_placeholder,31.7,29.8,28.0,99.9,3.0,1.0,76.4,64.8,4320.0,90.0,90.0,13.8,17.0,2,,,,,,,,,,,,,0,native,native,native,native,native,native,native,native,native,native,native,native,native,native,still_missing,still_missing,still_missing,still_missing,still_missing,still_missing,still_missing,still_missing,still_missing,still_missing,still_missing,still_missing,native
210,Nawada,Bihar,,illustrative_placeholder,,,,,,,,,,,,,,,,,,,,,,,,,,,1,still_missing,still_missing,still_missing,still_missing,still_missing,still_missing,still_missing,still_missing,still_missing,still_missing,still_missing,still_missing,still_missing,still_missing,still_missing,still_missing,still_missing,still_missing,still_missing,still_missing,still_missing,still_missing,still_missing,still_missing,still_missing,still_missing,native
80,North,Delhi,,illustrative_placeholder,,,,,,,,,,,,,,,,,,,,,,,,,,,0,still_missing,still_missing,still_missing,still_missing,still_missing,still_missing,still_missing,still_missing,still_missing,still_missing,still_missing,still_missing,still_missing,still_missing,still_missing,still_missing,still_missing,still_missing,still_missing,still_missing,still_missing,still_missing,still_missing,still_missing,still_missing,still_missing,native
82,North West,Delhi,,illustrative_placeholder,,,,,,,,,,,,,,,,,,,,,,,,,,,0,still_missing,still_missing,still_missing,still_missing,still_missing,still_missing,still_missing,still_missing,still_missing,still_missing,still_missing,still_missing,still_missing,still_missing,still_missing,still_missing,still_missing,still_missing,still_missing,still_missing,still_missing,still_missing,still_missing,still_missing,still_missing,still_missing,native
237,Papum Pare,Arunachal Pradesh,,illustrative_placeholder,,,,,,,,,,,,,,,,,,,,,,,,,,,0,still_missing,still_missing,still_missing,still_missing,still_missing,still_missing,still_missing,still_missing,still_missing,still_missing,still_missing,still_missing,still_missing,still_missing,still_missing,still_missing,still_missing,still_missing,still_missing,still_missing,still_missing,still_missing,still_missing,still_missing,still_missing,still_missing,native
564,Pathanamthitta,Kerala,,illustrative_placeholder,13.3,14.4,11.4,99.2,3.0,1.0,97.1,41.9,7467.0,90.0,90.0,32.1,34.7,63,,,,,,,,,,,,,0,native,native,native,native,native,native,native,native,native,native,native,native,native,native,still_missing,still_missing,still_missing,still_missing,still_missing,still_missing,still_missing,still_missing,still_missing,still_missing,still_missing,still_missing,native
456,Porbandar,Gujarat,,illustrative_placeholder,,,,,,,,,,,,,,,,,,,,,,,,,,,0,still_missing,still_missing,still_missing,still_missing,still_missing,still_missing,still_missing,still_missing,still_missing,still_missing,still_missing,still_missing,still_missing,still_missing,still_missing,still_missing,still_missing,still_missing,still_missing,still_missing,still_missing,still_missing,still_missing,still_missing,still_missing,still_missing,native
120,Prayagraj,Uttar Pradesh,,illustrative_placeholder,,,,,,,,,,,,,,,,,,,,,,,,,,,0,still_missing,still_missing,still_missing,still_missing,still_missing,still_missing,still_missing,still_missing,still_missing,still_missing,still_missing,still_missing,still_missing,still_missing,still_missing,still_missing,still_missing,still_missing,still_missing,still_missing,still_missing,still_missing,still_missing,still_missing,still_missing,still_missing,native
175,Rae Bareli,Uttar Pradesh,,illustrative_placeholder,,,,,,,,,,,,,,,,,,,,,,,,,,,0,still_missing,still_missing,still_missing,still_missing,still_missing,still_missing,still_missing,still_missing,still_missing,still_missing,still_missing,still_missing,still_missing,still_missing,still_missing,still_missing,still_missing,still_missing,still_missing,still_missing,still_missing,still_missing,still_missing,still_missing,still_missing,still_missing,native
546,Raichur,Karnataka,,illustrative_placeholder,37.2,34.9,41.2,98.0,3.0,1.0,27.6,29.0,2397.0,90.0,16.7,8.9,9.2,37,,,,,,,,,,,,,1,native,native,native,native,native,native,native,native,native,native,native,native,native,native,still_missing,still_missing,still_missing,still_missing,still_missing,still_missing,still_missing,still_missing,still_missing,still_missing,still_missing,still_missing,native
683,Rajanna Sircilla,Telangana,,illustrative_placeholder,22.4,19.4,26.1,99.8,3.0,1.0,77.4,62.8,3065.0,90.0,90.0,13.2,20.3,1,,,,,,,,,,,,,0,native,native,native,native,native,native,native,native,native,native,native,native,native,native,still_missing,still_missing,still_missing,still_missing,still_missing,still_missing,still_missing,still_missing,still_missing,still_missing,still_missing,still_missing,native
621,Ramban,Jammu And Kashmir,,illustrative_placeholder,,,,,,,,,,,,,,,,,,,,,,,,,,,0,still_missing,still_missing,still_missing,still_missing,still_missing,still_missing,still_missing,still_missing,still_missing,still_missing,still_missing,still_missing,still_missing,still_missing,still_missing,still_missing,still_missing,still_missing,still_missing,still_missing,still_missing,still_missing,still_missing,still_missing,still_missing,still_missing,native
423,Ratlam,Madhya Pradesh,,illustrative_placeholder,,,,,,,,,,,,,,24,,,,,,,,,,,,,0,still_missing,still_missing,still_missing,still_missing,still_missing,still_missing,still_missing,still_missing,still_missing,still_missing,still_missing,still_missing,still_missing,native,still_missing,still_missing,still_missing,still_missing,still_missing,still_missing,still_missing,still_missing,still_missing,still_missing,still_missing,still_missing,native
72,Rewari,Haryana,,illustrative_placeholder,,,,,,,,,,,,,,,,,,,,,,,,,,,0,still_missing,still_missing,still_missing,still_missing,still_missing,still_missing,still_missing,still_missing,still_missing,still_missing,still_missing,still_missing,still_missing,still_missing,still_missing,still_missing,still_missing,still_missing,still_missing,still_missing,still_missing,still_missing,still_missing,still_missing,still_missing,still_missing,native
276,Ri Bhoi,Meghalaya,,illustrative_placeholder,,,,,,,,,,,,,,,,,,,,,,,,,,,1,still_missing,still_missing,still_missing,still_missing,still_missing,still_missing,still_missing,still_missing,still_missing,still_missing,still_missing,still_missing,still_missing,still_missing,still_missing,still_missing,still_missing,still_missing,still_missing,still_missing,still_missing,still_missing,still_missing,still_missing,still_missing,still_missing,native
73,Rohtak,Haryana,,illustrative_placeholder,,,,,,,,,,,,,,,,,,,,,,,,,,,0,still_missing,still_missing,still_missing,still_missing,still_missing,still_missing,still_missing,still_missing,still_missing,still_missing,still_missing,still_missing,still_missing,still_missing,still_missing,still_missing,still_missing,still_missing,still_missing,still_missing,still_missing,still_missing,still_missing,still_missing,still_missing,still_missing,native
624,Samba,Jammu And Kashmir,,illustrative_placeholder,,,,,,,,,,,,,,,,,,,,,,,,,,,0,still_missing,still_missing,still_missing,still_missing,still_missing,still_missing,still_missing,still_missing,still_missing,still_missing,still_missing,still_missing,still_missing,still_missing,still_missing,still_missing,still_missing,still_missing,still_missing,still_missing,still_missing,still_missing,still_missing,still_missing,still_missing,still_missing,native
371,Sambalpur,Odisha,,illustrative_placeholder,,,,,,,,,,,,,,1,,,,,,,,,,,,,0,still_missing,still_missing,still_missing,still_missing,still_missing,still_missing,still_missing,still_missing,still_missing,still_missing,still_missing,still_missing,still_missing,state_mean,still_missing,still_missing,still_missing,still_missing,still_missing,still_missing,still_missing,still_missing,still_missing,still_missing,still_missing,still_missing,native
493,Sangli,Maharashtra,,illustrative_placeholder,,,,,,,,,,,,,,30,,,,,,,,,,,,,0,still_missing,still_missing,still_missing,still_missing,still_missing,still_missing,still_missing,still_missing,still_missing,still_missing,still_missing,still_missing,still_missing,native,still_missing,still_missing,still_missing,still_missing,still_missing,still_missing,still_missing,still_missing,still_missing,still_missing,still_missing,still_missing,native
427,Sehore,Madhya Pradesh,,illustrative_placeholder,,,,,,,,,,,,,,12,,,,,,,,,,,,,0,still_missing,still_missing,still_missing,still_missing,still_missing,still_missing,still_missing,still_missing,still_missing,still_missing,still_missing,still_missing,still_missing,native,still_missing,still_missing,still_missing,still_missing,still_missing,still_missing,still_missing,still_missing,still_missing,still_missing,still_missing,still_missing,native
257,Senapati,Manipur,,illustrative_placeholder,,,,,,,,,,,,,,,,,,,,,,,,,,,0,still_missing,still_missing,still_missing,still_missing,still_missing,still_missing,still_missing,still_missing,still_missing,still_missing,still_missing,still_missing,still_missing,still_missing,still_missing,still_missing,still_missing,still_missing,still_missing,still_missing,still_missing,still_missing,still_missing,still_missing,still_missing,still_missing,native
780,Shahpura,Rajasthan,,illustrative_placeholder,,,,,,,,,,,,,,,,,,,,,,,,,,,0,still_missing,still_missing,still_missing,still_missing,still_missing,still_missing,still_missing,still_missing,still_missing,still_missing,still_missing,still_missing,still_missing,still_missing,still_missing,still_missing,still_missing,still_missing,still_missing,still_missing,still_missing,still_missing,still_missing,still_missing,still_missing,still_missing,native
219,Sheikhpura,Bihar,,illustrative_placeholder,,,,,,,,,,,,,,,,,,,,,,,,,,,1,still_missing,still_missing,still_missing,still_missing,still_missing,still_missing,still_missing,still_missing,still_missing,still_missing,still_missing,still_missing,still_missing,still_missing,still_missing,still_missing,still_missing,still_missing,still_missing,still_missing,still_missing,still_missing,still_missing,still_missing,still_missing,still_missing,native
679,Siang,Arunachal Pradesh,,illustrative_placeholder,,,,,,,,,,,,,,,,,,,,,,,,,,,0,still_missing,still_missing,still_missing,still_missing,still_missing,still_missing,still_missing,still_missing,still_missing,still_missing,still_missing,still_missing,still_missing,still_missing,still_missing,still_missing,still_missing,still_missing,still_missing,still_missing,still_missing,still_missing,still_missing,still_missing,still_missing,still_missing,native
692,Siddipet,Telangana,,illustrative_placeholder,28.1,19.3,29.6,99.5,3.0,1.0,84.1,60.9,5528.0,90.0,90.0,14.7,20.0,3,,,,,,,,,,,,,0,native,native,native,native,native,native,native,native,native,native,native,native,native,native,still_missing,still_missing,still_missing,still_missing,still_missing,still_missing,still_missing,still_missing,still_missing,still_missing,still_missing,still_missing,native
24,Sirmaur,Himachal Pradesh,,illustrative_placeholder,,,,,,,,,,,,,,,,,,,,,,,,,,,0,still_missing,still_missing,still_missing,still_missing,still_missing,still_missing,still_missing,still_missing,still_missing,still_missing,still_missing,still_missing,still_missing,still_missing,still_missing,still_missing,still_missing,still_missing,still_missing,still_missing,still_missing,still_missing,still_missing,still_missing,still_missing,still_missing,native
300,Sivasagar,Assam,,illustrative_placeholder,,,,,,,,,,,,,,,,,,,,,,,,,,,0,still_missing,still_missing,still_missing,still_missing,still_missing,still_missing,still_missing,still_missing,still_missing,still_missing,still_missing,still_missing,still_missing,still_missing,still_missing,still_missing,still_missing,still_missing,still_missing,still_missing,still_missing,still_missing,still_missing,still_missing,still_missing,still_missing,native
301,Sonitpur,Assam,,illustrative_placeholder,,,,,,,,,,,,,,,,,,,,,,,,,,,0,still_missing,still_missing,still_missing,still_missing,still_missing,still_missing,still_missing,still_missing,still_missing,still_missing,still_missing,still_missing,still_missing,still_missing,still_missing,still_missing,still_missing,still_missing,still_missing,still_missing,still_missing,still_missing,still_missing,still_missing,still_missing,still_missing,native
271,South Tripura,Tripura,,illustrative_placeholder,,,,,,,,,,,,,,,,,,,,,,,,,,,0,still_missing,still_missing,still_missing,still_missing,still_missing,still_missing,still_missing,still_missing,still_missing,still_missing,still_missing,still_missing,still_missing,still_missing,still_missing,still_missing,still_missing,still_missing,still_missing,still_missing,still_missing,still_missing,still_missing,still_missing,still_missing,still_missing,native
185,Sultanpur,Uttar Pradesh,,illustrative_placeholder,,,,,,,,,,,,,,,,,,,,,,,,,,,0,still_missing,still_missing,still_missing,still_missing,still_missing,still_missing,still_missing,still_missing,still_missing,still_missing,still_missing,still_missing,still_missing,still_missing,still_missing,still_missing,still_missing,still_missing,still_missing,still_missing,still_missing,still_missing,still_missing,still_missing,still_missing,still_missing,native
373,Sundargarh,Odisha,,illustrative_placeholder,,,,,,,,,,,,,,1,,,,,,,,,,,,,0,still_missing,still_missing,still_missing,still_missing,still_missing,still_missing,still_missing,still_missing,still_missing,still_missing,still_missing,still_missing,still_missing,state_mean,still_missing,still_missing,still_missing,still_missing,still_missing,still_missing,still_missing,still_missing,still_missing,still_missing,still_missing,still_missing,native
459,Surat,Gujarat,,illustrative_placeholder,,,,,,,,,,,,,,,,,,,,,,,,,,,0,still_missing,still_missing,still_missing,still_missing,still_missing,still_missing,still_missing,still_missing,still_missing,still_missing,still_missing,still_missing,still_missing,still_missing,still_missing,still_missing,still_missing,still_missing,still_missing,still_missing,still_missing,still_missing,still_missing,still_missing,still_missing,still_missing,native
460,Surendranagar,Gujarat,,illustrative_placeholder,,,,,,,,,,,,,,,,,,,,,,,,,,,0,still_missing,still_missing,still_missing,still_missing,still_missing,still_missing,still_missing,still_missing,still_missing,still_missing,still_missing,still_missing,still_missing,still_missing,still_missing,still_missing,still_missing,still_missing,still_missing,still_missing,still_missing,still_missing,still_missing,still_missing,still_missing,still_missing,native
594,Thoothukkudi,Tamil Nadu,,illustrative_placeholder,21.2,12.4,17.6,98.7,3.0,1.0,52.5,48.3,2687.0,90.0,90.0,22.0,25.4,23,,,,,,,,,,,,,0,native,native,native,native,native,native,native,native,native,native,native,native,native,native,still_missing,still_missing,still_missing,still_missing,still_missing,still_missing,still_missing,still_missing,still_missing,still_missing,still_missing,still_missing,native
566,Thrissur,Kerala,,illustrative_placeholder,20.8,15.3,14.0,99.8,3.0,1.0,99.7,38.1,5053.0,90.0,90.0,28.3,31.7,227,,,,,,,,,,,,,0,native,native,native,native,native,native,native,native,native,native,native,native,native,native,still_missing,still_missing,still_missing,still_missing,still_missing,still_missing,still_missing,still_missing,still_missing,still_missing,still_missing,still_missing,native
752,Tirupati,Andhra Pradesh,,illustrative_placeholder,30.766666666666666,17.041666666666668,31.53333333333333,99.13333333333334,3.0,1.0,51.61666666666667,75.25,2368.5833333333335,90.0,28.691666666666666,19.308333333333334,21.358333333333334,18,,,,,,,,,,,,,0,state_mean,state_mean,state_mean,state_mean,state_mean,state_mean,state_mean,state_mean,state_mean,state_mean,state_mean,state_mean,state_mean,native,still_missing,still_missing,still_missing,still_missing,still_missing,still_missing,still_missing,still_missing,still_missing,still_missing,still_missing,still_missing,native
249,Tuensang,Nagaland,,illustrative_placeholder,,,,,,,,,,,,,,,,,,,,,,,,,,,0,still_missing,still_missing,still_missing,still_missing,still_missing,still_missing,still_missing,still_missing,still_missing,still_missing,still_missing,still_missing,still_missing,still_missing,still_missing,still_missing,still_missing,still_missing,still_missing,still_missing,still_missing,still_missing,still_missing,still_missing,still_missing,still_missing,native
56,Udam Singh Nagar,Uttarakhand,,illustrative_placeholder,,,,,,,,,,,,,,,,,,,,,,,,,,,1,still_missing,still_missing,still_missing,still_missing,still_missing,still_missing,still_missing,still_missing,still_missing,still_missing,still_missing,still_missing,still_missing,still_missing,still_missing,still_missing,still_missing,still_missing,still_missing,still_missing,still_missing,still_missing,still_missing,still_missing,still_missing,still_missing,native
14,Udhampur,Jammu And Kashmir,,illustrative_placeholder,,,,,,,,,,,,,,,,,,,,,,,,,,,0,still_missing,still_missing,still_missing,still_missing,still_missing,still_missing,still_missing,still_missing,still_missing,still_missing,still_missing,still_missing,still_missing,still_missing,still_missing,still_missing,still_missing,still_missing,still_missing,still_missing,still_missing,still_missing,still_missing,still_missing,still_missing,still_missing,native
435,Ujjain,Madhya Pradesh,,illustrative_placeholder,,,,,,,,,,,,,,27,,,,,,,,,,,,,0,still_missing,still_missing,still_missing,still_missing,still_missing,still_missing,still_missing,still_missing,still_missing,still_missing,still_missing,still_missing,still_missing,native,still_missing,still_missing,still_missing,still_missing,still_missing,still_missing,still_missing,still_missing,still_missing,still_missing,still_missing,still_missing,native
186,Unnao,Uttar Pradesh,,illustrative_placeholder,,,,,,,,,,,,,,,,,,,,,,,,,,,0,still_missing,still_missing,still_missing,still_missing,still_missing,still_missing,still_missing,still_missing,still_missing,still_missing,still_missing,still_missing,still_missing,still_missing,still_missing,still_missing,still_missing,still_missing,still_missing,still_missing,still_missing,still_missing,still_missing,still_missing,still_missing,still_missing,native
311,Uttar Dinajpur,West Bengal,,illustrative_placeholder,,,,,,,,,,,,,,,,,,,,,,,,,,,0,still_missing,still_missing,still_missing,still_missing,still_missing,still_missing,still_missing,still_missing,still_missing,still_missing,still_missing,still_missing,still_missing,still_missing,still_missing,still_missing,still_missing,still_missing,still_missing,still_missing,still_missing,still_missing,still_missing,still_missing,still_missing,still_missing,native
595,Vellore,Tamil Nadu,,illustrative_placeholder,29.0,27.5,32.6,99.5,3.0,1.0,54.5,71.8,1547.0,90.0,90.0,20.4,21.4,46,,,,,,,,,,,,,0,native,native,native,native,native,native,native,native,native,native,native,native,native,native,still_missing,still_missing,still_missing,still_missing,still_missing,still_missing,still_missing,still_missing,still_missing,still_missing,still_missing,still_missing,native
693,Wanaparthy,Telangana,,illustrative_placeholder,40.4,15.1,33.2,99.2,3.0,1.0,75.9,70.1,2989.0,90.0,90.0,13.9,16.5,4,,,,,,,,,,,,,0,native,native,native,native,native,native,native,native,native,native,native,native,native,native,still_missing,still_missing,still_missing,still_missing,still_missing,still_missing,still_missing,still_missing,still_missing,still_missing,still_missing,still_missing,native
523,West Godavari,Andhra Pradesh,,illustrative_placeholder,28.5,14.7,30.1,99.0,3.0,1.0,63.1,79.0,3354.0,90.0,31.4,23.8,18.9,16,,,,,,,,,,,,,0,native,native,native,native,native,native,native,native,native,native,native,native,native,native,still_missing,still_missing,still_missing,still_missing,still_missing,still_missing,still_missing,still_missing,still_missing,still_missing,still_missing,still_missing,native
242,West Kameng,Arunachal Pradesh,,illustrative_placeholder,,,,,,,,,,,,,,,,,,,,,,,,,,,0,still_missing,still_missing,still_missing,still_missing,still_missing,still_missing,still_missing,still_missing,still_missing,still_missing,still_missing,still_missing,still_missing,still_missing,still_missing,still_missing,still_missing,still_missing,still_missing,still_missing,still_missing,still_missing,still_missing,still_missing,still_missing,still_missing,native
76,Yamunanagar,Haryana,,illustrative_placeholder,,,,,,,,,,,,,,,,,,,,,,,,,,,0,still_missing,still_missing,still_missing,still_missing,still_missing,still_missing,still_missing,still_missing,still_missing,still_missing,still_missing,still_missing,still_missing,still_missing,still_missing,still_missing,still_missing,still_missing,still_missing,still_missing,still_missing,still_missing,still_missing,still_missing,still_missing,still_missing,native
500,Yavatmal,Maharashtra,,illustrative_placeholder,,,,,,,,,,,,,,13,,,,,,,,,,,,,0,still_missing,still_missing,still_missing,still_missing,still_missing,still_missing,still_missing,still_missing,still_missing,still_missing,still_missing,still_missing,still_missing,native,still_missing,still_missing,still_missing,still_missing,still_missing,still_missing,still_missing,still_missing,still_missing,still_missing,still_missing,still_missing,native
466,Ahmednagar,Maharashtra,,illustrative_placeholder,,,,,,,,,,,,,,13,,,,,,,,,,,,,0,still_missing,still_missing,still_missing,still_missing,still_missing,still_missing,still_missing,still_missing,still_missing,still_missing,still_missing,still_missing,still_missing,native,still_missing,still_missing,still_missing,still_missing,still_missing,still_missing,still_missing,still_missing,still_missing,still_missing,still_missing,still_missing,native
745,Alluri Sitharama Raju,Andhra Pradesh,,illustrative_placeholder,30.766666666666666,17.041666666666668,31.53333333333333,99.13333333333334,3.0,1.0,51.61666666666667,75.25,2368.5833333333335,90.0,28.691666666666666,19.308333333333334,21.358333333333334,5,,,,,,,,,,,,,1,state_mean,state_mean,state_mean,state_mean,state_mean,state_mean,state_mean,state_mean,state_mean,state_mean,state_mean,state_mean,state_mean,native,still_missing,still_missing,still_missing,still_missing,still_missing,still_missing,still_missing,still_missing,still_missing,still_missing,still_missing,still_missing,native
154,Amroha,Uttar Pradesh,,illustrative_placeholder,,,,,,,,,,,,,,,,,,,,,,,,,,,0,still_missing,still_missing,still_missing,still_missing,still_missing,still_missing,still_missing,still_missing,still_missing,still_missing,still_missing,still_missing,still_missing,still_missing,still_missing,still_missing,still_missing,still_missing,still_missing,still_missing,still_missing,still_missing,still_missing,still_missing,still_missing,still_missing,native
744,Anakapalli,Andhra Pradesh,,illustrative_placeholder,30.766666666666666,17.041666666666668,31.53333333333333,99.13333333333334,3.0,1.0,51.61666666666667,75.25,2368.5833333333335,90.0,28.691666666666666,19.308333333333334,21.358333333333334,7,,,,,,,,,,,,,0,state_mean,state_mean,state_mean,state_mean,state_mean,state_mean,state_mean,state_mean,state_mean,state_mean,state_mean,state_mean,state_mean,native,still_missing,still_missing,still_missing,still_missing,still_missing,still_missing,still_missing,still_missing,still_missing,still_missing,still_missing,still_missing,native
628,Anjaw,Arunachal Pradesh,,illustrative_placeholder,,,,,,,,,,,,,,,,,,,,,,,,,,,0,still_missing,still_missing,still_missing,still_missing,still_missing,still_missing,still_missing,still_missing,still_missing,still_missing,still_missing,still_missing,still_missing,still_missing,still_missing,still_missing,still_missing,still_missing,still_missing,still_missing,still_missing,still_missing,still_missing,still_missing,still_missing,still_missing,native
776,Anupgarh,Rajasthan,,illustrative_placeholder,,,,,,,,,,,,,,,,,,,,,,,,,,,0,still_missing,still_missing,still_missing,still_missing,still_missing,still_missing,still_missing,still_missing,still_missing,still_missing,still_missing,still_missing,still_missing,still_missing,still_missing,still_missing,still_missing,still_missing,still_missing,still_missing,still_missing,still_missing,still_missing,still_missing,still_missing,still_missing,native
122,Auraiya,Uttar Pradesh,,illustrative_placeholder,,,,,,,,,,,,,,,,,,,,,,,,,,,0,still_missing,still_missing,still_missing,still_missing,still_missing,still_missing,still_missing,still_missing,still_missing,still_missing,still_missing,still_missing,still_missing,still_missing,still_missing,still_missing,still_missing,still_missing,still_missing,still_missing,still_missing,still_missing,still_missing,still_missing,still_missing,still_missing,native
140,Ayodhya,Uttar Pradesh,,illustrative_placeholder,,,,,,,,,,,,,,,,,,,,,,,,,,,0,still_missing,still_missing,still_missing,still_missing,still_missing,still_missing,still_missing,still_missing,still_missing,still_missing,still_missing,still_missing,still_missing,still_missing,still_missing,still_missing,still_missing,still_missing,still_missing,still_missing,still_missing,still_missing,still_missing,still_missing,still_missing,still_missing,native
739,Bajali,Assam,,illustrative_placeholder,,,,,,,,,,,,,,,,,,,,,,,,,,,0,still_missing,still_missing,still_missing,still_missing,still_missing,still_missing,still_missing,still_missing,still_missing,still_missing,still_missing,still_missing,still_missing,still_missing,still_missing,still_missing,still_missing,still_missing,still_missing,still_missing,still_missing,still_missing,still_missing,still_missing,still_missing,still_missing,native
345,Balangir,Odisha,,illustrative_placeholder,,,,,,,,,,,,,,1,,,,,,,,,,,,,1,still_missing,still_missing,still_missing,still_missing,still_missing,still_missing,still_missing,still_missing,still_missing,still_missing,still_missing,still_missing,still_missing,state_mean,still_missing,still_missing,still_missing,still_missing,still_missing,still_missing,still_missing,still_missing,still_missing,still_missing,still_missing,still_missing,native
129,Bara Banki,Uttar Pradesh,,illustrative_placeholder,,,,,,,,,,,,,,,,,,,,,,,,,,,0,still_missing,still_missing,still_missing,still_missing,still_missing,still_missing,still_missing,still_missing,still_missing,still_missing,still_missing,still_missing,still_missing,still_missing,still_missing,still_missing,still_missing,still_missing,still_missing,still_missing,still_missing,still_missing,still_missing,still_missing,still_missing,still_missing,native
690,Bhadradri Kothagudem,Telangana,,illustrative_placeholder,28.4,21.8,25.3,99.4,3.0,1.0,75.3,59.4,3255.0,90.0,90.0,18.3,18.4,3,,,,,,,,,,,,,1,native,native,native,native,native,native,native,native,native,native,native,native,native,native,still_missing,still_missing,still_missing,still_missing,still_missing,still_missing,still_missing,still_missing,still_missing,still_missing,still_missing,still_missing,native
91,Bharatpur,Rajasthan,,illustrative_placeholder,,,,,,,,,,,,,,,,,,,,,,,,,,,0,still_missing,still_missing,still_missing,still_missing,still_missing,still_missing,still_missing,still_missing,still_missing,still_missing,still_missing,still_missing,still_missing,still_missing,still_missing,still_missing,still_missing,still_missing,still_missing,still_missing,still_missing,still_missing,still_missing,still_missing,still_missing,still_missing,native
193,Bhojpur,Bihar,,illustrative_placeholder,,,,,,,,,,,,,,,,,,,,,,,,,,,0,still_missing,still_missing,still_missing,still_missing,still_missing,still_missing,still_missing,still_missing,still_missing,still_missing,still_missing,still_missing,still_missing,still_missing,still_missing,still_missing,still_missing,still_missing,still_missing,still_missing,still_missing,still_missing,still_missing,still_missing,still_missing,still_missing,native
93,Bikaner,Rajasthan,,illustrative_placeholder,,,,,,,,,,,,,,,,,,,,,,,,,,,0,still_missing,still_missing,still_missing,still_missing,still_missing,still_missing,still_missing,still_missing,still_missing,still_missing,still_missing,still_missing,still_missing,still_missing,still_missing,still_missing,still_missing,still_missing,still_missing,still_missing,still_missing,still_missing,still_missing,still_missing,still_missing,still_missing,native
307,Birbhum,West Bengal,,illustrative_placeholder,,,,,,,,,,,,,,,,,,,,,,,,,,,0,still_missing,still_missing,still_missing,still_missing,still_missing,still_missing,still_missing,still_missing,still_missing,still_missing,still_missing,still_missing,still_missing,still_missing,still_missing,still_missing,still_missing,still_missing,still_missing,still_missing,still_missing,still_missing,still_missing,still_missing,still_missing,still_missing,native
701,Charki Dadri,Haryana,,illustrative_placeholder,,,,,,,,,,,,,,,,,,,,,,,,,,,0,still_missing,still_missing,still_missing,still_missing,still_missing,still_missing,still_missing,still_missing,still_missing,still_missing,still_missing,still_missing,still_missing,still_missing,still_missing,still_missing,still_missing,still_missing,still_missing,still_missing,still_missing,still_missing,still_missing,still_missing,still_missing,still_missing,native
630,Chikkaballapura,Karnataka,,illustrative_placeholder,37.7,17.2,28.5,98.0,3.0,1.0,52.5,16.1,4722.0,90.0,32.5,11.9,16.5,21,,,,,,,,,,,,,0,native,native,native,native,native,native,native,native,native,native,native,native,native,native,still_missing,still_missing,still_missing,still_missing,still_missing,still_missing,still_missing,still_missing,still_missing,still_missing,still_missing,still_missing,native
503,Chittoor,Andhra Pradesh,,illustrative_placeholder,31.4,18.1,32.4,99.4,3.0,1.0,40.9,74.8,1723.0,90.0,27.1,17.2,22.4,14,,,,,,,,,,,,,0,native,native,native,native,native,native,native,native,native,native,native,native,native,native,still_missing,still_missing,still_missing,still_missing,still_missing,still_missing,still_missing,still_missing,still_missing,still_missing,still_missing,still_missing,native
376,Dakshin Bastar Dantewada,Chhattisgarh,,illustrative_placeholder,44.9,29.1,38.9,96.7,3.0,1.0,22.6,36.4,2914.0,90.0,21.0,11.6,14.3,,,,,,,,,,,,,,0,state_mean,state_mean,state_mean,state_mean,state_mean,state_mean,state_mean,state_mean,state_mean,state_mean,state_mean,state_mean,state_mean,still_missing,still_missing,still_missing,still_missing,still_missing,still_missing,still_missing,still_missing,still_missing,still_missing,still_missing,still_missing,still_missing,native
283,Darrang,Assam,,illustrative_placeholder,,,,,,,,,,,,,,,,,,,,,,,,,,,1,still_missing,still_missing,still_missing,still_missing,still_missing,still_missing,still_missing,still_missing,still_missing,still_missing,still_missing,still_missing,still_missing,still_missing,still_missing,still_missing,still_missing,still_missing,still_missing,still_missing,still_missing,still_missing,still_missing,still_missing,still_missing,still_missing,native
49,Dehradun,Uttarakhand,,illustrative_placeholder,,,,,,,,,,,,,,,,,,,,,,,,,,,0,still_missing,still_missing,still_missing,still_missing,still_missing,still_missing,still_missing,still_missing,still_missing,still_missing,still_missing,still_missing,still_missing,still_missing,still_missing,still_missing,still_missing,still_missing,still_missing,still_missing,still_missing,still_missing,still_missing,still_missing,still_missing,still_missing,native
351,Deogarh,Odisha,,illustrative_placeholder,,,,,,,,,,,,,,1,,,,,,,,,,,,,0,still_missing,still_missing,still_missing,still_missing,still_missing,still_missing,still_missing,still_missing,still_missing,still_missing,still_missing,still_missing,still_missing,state_mean,still_missing,still_missing,still_missing,still_missing,still_missing,still_missing,still_missing,still_missing,still_missing,still_missing,still_missing,still_missing,native
284,Dhemaji,Assam,,illustrative_placeholder,,,,,,,,,,,,,,,,,,,,,,,,,,,0,still_missing,still_missing,still_missing,still_missing,still_missing,still_missing,still_missing,still_missing,still_missing,still_missing,still_missing,still_missing,still_missing,still_missing,still_missing,still_missing,still_missing,still_missing,still_missing,still_missing,still_missing,still_missing,still_missing,still_missing,still_missing,still_missing,native
285,Dhubri,Assam,,illustrative_placeholder,,,,,,,,,,,,,,,,,,,,,,,,,,,1,still_missing,still_missing,still_missing,still_missing,still_missing,still_missing,still_missing,still_missing,still_missing,still_missing,still_missing,still_missing,still_missing,still_missing,still_missing,still_missing,still_missing,still_missing,still_missing,still_missing,still_missing,still_missing,still_missing,still_missing,still_missing,still_missing,native
230,Dibang Valley,Arunachal Pradesh,,illustrative_placeholder,,,,,,,,,,,,,,,,,,,,,,,,,,,0,still_missing,still_missing,still_missing,still_missing,still_missing,still_missing,still_missing,still_missing,still_missing,still_missing,still_missing,still_missing,still_missing,still_missing,still_missing,still_missing,still_missing,still_missing,still_missing,still_missing,still_missing,still_missing,still_missing,still_missing,still_missing,still_missing,native
768,Didwana-Kuchaman,Rajasthan,,illustrative_placeholder,,,,,,,,,,,,,,,,,,,,,,,,,,,0,still_missing,still_missing,still_missing,still_missing,still_missing,still_missing,still_missing,still_missing,still_missing,still_missing,still_missing,still_missing,still_missing,still_missing,still_missing,still_missing,still_missing,still_missing,still_missing,still_missing,still_missing,still_missing,still_missing,still_missing,still_missing,still_missing,native
244,Dimapur,Nagaland,,illustrative_placeholder,,,,,,,,,,,,,,,,,,,,,,,,,,,0,still_missing,still_missing,still_missing,still_missing,still_missing,still_missing,still_missing,still_missing,still_missing,still_missing,still_missing,still_missing,still_missing,still_missing,still_missing,still_missing,still_missing,still_missing,still_missing,still_missing,still_missing,still_missing,still_missing,still_missing,still_missing,still_missing,native
572,Dindigul,Tamil Nadu,,illustrative_placeholder,31.1,26.5,29.8,97.6,3.0,1.0,41.6,66.7,2344.0,90.0,90.0,22.1,25.1,45,,,,,,,,,,,,,0,native,native,native,native,native,native,native,native,native,native,native,native,native,native,still_missing,still_missing,still_missing,still_missing,still_missing,still_missing,still_missing,still_missing,still_missing,still_missing,still_missing,still_missing,native
464,Diu,The Dadra And Nagar Haveli And Daman And Diu,,illustrative_placeholder,,,,,,,,,,,,,,,,,,,,,,,,1.0,,,0,still_missing,still_missing,still_missing,still_missing,still_missing,still_missing,still_missing,still_missing,still_missing,still_missing,still_missing,still_missing,still_missing,still_missing,still_missing,still_missing,still_missing,still_missing,still_missing,still_missing,still_missing,still_missing,still_missing,state_mean,still_missing,still_missing,native
4,Doda,Jammu And Kashmir,,illustrative_placeholder,,,,,,,,,,,,,,,,,,,,,,,,,,,0,still_missing,still_missing,still_missing,still_missing,still_missing,still_missing,still_missing,still_missing,still_missing,still_missing,still_missing,still_missing,still_missing,still_missing,still_missing,still_missing,still_missing,still_missing,still_missing,still_missing,still_missing,still_missing,still_missing,still_missing,still_missing,still_missing,native
99,Dungarpur,Rajasthan,,illustrative_placeholder,,,,,,,,,,,,,,,,,,,,,,,,,,,0,still_missing,still_missing,still_missing,still_missing,still_missing,still_missing,still_missing,still_missing,still_missing,still_missing,still_missing,still_missing,still_missing,still_missing,still_missing,still_missing,still_missing,still_missing,still_missing,still_missing,still_missing,still_missing,still_missing,still_missing,still_missing,still_missing,native
232,East Siang,Arunachal Pradesh,,illustrative_placeholder,,,,,,,,,,,,,,,,,,,,,,,,,,,0,still_missing,still_missing,still_missing,still_missing,still_missing,still_missing,still_missing,still_missing,still_missing,still_missing,still_missing,still_missing,still_missing,still_missing,still_missing,still_missing,still_missing,still_missing,still_missing,still_missing,still_missing,still_missing,still_missing,still_missing,still_missing,still_missing,native
555,Ernakulam,Kerala,,illustrative_placeholder,12.4,15.9,12.0,100.0,3.0,1.0,99.3,47.7,4940.0,90.0,90.0,25.8,25.5,228,,,,,,,,,,,,,0,native,native,native,native,native,native,native,native,native,native,native,native,native,native,still_missing,still_missing,still_missing,still_missing,still_missing,still_missing,still_missing,still_missing,still_missing,still_missing,still_missing,still_missing,native
138,Etah,Uttar Pradesh,,illustrative_placeholder,,,,,,,,,,,,,,,,,,,,,,,,,,,0,still_missing,still_missing,still_missing,still_missing,still_missing,still_missing,still_missing,still_missing,still_missing,still_missing,still_missing,still_missing,still_missing,still_missing,still_missing,still_missing,still_missing,still_missing,still_missing,still_missing,still_missing,still_missing,still_missing,still_missing,still_missing,still_missing,native
141,Farrukhabad,Uttar Pradesh,,illustrative_placeholder,,,,,,,,,,,,,,,,,,,,,,,,,,,0,still_missing,still_missing,still_missing,still_missing,still_missing,still_missing,still_missing,still_missing,still_missing,still_missing,still_missing,still_missing,still_missing,still_missing,still_missing,still_missing,still_missing,still_missing,still_missing,still_missing,still_missing,still_missing,still_missing,still_missing,still_missing,still_missing,native
61,Fatehabad,Haryana,,illustrative_placeholder,,,,,,,,,,,,,,,,,,,,,,,,,,,0,still_missing,still_missing,still_missing,still_missing,still_missing,still_missing,still_missing,still_missing,still_missing,still_missing,still_missing,still_missing,still_missing,still_missing,still_missing,still_missing,still_missing,still_missing,still_missing,still_missing,still_missing,still_missing,still_missing,still_missing,still_missing,still_missing,native
142,Fatehpur,Uttar Pradesh,,illustrative_placeholder,,,,,,,,,,,,,,,,,,,,,,,,,,,1,still_missing,still_missing,still_missing,still_missing,still_missing,still_missing,still_missing,still_missing,still_missing,still_missing,still_missing,still_missing,still_missing,still_missing,still_missing,still_missing,still_missing,still_missing,still_missing,still_missing,still_missing,still_missing,still_missing,still_missing,still_missing,still_missing,native
537,Gadag,Karnataka,,illustrative_placeholder,34.8,43.1,38.1,97.9,3.0,1.0,30.3,34.5,3994.0,90.0,23.9,12.1,13.2,18,,,,,,,,,,,,,0,native,native,native,native,native,native,native,native,native,native,native,native,native,native,still_missing,still_missing,still_missing,still_missing,still_missing,still_missing,still_missing,still_missing,still_missing,still_missing,still_missing,still_missing,native
771,Gangapurcity,Rajasthan,,illustrative_placeholder,,,,,,,,,,,,,,,,,,,,,,,,,,,0,still_missing,still_missing,still_missing,still_missing,still_missing,still_missing,still_missing,still_missing,still_missing,still_missing,still_missing,still_missing,still_missing,still_missing,still_missing,still_missing,still_missing,still_missing,still_missing,still_missing,still_missing,still_missing,still_missing,still_missing,still_missing,still_missing,native
225,Gangtok,Sikkim,,illustrative_placeholder,,,,,,,,,,,,,,,,,,,,,,,,,,,0,still_missing,still_missing,still_missing,still_missing,still_missing,still_missing,still_missing,still_missing,still_missing,still_missing,still_missing,still_missing,still_missing,still_missing,still_missing,still_missing,still_missing,still_missing,still_missing,still_missing,still_missing,still_missing,still_missing,still_missing,still_missing,still_missing,native
145,Ghaziabad,Uttar Pradesh,,illustrative_placeholder,,,,,,,,,,,,,,,,,,,,,,,,,,,0,still_missing,still_missing,still_missing,still_missing,still_missing,still_missing,still_missing,still_missing,still_missing,still_missing,still_missing,still_missing,still_missing,still_missing,still_missing,still_missing,still_missing,still_missing,still_missing,still_missing,still_missing,still_missing,still_missing,still_missing,still_missing,still_missing,native
147,Gonda,Uttar Pradesh,,illustrative_placeholder,,,,,,,,,,,,,,,,,,,,,,,,,,,0,still_missing,still_missing,still_missing,still_missing,still_missing,still_missing,still_missing,still_missing,still_missing,still_missing,still_missing,still_missing,still_missing,still_missing,still_missing,still_missing,still_missing,still_missing,still_missing,still_missing,still_missing,still_missing,still_missing,still_missing,still_missing,still_missing,native
197,Gopalganj,Bihar,,illustrative_placeholder,,,,,,,,,,,,,,,,,,,,,,,,,,,0,still_missing,still_missing,still_missing,still_missing,still_missing,still_missing,still_missing,still_missing,still_missing,still_missing,still_missing,still_missing,still_missing,still_missing,still_missing,still_missing,still_missing,still_missing,still_missing,still_missing,still_missing,still_missing,still_missing,still_missing,still_missing,still_missing,native
32,Gurdaspur,Punjab,,illustrative_placeholder,,,,,,,,,,,,,,,,,,,,,,,,,,,0,still_missing,still_missing,still_missing,still_missing,still_missing,still_missing,still_missing,still_missing,still_missing,still_missing,still_missing,still_missing,still_missing,still_missing,still_missing,still_missing,still_missing,still_missing,still_missing,still_missing,still_missing,still_missing,still_missing,still_missing,still_missing,still_missing,native
407,Gwalior,Madhya Pradesh,,illustrative_placeholder,,,,,,,,,,,,,,34,,,,,,,,,,,,,0,still_missing,still_missing,still_missing,still_missing,still_missing,still_missing,still_missing,still_missing,still_missing,still_missing,still_missing,still_missing,still_missing,native,still_missing,still_missing,still_missing,still_missing,still_missing,still_missing,still_missing,still_missing,still_missing,still_missing,still_missing,still_missing,native
289,Hailakandi,Assam,,illustrative_placeholder,,,,,,,,,,,,,,,,,,,,,,,,,,,1,still_missing,still_missing,still_missing,still_missing,still_missing,still_missing,still_missing,still_missing,still_missing,still_missing,still_missing,still_missing,still_missing,still_missing,still_missing,still_missing,still_missing,still_missing,still_missing,still_missing,still_missing,still_missing,still_missing,still_missing,still_missing,still_missing,native
101,Hanumangarh,Rajasthan,,illustrative_placeholder,,,,,,,,,,,,,,,,,,,,,,,,,,,0,still_missing,still_missing,still_missing,still_missing,still_missing,still_missing,still_missing,still_missing,still_missing,still_missing,still_missing,still_missing,still_missing,still_missing,still_missing,still_missing,still_missing,still_missing,still_missing,still_missing,still_missing,still_missing,still_missing,still_missing,still_missing,still_missing,native
150,Hardoi,Uttar Pradesh,,illustrative_placeholder,,,,,,,,,,,,,,,,,,,,,,,,,,,0,still_missing,still_missing,still_missing,still_missing,still_missing,still_missing,still_missing,still_missing,still_missing,still_missing,still_missing,still_missing,still_missing,still_missing,still_missing,still_missing,still_missing,still_missing,still_missing,still_missing,still_missing,still_missing,still_missing,still_missing,still_missing,still_missing,native
332,Hazaribagh,Jharkhand,,illustrative_placeholder,,,,,,,,,,,,,,,,,,,,,,,,,,,1,still_missing,still_missing,still_missing,still_missing,still_missing,still_missing,still_missing,still_missing,still_missing,still_missing,still_missing,still_missing,still_missing,still_missing,still_missing,still_missing,still_missing,still_missing,still_missing,still_missing,still_missing,still_missing,still_missing,still_missing,still_missing,still_missing,native
477,Hingoli,Maharashtra,,illustrative_placeholder,,,,,,,,,,,,,,9,,,,,,,,,,,,,0,still_missing,still_missing,still_missing,still_missing,still_missing,still_missing,still_missing,still_missing,still_missing,still_missing,still_missing,still_missing,still_missing,native,still_missing,still_missing,still_missing,still_missing,still_missing,still_missing,still_missing,still_missing,still_missing,still_missing,still_missing,still_missing,native
681,Jagitial,Telangana,,illustrative_placeholder,29.9,17.5,32.3,99.3,3.0,1.0,76.5,59.2,3494.0,90.0,90.0,15.5,19.5,19,,,,,,,,,,,,,0,native,native,native,native,native,native,native,native,native,native,native,native,native,native,still_missing,still_missing,still_missing,still_missing,still_missing,still_missing,still_missing,still_missing,still_missing,still_missing,still_missing,still_missing,native
356,Jajapur,Odisha,,illustrative_placeholder,,,,,,,,,,,,,,1,,,,,,,,,,,,,0,still_missing,still_missing,still_missing,still_missing,still_missing,still_missing,still_missing,still_missing,still_missing,still_missing,still_missing,still_missing,still_missing,state_mean,still_missing,still_missing,still_missing,still_missing,still_missing,still_missing,still_missing,still_missing,still_missing,still_missing,still_missing,still_missing,native
333,Jamtara,Jharkhand,,illustrative_placeholder,,,,,,,,,,,,,,,,,,,,,,,,,,,0,still_missing,still_missing,still_missing,still_missing,still_missing,still_missing,still_missing,still_missing,still_missing,still_missing,still_missing,still_missing,still_missing,still_missing,still_missing,still_missing,still_missing,still_missing,still_missing,still_missing,still_missing,still_missing,still_missing,still_missing,still_missing,still_missing,native
198,Jamui,Bihar,,illustrative_placeholder,,,,,,,,,,,,,,,,,,,,,,,,,,,1,still_missing,still_missing,still_missing,still_missing,still_missing,still_missing,still_missing,still_missing,still_missing,still_missing,still_missing,still_missing,still_missing,still_missing,still_missing,still_missing,still_missing,still_missing,still_missing,still_missing,still_missing,still_missing,still_missing,still_missing,still_missing,still_missing,native
379,Janjgir-Champa,Chhattisgarh,,illustrative_placeholder,44.9,29.1,38.9,96.7,3.0,1.0,22.6,36.4,2914.0,90.0,21.0,11.6,14.3,,,,,,,,,,,,,,0,state_mean,state_mean,state_mean,state_mean,state_mean,state_mean,state_mean,state_mean,state_mean,state_mean,state_mean,state_mean,state_mean,still_missing,still_missing,still_missing,still_missing,still_missing,still_missing,still_missing,still_missing,still_missing,still_missing,still_missing,still_missing,still_missing,native
199,Jehanabad,Bihar,,illustrative_placeholder,,,,,,,,,,,,,,,,,,,,,,,,,,,0,still_missing,still_missing,still_missing,still_missing,still_missing,still_missing,still_missing,still_missing,still_missing,still_missing,still_missing,still_missing,still_missing,still_missing,still_missing,still_missing,still_missing,still_missing,still_missing,still_missing,still_missing,still_missing,still_missing,still_missing,still_missing,still_missing,native
703,Jhargram,West Bengal,,illustrative_placeholder,,,,,,,,,,,,,,,,,,,,,,,,,,,0,still_missing,still_missing,still_missing,still_missing,still_missing,still_missing,still_missing,still_missing,still_missing,still_missing,still_missing,still_missing,still_missing,still_missing,still_missing,still_missing,still_missing,still_missing,still_missing,still_missing,still_missing,still_missing,still_missing,still_missing,still_missing,still_missing,native
200,Kaimur (Bhabua),Bihar,,illustrative_placeholder,,,,,,,,,,,,,,,,,,,,,,,,,,,0,still_missing,still_missing,still_missing,still_missing,still_missing,still_missing,still_missing,still_missing,still_missing,still_missing,still_missing,still_missing,still_missing,still_missing,still_missing,still_missing,still_missing,still_missing,still_missing,still_missing,still_missing,still_missing,still_missing,still_missing,still_missing,still_missing,native
574,Kancheepuram,Tamil Nadu,,illustrative_placeholder,25.0,13.9,16.1,99.8,3.0,1.0,66.9,53.2,2639.0,90.0,90.0,22.9,24.3,28,,,,,,,,,,,,,0,native,native,native,native,native,native,native,native,native,native,native,native,native,native,still_missing,still_missing,still_missing,still_missing,still_missing,still_missing,still_missing,still_missing,still_missing,still_missing,still_missing,still_missing,native
359,Kandhamal,Odisha,,illustrative_placeholder,,,,,,,,,,,,,,1,,,,,,,,,,,,,1,still_missing,still_missing,still_missing,still_missing,still_missing,still_missing,still_missing,still_missing,still_missing,still_missing,still_missing,still_missing,still_missing,state_mean,still_missing,still_missing,still_missing,still_missing,still_missing,still_missing,still_missing,still_missing,still_missing,still_missing,still_missing,still_missing,native
18,Kangra,Himachal Pradesh,,illustrative_placeholder,,,,,,,,,,,,,,,,,,,,,,,,,,,0,still_missing,still_missing,still_missing,still_missing,still_missing,still_missing,still_missing,still_missing,still_missing,still_missing,still_missing,still_missing,still_missing,still_missing,still_missing,still_missing,still_missing,still_missing,still_missing,still_missing,still_missing,still_missing,still_missing,still_missing,still_missing,still_missing,native
155,Kannauj,Uttar Pradesh,,illustrative_placeholder,,,,,,,,,,,,,,,,,,,,,,,,,,,0,still_missing,still_missing,still_missing,still_missing,still_missing,still_missing,still_missing,still_missing,still_missing,still_missing,still_missing,still_missing,still_missing,still_missing,still_missing,still_missing,still_missing,still_missing,still_missing,still_missing,still_missing,still_missing,still_missing,still_missing,still_missing,still_missing,native
67,Karnal,Haryana,,illustrative_placeholder,,,,,,,,,,,,,,,,,,,,,,,,,,,0,still_missing,still_missing,still_missing,still_missing,still_missing,still_missing,still_missing,still_missing,still_missing,still_missing,still_missing,still_missing,still_missing,still_missing,still_missing,still_missing,still_missing,still_missing,still_missing,still_missing,still_missing,still_missing,still_missing,still_missing,still_missing,still_missing,native
633,Kasganj,Uttar Pradesh,,illustrative_placeholder,,,,,,,,,,,,,,,,,,,,,,,,,,,0,still_missing,still_missing,still_missing,still_missing,still_missing,still_missing,still_missing,still_missing,still_missing,still_missing,still_missing,still_missing,still_missing,still_missing,still_missing,still_missing,still_missing,still_missing,still_missing,still_missing,still_missing,still_missing,still_missing,still_missing,still_missing,still_missing,native
413,Katni,Madhya Pradesh,,illustrative_placeholder,,,,,,,,,,,,,,10,,,,,,,,,,,,,0,still_missing,still_missing,still_missing,still_missing,still_missing,still_missing,still_missing,still_missing,still_missing,still_missing,still_missing,still_missing,still_missing,native,still_missing,still_missing,still_missing,still_missing,still_missing,still_missing,still_missing,still_missing,still_missing,still_missing,still_missing,still_missing,native
202,Khagaria,Bihar,,illustrative_placeholder,,,,,,,,,,,,,,,,,,,,,,,,,,,1,still_missing,still_missing,still_missing,still_missing,still_missing,still_missing,still_missing,still_missing,still_missing,still_missing,still_missing,still_missing,still_missing,still_missing,still_missing,still_missing,still_missing,still_missing,still_missing,still_missing,still_missing,still_missing,still_missing,still_missing,still_missing,still_missing,native
19,Kinnaur,Himachal Pradesh,,illustrative_placeholder,,,,,,,,,,,,,,,,,,,,,,,,,,,0,still_missing,still_missing,still_missing,still_missing,still_missing,still_missing,still_missing,still_missing,still_missing,still_missing,still_missing,still_missing,still_missing,still_missing,still_missing,still_missing,still_missing,still_missing,still_missing,still_missing,still_missing,still_missing,still_missing,still_missing,still_missing,still_missing,native
614,Kiphire,Nagaland,,illustrative_placeholder,,,,,,,,,,,,,,,,,,,,,,,,,,,1,still_missing,still_missing,still_missing,still_missing,still_missing,still_missing,still_missing,still_missing,still_missing,still_missing,still_missing,still_missing,still_missing,still_missing,still_missing,still_missing,still_missing,still_missing,still_missing,still_missing,still_missing,still_missing,still_missing,still_missing,still_missing,still_missing,native
203,Kishanganj,Bihar,,illustrative_placeholder,,,,,,,,,,,,,,,,,,,,,,,,,,,0,still_missing,still_missing,still_missing,still_missing,still_missing,still_missing,still_missing,still_missing,still_missing,still_missing,still_missing,still_missing,still_missing,still_missing,still_missing,still_missing,still_missing,still_missing,still_missing,still_missing,still_missing,still_missing,still_missing,still_missing,still_missing,still_missing,native
334,Koderma,Jharkhand,,illustrative_placeholder,,,,,,,,,,,,,,,,,,,,,,,,,,,0,still_missing,still_missing,still_missing,still_missing,still_missing,still_missing,still_missing,still_missing,still_missing,still_missing,still_missing,still_missing,still_missing,still_missing,still_missing,still_missing,still_missing,still_missing,still_missing,still_missing,still_missing,still_missing,still_missing,still_missing,still_missing,still_missing,native
543,Koppal,Karnataka,,illustrative_placeholder,55.8,26.4,49.9,98.3,3.0,1.0,46.9,34.9,2345.0,90.0,22.2,9.6,14.5,29,,,,,,,,,,,,,0,native,native,native,native,native,native,native,native,native,native,native,native,native,native,still_missing,still_missing,still_missing,still_missing,still_missing,still_missing,still_missing,still_missing,still_missing,still_missing,still_missing,still_missing,native
782,Kotputli-Behror,Rajasthan,,illustrative_placeholder,,,,,,,,,,,,,,,,,,,,,,,,,,,0,still_missing,still_missing,still_missing,still_missing,still_missing,still_missing,still_missing,still_missing,still_missing,still_missing,still_missing,still_missing,still_missing,still_missing,still_missing,still_missing,still_missing,still_missing,still_missing,still_missing,still_missing,still_missing,still_missing,still_missing,still_missing,still_missing,native
560,Kottayam,Kerala,,illustrative_placeholder,22.0,16.2,11.3,99.7,3.0,1.0,99.1,50.8,6260.0,90.0,90.0,28.7,29.4,117,,,,,,,,,,,,,0,native,native,native,native,native,native,native,native,native,native,native,native,native,native,still_missing,still_missing,still_missing,still_missing,still_missing,still_missing,still_missing,still_missing,still_missing,still_missing,still_missing,still_missing,native
561,Kozhikode,Kerala,,illustrative_placeholder,18.0,13.5,18.5,99.2,3.0,1.0,99.5,59.7,5068.0,90.0,90.0,22.5,23.9,161,,,,,,,,,,,,,0,native,native,native,native,native,native,native,native,native,native,native,native,native,native,still_missing,still_missing,still_missing,still_missing,still_missing,still_missing,still_missing,still_missing,still_missing,still_missing,still_missing,still_missing,native
510,Krishna,Andhra Pradesh,,illustrative_placeholder,22.6,20.7,27.7,99.4,3.0,1.0,64.4,71.5,2485.0,90.0,28.5,23.3,22.5,10,,,,,,,,,,,,,0,native,native,native,native,native,native,native,native,native,native,native,native,native,native,still_missing,still_missing,still_missing,still_missing,still_missing,still_missing,still_missing,still_missing,still_missing,still_missing,still_missing,still_missing,native
622,Kulgam,Jammu And Kashmir,,illustrative_placeholder,,,,,,,,,,,,,,,,,,,,,,,,,,,0,still_missing,still_missing,still_missing,still_missing,still_missing,still_missing,still_missing,still_missing,still_missing,still_missing,still_missing,still_missing,still_missing,still_missing,still_missing,still_missing,still_missing,still_missing,still_missing,still_missing,still_missing,still_missing,still_missing,still_missing,still_missing,still_missing,native
8,Kupwara,Jammu And Kashmir,,illustrative_placeholder,,,,,,,,,,,,,,,,,,,,,,,,,,,1,still_missing,still_missing,still_missing,still_missing,still_missing,still_missing,still_missing,still_missing,still_missing,still_missing,still_missing,still_missing,still_missing,still_missing,still_missing,still_missing,still_missing,still_missing,still_missing,still_missing,still_missing,still_missing,still_missing,still_missing,still_missing,still_missing,native
511,Kurnool,Andhra Pradesh,,illustrative_placeholder,44.1,18.8,37.5,99.9,3.0,1.0,52.5,75.4,1409.0,90.0,31.8,15.1,20.6,23,,,,,,,,,,,,,0,native,native,native,native,native,native,native,native,native,native,native,native,native,native,still_missing,still_missing,still_missing,still_missing,still_missing,still_missing,still_missing,still_missing,still_missing,still_missing,still_missing,still_missing,native
204,Lakhisarai,Bihar,,illustrative_placeholder,,,,,,,,,,,,,,,,,,,,,,,,,,,0,still_missing,still_missing,still_missing,still_missing,still_missing,still_missing,still_missing,still_missing,still_missing,still_missing,still_missing,still_missing,still_missing,still_missing,still_missing,still_missing,still_missing,still_missing,still_missing,still_missing,still_missing,still_missing,still_missing,still_missing,still_missing,still_missing,native
481,Latur,Maharashtra,,illustrative_placeholder,,,,,,,,,,,,,,47,,,,,,,,,,,,,0,still_missing,still_missing,still_missing,still_missing,still_missing,still_missing,still_missing,still_missing,still_missing,still_missing,still_missing,still_missing,still_missing,native,still_missing,still_missing,still_missing,still_missing,still_missing,still_missing,still_missing,still_missing,still_missing,still_missing,still_missing,still_missing,native
265,Lunglei,Mizoram,,illustrative_placeholder,,,,,,,,,,,,,,,,,,,,,,,,,,,0,still_missing,still_missing,still_missing,still_missing,still_missing,still_missing,still_missing,still_missing,still_missing,still_missing,still_missing,still_missing,still_missing,still_missing,still_missing,still_missing,still_missing,still_missing,still_missing,still_missing,still_missing,still_missing,still_missing,still_missing,still_missing,still_missing,native
688,Mahabubabad,Telangana,,illustrative_placeholder,33.0,19.3,26.3,99.6,3.0,1.0,68.6,69.3,3234.0,90.0,90.0,14.1,16.5,7,,,,,,,,,,,,,0,native,native,native,native,native,native,native,native,native,native,native,native,native,native,still_missing,still_missing,still_missing,still_missing,still_missing,still_missing,still_missing,still_missing,still_missing,still_missing,still_missing,still_missing,native
451,Mahesana,Gujarat,,illustrative_placeholder,,,,,,,,,,,,,,,,,,,,,,,,,,,0,still_missing,still_missing,still_missing,still_missing,still_missing,still_missing,still_missing,still_missing,still_missing,still_missing,still_missing,still_missing,still_missing,still_missing,still_missing,still_missing,still_missing,still_missing,still_missing,still_missing,still_missing,still_missing,still_missing,still_missing,still_missing,still_missing,native
164,Mahrajganj,Uttar Pradesh,,illustrative_placeholder,,,,,,,,,,,,,,,,,,,,,,,,,,,0,still_missing,still_missing,still_missing,still_missing,still_missing,still_missing,still_missing,still_missing,still_missing,still_missing,still_missing,still_missing,still_missing,still_missing,still_missing,still_missing,still_missing,still_missing,still_missing,still_missing,still_missing,still_missing,still_missing,still_missing,still_missing,still_missing,native
266,Mamit,Mizoram,,illustrative_placeholder,,,,,,,,,,,,,,,,,,,,,,,,,,,1,still_missing,still_missing,still_missing,still_missing,still_missing,still_missing,still_missing,still_missing,still_missing,still_missing,still_missing,still_missing,still_missing,still_missing,still_missing,still_missing,still_missing,still_missing,still_missing,still_missing,still_missing,still_missing,still_missing,still_missing,still_missing,still_missing,native
22,Mandi,Himachal Pradesh,,illustrative_placeholder,,,,,,,,,,,,,,,,,,,,,,,,,,,0,still_missing,still_missing,still_missing,still_missing,still_missing,still_missing,still_missing,still_missing,still_missing,still_missing,still_missing,still_missing,still_missing,still_missing,still_missing,still_missing,still_missing,still_missing,still_missing,still_missing,still_missing,still_missing,still_missing,still_missing,still_missing,still_missing,native
760,Manendragarh-Chirmiri-Bharatpur(M C B),Chhattisgarh,,illustrative_placeholder,44.9,29.1,38.9,96.7,3.0,1.0,22.6,36.4,2914.0,90.0,21.0,11.6,14.3,,,,,,,,,,,,,,0,state_mean,state_mean,state_mean,state_mean,state_mean,state_mean,state_mean,state_mean,state_mean,state_mean,state_mean,state_mean,state_mean,still_missing,still_missing,still_missing,still_missing,still_missing,still_missing,still_missing,still_missing,still_missing,still_missing,still_missing,still_missing,still_missing,native
365,Mayurbhanj,Odisha,,illustrative_placeholder,,,,,,,,,,,,,,1,,,,,,,,,,,,,0,still_missing,still_missing,still_missing,still_missing,still_missing,still_missing,still_missing,still_missing,still_missing,still_missing,still_missing,still_missing,still_missing,state_mean,still_missing,still_missing,still_missing,still_missing,still_missing,still_missing,still_missing,still_missing,still_missing,still_missing,still_missing,still_missing,native
700,Medchal Malkajgiri,Telangana,,illustrative_placeholder,33.4,12.0,25.0,100.0,3.0,1.0,86.2,53.8,3534.0,90.0,90.0,16.5,18.6,41,,,,,,,,,,,,,0,native,native,native,native,native,native,native,native,native,native,native,native,native,native,still_missing,still_missing,still_missing,still_missing,still_missing,still_missing,still_missing,still_missing,still_missing,still_missing,still_missing,still_missing,native
417,Morena,Madhya Pradesh,,illustrative_placeholder,,,,,,,,,,,,,,7,,,,,,,,,,,,,0,still_missing,still_missing,still_missing,still_missing,still_missing,still_missing,still_missing,still_missing,still_missing,still_missing,still_missing,still_missing,still_missing,native,still_missing,still_missing,still_missing,still_missing,still_missing,still_missing,still_missing,still_missing,still_missing,still_missing,still_missing,still_missing,native
319,Murshidabad,West Bengal,,illustrative_placeholder,,,,,,,,,,,,,,,,,,,,,,,,,,,0,still_missing,still_missing,still_missing,still_missing,still_missing,still_missing,still_missing,still_missing,still_missing,still_missing,still_missing,still_missing,still_missing,still_missing,still_missing,still_missing,still_missing,still_missing,still_missing,still_missing,still_missing,still_missing,still_missing,still_missing,still_missing,still_missing,native
366,Nabarangpur,Odisha,,illustrative_placeholder,,,,,,,,,,,,,,1,,,,,,,,,,,,,1,still_missing,still_missing,still_missing,still_missing,still_missing,still_missing,still_missing,still_missing,still_missing,still_missing,still_missing,still_missing,still_missing,state_mean,still_missing,still_missing,still_missing,still_missing,still_missing,still_missing,still_missing,still_missing,still_missing,still_missing,still_missing,still_missing,native
320,Nadia,West Bengal,,illustrative_placeholder,,,,,,,,,,,,,,,,,,,,,,,,,,,0,still_missing,still_missing,still_missing,still_missing,still_missing,still_missing,still_missing,still_missing,still_missing,still_missing,still_missing,still_missing,still_missing,still_missing,still_missing,still_missing,still_missing,still_missing,still_missing,still_missing,still_missing,still_missing,still_missing,still_missing,still_missing,still_missing,native
485,Nanded,Maharashtra,,illustrative_placeholder,,,,,,,,,,,,,,29,,,,,,,,,,,,,0,still_missing,still_missing,still_missing,still_missing,still_missing,still_missing,still_missing,still_missing,still_missing,still_missing,still_missing,still_missing,still_missing,native,still_missing,still_missing,still_missing,still_missing,still_missing,still_missing,still_missing,still_missing,still_missing,still_missing,still_missing,still_missing,native
486,Nandurbar,Maharashtra,,illustrative_placeholder,,,,,,,,,,,,,,3,,,,,,,,,,,,,1,still_missing,still_missing,still_missing,still_missing,still_missing,still_missing,still_missing,still_missing,still_missing,still_missing,still_missing,still_missing,still_missing,native,still_missing,still_missing,still_missing,still_missing,still_missing,still_missing,still_missing,still_missing,still_missing,still_missing,still_missing,still_missing,native
721,Narayanpet,Telangana,,illustrative_placeholder,33.08,22.246666666666666,32.596666666666664,99.50333333333333,3.0,1.0,74.62,61.97,3932.766666666667,90.0,90.0,14.073333333333334,17.56,1,,,,,,,,,,,,,0,state_mean,state_mean,state_mean,state_mean,state_mean,state_mean,state_mean,state_mean,state_mean,state_mean,state_mean,state_mean,state_mean,native,still_missing,still_missing,still_missing,still_missing,still_missing,still_missing,still_missing,still_missing,still_missing,still_missing,still_missing,still_missing,native
418,Narsimhapur,Madhya Pradesh,,illustrative_placeholder,,,,,,,,,,,,,,13,,,,,,,,,,,,,0,still_missing,still_missing,still_missing,still_missing,still_missing,still_missing,still_missing,still_missing,still_missing,still_missing,still_missing,still_missing,still_missing,native,still_missing,still_missing,still_missing,still_missing,still_missing,still_missing,still_missing,still_missing,still_missing,still_missing,still_missing,still_missing,native
419,Neemuch,Madhya Pradesh,,illustrative_placeholder,,,,,,,,,,,,,,12,,,,,,,,,,,,,0,still_missing,still_missing,still_missing,still_missing,still_missing,still_missing,still_missing,still_missing,still_missing,still_missing,still_missing,still_missing,still_missing,native,still_missing,still_missing,still_missing,still_missing,still_missing,still_missing,still_missing,still_missing,still_missing,still_missing,still_missing,still_missing,native
603,Nicobars,Andaman And Nicobar Islands,,illustrative_placeholder,,,,,,,,,,,,,,,,,,,,,,,,,,,0,still_missing,still_missing,still_missing,still_missing,still_missing,still_missing,still_missing,still_missing,still_missing,still_missing,still_missing,still_missing,still_missing,still_missing,still_missing,still_missing,still_missing,still_missing,still_missing,still_missing,still_missing,still_missing,still_missing,still_missing,still_missing,still_missing,native
680,Nirmal,Telangana,,illustrative_placeholder,31.7,18.1,33.4,99.5,3.0,1.0,63.6,49.9,5080.0,90.0,90.0,11.7,15.8,4,,,,,,,,,,,,,0,native,native,native,native,native,native,native,native,native,native,native,native,native,native,still_missing,still_missing,still_missing,still_missing,still_missing,still_missing,still_missing,still_missing,still_missing,still_missing,still_missing,still_missing,native
722,Niwari,Madhya Pradesh,,illustrative_placeholder,,,,,,,,,,,,,,2,,,,,,,,,,,,,0,still_missing,still_missing,still_missing,still_missing,still_missing,still_missing,still_missing,still_missing,still_missing,still_missing,still_missing,still_missing,still_missing,native,still_missing,still_missing,still_missing,still_missing,still_missing,still_missing,still_missing,still_missing,still_missing,still_missing,still_missing,still_missing,native
516,Nizamabad,Telangana,,illustrative_placeholder,30.5,26.2,38.4,99.9,3.0,1.0,72.5,52.3,5262.0,90.0,90.0,13.5,15.6,17,,,,,,,,,,,,,0,native,native,native,native,native,native,native,native,native,native,native,native,native,native,still_missing,still_missing,still_missing,still_missing,still_missing,still_missing,still_missing,still_missing,still_missing,still_missing,still_missing,still_missing,native
736,Noklak,Nagaland,,illustrative_placeholder,,,,,,,,,,,,,,,,,,,,,,,,,,,0,still_missing,still_missing,still_missing,still_missing,still_missing,still_missing,still_missing,still_missing,still_missing,still_missing,still_missing,still_missing,still_missing,still_missing,still_missing,still_missing,still_missing,still_missing,still_missing,still_missing,still_missing,still_missing,still_missing,still_missing,still_missing,still_missing,native
551,North Goa,Goa,,illustrative_placeholder,21.4,17.5,23.8,99.7,3.0,1.0,81.3,21.9,7017.0,90.0,90.0,20.6,24.9,9,,,,,,,,,,,,,0,native,native,native,native,native,native,native,native,native,native,native,native,native,native,still_missing,still_missing,still_missing,still_missing,still_missing,still_missing,still_missing,still_missing,still_missing,still_missing,still_missing,still_missing,native
723,Pakke Kessang,Arunachal Pradesh,,illustrative_placeholder,,,,,,,,,,,,,,,,,,,,,,,,,,,0,still_missing,still_missing,still_missing,still_missing,still_missing,still_missing,still_missing,still_missing,still_missing,still_missing,still_missing,still_missing,still_missing,still_missing,still_missing,still_missing,still_missing,still_missing,still_missing,still_missing,still_missing,still_missing,still_missing,still_missing,still_missing,still_missing,native
337,Pakur,Jharkhand,,illustrative_placeholder,,,,,,,,,,,,,,,,,,,,,,,,,,,1,still_missing,still_missing,still_missing,still_missing,still_missing,still_missing,still_missing,still_missing,still_missing,still_missing,still_missing,still_missing,still_missing,still_missing,still_missing,still_missing,still_missing,still_missing,still_missing,still_missing,still_missing,still_missing,still_missing,still_missing,still_missing,still_missing,native
785,Pandhurna,Madhya Pradesh,,illustrative_placeholder,,,,,,,,,,,,,,1,,,,,,,,,,,,,0,still_missing,still_missing,still_missing,still_missing,still_missing,still_missing,still_missing,still_missing,still_missing,still_missing,still_missing,still_missing,still_missing,native,still_missing,still_missing,still_missing,still_missing,still_missing,still_missing,still_missing,still_missing,still_missing,still_missing,still_missing,still_missing,native
489,Parbhani,Maharashtra,,illustrative_placeholder,,,,,,,,,,,,,,17,,,,,,,,,,,,,0,still_missing,still_missing,still_missing,still_missing,still_missing,still_missing,still_missing,still_missing,still_missing,still_missing,still_missing,still_missing,still_missing,native,still_missing,still_missing,still_missing,still_missing,still_missing,still_missing,still_missing,still_missing,still_missing,still_missing,still_missing,still_missing,native
704,Paschim Bardhaman,West Bengal,,illustrative_placeholder,,,,,,,,,,,,,,,,,,,,,,,,,,,0,still_missing,still_missing,still_missing,still_missing,still_missing,still_missing,still_missing,still_missing,still_missing,still_missing,still_missing,still_missing,still_missing,still_missing,still_missing,still_missing,still_missing,still_missing,still_missing,still_missing,still_missing,still_missing,still_missing,still_missing,still_missing,still_missing,native
318,Paschim Medinipur,West Bengal,,illustrative_placeholder,,,,,,,,,,,,,,,,,,,,,,,,,,,0,still_missing,still_missing,still_missing,still_missing,still_missing,still_missing,still_missing,still_missing,still_missing,still_missing,still_missing,still_missing,still_missing,still_missing,still_missing,still_missing,still_missing,still_missing,still_missing,still_missing,still_missing,still_missing,still_missing,still_missing,still_missing,still_missing,native
41,Patiala,Punjab,,illustrative_placeholder,,,,,,,,,,,,,,,,,,,,,,,,,,,0,still_missing,still_missing,still_missing,still_missing,still_missing,still_missing,still_missing,still_missing,still_missing,still_missing,still_missing,still_missing,still_missing,still_missing,still_missing,still_missing,still_missing,still_missing,still_missing,still_missing,still_missing,still_missing,still_missing,still_missing,still_missing,still_missing,native
212,Patna,Bihar,,illustrative_placeholder,,,,,,,,,,,,,,,,,,,,,,,,,,,0,still_missing,still_missing,still_missing,still_missing,still_missing,still_missing,still_missing,still_missing,still_missing,still_missing,still_missing,still_missing,still_missing,still_missing,still_missing,still_missing,still_missing,still_missing,still_missing,still_missing,still_missing,still_missing,still_missing,still_missing,still_missing,still_missing,native
682,Peddapalli,Telangana,,illustrative_placeholder,27.5,28.8,33.1,99.5,3.0,1.0,77.8,59.1,3850.0,90.0,90.0,13.7,16.8,4,,,,,,,,,,,,,0,native,native,native,native,native,native,native,native,native,native,native,native,native,native,still_missing,still_missing,still_missing,still_missing,still_missing,still_missing,still_missing,still_missing,still_missing,still_missing,still_missing,still_missing,native
10,Poonch,Jammu And Kashmir,,illustrative_placeholder,,,,,,,,,,,,,,,,,,,,,,,,,,,0,still_missing,still_missing,still_missing,still_missing,still_missing,still_missing,still_missing,still_missing,still_missing,still_missing,still_missing,still_missing,still_missing,still_missing,still_missing,still_missing,still_missing,still_missing,still_missing,still_missing,still_missing,still_missing,still_missing,still_missing,still_missing,still_missing,native
174,Pratapgarh,Uttar Pradesh,,illustrative_placeholder,,,,,,,,,,,,,,,,,,,,,,,,,,,0,still_missing,still_missing,still_missing,still_missing,still_missing,still_missing,still_missing,still_missing,still_missing,still_missing,still_missing,still_missing,still_missing,still_missing,still_missing,still_missing,still_missing,still_missing,still_missing,still_missing,still_missing,still_missing,still_missing,still_missing,still_missing,still_missing,native
600,Puducherry,Puducherry,,illustrative_placeholder,24.1,24.6,21.3,99.8,3.0,1.0,61.9,31.2,1997.0,90.0,90.0,19.1,21.0,28,,,,,,,,,,1.0,,,0,native,native,native,native,native,native,native,native,native,native,native,native,native,native,still_missing,still_missing,still_missing,still_missing,still_missing,still_missing,still_missing,still_missing,still_missing,native,still_missing,still_missing,native
11,Pulwama,Jammu And Kashmir,,illustrative_placeholder,,,,,,,,,,,,,,,,,,,,,,,,,,,0,still_missing,still_missing,still_missing,still_missing,still_missing,still_missing,still_missing,still_missing,still_missing,still_missing,still_missing,still_missing,still_missing,still_missing,still_missing,still_missing,still_missing,still_missing,still_missing,still_missing,still_missing,still_missing,still_missing,still_missing,still_missing,still_missing,native
490,Pune,Maharashtra,,illustrative_placeholder,,,,,,,,,,,,,,55,,,,,,,,,,,,,0,still_missing,still_missing,still_missing,still_missing,still_missing,still_missing,still_missing,still_missing,still_missing,still_missing,still_missing,still_missing,still_missing,native,still_missing,still_missing,still_missing,still_missing,still_missing,still_missing,still_missing,still_missing,still_missing,still_missing,still_missing,still_missing,native
491,Raigad,Maharashtra,,illustrative_placeholder,,,,,,,,,,,,,,12,,,,,,,,,,,,,0,still_missing,still_missing,still_missing,still_missing,still_missing,still_missing,still_missing,still_missing,still_missing,still_missing,still_missing,still_missing,still_missing,native,still_missing,still_missing,still_missing,still_missing,still_missing,still_missing,still_missing,still_missing,still_missing,still_missing,still_missing,still_missing,native
386,Raigarh,Chhattisgarh,,illustrative_placeholder,44.9,29.1,38.9,96.7,3.0,1.0,22.6,36.4,2914.0,90.0,21.0,11.6,14.3,,,,,,,,,,,,,,0,state_mean,state_mean,state_mean,state_mean,state_mean,state_mean,state_mean,state_mean,state_mean,state_mean,state_mean,state_mean,state_mean,still_missing,still_missing,still_missing,still_missing,still_missing,still_missing,still_missing,still_missing,still_missing,still_missing,still_missing,still_missing,still_missing,native
387,Raipur,Chhattisgarh,,illustrative_placeholder,44.9,29.1,38.9,96.7,3.0,1.0,22.6,36.4,2914.0,90.0,21.0,11.6,14.3,,,,,,,,,,,,,,0,state_mean,state_mean,state_mean,state_mean,state_mean,state_mean,state_mean,state_mean,state_mean,state_mean,state_mean,state_mean,state_mean,still_missing,still_missing,still_missing,still_missing,still_missing,still_missing,still_missing,still_missing,still_missing,still_missing,still_missing,still_missing,still_missing,native
422,Rajgarh,Madhya Pradesh,,illustrative_placeholder,,,,,,,,,,,,,,8,,,,,,,,,,,,,1,still_missing,still_missing,still_missing,still_missing,still_missing,still_missing,still_missing,still_missing,still_missing,still_missing,still_missing,still_missing,still_missing,native,still_missing,still_missing,still_missing,still_missing,still_missing,still_missing,still_missing,still_missing,still_missing,still_missing,still_missing,still_missing,native
12,Rajouri,Jammu And Kashmir,,illustrative_placeholder,,,,,,,,,,,,,,,,,,,,,,,,,,,0,still_missing,still_missing,still_missing,still_missing,still_missing,still_missing,still_missing,still_missing,still_missing,still_missing,still_missing,still_missing,still_missing,still_missing,still_missing,still_missing,still_missing,still_missing,still_missing,still_missing,still_missing,still_missing,still_missing,still_missing,still_missing,still_missing,native
54,Rudra Prayag,Uttarakhand,,illustrative_placeholder,,,,,,,,,,,,,,,,,,,,,,,,,,,0,still_missing,still_missing,still_missing,still_missing,still_missing,still_missing,still_missing,still_missing,still_missing,still_missing,still_missing,still_missing,still_missing,still_missing,still_missing,still_missing,still_missing,still_missing,still_missing,still_missing,still_missing,still_missing,still_missing,still_missing,still_missing,still_missing,native
458,Sabar Kantha,Gujarat,,illustrative_placeholder,,,,,,,,,,,,,,,,,,,,,,,,,,,0,still_missing,still_missing,still_missing,still_missing,still_missing,still_missing,still_missing,still_missing,still_missing,still_missing,still_missing,still_missing,still_missing,still_missing,still_missing,still_missing,still_missing,still_missing,still_missing,still_missing,still_missing,still_missing,still_missing,still_missing,still_missing,still_missing,native
177,Saharanpur,Uttar Pradesh,,illustrative_placeholder,,,,,,,,,,,,,,,,,,,,,,,,,,,0,still_missing,still_missing,still_missing,still_missing,still_missing,still_missing,still_missing,still_missing,still_missing,still_missing,still_missing,still_missing,still_missing,still_missing,still_missing,still_missing,still_missing,still_missing,still_missing,still_missing,still_missing,still_missing,still_missing,still_missing,still_missing,still_missing,native
727,Saitual,Mizoram,,illustrative_placeholder,,,,,,,,,,,,,,,,,,,,,,,,,,,0,still_missing,still_missing,still_missing,still_missing,still_missing,still_missing,still_missing,still_missing,still_missing,still_missing,still_missing,still_missing,still_missing,still_missing,still_missing,still_missing,still_missing,still_missing,still_missing,still_missing,still_missing,still_missing,still_missing,still_missing,still_missing,still_missing,native
584,Salem,Tamil Nadu,,illustrative_placeholder,27.0,22.5,22.2,98.9,3.0,1.0,46.2,78.4,2233.0,90.0,90.0,18.0,22.7,64,,,,,,,,,,,,,0,native,native,native,native,native,native,native,native,native,native,native,native,native,native,still_missing,still_missing,still_missing,still_missing,still_missing,still_missing,still_missing,still_missing,still_missing,still_missing,still_missing,still_missing,native
777,Salumbar,Rajasthan,,illustrative_placeholder,,,,,,,,,,,,,,,,,,,,,,,,,,,0,still_missing,still_missing,still_missing,still_missing,still_missing,still_missing,still_missing,still_missing,still_missing,still_missing,still_missing,still_missing,still_missing,still_missing,still_missing,still_missing,still_missing,still_missing,still_missing,still_missing,still_missing,still_missing,still_missing,still_missing,still_missing,still_missing,native
659,Sambhal,Uttar Pradesh,,illustrative_placeholder,,,,,,,,,,,,,,,,,,,,,,,,,,,0,still_missing,still_missing,still_missing,still_missing,still_missing,still_missing,still_missing,still_missing,still_missing,still_missing,still_missing,still_missing,still_missing,still_missing,still_missing,still_missing,still_missing,still_missing,still_missing,still_missing,still_missing,still_missing,still_missing,still_missing,still_missing,still_missing,native
691,Sangareddy,Telangana,,illustrative_placeholder,32.9,25.0,35.1,99.6,3.0,1.0,68.0,58.1,4718.0,90.0,90.0,11.3,16.3,8,,,,,,,,,,,,,0,native,native,native,native,native,native,native,native,native,native,native,native,native,native,still_missing,still_missing,still_missing,still_missing,still_missing,still_missing,still_missing,still_missing,still_missing,still_missing,still_missing,still_missing,native
218,Saran,Bihar,,illustrative_placeholder,,,,,,,,,,,,,,,,,,,,,,,,,,,0,still_missing,still_missing,still_missing,still_missing,still_missing,still_missing,still_missing,still_missing,still_missing,still_missing,still_missing,still_missing,still_missing,still_missing,still_missing,still_missing,still_missing,still_missing,still_missing,still_missing,still_missing,still_missing,still_missing,still_missing,still_missing,still_missing,native
763,Sarangarh-Bilaigarh,Chhattisgarh,,illustrative_placeholder,44.9,29.1,38.9,96.7,3.0,1.0,22.6,36.4,2914.0,90.0,21.0,11.6,14.3,,,,,,,,,,,,,,0,state_mean,state_mean,state_mean,state_mean,state_mean,state_mean,state_mean,state_mean,state_mean,state_mean,state_mean,state_mean,state_mean,still_missing,still_missing,still_missing,still_missing,still_missing,still_missing,still_missing,still_missing,still_missing,still_missing,still_missing,still_missing,still_missing,native
426,Satna,Madhya Pradesh,,illustrative_placeholder,,,,,,,,,,,,,,7,,,,,,,,,,,,,0,still_missing,still_missing,still_missing,still_missing,still_missing,still_missing,still_missing,still_missing,still_missing,still_missing,still_missing,still_missing,still_missing,native,still_missing,still_missing,still_missing,still_missing,still_missing,still_missing,still_missing,still_missing,still_missing,still_missing,still_missing,still_missing,native
671,Shahdara,Delhi,,illustrative_placeholder,,,,,,,,,,,,,,,,,,,,,,,,,,,0,still_missing,still_missing,still_missing,still_missing,still_missing,still_missing,still_missing,still_missing,still_missing,still_missing,still_missing,still_missing,still_missing,still_missing,still_missing,still_missing,still_missing,still_missing,still_missing,still_missing,still_missing,still_missing,still_missing,still_missing,still_missing,still_missing,native
765,Shamator,Nagaland,,illustrative_placeholder,,,,,,,,,,,,,,,,,,,,,,,,,,,0,still_missing,still_missing,still_missing,still_missing,still_missing,still_missing,still_missing,still_missing,still_missing,still_missing,still_missing,still_missing,still_missing,still_missing,still_missing,still_missing,still_missing,still_missing,still_missing,still_missing,still_missing,still_missing,still_missing,still_missing,still_missing,still_missing,native
660,Shamli,Uttar Pradesh,,illustrative_placeholder,,,,,,,,,,,,,,,,,,,,,,,,,,,0,still_missing,still_missing,still_missing,still_missing,still_missing,still_missing,still_missing,still_missing,still_missing,still_missing,still_missing,still_missing,still_missing,still_missing,still_missing,still_missing,still_missing,still_missing,still_missing,still_missing,still_missing,still_missing,still_missing,still_missing,still_missing,still_missing,native
23,Shimla,Himachal Pradesh,,illustrative_placeholder,,,,,,,,,,,,,,,,,,,,,,,,,,,0,still_missing,still_missing,still_missing,still_missing,still_missing,still_missing,still_missing,still_missing,still_missing,still_missing,still_missing,still_missing,still_missing,still_missing,still_missing,still_missing,still_missing,still_missing,still_missing,still_missing,still_missing,still_missing,still_missing,still_missing,still_missing,still_missing,native
547,Shivamogga,Karnataka,,illustrative_placeholder,35.3,14.3,30.6,96.5,3.0,1.0,74.5,36.1,8515.0,90.0,28.7,15.3,16.7,54,,,,,,,,,,,,,0,native,native,native,native,native,native,native,native,native,native,native,native,native,native,still_missing,still_missing,still_missing,still_missing,still_missing,still_missing,still_missing,still_missing,still_missing,still_missing,still_missing,still_missing,native
725,Shi Yomi,Arunachal Pradesh,,illustrative_placeholder,,,,,,,,,,,,,,,,,,,,,,,,,,,0,still_missing,still_missing,still_missing,still_missing,still_missing,still_missing,still_missing,still_missing,still_missing,still_missing,still_missing,still_missing,still_missing,still_missing,still_missing,still_missing,still_missing,still_missing,still_missing,still_missing,still_missing,still_missing,still_missing,still_missing,still_missing,still_missing,native
267,Siaha,Mizoram,,illustrative_placeholder,,,,,,,,,,,,,,,,,,,,,,,,,,,0,still_missing,still_missing,still_missing,still_missing,still_missing,still_missing,still_missing,still_missing,still_missing,still_missing,still_missing,still_missing,still_missing,still_missing,still_missing,still_missing,still_missing,still_missing,still_missing,still_missing,still_missing,still_missing,still_missing,still_missing,still_missing,still_missing,native
221,Sitamarhi,Bihar,,illustrative_placeholder,,,,,,,,,,,,,,,,,,,,,,,,,,,1,still_missing,still_missing,still_missing,still_missing,still_missing,still_missing,still_missing,still_missing,still_missing,still_missing,still_missing,still_missing,still_missing,still_missing,still_missing,still_missing,still_missing,still_missing,still_missing,still_missing,still_missing,still_missing,still_missing,still_missing,still_missing,still_missing,native
75,Sonipat,Haryana,,illustrative_placeholder,,,,,,,,,,,,,,,,,,,,,,,,,,,0,still_missing,still_missing,still_missing,still_missing,still_missing,still_missing,still_missing,still_missing,still_missing,still_missing,still_missing,still_missing,still_missing,still_missing,still_missing,still_missing,still_missing,still_missing,still_missing,still_missing,still_missing,still_missing,still_missing,still_missing,still_missing,still_missing,native
602,South Andamans,Andaman And Nicobar Islands,,illustrative_placeholder,,,,,,,,,,,,,,,,,,,,,,,,,,,0,still_missing,still_missing,still_missing,still_missing,still_missing,still_missing,still_missing,still_missing,still_missing,still_missing,still_missing,still_missing,still_missing,still_missing,still_missing,still_missing,still_missing,still_missing,still_missing,still_missing,still_missing,still_missing,still_missing,still_missing,still_missing,still_missing,native
277,South Garo Hills,Meghalaya,,illustrative_placeholder,,,,,,,,,,,,,,,,,,,,,,,,,,,0,still_missing,still_missing,still_missing,still_missing,still_missing,still_missing,still_missing,still_missing,still_missing,still_missing,still_missing,still_missing,still_missing,still_missing,still_missing,still_missing,still_missing,still_missing,still_missing,still_missing,still_missing,still_missing,still_missing,still_missing,still_missing,still_missing,native
658,South West Khasi Hills,Meghalaya,,illustrative_placeholder,,,,,,,,,,,,,,,,,,,,,,,,,,,0,still_missing,still_missing,still_missing,still_missing,still_missing,still_missing,still_missing,still_missing,still_missing,still_missing,still_missing,still_missing,still_missing,still_missing,still_missing,still_missing,still_missing,still_missing,still_missing,still_missing,still_missing,still_missing,still_missing,still_missing,still_missing,still_missing,native
39,Sri Muktsar Sahib,Punjab,,illustrative_placeholder,,,,,,,,,,,,,,,,,,,,,,,,,,,0,still_missing,still_missing,still_missing,still_missing,still_missing,still_missing,still_missing,still_missing,still_missing,still_missing,still_missing,still_missing,still_missing,still_missing,still_missing,still_missing,still_missing,still_missing,still_missing,still_missing,still_missing,still_missing,still_missing,still_missing,still_missing,still_missing,native
13,Srinagar,Jammu And Kashmir,,illustrative_placeholder,,,,,,,,,,,,,,,,,,,,,,,,,,,0,still_missing,still_missing,still_missing,still_missing,still_missing,still_missing,still_missing,still_missing,still_missing,still_missing,still_missing,still_missing,still_missing,still_missing,still_missing,still_missing,still_missing,still_missing,still_missing,still_missing,still_missing,still_missing,still_missing,still_missing,still_missing,still_missing,native
515,Sri Potti Sriramulu Nellore,Andhra Pradesh,,illustrative_placeholder,29.4,16.9,28.7,98.2,3.0,1.0,54.3,73.0,2536.0,90.0,25.1,21.8,21.1,8,,,,,,,,,,,,,0,native,native,native,native,native,native,native,native,native,native,native,native,native,native,still_missing,still_missing,still_missing,still_missing,still_missing,still_missing,still_missing,still_missing,still_missing,still_missing,still_missing,still_missing,native
754,Sri Sathya Sai,Andhra Pradesh,,illustrative_placeholder,30.766666666666666,17.041666666666668,31.53333333333333,99.13333333333334,3.0,1.0,51.61666666666667,75.25,2368.5833333333335,90.0,28.691666666666666,19.308333333333334,21.358333333333334,14,,,,,,,,,,,,,0,state_mean,state_mean,state_mean,state_mean,state_mean,state_mean,state_mean,state_mean,state_mean,state_mean,state_mean,state_mean,state_mean,native,still_missing,still_missing,still_missing,still_missing,still_missing,still_missing,still_missing,still_missing,still_missing,still_missing,still_missing,still_missing,native
641,Tapi,Gujarat,,illustrative_placeholder,,,,,,,,,,,,,,,,,,,,,,,,,,,0,still_missing,still_missing,still_missing,still_missing,still_missing,still_missing,still_missing,still_missing,still_missing,still_missing,still_missing,still_missing,still_missing,still_missing,still_missing,still_missing,still_missing,still_missing,still_missing,still_missing,still_missing,still_missing,still_missing,still_missing,still_missing,still_missing,native
589,Thiruvallur,Tamil Nadu,,illustrative_placeholder,30.1,23.3,26.6,99.3,3.0,1.0,66.1,63.7,2208.0,90.0,90.0,22.5,23.4,69,,,,,,,,,,,,,0,native,native,native,native,native,native,native,native,native,native,native,native,native,native,still_missing,still_missing,still_missing,still_missing,still_missing,still_missing,still_missing,still_missing,still_missing,still_missing,still_missing,still_missing,native
259,Thoubal,Manipur,,illustrative_placeholder,,,,,,,,,,,,,,,,,,,,,,,,,,,0,still_missing,still_missing,still_missing,still_missing,still_missing,still_missing,still_missing,still_missing,still_missing,still_missing,still_missing,still_missing,still_missing,still_missing,still_missing,still_missing,still_missing,still_missing,still_missing,still_missing,still_missing,still_missing,still_missing,still_missing,still_missing,still_missing,native
592,Tirunelveli,Tamil Nadu,,illustrative_placeholder,30.8,12.9,22.7,99.1,3.0,1.0,46.7,54.3,4913.0,90.0,90.0,21.0,22.3,43,,,,,,,,,,,,,0,native,native,native,native,native,native,native,native,native,native,native,native,native,native,still_missing,still_missing,still_missing,still_missing,still_missing,still_missing,still_missing,still_missing,still_missing,still_missing,still_missing,still_missing,native
757,Tseminyu,Nagaland,,illustrative_placeholder,,,,,,,,,,,,,,,,,,,,,,,,,,,0,still_missing,still_missing,still_missing,still_missing,still_missing,still_missing,still_missing,still_missing,still_missing,still_missing,still_missing,still_missing,still_missing,still_missing,still_missing,still_missing,still_missing,still_missing,still_missing,still_missing,still_missing,still_missing,still_missing,still_missing,still_missing,still_missing,native
548,Tumakuru,Karnataka,,illustrative_placeholder,28.6,26.2,26.0,98.5,3.0,1.0,52.6,36.5,6011.0,90.0,34.0,15.4,19.9,53,,,,,,,,,,,,,0,native,native,native,native,native,native,native,native,native,native,native,native,native,native,still_missing,still_missing,still_missing,still_missing,still_missing,still_missing,still_missing,still_missing,still_missing,still_missing,still_missing,still_missing,native
436,Umaria,Madhya Pradesh,,illustrative_placeholder,,,,,,,,,,,,,,3,,,,,,,,,,,,,0,still_missing,still_missing,still_missing,still_missing,still_missing,still_missing,still_missing,still_missing,still_missing,still_missing,still_missing,still_missing,still_missing,native,still_missing,still_missing,still_missing,still_missing,still_missing,still_missing,still_missing,still_missing,still_missing,still_missing,still_missing,still_missing,native
461,Vadodara,Gujarat,,illustrative_placeholder,,,,,,,,,,,,,,,,,,,,,,,,,,,0,still_missing,still_missing,still_missing,still_missing,still_missing,still_missing,still_missing,still_missing,still_missing,still_missing,still_missing,still_missing,still_missing,still_missing,still_missing,still_missing,still_missing,still_missing,still_missing,still_missing,still_missing,still_missing,still_missing,still_missing,still_missing,still_missing,native
224,Vaishali,Bihar,,illustrative_placeholder,,,,,,,,,,,,,,,,,,,,,,,,,,,0,still_missing,still_missing,still_missing,still_missing,still_missing,still_missing,still_missing,still_missing,still_missing,still_missing,still_missing,still_missing,still_missing,still_missing,still_missing,still_missing,still_missing,still_missing,still_missing,still_missing,still_missing,still_missing,still_missing,still_missing,still_missing,still_missing,native
462,Valsad,Gujarat,,illustrative_placeholder,,,,,,,,,,,,,,,,,,,,,,,,,,,0,still_missing,still_missing,still_missing,still_missing,still_missing,still_missing,still_missing,still_missing,still_missing,still_missing,still_missing,still_missing,still_missing,still_missing,still_missing,still_missing,still_missing,still_missing,still_missing,still_missing,still_missing,still_missing,still_missing,still_missing,still_missing,still_missing,native
596,Viluppuram,Tamil Nadu,,illustrative_placeholder,31.8,16.3,28.6,99.3,3.0,1.0,31.9,84.3,1780.0,90.0,90.0,17.7,19.9,17,,,,,,,,,,,,,0,native,native,native,native,native,native,native,native,native,native,native,native,native,native,still_missing,still_missing,still_missing,still_missing,still_missing,still_missing,still_missing,still_missing,still_missing,still_missing,still_missing,still_missing,native
520,Visakhapatnam,Andhra Pradesh,,illustrative_placeholder,30.1,17.2,33.1,99.1,3.0,1.0,54.7,70.0,2352.0,90.0,29.2,17.0,18.2,15,,,,,,,,,,,,,0,native,native,native,native,native,native,native,native,native,native,native,native,native,native,still_missing,still_missing,still_missing,still_missing,still_missing,still_missing,still_missing,still_missing,still_missing,still_missing,still_missing,still_missing,native
521,Vizianagaram,Andhra Pradesh,,illustrative_placeholder,36.8,18.8,34.4,99.0,3.0,1.0,31.6,79.9,2247.0,90.0,25.1,14.3,14.5,11,,,,,,,,,,,,,0,native,native,native,native,native,native,native,native,native,native,native,native,native,native,still_missing,still_missing,still_missing,still_missing,still_missing,still_missing,still_missing,still_missing,still_missing,still_missing,still_missing,still_missing,native
85,West,Delhi,,illustrative_placeholder,,,,,,,,,,,,,,,,,,,,,,,,,,,0,still_missing,still_missing,still_missing,still_missing,still_missing,still_missing,still_missing,still_missing,still_missing,still_missing,still_missing,still_missing,still_missing,still_missing,still_missing,still_missing,still_missing,still_missing,still_missing,still_missing,still_missing,still_missing,still_missing,still_missing,still_missing,still_missing,native
440,Anand,Gujarat,,illustrative_placeholder,,,,,,,,,,,,,,,,,,,,,,,,,,,0,still_missing,still_missing,still_missing,still_missing,still_missing,still_missing,still_missing,still_missing,still_missing,still_missing,still_missing,still_missing,still_missing,still_missing,still_missing,still_missing,still_missing,still_missing,still_missing,still_missing,still_missing,still_missing,still_missing,still_missing,still_missing,still_missing,native
502,Ananthapuramu,Andhra Pradesh,,illustrative_placeholder,40.3,15.2,39.3,99.5,3.0,1.0,47.5,76.5,3601.0,90.0,26.7,14.2,16.8,13,,,,,,,,,,,,,0,native,native,native,native,native,native,native,native,native,native,native,native,native,native,still_missing,still_missing,still_missing,still_missing,still_missing,still_missing,still_missing,still_missing,still_missing,still_missing,still_missing,still_missing,native
344,Anugul,Odisha,,illustrative_placeholder,,,,,,,,,,,,,,1,,,,,,,,,,,,,0,still_missing,still_missing,still_missing,still_missing,still_missing,still_missing,still_missing,still_missing,still_missing,still_missing,still_missing,still_missing,still_missing,state_mean,still_missing,still_missing,still_missing,still_missing,still_missing,still_missing,still_missing,still_missing,still_missing,still_missing,still_missing,still_missing,native
390,Anuppur,Madhya Pradesh,,illustrative_placeholder,,,,,,,,,,,,,,9,,,,,,,,,,,,,0,still_missing,still_missing,still_missing,still_missing,still_missing,still_missing,still_missing,still_missing,still_missing,still_missing,still_missing,still_missing,still_missing,native,still_missing,still_missing,still_missing,still_missing,still_missing,still_missing,still_missing,still_missing,still_missing,still_missing,still_missing,still_missing,native
188,Araria,Bihar,,illustrative_placeholder,,,,,,,,,,,,,,,,,,,,,,,,,,,1,still_missing,still_missing,still_missing,still_missing,still_missing,still_missing,still_missing,still_missing,still_missing,still_missing,still_missing,still_missing,still_missing,still_missing,still_missing,still_missing,still_missing,still_missing,still_missing,still_missing,still_missing,still_missing,still_missing,still_missing,still_missing,still_missing,native
610,Ariyalur,Tamil Nadu,,illustrative_placeholder,26.635483870967743,19.838709677419356,23.95483870967742,98.88064516129032,3.0,1.0,50.04516129032258,64.81290322580645,2861.1290322580644,90.0,90.0,20.54193548387097,22.24516129032258,8,,,,,,,,,,,,,0,state_mean,state_mean,state_mean,state_mean,state_mean,state_mean,state_mean,state_mean,state_mean,state_mean,state_mean,state_mean,state_mean,native,still_missing,still_missing,still_missing,still_missing,still_missing,still_missing,still_missing,still_missing,still_missing,still_missing,still_missing,still_missing,native
391,Ashoknagar,Madhya Pradesh,,illustrative_placeholder,,,,,,,,,,,,,,3,,,,,,,,,,,,,0,still_missing,still_missing,still_missing,still_missing,still_missing,still_missing,still_missing,still_missing,still_missing,still_missing,still_missing,still_missing,still_missing,native,still_missing,still_missing,still_missing,still_missing,still_missing,still_missing,still_missing,still_missing,still_missing,still_missing,still_missing,still_missing,native
124,Baghpat,Uttar Pradesh,,illustrative_placeholder,,,,,,,,,,,,,,,,,,,,,,,,,,,0,still_missing,still_missing,still_missing,still_missing,still_missing,still_missing,still_missing,still_missing,still_missing,still_missing,still_missing,still_missing,still_missing,still_missing,still_missing,still_missing,still_missing,still_missing,still_missing,still_missing,still_missing,still_missing,still_missing,still_missing,still_missing,still_missing,native
392,Balaghat,Madhya Pradesh,,illustrative_placeholder,,,,,,,,,,,,,,9,,,,,,,,,,,,,0,still_missing,still_missing,still_missing,still_missing,still_missing,still_missing,still_missing,still_missing,still_missing,still_missing,still_missing,still_missing,still_missing,native,still_missing,still_missing,still_missing,still_missing,still_missing,still_missing,still_missing,still_missing,still_missing,still_missing,still_missing,still_missing,native
775,Balotra,Rajasthan,,illustrative_placeholder,,,,,,,,,,,,,,,,,,,,,,,,,,,0,still_missing,still_missing,still_missing,still_missing,still_missing,still_missing,still_missing,still_missing,still_missing,still_missing,still_missing,still_missing,still_missing,still_missing,still_missing,still_missing,still_missing,still_missing,still_missing,still_missing,still_missing,still_missing,still_missing,still_missing,still_missing,still_missing,native
441,Banas Kantha,Gujarat,,illustrative_placeholder,,,,,,,,,,,,,,,,,,,,,,,,,,,0,still_missing,still_missing,still_missing,still_missing,still_missing,still_missing,still_missing,still_missing,still_missing,still_missing,still_missing,still_missing,still_missing,still_missing,still_missing,still_missing,still_missing,still_missing,still_missing,still_missing,still_missing,still_missing,still_missing,still_missing,still_missing,still_missing,native
88,Banswara,Rajasthan,,illustrative_placeholder,,,,,,,,,,,,,,,,,,,,,,,,,,,0,still_missing,still_missing,still_missing,still_missing,still_missing,still_missing,still_missing,still_missing,still_missing,still_missing,still_missing,still_missing,still_missing,still_missing,still_missing,still_missing,still_missing,still_missing,still_missing,still_missing,still_missing,still_missing,still_missing,still_missing,still_missing,still_missing,native
89,Baran,Rajasthan,,illustrative_placeholder,,,,,,,,,,,,,,,,,,,,,,,,,,,1,still_missing,still_missing,still_missing,still_missing,still_missing,still_missing,still_missing,still_missing,still_missing,still_missing,still_missing,still_missing,still_missing,still_missing,still_missing,still_missing,still_missing,still_missing,still_missing,still_missing,still_missing,still_missing,still_missing,still_missing,still_missing,still_missing,native
347,Bargarh,Odisha,,illustrative_placeholder,,,,,,,,,,,,,,1,,,,,,,,,,,,,0,still_missing,still_missing,still_missing,still_missing,still_missing,still_missing,still_missing,still_missing,still_missing,still_missing,still_missing,still_missing,still_missing,state_mean,still_missing,still_missing,still_missing,still_missing,still_missing,still_missing,still_missing,still_missing,still_missing,still_missing,still_missing,still_missing,native
131,Basti,Uttar Pradesh,,illustrative_placeholder,,,,,,,,,,,,,,,,,,,,,,,,,,,0,still_missing,still_missing,still_missing,still_missing,still_missing,still_missing,still_missing,still_missing,still_missing,still_missing,still_missing,still_missing,still_missing,still_missing,still_missing,still_missing,still_missing,still_missing,still_missing,still_missing,still_missing,still_missing,still_missing,still_missing,still_missing,still_missing,native
774,Beawar,Rajasthan,,illustrative_placeholder,,,,,,,,,,,,,,,,,,,,,,,,,,,0,still_missing,still_missing,still_missing,still_missing,still_missing,still_missing,still_missing,still_missing,still_missing,still_missing,still_missing,still_missing,still_missing,still_missing,still_missing,still_missing,still_missing,still_missing,still_missing,still_missing,still_missing,still_missing,still_missing,still_missing,still_missing,still_missing,native
526,Bengaluru Rural,Karnataka,,illustrative_placeholder,28.7,22.8,26.5,98.8,3.0,1.0,77.7,38.6,5600.0,90.0,30.8,13.6,17.7,42,,,,,,,,,,,,,0,native,native,native,native,native,native,native,native,native,native,native,native,native,native,still_missing,still_missing,still_missing,still_missing,still_missing,still_missing,still_missing,still_missing,still_missing,still_missing,still_missing,still_missing,native
442,Bharuch,Gujarat,,illustrative_placeholder,,,,,,,,,,,,,,,,,,,,,,,,,,,0,still_missing,still_missing,still_missing,still_missing,still_missing,still_missing,still_missing,still_missing,still_missing,still_missing,still_missing,still_missing,still_missing,still_missing,still_missing,still_missing,still_missing,still_missing,still_missing,still_missing,still_missing,still_missing,still_missing,still_missing,still_missing,still_missing,native
396,Bhopal,Madhya Pradesh,,illustrative_placeholder,,,,,,,,,,,,,,58,,,,,,,,,,,,,0,still_missing,still_missing,still_missing,still_missing,still_missing,still_missing,still_missing,still_missing,still_missing,still_missing,still_missing,still_missing,still_missing,native,still_missing,still_missing,still_missing,still_missing,still_missing,still_missing,still_missing,still_missing,still_missing,still_missing,still_missing,still_missing,native
349,Boudh,Odisha,,illustrative_placeholder,,,,,,,,,,,,,,1,,,,,,,,,,,,,0,still_missing,still_missing,still_missing,still_missing,still_missing,still_missing,still_missing,still_missing,still_missing,still_missing,still_missing,still_missing,still_missing,state_mean,still_missing,still_missing,still_missing,still_missing,still_missing,still_missing,still_missing,still_missing,still_missing,still_missing,still_missing,still_missing,native
472,Buldhana,Maharashtra,,illustrative_placeholder,,,,,,,,,,,,,,28,,,,,,,,,,,,,0,still_missing,still_missing,still_missing,still_missing,still_missing,still_missing,still_missing,still_missing,still_missing,still_missing,still_missing,still_missing,still_missing,native,still_missing,still_missing,still_missing,still_missing,still_missing,still_missing,still_missing,still_missing,still_missing,still_missing,still_missing,still_missing,native
397,Burhanpur,Madhya Pradesh,,illustrative_placeholder,,,,,,,,,,,,,,5,,,,,,,,,,,,,0,still_missing,still_missing,still_missing,still_missing,still_missing,still_missing,still_missing,still_missing,still_missing,still_missing,still_missing,still_missing,still_missing,native,still_missing,still_missing,still_missing,still_missing,still_missing,still_missing,still_missing,still_missing,still_missing,still_missing,still_missing,still_missing,native
229,Changlang,Arunachal Pradesh,,illustrative_placeholder,,,,,,,,,,,,,,,,,,,,,,,,,,,0,still_missing,still_missing,still_missing,still_missing,still_missing,still_missing,still_missing,still_missing,still_missing,still_missing,still_missing,still_missing,still_missing,still_missing,still_missing,still_missing,still_missing,still_missing,still_missing,still_missing,still_missing,still_missing,still_missing,still_missing,still_missing,still_missing,native
323,Chatra,Jharkhand,,illustrative_placeholder,,,,,,,,,,,,,,,,,,,,,,,,,,,1,still_missing,still_missing,still_missing,still_missing,still_missing,still_missing,still_missing,still_missing,still_missing,still_missing,still_missing,still_missing,still_missing,still_missing,still_missing,still_missing,still_missing,still_missing,still_missing,still_missing,still_missing,still_missing,still_missing,still_missing,still_missing,still_missing,native
532,Chikkamagaluru,Karnataka,,illustrative_placeholder,21.1,22.3,24.6,96.1,3.0,1.0,63.0,17.7,3920.0,90.0,28.7,15.6,15.7,33,,,,,,,,,,,,,0,native,native,native,native,native,native,native,native,native,native,native,native,native,native,still_missing,still_missing,still_missing,still_missing,still_missing,still_missing,still_missing,still_missing,still_missing,still_missing,still_missing,still_missing,native
533,Chitradurga,Karnataka,,illustrative_placeholder,28.6,31.8,29.9,96.9,3.0,1.0,43.4,46.2,4826.0,90.0,30.6,15.1,14.4,21,,,,,,,,,,,,,0,native,native,native,native,native,native,native,native,native,native,native,native,native,native,still_missing,still_missing,still_missing,still_missing,still_missing,still_missing,still_missing,still_missing,still_missing,still_missing,still_missing,still_missing,native
95,Chittorgarh,Rajasthan,,illustrative_placeholder,,,,,,,,,,,,,,,,,,,,,,,,,,,0,still_missing,still_missing,still_missing,still_missing,still_missing,still_missing,still_missing,still_missing,still_missing,still_missing,still_missing,still_missing,still_missing,still_missing,still_missing,still_missing,still_missing,still_missing,still_missing,still_missing,still_missing,still_missing,still_missing,still_missing,still_missing,still_missing,native
758,Chumoukedima,Nagaland,,illustrative_placeholder,,,,,,,,,,,,,,,,,,,,,,,,,,,0,still_missing,still_missing,still_missing,still_missing,still_missing,still_missing,still_missing,still_missing,still_missing,still_missing,still_missing,still_missing,still_missing,still_missing,still_missing,still_missing,still_missing,still_missing,still_missing,still_missing,still_missing,still_missing,still_missing,still_missing,still_missing,still_missing,native
96,Churu,Rajasthan,,illustrative_placeholder,,,,,,,,,,,,,,,,,,,,,,,,,,,0,still_missing,still_missing,still_missing,still_missing,still_missing,still_missing,still_missing,still_missing,still_missing,still_missing,still_missing,still_missing,still_missing,still_missing,still_missing,still_missing,still_missing,still_missing,still_missing,still_missing,still_missing,still_missing,still_missing,still_missing,still_missing,still_missing,native
308,Cooch Behar,West Bengal,,illustrative_placeholder,,,,,,,,,,,,,,,,,,,,,,,,,,,0,still_missing,still_missing,still_missing,still_missing,still_missing,still_missing,still_missing,still_missing,still_missing,still_missing,still_missing,still_missing,still_missing,still_missing,still_missing,still_missing,still_missing,still_missing,still_missing,still_missing,still_missing,still_missing,still_missing,still_missing,still_missing,still_missing,native
465,Dadra And Nagar Haveli,The Dadra And Nagar Haveli And Daman And Diu,,illustrative_placeholder,,,,,,,,,,,,,,,,,,,,,,,,1.0,,,0,still_missing,still_missing,still_missing,still_missing,still_missing,still_missing,still_missing,still_missing,still_missing,still_missing,still_missing,still_missing,still_missing,still_missing,still_missing,still_missing,still_missing,still_missing,still_missing,still_missing,still_missing,still_missing,still_missing,native,still_missing,still_missing,native
324,Deoghar,Jharkhand,,illustrative_placeholder,,,,,,,,,,,,,,,,,,,,,,,,,,,0,still_missing,still_missing,still_missing,still_missing,still_missing,still_missing,still_missing,still_missing,still_missing,still_missing,still_missing,still_missing,still_missing,still_missing,still_missing,still_missing,still_missing,still_missing,still_missing,still_missing,still_missing,still_missing,still_missing,still_missing,still_missing,still_missing,native
674,Devbhumi Dwarka,Gujarat,,illustrative_placeholder,,,,,,,,,,,,,,,,,,,,,,,,,,,0,still_missing,still_missing,still_missing,still_missing,still_missing,still_missing,still_missing,still_missing,still_missing,still_missing,still_missing,still_missing,still_missing,still_missing,still_missing,still_missing,still_missing,still_missing,still_missing,still_missing,still_missing,still_missing,still_missing,still_missing,still_missing,still_missing,native
377,Dhamtari,Chhattisgarh,,illustrative_placeholder,44.9,29.1,38.9,96.7,3.0,1.0,22.6,36.4,2914.0,90.0,21.0,11.6,14.3,,,,,,,,,,,,,,0,state_mean,state_mean,state_mean,state_mean,state_mean,state_mean,state_mean,state_mean,state_mean,state_mean,state_mean,state_mean,state_mean,still_missing,still_missing,still_missing,still_missing,still_missing,still_missing,still_missing,still_missing,still_missing,still_missing,still_missing,still_missing,still_missing,native
299,Dima Hasao,Assam,,illustrative_placeholder,,,,,,,,,,,,,,,,,,,,,,,,,,,0,still_missing,still_missing,still_missing,still_missing,still_missing,still_missing,still_missing,still_missing,still_missing,still_missing,still_missing,still_missing,still_missing,still_missing,still_missing,still_missing,still_missing,still_missing,still_missing,still_missing,still_missing,still_missing,still_missing,still_missing,still_missing,still_missing,native
326,Dumka,Jharkhand,,illustrative_placeholder,,,,,,,,,,,,,,,,,,,,,,,,,,,1,still_missing,still_missing,still_missing,still_missing,still_missing,still_missing,still_missing,still_missing,still_missing,still_missing,still_missing,still_missing,still_missing,still_missing,still_missing,still_missing,still_missing,still_missing,still_missing,still_missing,still_missing,still_missing,still_missing,still_missing,still_missing,still_missing,native
78,East,Delhi,,illustrative_placeholder,,,,,,,,,,,,,,,,,,,,,,,,,,,0,still_missing,still_missing,still_missing,still_missing,still_missing,still_missing,still_missing,still_missing,still_missing,still_missing,still_missing,still_missing,still_missing,still_missing,still_missing,still_missing,still_missing,still_missing,still_missing,still_missing,still_missing,still_missing,still_missing,still_missing,still_missing,still_missing,native
740,Eastern West Khasi Hills,Meghalaya,,illustrative_placeholder,,,,,,,,,,,,,,,,,,,,,,,,,,,0,still_missing,still_missing,still_missing,still_missing,still_missing,still_missing,still_missing,still_missing,still_missing,still_missing,still_missing,still_missing,still_missing,still_missing,still_missing,still_missing,still_missing,still_missing,still_missing,still_missing,still_missing,still_missing,still_missing,still_missing,still_missing,still_missing,native
505,East Godavari,Andhra Pradesh,,illustrative_placeholder,27.7,15.3,27.1,99.4,3.0,1.0,58.4,70.9,1953.0,90.0,32.2,21.7,27.6,16,,,,,,,,,,,,,0,native,native,native,native,native,native,native,native,native,native,native,native,native,native,still_missing,still_missing,still_missing,still_missing,still_missing,still_missing,still_missing,still_missing,still_missing,still_missing,still_missing,still_missing,native
274,East Khasi Hills,Meghalaya,,illustrative_placeholder,,,,,,,,,,,,,,,,,,,,,,,,,,,0,still_missing,still_missing,still_missing,still_missing,still_missing,still_missing,still_missing,still_missing,still_missing,still_missing,still_missing,still_missing,still_missing,still_missing,still_missing,still_missing,still_missing,still_missing,still_missing,still_missing,still_missing,still_missing,still_missing,still_missing,still_missing,still_missing,native
327,East Singhbum,Jharkhand,,illustrative_placeholder,,,,,,,,,,,,,,,,,,,,,,,,,,,0,still_missing,still_missing,still_missing,still_missing,still_missing,still_missing,still_missing,still_missing,still_missing,still_missing,still_missing,still_missing,still_missing,still_missing,still_missing,still_missing,still_missing,still_missing,still_missing,still_missing,still_missing,still_missing,still_missing,still_missing,still_missing,still_missing,native
475,Gadchiroli,Maharashtra,,illustrative_placeholder,,,,,,,,,,,,,,2,,,,,,,,,,,,,1,still_missing,still_missing,still_missing,still_missing,still_missing,still_missing,still_missing,still_missing,still_missing,still_missing,still_missing,still_missing,still_missing,native,still_missing,still_missing,still_missing,still_missing,still_missing,still_missing,still_missing,still_missing,still_missing,still_missing,still_missing,still_missing,native
353,Gajapati,Odisha,,illustrative_placeholder,,,,,,,,,,,,,,1,,,,,,,,,,,,,1,still_missing,still_missing,still_missing,still_missing,still_missing,still_missing,still_missing,still_missing,still_missing,still_missing,still_missing,still_missing,still_missing,state_mean,still_missing,still_missing,still_missing,still_missing,still_missing,still_missing,still_missing,still_missing,still_missing,still_missing,still_missing,still_missing,native
626,Ganderbal,Jammu And Kashmir,,illustrative_placeholder,,,,,,,,,,,,,,,,,,,,,,,,,,,0,still_missing,still_missing,still_missing,still_missing,still_missing,still_missing,still_missing,still_missing,still_missing,still_missing,still_missing,still_missing,still_missing,still_missing,still_missing,still_missing,still_missing,still_missing,still_missing,still_missing,still_missing,still_missing,still_missing,still_missing,still_missing,still_missing,native
734,Gaurela-Pendra-Marwahi,Chhattisgarh,,illustrative_placeholder,44.9,29.1,38.9,96.7,3.0,1.0,22.6,36.4,2914.0,90.0,21.0,11.6,14.3,,,,,,,,,,,,,,0,state_mean,state_mean,state_mean,state_mean,state_mean,state_mean,state_mean,state_mean,state_mean,state_mean,state_mean,state_mean,state_mean,still_missing,still_missing,still_missing,still_missing,still_missing,still_missing,still_missing,still_missing,still_missing,still_missing,still_missing,still_missing,still_missing,native
329,Giridih,Jharkhand,,illustrative_placeholder,,,,,,,,,,,,,,,,,,,,,,,,,,,1,still_missing,still_missing,still_missing,still_missing,still_missing,still_missing,still_missing,still_missing,still_missing,still_missing,still_missing,still_missing,still_missing,still_missing,still_missing,still_missing,still_missing,still_missing,still_missing,still_missing,still_missing,still_missing,still_missing,still_missing,still_missing,still_missing,native
675,Gir Somnath,Gujarat,,illustrative_placeholder,,,,,,,,,,,,,,,,,,,,,,,,,,,0,still_missing,still_missing,still_missing,still_missing,still_missing,still_missing,still_missing,still_missing,still_missing,still_missing,still_missing,still_missing,still_missing,still_missing,still_missing,still_missing,still_missing,still_missing,still_missing,still_missing,still_missing,still_missing,still_missing,still_missing,still_missing,still_missing,native
287,Goalpara,Assam,,illustrative_placeholder,,,,,,,,,,,,,,,,,,,,,,,,,,,1,still_missing,still_missing,still_missing,still_missing,still_missing,still_missing,still_missing,still_missing,still_missing,still_missing,still_missing,still_missing,still_missing,still_missing,still_missing,still_missing,still_missing,still_missing,still_missing,still_missing,still_missing,still_missing,still_missing,still_missing,still_missing,still_missing,native
476,Gondia,Maharashtra,,illustrative_placeholder,,,,,,,,,,,,,,6,,,,,,,,,,,,,0,still_missing,still_missing,still_missing,still_missing,still_missing,still_missing,still_missing,still_missing,still_missing,still_missing,still_missing,still_missing,still_missing,native,still_missing,still_missing,still_missing,still_missing,still_missing,still_missing,still_missing,still_missing,still_missing,still_missing,still_missing,still_missing,native
506,Guntur,Andhra Pradesh,,illustrative_placeholder,22.1,17.9,29.1,99.6,3.0,1.0,65.0,74.5,1452.0,90.0,31.3,22.7,25.9,26,,,,,,,,,,,,,0,native,native,native,native,native,native,native,native,native,native,native,native,native,native,still_missing,still_missing,still_missing,still_missing,still_missing,still_missing,still_missing,still_missing,still_missing,still_missing,still_missing,still_missing,native
709,Hojai,Assam,,illustrative_placeholder,,,,,,,,,,,,,,,,,,,,,,,,,,,0,still_missing,still_missing,still_missing,still_missing,still_missing,still_missing,still_missing,still_missing,still_missing,still_missing,still_missing,still_missing,still_missing,still_missing,still_missing,still_missing,still_missing,still_missing,still_missing,still_missing,still_missing,still_missing,still_missing,still_missing,still_missing,still_missing,native
312,Hooghly,West Bengal,,illustrative_placeholder,,,,,,,,,,,,,,,,,,,,,,,,,,,0,still_missing,still_missing,still_missing,still_missing,still_missing,still_missing,still_missing,still_missing,still_missing,still_missing,still_missing,still_missing,still_missing,still_missing,still_missing,still_missing,still_missing,still_missing,still_missing,still_missing,still_missing,still_missing,still_missing,still_missing,still_missing,still_missing,native
33,Hoshiarpur,Punjab,,illustrative_placeholder,,,,,,,,,,,,,,,,,,,,,,,,,,,0,still_missing,still_missing,still_missing,still_missing,still_missing,still_missing,still_missing,still_missing,still_missing,still_missing,still_missing,still_missing,still_missing,still_missing,still_missing,still_missing,still_missing,still_missing,still_missing,still_missing,still_missing,still_missing,still_missing,still_missing,still_missing,still_missing,native
313,Howrah,West Bengal,,illustrative_placeholder,,,,,,,,,,,,,,,,,,,,,,,,,,,0,still_missing,still_missing,still_missing,still_missing,still_missing,still_missing,still_missing,still_missing,still_missing,still_missing,still_missing,still_missing,still_missing,still_missing,still_missing,still_missing,still_missing,still_missing,still_missing,still_missing,still_missing,still_missing,still_missing,still_missing,still_missing,still_missing,native
256,Imphal West,Manipur,,illustrative_placeholder,,,,,,,,,,,,,,,,,,,,,,,,,,,0,still_missing,still_missing,still_missing,still_missing,still_missing,still_missing,still_missing,still_missing,still_missing,still_missing,still_missing,still_missing,still_missing,still_missing,still_missing,still_missing,still_missing,still_missing,still_missing,still_missing,still_missing,still_missing,still_missing,still_missing,still_missing,still_missing,native
411,Jabalpur,Madhya Pradesh,,illustrative_placeholder,,,,,,,,,,,,,,35,,,,,,,,,,,,,0,still_missing,still_missing,still_missing,still_missing,still_missing,still_missing,still_missing,still_missing,still_missing,still_missing,still_missing,still_missing,still_missing,native,still_missing,still_missing,still_missing,still_missing,still_missing,still_missing,still_missing,still_missing,still_missing,still_missing,still_missing,still_missing,native
34,Jalandhar,Punjab,,illustrative_placeholder,,,,,,,,,,,,,,,,,,,,,,,,,,,0,still_missing,still_missing,still_missing,still_missing,still_missing,still_missing,still_missing,still_missing,still_missing,still_missing,still_missing,still_missing,still_missing,still_missing,still_missing,still_missing,still_missing,still_missing,still_missing,still_missing,still_missing,still_missing,still_missing,still_missing,still_missing,still_missing,native
478,Jalgaon,Maharashtra,,illustrative_placeholder,,,,,,,,,,,,,,14,,,,,,,,,,,,,0,still_missing,still_missing,still_missing,still_missing,still_missing,still_missing,still_missing,still_missing,still_missing,still_missing,still_missing,still_missing,still_missing,native,still_missing,still_missing,still_missing,still_missing,still_missing,still_missing,still_missing,still_missing,still_missing,still_missing,still_missing,still_missing,native
5,Jammu,Jammu And Kashmir,,illustrative_placeholder,,,,,,,,,,,,,,,,,,,,,,,,,,,0,still_missing,still_missing,still_missing,still_missing,still_missing,still_missing,still_missing,still_missing,still_missing,still_missing,still_missing,still_missing,still_missing,still_missing,still_missing,still_missing,still_missing,still_missing,still_missing,still_missing,still_missing,still_missing,still_missing,still_missing,still_missing,still_missing,native
106,Jhunjhunu,Rajasthan,,illustrative_placeholder,,,,,,,,,,,,,,,,,,,,,,,,,,,0,still_missing,still_missing,still_missing,still_missing,still_missing,still_missing,still_missing,still_missing,still_missing,still_missing,still_missing,still_missing,still_missing,still_missing,still_missing,still_missing,still_missing,still_missing,still_missing,still_missing,still_missing,still_missing,still_missing,still_missing,still_missing,still_missing,native
695,Jogulamba Gadwal,Telangana,,illustrative_placeholder,49.7,17.3,41.7,99.8,3.0,1.0,73.7,61.8,2832.0,90.0,90.0,9.3,14.3,3,,,,,,,,,,,,,0,native,native,native,native,native,native,native,native,native,native,native,native,native,native,still_missing,still_missing,still_missing,still_missing,still_missing,still_missing,still_missing,still_missing,still_missing,still_missing,still_missing,still_missing,native
711,Kakching,Manipur,,illustrative_placeholder,,,,,,,,,,,,,,,,,,,,,,,,,,,0,still_missing,still_missing,still_missing,still_missing,still_missing,still_missing,still_missing,still_missing,still_missing,still_missing,still_missing,still_missing,still_missing,still_missing,still_missing,still_missing,still_missing,still_missing,still_missing,still_missing,still_missing,still_missing,still_missing,still_missing,still_missing,still_missing,native
538,Kalaburagi,Karnataka,,illustrative_placeholder,52.2,34.0,56.7,98.7,3.0,1.0,30.2,22.9,2134.0,90.0,24.8,11.4,15.1,43,,,,,,,,,,,,,0,native,native,native,native,native,native,native,native,native,native,native,native,native,native,still_missing,still_missing,still_missing,still_missing,still_missing,still_missing,still_missing,still_missing,still_missing,still_missing,still_missing,still_missing,native
717,Kamjong,Manipur,,illustrative_placeholder,,,,,,,,,,,,,,,,,,,,,,,,,,,0,still_missing,still_missing,still_missing,still_missing,still_missing,still_missing,still_missing,still_missing,still_missing,still_missing,still_missing,still_missing,still_missing,still_missing,still_missing,still_missing,still_missing,still_missing,still_missing,still_missing,still_missing,still_missing,still_missing,still_missing,still_missing,still_missing,native
291,Kamrup,Assam,,illustrative_placeholder,,,,,,,,,,,,,,,,,,,,,,,,,,,0,still_missing,still_missing,still_missing,still_missing,still_missing,still_missing,still_missing,still_missing,still_missing,still_missing,still_missing,still_missing,still_missing,still_missing,still_missing,still_missing,still_missing,still_missing,still_missing,still_missing,still_missing,still_missing,still_missing,still_missing,still_missing,still_missing,native
712,Kangpokpi,Manipur,,illustrative_placeholder,,,,,,,,,,,,,,,,,,,,,,,,,,,0,still_missing,still_missing,still_missing,still_missing,still_missing,still_missing,still_missing,still_missing,still_missing,still_missing,still_missing,still_missing,still_missing,still_missing,still_missing,still_missing,still_missing,still_missing,still_missing,still_missing,still_missing,still_missing,still_missing,still_missing,still_missing,still_missing,native
292,Karbi Anglong,Assam,,illustrative_placeholder,,,,,,,,,,,,,,,,,,,,,,,,,,,0,still_missing,still_missing,still_missing,still_missing,still_missing,still_missing,still_missing,still_missing,still_missing,still_missing,still_missing,still_missing,still_missing,still_missing,still_missing,still_missing,still_missing,still_missing,still_missing,still_missing,still_missing,still_missing,still_missing,still_missing,still_missing,still_missing,native
558,Kasaragod,Kerala,,illustrative_placeholder,18.7,9.7,13.9,99.1,3.0,1.0,98.0,37.5,6659.0,90.0,90.0,20.4,22.3,43,,,,,,,,,,,,,0,native,native,native,native,native,native,native,native,native,native,native,native,native,native,still_missing,still_missing,still_missing,still_missing,still_missing,still_missing,still_missing,still_missing,still_missing,still_missing,still_missing,still_missing,native
509,Khammam,Telangana,,illustrative_placeholder,22.2,24.7,26.2,99.7,3.0,1.0,84.5,60.4,3771.0,90.0,90.0,17.7,17.7,5,,,,,,,,,,,,,0,native,native,native,native,native,native,native,native,native,native,native,native,native,native,still_missing,still_missing,still_missing,still_missing,still_missing,still_missing,still_missing,still_missing,still_missing,still_missing,still_missing,still_missing,native
728,Khawzawl,Mizoram,,illustrative_placeholder,,,,,,,,,,,,,,,,,,,,,,,,,,,0,still_missing,still_missing,still_missing,still_missing,still_missing,still_missing,still_missing,still_missing,still_missing,still_missing,still_missing,still_missing,still_missing,still_missing,still_missing,still_missing,still_missing,still_missing,still_missing,still_missing,still_missing,still_missing,still_missing,still_missing,still_missing,still_missing,native
362,Khordha,Odisha,,illustrative_placeholder,,,,,,,,,,,,,,1,,,,,,,,,,,,,0,still_missing,still_missing,still_missing,still_missing,still_missing,still_missing,still_missing,still_missing,still_missing,still_missing,still_missing,still_missing,still_missing,state_mean,still_missing,still_missing,still_missing,still_missing,still_missing,still_missing,still_missing,still_missing,still_missing,still_missing,still_missing,still_missing,native
541,Kodagu,Karnataka,,illustrative_placeholder,29.8,16.4,25.7,96.9,3.0,1.0,85.2,33.7,5980.0,90.0,33.3,17.4,19.3,20,,,,,,,,,,,,,0,native,native,native,native,native,native,native,native,native,native,native,native,native,native,still_missing,still_missing,still_missing,still_missing,still_missing,still_missing,still_missing,still_missing,still_missing,still_missing,still_missing,still_missing,native
363,Koraput,Odisha,,illustrative_placeholder,,,,,,,,,,,,,,1,,,,,,,,,,,,,1,still_missing,still_missing,still_missing,still_missing,still_missing,still_missing,still_missing,still_missing,still_missing,still_missing,still_missing,still_missing,still_missing,state_mean,still_missing,still_missing,still_missing,still_missing,still_missing,still_missing,still_missing,still_missing,still_missing,still_missing,still_missing,still_missing,native
383,Korba,Chhattisgarh,,illustrative_placeholder,44.9,29.1,38.9,96.7,3.0,1.0,22.6,36.4,2914.0,90.0,21.0,11.6,14.3,,,,,,,,,,,,,,1,state_mean,state_mean,state_mean,state_mean,state_mean,state_mean,state_mean,state_mean,state_mean,state_mean,state_mean,state_mean,state_mean,still_missing,still_missing,still_missing,still_missing,still_missing,still_missing,still_missing,still_missing,still_missing,still_missing,still_missing,still_missing,still_missing,native
384,Korea,Chhattisgarh,,illustrative_placeholder,44.9,29.1,38.9,96.7,3.0,1.0,22.6,36.4,2914.0,90.0,21.0,11.6,14.3,,,,,,,,,,,,,,0,state_mean,state_mean,state_mean,state_mean,state_mean,state_mean,state_mean,state_mean,state_mean,state_mean,state_mean,state_mean,state_mean,still_missing,still_missing,still_missing,still_missing,still_missing,still_missing,still_missing,still_missing,still_missing,still_missing,still_missing,still_missing,still_missing,native
677,Kra Daadi,Arunachal Pradesh,,illustrative_placeholder,,,,,,,,,,,,,,,,,,,,,,,,,,,0,still_missing,still_missing,still_missing,still_missing,still_missing,still_missing,still_missing,still_missing,still_missing,still_missing,still_missing,still_missing,still_missing,still_missing,still_missing,still_missing,still_missing,still_missing,still_missing,still_missing,still_missing,still_missing,still_missing,still_missing,still_missing,still_missing,native
577,Krishnagiri,Tamil Nadu,,illustrative_placeholder,25.1,20.1,23.1,99.2,3.0,1.0,43.9,73.2,2142.0,90.0,90.0,14.0,15.0,26,,,,,,,,,,,,,0,native,native,native,native,native,native,native,native,native,native,native,native,native,native,still_missing,still_missing,still_missing,still_missing,still_missing,still_missing,still_missing,still_missing,still_missing,still_missing,still_missing,still_missing,native
68,Kurukshetra,Haryana,,illustrative_placeholder,,,,,,,,,,,,,,,,,,,,,,,,,,,0,still_missing,still_missing,still_missing,still_missing,still_missing,still_missing,still_missing,still_missing,still_missing,still_missing,still_missing,still_missing,still_missing,still_missing,still_missing,still_missing,still_missing,still_missing,still_missing,still_missing,still_missing,still_missing,still_missing,still_missing,still_missing,still_missing,native
21,Lahaul And Spiti,Himachal Pradesh,,illustrative_placeholder,,,,,,,,,,,,,,,,,,,,,,,,,,,0,still_missing,still_missing,still_missing,still_missing,still_missing,still_missing,still_missing,still_missing,still_missing,still_missing,still_missing,still_missing,still_missing,still_missing,still_missing,still_missing,still_missing,still_missing,still_missing,still_missing,still_missing,still_missing,still_missing,still_missing,still_missing,still_missing,native
295,Lakhimpur,Assam,,illustrative_placeholder,,,,,,,,,,,,,,,,,,,,,,,,,,,0,still_missing,still_missing,still_missing,still_missing,still_missing,still_missing,still_missing,still_missing,still_missing,still_missing,still_missing,still_missing,still_missing,still_missing,still_missing,still_missing,still_missing,still_missing,still_missing,still_missing,still_missing,still_missing,still_missing,still_missing,still_missing,still_missing,native
724,Leparada,Arunachal Pradesh,,illustrative_placeholder,,,,,,,,,,,,,,,,,,,,,,,,,,,0,still_missing,still_missing,still_missing,still_missing,still_missing,still_missing,still_missing,still_missing,still_missing,still_missing,still_missing,still_missing,still_missing,still_missing,still_missing,still_missing,still_missing,still_missing,still_missing,still_missing,still_missing,still_missing,still_missing,still_missing,still_missing,still_missing,native
666,Longding,Arunachal Pradesh,,illustrative_placeholder,,,,,,,,,,,,,,,,,,,,,,,,,,,0,still_missing,still_missing,still_missing,still_missing,still_missing,still_missing,still_missing,still_missing,still_missing,still_missing,still_missing,still_missing,still_missing,still_missing,still_missing,still_missing,still_missing,still_missing,still_missing,still_missing,still_missing,still_missing,still_missing,still_missing,still_missing,still_missing,native
236,Lower Subansiri,Arunachal Pradesh,,illustrative_placeholder,,,,,,,,,,,,,,,,,,,,,,,,,,,0,still_missing,still_missing,still_missing,still_missing,still_missing,still_missing,still_missing,still_missing,still_missing,still_missing,still_missing,still_missing,still_missing,still_missing,still_missing,still_missing,still_missing,still_missing,still_missing,still_missing,still_missing,still_missing,still_missing,still_missing,still_missing,still_missing,native
36,Ludhiana,Punjab,,illustrative_placeholder,,,,,,,,,,,,,,,,,,,,,,,,,,,0,still_missing,still_missing,still_missing,still_missing,still_missing,still_missing,still_missing,still_missing,still_missing,still_missing,still_missing,still_missing,still_missing,still_missing,still_missing,still_missing,still_missing,still_missing,still_missing,still_missing,still_missing,still_missing,still_missing,still_missing,still_missing,still_missing,native
512,Mahabubnagar,Telangana,,illustrative_placeholder,42.6,17.8,33.0,99.4,3.0,1.0,73.7,70.3,2369.0,90.0,90.0,10.8,14.2,9,,,,,,,,,,,,,0,native,native,native,native,native,native,native,native,native,native,native,native,native,native,still_missing,still_missing,still_missing,still_missing,still_missing,still_missing,still_missing,still_missing,still_missing,still_missing,still_missing,still_missing,native
385,Mahasamund,Chhattisgarh,,illustrative_placeholder,44.9,29.1,38.9,96.7,3.0,1.0,22.6,36.4,2914.0,90.0,21.0,11.6,14.3,,,,,,,,,,,,,,1,state_mean,state_mean,state_mean,state_mean,state_mean,state_mean,state_mean,state_mean,state_mean,state_mean,state_mean,state_mean,state_mean,still_missing,still_missing,still_missing,still_missing,still_missing,still_missing,still_missing,still_missing,still_missing,still_missing,still_missing,still_missing,still_missing,native
599,Mahe,Puducherry,,illustrative_placeholder,31.3,6.3,13.1,99.8,3.0,1.0,98.2,43.8,2721.0,90.0,90.0,27.1,28.6,0,,,,,,,,,,1.0,,,0,native,native,native,native,native,native,native,native,native,native,native,native,native,native,still_missing,still_missing,still_missing,still_missing,still_missing,still_missing,still_missing,still_missing,still_missing,state_mean,still_missing,still_missing,native
416,Mandsaur,Madhya Pradesh,,illustrative_placeholder,,,,,,,,,,,,,,12,,,,,,,,,,,,,0,still_missing,still_missing,still_missing,still_missing,still_missing,still_missing,still_missing,still_missing,still_missing,still_missing,still_missing,still_missing,still_missing,native,still_missing,still_missing,still_missing,still_missing,still_missing,still_missing,still_missing,still_missing,still_missing,still_missing,still_missing,still_missing,native
544,Mandya,Karnataka,,illustrative_placeholder,18.6,23.2,20.3,98.8,3.0,1.0,58.3,30.6,3051.0,90.0,29.8,16.1,18.2,52,,,,,,,,,,,,,0,native,native,native,native,native,native,native,native,native,native,native,native,native,native,still_missing,still_missing,still_missing,still_missing,still_missing,still_missing,still_missing,still_missing,still_missing,still_missing,still_missing,still_missing,native
766,MAUGANJ,Madhya Pradesh,,illustrative_placeholder,,,,,,,,,,,,,,2,,,,,,,,,,,,,0,still_missing,still_missing,still_missing,still_missing,still_missing,still_missing,still_missing,still_missing,still_missing,still_missing,still_missing,still_missing,still_missing,native,still_missing,still_missing,still_missing,still_missing,still_missing,still_missing,still_missing,still_missing,still_missing,still_missing,still_missing,still_missing,native
761,Mohla-Manpur-Ambagarh Chouki,Chhattisgarh,,illustrative_placeholder,44.9,29.1,38.9,96.7,3.0,1.0,22.6,36.4,2914.0,90.0,21.0,11.6,14.3,,,,,,,,,,,,,,0,state_mean,state_mean,state_mean,state_mean,state_mean,state_mean,state_mean,state_mean,state_mean,state_mean,state_mean,state_mean,state_mean,still_missing,still_missing,still_missing,still_missing,still_missing,still_missing,still_missing,still_missing,still_missing,still_missing,still_missing,still_missing,still_missing,native
297,Nagaon,Assam,,illustrative_placeholder,,,,,,,,,,,,,,,,,,,,,,,,,,,0,still_missing,still_missing,still_missing,still_missing,still_missing,still_missing,still_missing,still_missing,still_missing,still_missing,still_missing,still_missing,still_missing,still_missing,still_missing,still_missing,still_missing,still_missing,still_missing,still_missing,still_missing,still_missing,still_missing,still_missing,still_missing,still_missing,native
298,Nalbari,Assam,,illustrative_placeholder,,,,,,,,,,,,,,,,,,,,,,,,,,,0,still_missing,still_missing,still_missing,still_missing,still_missing,still_missing,still_missing,still_missing,still_missing,still_missing,still_missing,still_missing,still_missing,still_missing,still_missing,still_missing,still_missing,still_missing,still_missing,still_missing,still_missing,still_missing,still_missing,still_missing,still_missing,still_missing,native
580,Namakkal,Tamil Nadu,,illustrative_placeholder,25.2,15.0,18.0,99.6,3.0,1.0,51.3,57.4,2429.0,90.0,90.0,19.7,24.0,27,,,,,,,,,,,,,0,native,native,native,native,native,native,native,native,native,native,native,native,native,native,still_missing,still_missing,still_missing,still_missing,still_missing,still_missing,still_missing,still_missing,still_missing,still_missing,still_missing,still_missing,native
678,Namsai,Arunachal Pradesh,,illustrative_placeholder,,,,,,,,,,,,,,,,,,,,,,,,,,,1,still_missing,still_missing,still_missing,still_missing,still_missing,still_missing,still_missing,still_missing,still_missing,still_missing,still_missing,still_missing,still_missing,still_missing,still_missing,still_missing,still_missing,still_missing,still_missing,still_missing,still_missing,still_missing,still_missing,still_missing,still_missing,still_missing,native
755,Nandyal,Andhra Pradesh,,illustrative_placeholder,30.766666666666666,17.041666666666668,31.53333333333333,99.13333333333334,3.0,1.0,51.61666666666667,75.25,2368.5833333333335,90.0,28.691666666666666,19.308333333333334,21.358333333333334,8,,,,,,,,,,,,,0,state_mean,state_mean,state_mean,state_mean,state_mean,state_mean,state_mean,state_mean,state_mean,state_mean,state_mean,state_mean,state_mean,native,still_missing,still_missing,still_missing,still_missing,still_missing,still_missing,still_missing,still_missing,still_missing,still_missing,still_missing,still_missing,native
773,Neem Ka Thana,Rajasthan,,illustrative_placeholder,,,,,,,,,,,,,,,,,,,,,,,,,,,0,still_missing,still_missing,still_missing,still_missing,still_missing,still_missing,still_missing,still_missing,still_missing,still_missing,still_missing,still_missing,still_missing,still_missing,still_missing,still_missing,still_missing,still_missing,still_missing,still_missing,still_missing,still_missing,still_missing,still_missing,still_missing,still_missing,native
79,New Delhi,Delhi,,illustrative_placeholder,,,,,,,,,,,,,,,,,,,,,,,,,,,0,still_missing,still_missing,still_missing,still_missing,still_missing,still_missing,still_missing,still_missing,still_missing,still_missing,still_missing,still_missing,still_missing,still_missing,still_missing,still_missing,still_missing,still_missing,still_missing,still_missing,still_missing,still_missing,still_missing,still_missing,still_missing,still_missing,native
368,Nuapada,Odisha,,illustrative_placeholder,,,,,,,,,,,,,,1,,,,,,,,,,,,,1,still_missing,still_missing,still_missing,still_missing,still_missing,still_missing,still_missing,still_missing,still_missing,still_missing,still_missing,still_missing,still_missing,state_mean,still_missing,still_missing,still_missing,still_missing,still_missing,still_missing,still_missing,still_missing,still_missing,still_missing,still_missing,still_missing,native
454,Panch Mahals,Gujarat,,illustrative_placeholder,,,,,,,,,,,,,,,,,,,,,,,,,,,0,still_missing,still_missing,still_missing,still_missing,still_missing,still_missing,still_missing,still_missing,still_missing,still_missing,still_missing,still_missing,still_missing,still_missing,still_missing,still_missing,still_missing,still_missing,still_missing,still_missing,still_missing,still_missing,still_missing,still_missing,still_missing,still_missing,native
211,Pashchim Champaran,Bihar,,illustrative_placeholder,,,,,,,,,,,,,,,,,,,,,,,,,,,0,still_missing,still_missing,still_missing,still_missing,still_missing,still_missing,still_missing,still_missing,still_missing,still_missing,still_missing,still_missing,still_missing,still_missing,still_missing,still_missing,still_missing,still_missing,still_missing,still_missing,still_missing,still_missing,still_missing,still_missing,still_missing,still_missing,native
455,Patan,Gujarat,,illustrative_placeholder,,,,,,,,,,,,,,,,,,,,,,,,,,,0,still_missing,still_missing,still_missing,still_missing,still_missing,still_missing,still_missing,still_missing,still_missing,still_missing,still_missing,still_missing,still_missing,still_missing,still_missing,still_missing,still_missing,still_missing,still_missing,still_missing,still_missing,still_missing,still_missing,still_missing,still_missing,still_missing,native
581,Perambalur,Tamil Nadu,,illustrative_placeholder,24.0,18.2,22.0,99.1,3.0,1.0,37.8,81.2,2668.0,90.0,90.0,21.0,23.2,9,,,,,,,,,,,,,0,native,native,native,native,native,native,native,native,native,native,native,native,native,native,still_missing,still_missing,still_missing,still_missing,still_missing,still_missing,still_missing,still_missing,still_missing,still_missing,still_missing,still_missing,native
613,Peren,Nagaland,,illustrative_placeholder,,,,,,,,,,,,,,,,,,,,,,,,,,,0,still_missing,still_missing,still_missing,still_missing,still_missing,still_missing,still_missing,still_missing,still_missing,still_missing,still_missing,still_missing,still_missing,still_missing,still_missing,still_missing,still_missing,still_missing,still_missing,still_missing,still_missing,still_missing,still_missing,still_missing,still_missing,still_missing,native
248,Phek,Nagaland,,illustrative_placeholder,,,,,,,,,,,,,,,,,,,,,,,,,,,0,still_missing,still_missing,still_missing,still_missing,still_missing,still_missing,still_missing,still_missing,still_missing,still_missing,still_missing,still_missing,still_missing,still_missing,still_missing,still_missing,still_missing,still_missing,still_missing,still_missing,still_missing,still_missing,still_missing,still_missing,still_missing,still_missing,native
715,Pherzawl,Manipur,,illustrative_placeholder,,,,,,,,,,,,,,,,,,,,,,,,,,,0,still_missing,still_missing,still_missing,still_missing,still_missing,still_missing,still_missing,still_missing,still_missing,still_missing,still_missing,still_missing,still_missing,still_missing,still_missing,still_missing,still_missing,still_missing,still_missing,still_missing,still_missing,still_missing,still_missing,still_missing,still_missing,still_missing,native
517,Prakasam,Andhra Pradesh,,illustrative_placeholder,28.2,15.3,30.3,98.8,3.0,1.0,53.7,75.3,1909.0,90.0,33.0,23.2,30.2,16,,,,,,,,,,,,,0,native,native,native,native,native,native,native,native,native,native,native,native,native,native,still_missing,still_missing,still_missing,still_missing,still_missing,still_missing,still_missing,still_missing,still_missing,still_missing,still_missing,still_missing,native
629,Pratapgarh,Rajasthan,,illustrative_placeholder,,,,,,,,,,,,,,,,,,,,,,,,,,,0,still_missing,still_missing,still_missing,still_missing,still_missing,still_missing,still_missing,still_missing,still_missing,still_missing,still_missing,still_missing,still_missing,still_missing,still_missing,still_missing,still_missing,still_missing,still_missing,still_missing,still_missing,still_missing,still_missing,still_missing,still_missing,still_missing,native
582,Pudukkottai,Tamil Nadu,,illustrative_placeholder,26.7,20.9,25.0,97.7,3.0,1.0,35.3,77.1,3709.0,90.0,90.0,18.5,23.0,33,,,,,,,,,,,,,0,native,native,native,native,native,native,native,native,native,native,native,native,native,native,still_missing,still_missing,still_missing,still_missing,still_missing,still_missing,still_missing,still_missing,still_missing,still_missing,still_missing,still_missing,native
317,Purba Medinipur,West Bengal,,illustrative_placeholder,,,,,,,,,,,,,,,,,,,,,,,,,,,0,still_missing,still_missing,still_missing,still_missing,still_missing,still_missing,still_missing,still_missing,still_missing,still_missing,still_missing,still_missing,still_missing,still_missing,still_missing,still_missing,still_missing,still_missing,still_missing,still_missing,still_missing,still_missing,still_missing,still_missing,still_missing,still_missing,native
214,Purnia,Bihar,,illustrative_placeholder,,,,,,,,,,,,,,,,,,,,,,,,,,,0,still_missing,still_missing,still_missing,still_missing,still_missing,still_missing,still_missing,still_missing,still_missing,still_missing,still_missing,still_missing,still_missing,still_missing,still_missing,still_missing,still_missing,still_missing,still_missing,still_missing,still_missing,still_missing,still_missing,still_missing,still_missing,still_missing,native
321,Purulia,West Bengal,,illustrative_placeholder,,,,,,,,,,,,,,,,,,,,,,,,,,,0,still_missing,still_missing,still_missing,still_missing,still_missing,still_missing,still_missing,still_missing,still_missing,still_missing,still_missing,still_missing,still_missing,still_missing,still_missing,still_missing,still_missing,still_missing,still_missing,still_missing,still_missing,still_missing,still_missing,still_missing,still_missing,still_missing,native
388,Rajnandgaon,Chhattisgarh,,illustrative_placeholder,44.9,29.1,38.9,96.7,3.0,1.0,22.6,36.4,2914.0,90.0,21.0,11.6,14.3,,,,,,,,,,,,,,1,state_mean,state_mean,state_mean,state_mean,state_mean,state_mean,state_mean,state_mean,state_mean,state_mean,state_mean,state_mean,state_mean,still_missing,still_missing,still_missing,still_missing,still_missing,still_missing,still_missing,still_missing,still_missing,still_missing,still_missing,still_missing,still_missing,native
112,Rajsamand,Rajasthan,,illustrative_placeholder,,,,,,,,,,,,,,,,,,,,,,,,,,,0,still_missing,still_missing,still_missing,still_missing,still_missing,still_missing,still_missing,still_missing,still_missing,still_missing,still_missing,still_missing,still_missing,still_missing,still_missing,still_missing,still_missing,still_missing,still_missing,still_missing,still_missing,still_missing,still_missing,still_missing,still_missing,still_missing,native
583,Ramanathapuram,Tamil Nadu,,illustrative_placeholder,22.5,17.0,22.6,98.6,3.0,1.0,47.0,59.3,4157.0,90.0,90.0,17.2,20.2,16,,,,,,,,,,,,,1,native,native,native,native,native,native,native,native,native,native,native,native,native,native,still_missing,still_missing,still_missing,still_missing,still_missing,still_missing,still_missing,still_missing,still_missing,still_missing,still_missing,still_missing,native
339,Ranchi,Jharkhand,,illustrative_placeholder,,,,,,,,,,,,,,,,,,,,,,,,,,,1,still_missing,still_missing,still_missing,still_missing,still_missing,still_missing,still_missing,still_missing,still_missing,still_missing,still_missing,still_missing,still_missing,still_missing,still_missing,still_missing,still_missing,still_missing,still_missing,still_missing,still_missing,still_missing,still_missing,still_missing,still_missing,still_missing,native
492,Ratnagiri,Maharashtra,,illustrative_placeholder,,,,,,,,,,,,,,4,,,,,,,,,,,,,0,still_missing,still_missing,still_missing,still_missing,still_missing,still_missing,still_missing,still_missing,still_missing,still_missing,still_missing,still_missing,still_missing,native,still_missing,still_missing,still_missing,still_missing,still_missing,still_missing,still_missing,still_missing,still_missing,still_missing,still_missing,still_missing,native
370,Rayagada,Odisha,,illustrative_placeholder,,,,,,,,,,,,,,1,,,,,,,,,,,,,1,still_missing,still_missing,still_missing,still_missing,still_missing,still_missing,still_missing,still_missing,still_missing,still_missing,still_missing,still_missing,still_missing,state_mean,still_missing,still_missing,still_missing,still_missing,still_missing,still_missing,still_missing,still_missing,still_missing,still_missing,still_missing,still_missing,native
216,Saharsa,Bihar,,illustrative_placeholder,,,,,,,,,,,,,,,,,,,,,,,,,,,0,still_missing,still_missing,still_missing,still_missing,still_missing,still_missing,still_missing,still_missing,still_missing,still_missing,still_missing,still_missing,still_missing,still_missing,still_missing,still_missing,still_missing,still_missing,still_missing,still_missing,still_missing,still_missing,still_missing,still_missing,still_missing,still_missing,native
340,Sahebganj,Jharkhand,,illustrative_placeholder,,,,,,,,,,,,,,,,,,,,,,,,,,,1,still_missing,still_missing,still_missing,still_missing,still_missing,still_missing,still_missing,still_missing,still_missing,still_missing,still_missing,still_missing,still_missing,still_missing,still_missing,still_missing,still_missing,still_missing,still_missing,still_missing,still_missing,still_missing,still_missing,still_missing,still_missing,still_missing,native
762,Sakti,Chhattisgarh,,illustrative_placeholder,44.9,29.1,38.9,96.7,3.0,1.0,22.6,36.4,2914.0,90.0,21.0,11.6,14.3,,,,,,,,,,,,,,0,state_mean,state_mean,state_mean,state_mean,state_mean,state_mean,state_mean,state_mean,state_mean,state_mean,state_mean,state_mean,state_mean,still_missing,still_missing,still_missing,still_missing,still_missing,still_missing,still_missing,still_missing,still_missing,still_missing,still_missing,still_missing,still_missing,native
178,Sant Kabir Nagar,Uttar Pradesh,,illustrative_placeholder,,,,,,,,,,,,,,,,,,,,,,,,,,,0,still_missing,still_missing,still_missing,still_missing,still_missing,still_missing,still_missing,still_missing,still_missing,still_missing,still_missing,still_missing,still_missing,still_missing,still_missing,still_missing,still_missing,still_missing,still_missing,still_missing,still_missing,still_missing,still_missing,still_missing,still_missing,still_missing,native
341,Saraikela Kharsawan,Jharkhand,,illustrative_placeholder,,,,,,,,,,,,,,,,,,,,,,,,,,,0,still_missing,still_missing,still_missing,still_missing,still_missing,still_missing,still_missing,still_missing,still_missing,still_missing,still_missing,still_missing,still_missing,still_missing,still_missing,still_missing,still_missing,still_missing,still_missing,still_missing,still_missing,still_missing,still_missing,still_missing,still_missing,still_missing,native
113,Sawai Madhopur,Rajasthan,,illustrative_placeholder,,,,,,,,,,,,,,,,,,,,,,,,,,,0,still_missing,still_missing,still_missing,still_missing,still_missing,still_missing,still_missing,still_missing,still_missing,still_missing,still_missing,still_missing,still_missing,still_missing,still_missing,still_missing,still_missing,still_missing,still_missing,still_missing,still_missing,still_missing,still_missing,still_missing,still_missing,still_missing,native
653,Sepahijala,Tripura,,illustrative_placeholder,,,,,,,,,,,,,,,,,,,,,,,,,,,0,still_missing,still_missing,still_missing,still_missing,still_missing,still_missing,still_missing,still_missing,still_missing,still_missing,still_missing,still_missing,still_missing,still_missing,still_missing,still_missing,still_missing,still_missing,still_missing,still_missing,still_missing,still_missing,still_missing,still_missing,still_missing,still_missing,native
268,Serchhip,Mizoram,,illustrative_placeholder,,,,,,,,,,,,,,,,,,,,,,,,,,,0,still_missing,still_missing,still_missing,still_missing,still_missing,still_missing,still_missing,still_missing,still_missing,still_missing,still_missing,still_missing,still_missing,still_missing,still_missing,still_missing,still_missing,still_missing,still_missing,still_missing,still_missing,still_missing,still_missing,still_missing,still_missing,still_missing,native
429,Shahdol,Madhya Pradesh,,illustrative_placeholder,,,,,,,,,,,,,,9,,,,,,,,,,,,,0,still_missing,still_missing,still_missing,still_missing,still_missing,still_missing,still_missing,still_missing,still_missing,still_missing,still_missing,still_missing,still_missing,native,still_missing,still_missing,still_missing,still_missing,still_missing,still_missing,still_missing,still_missing,still_missing,still_missing,still_missing,still_missing,native
220,Sheohar,Bihar,,illustrative_placeholder,,,,,,,,,,,,,,,,,,,,,,,,,,,0,still_missing,still_missing,still_missing,still_missing,still_missing,still_missing,still_missing,still_missing,still_missing,still_missing,still_missing,still_missing,still_missing,still_missing,still_missing,still_missing,still_missing,still_missing,still_missing,still_missing,still_missing,still_missing,still_missing,still_missing,still_missing,still_missing,native
181,Shrawasti,Uttar Pradesh,,illustrative_placeholder,,,,,,,,,,,,,,,,,,,,,,,,,,,1,still_missing,still_missing,still_missing,still_missing,still_missing,still_missing,still_missing,still_missing,still_missing,still_missing,still_missing,still_missing,still_missing,still_missing,still_missing,still_missing,still_missing,still_missing,still_missing,still_missing,still_missing,still_missing,still_missing,still_missing,still_missing,still_missing,native
342,Simdega,Jharkhand,,illustrative_placeholder,,,,,,,,,,,,,,,,,,,,,,,,,,,1,still_missing,still_missing,still_missing,still_missing,still_missing,still_missing,still_missing,still_missing,still_missing,still_missing,still_missing,still_missing,still_missing,still_missing,still_missing,still_missing,still_missing,still_missing,still_missing,still_missing,still_missing,still_missing,still_missing,still_missing,still_missing,still_missing,native
222,Siwan,Bihar,,illustrative_placeholder,,,,,,,,,,,,,,,,,,,,,,,,,,,0,still_missing,still_missing,still_missing,still_missing,still_missing,still_missing,still_missing,still_missing,still_missing,still_missing,still_missing,still_missing,still_missing,still_missing,still_missing,still_missing,still_missing,still_missing,still_missing,still_missing,still_missing,still_missing,still_missing,still_missing,still_missing,still_missing,native
25,Solan,Himachal Pradesh,,illustrative_placeholder,,,,,,,,,,,,,,,,,,,,,,,,,,,0,still_missing,still_missing,still_missing,still_missing,still_missing,still_missing,still_missing,still_missing,still_missing,still_missing,still_missing,still_missing,still_missing,still_missing,still_missing,still_missing,still_missing,still_missing,still_missing,still_missing,still_missing,still_missing,still_missing,still_missing,still_missing,still_missing,native
670,South East,Delhi,,illustrative_placeholder,,,,,,,,,,,,,,,,,,,,,,,,,,,0,still_missing,still_missing,still_missing,still_missing,still_missing,still_missing,still_missing,still_missing,still_missing,still_missing,still_missing,still_missing,still_missing,still_missing,still_missing,still_missing,still_missing,still_missing,still_missing,still_missing,still_missing,still_missing,still_missing,still_missing,still_missing,still_missing,native
84,South West,Delhi,,illustrative_placeholder,,,,,,,,,,,,,,,,,,,,,,,,,,,0,still_missing,still_missing,still_missing,still_missing,still_missing,still_missing,still_missing,still_missing,still_missing,still_missing,still_missing,still_missing,still_missing,still_missing,still_missing,still_missing,still_missing,still_missing,still_missing,still_missing,still_missing,still_missing,still_missing,still_missing,still_missing,still_missing,native
648,Surajpur,Chhattisgarh,,illustrative_placeholder,44.9,29.1,38.9,96.7,3.0,1.0,22.6,36.4,2914.0,90.0,21.0,11.6,14.3,,,,,,,,,,,,,,0,state_mean,state_mean,state_mean,state_mean,state_mean,state_mean,state_mean,state_mean,state_mean,state_mean,state_mean,state_mean,state_mean,still_missing,still_missing,still_missing,still_missing,still_missing,still_missing,still_missing,still_missing,still_missing,still_missing,still_missing,still_missing,still_missing,native
389,Surguja,Chhattisgarh,,illustrative_placeholder,44.9,29.1,38.9,96.7,3.0,1.0,22.6,36.4,2914.0,90.0,21.0,11.6,14.3,,,,,,,,,,,,,,0,state_mean,state_mean,state_mean,state_mean,state_mean,state_mean,state_mean,state_mean,state_mean,state_mean,state_mean,state_mean,state_mean,still_missing,still_missing,still_missing,still_missing,still_missing,still_missing,still_missing,still_missing,still_missing,still_missing,still_missing,still_missing,still_missing,native
258,Tamenglong,Manipur,,illustrative_placeholder,,,,,,,,,,,,,,,,,,,,,,,,,,,0,still_missing,still_missing,still_missing,still_missing,still_missing,still_missing,still_missing,still_missing,still_missing,still_missing,still_missing,still_missing,still_missing,still_missing,still_missing,still_missing,still_missing,still_missing,still_missing,still_missing,still_missing,still_missing,still_missing,still_missing,still_missing,still_missing,native
609,Tarn Taran,Punjab,,illustrative_placeholder,,,,,,,,,,,,,,,,,,,,,,,,,,,0,still_missing,still_missing,still_missing,still_missing,still_missing,still_missing,still_missing,still_missing,still_missing,still_missing,still_missing,still_missing,still_missing,still_missing,still_missing,still_missing,still_missing,still_missing,still_missing,still_missing,still_missing,still_missing,still_missing,still_missing,still_missing,still_missing,native
238,Tawang,Arunachal Pradesh,,illustrative_placeholder,,,,,,,,,,,,,,,,,,,,,,,,,,,0,still_missing,still_missing,still_missing,still_missing,still_missing,still_missing,still_missing,still_missing,still_missing,still_missing,still_missing,still_missing,still_missing,still_missing,still_missing,still_missing,still_missing,still_missing,still_missing,still_missing,still_missing,still_missing,still_missing,still_missing,still_missing,still_missing,native
733,Tenkasi,Tamil Nadu,,illustrative_placeholder,26.635483870967743,19.838709677419356,23.95483870967742,98.88064516129032,3.0,1.0,50.04516129032258,64.81290322580645,2861.1290322580644,90.0,90.0,20.54193548387097,22.24516129032258,24,,,,,,,,,,,,,0,state_mean,state_mean,state_mean,state_mean,state_mean,state_mean,state_mean,state_mean,state_mean,state_mean,state_mean,state_mean,state_mean,native,still_missing,still_missing,still_missing,still_missing,still_missing,still_missing,still_missing,still_missing,still_missing,still_missing,still_missing,still_missing,native
586,Thanjavur,Tamil Nadu,,illustrative_placeholder,26.0,20.4,22.9,98.2,3.0,1.0,46.8,69.5,2050.0,90.0,90.0,23.3,29.0,72,,,,,,,,,,,,,0,native,native,native,native,native,native,native,native,native,native,native,native,native,native,still_missing,still_missing,still_missing,still_missing,still_missing,still_missing,still_missing,still_missing,still_missing,still_missing,still_missing,still_missing,native
587,The Nilgiris,Tamil Nadu,,illustrative_placeholder,33.1,31.0,30.7,97.6,3.0,1.0,63.8,71.8,2519.0,90.0,90.0,13.6,15.0,11,,,,,,,,,,,,,0,native,native,native,native,native,native,native,native,native,native,native,native,native,native,still_missing,still_missing,still_missing,still_missing,still_missing,still_missing,still_missing,still_missing,still_missing,still_missing,still_missing,still_missing,native
302,Tinsukia,Assam,,illustrative_placeholder,,,,,,,,,,,,,,,,,,,,,,,,,,,0,still_missing,still_missing,still_missing,still_missing,still_missing,still_missing,still_missing,still_missing,still_missing,still_missing,still_missing,still_missing,still_missing,still_missing,still_missing,still_missing,still_missing,still_missing,still_missing,still_missing,still_missing,still_missing,still_missing,still_missing,still_missing,still_missing,native
239,Tirap,Arunachal Pradesh,,illustrative_placeholder,,,,,,,,,,,,,,,,,,,,,,,,,,,0,still_missing,still_missing,still_missing,still_missing,still_missing,still_missing,still_missing,still_missing,still_missing,still_missing,still_missing,still_missing,still_missing,still_missing,still_missing,still_missing,still_missing,still_missing,still_missing,still_missing,still_missing,still_missing,still_missing,still_missing,still_missing,still_missing,native
732,Tirupathur,Tamil Nadu,,illustrative_placeholder,26.635483870967743,19.838709677419356,23.95483870967742,98.88064516129032,3.0,1.0,50.04516129032258,64.81290322580645,2861.1290322580644,90.0,90.0,20.54193548387097,22.24516129032258,13,,,,,,,,,,,,,0,state_mean,state_mean,state_mean,state_mean,state_mean,state_mean,state_mean,state_mean,state_mean,state_mean,state_mean,state_mean,state_mean,native,still_missing,still_missing,still_missing,still_missing,still_missing,still_missing,still_missing,still_missing,still_missing,still_missing,still_missing,still_missing,native
116,Tonk,Rajasthan,,illustrative_placeholder,,,,,,,,,,,,,,,,,,,,,,,,,,,0,still_missing,still_missing,still_missing,still_missing,still_missing,still_missing,still_missing,still_missing,still_missing,still_missing,still_missing,still_missing,still_missing,still_missing,still_missing,still_missing,still_missing,still_missing,still_missing,still_missing,still_missing,still_missing,still_missing,still_missing,still_missing,still_missing,native
549,Udupi,Karnataka,,illustrative_placeholder,21.1,20.9,22.3,98.7,3.0,1.0,89.8,45.4,4405.0,90.0,32.5,16.7,17.7,83,,,,,,,,,,,,,0,native,native,native,native,native,native,native,native,native,native,native,native,native,native,still_missing,still_missing,still_missing,still_missing,still_missing,still_missing,still_missing,still_missing,still_missing,still_missing,still_missing,still_missing,native
260,Ukhrul,Manipur,,illustrative_placeholder,,,,,,,,,,,,,,,,,,,,,,,,,,,0,still_missing,still_missing,still_missing,still_missing,still_missing,still_missing,still_missing,still_missing,still_missing,still_missing,still_missing,still_missing,still_missing,still_missing,still_missing,still_missing,still_missing,still_missing,still_missing,still_missing,still_missing,still_missing,still_missing,still_missing,still_missing,still_missing,native
26,Una,Himachal Pradesh,,illustrative_placeholder,,,,,,,,,,,,,,,,,,,,,,,,,,,0,still_missing,still_missing,still_missing,still_missing,still_missing,still_missing,still_missing,still_missing,still_missing,still_missing,still_missing,still_missing,still_missing,still_missing,still_missing,still_missing,still_missing,still_missing,still_missing,still_missing,still_missing,still_missing,still_missing,still_missing,still_missing,still_missing,native
381,Uttar Bastar Kanker,Chhattisgarh,,illustrative_placeholder,44.9,29.1,38.9,96.7,3.0,1.0,22.6,36.4,2914.0,90.0,21.0,11.6,14.3,,,,,,,,,,,,,,0,state_mean,state_mean,state_mean,state_mean,state_mean,state_mean,state_mean,state_mean,state_mean,state_mean,state_mean,state_mean,state_mean,still_missing,still_missing,still_missing,still_missing,still_missing,still_missing,still_missing,still_missing,still_missing,still_missing,still_missing,still_missing,still_missing,native
437,Vidisha,Madhya Pradesh,,illustrative_placeholder,,,,,,,,,,,,,,7,,,,,,,,,,,,,1,still_missing,still_missing,still_missing,still_missing,still_missing,still_missing,still_missing,still_missing,still_missing,still_missing,still_missing,still_missing,still_missing,native,still_missing,still_missing,still_missing,still_missing,still_missing,still_missing,still_missing,still_missing,still_missing,still_missing,still_missing,still_missing,native
738,Vijayanagar,Karnataka,,illustrative_placeholder,35.01379310344828,24.368965517241378,33.720689655172414,97.95517241379311,3.0,1.0,55.5448275862069,31.227586206896554,4252.862068965517,90.0,27.082758620689656,13.610344827586207,15.489655172413793,21,,,,,,,,,,,,,0,state_mean,state_mean,state_mean,state_mean,state_mean,state_mean,state_mean,state_mean,state_mean,state_mean,state_mean,state_mean,state_mean,native,still_missing,still_missing,still_missing,still_missing,still_missing,still_missing,still_missing,still_missing,still_missing,still_missing,still_missing,still_missing,native
530,Vijayapura,Karnataka,,illustrative_placeholder,35.01379310344828,24.368965517241378,33.720689655172414,97.95517241379311,3.0,1.0,55.5448275862069,31.227586206896554,4252.862068965517,90.0,27.082758620689656,13.610344827586207,15.489655172413793,57,,,,,,,,,,,,,0,state_mean,state_mean,state_mean,state_mean,state_mean,state_mean,state_mean,state_mean,state_mean,state_mean,state_mean,state_mean,state_mean,native,still_missing,still_missing,still_missing,still_missing,still_missing,still_missing,still_missing,still_missing,still_missing,still_missing,still_missing,still_missing,native
698,Vikarabad,Telangana,,illustrative_placeholder,32.1,20.0,37.1,99.1,3.0,1.0,66.7,59.6,3201.0,90.0,90.0,10.8,14.3,7,,,,,,,,,,,,,0,native,native,native,native,native,native,native,native,native,native,native,native,native,native,still_missing,still_missing,still_missing,still_missing,still_missing,still_missing,still_missing,still_missing,still_missing,still_missing,still_missing,still_missing,native
499,Washim,Maharashtra,,illustrative_placeholder,,,,,,,,,,,,,,7,,,,,,,,,,,,,1,still_missing,still_missing,still_missing,still_missing,still_missing,still_missing,still_missing,still_missing,still_missing,still_missing,still_missing,still_missing,still_missing,native,still_missing,still_missing,still_missing,still_missing,still_missing,still_missing,still_missing,still_missing,still_missing,still_missing,still_missing,still_missing,native
710,West Karbi Anglong,Assam,,illustrative_placeholder,,,,,,,,,,,,,,,,,,,,,,,,,,,0,still_missing,still_missing,still_missing,still_missing,still_missing,still_missing,still_missing,still_missing,still_missing,still_missing,still_missing,still_missing,still_missing,still_missing,still_missing,still_missing,still_missing,still_missing,still_missing,still_missing,still_missing,still_missing,still_missing,still_missing,still_missing,still_missing,native
250,Wokha,Nagaland,,illustrative_placeholder,,,,,,,,,,,,,,,,,,,,,,,,,,,0,still_missing,still_missing,still_missing,still_missing,still_missing,still_missing,still_missing,still_missing,still_missing,still_missing,still_missing,still_missing,still_missing,still_missing,still_missing,still_missing,still_missing,still_missing,still_missing,still_missing,still_missing,still_missing,still_missing,still_missing,still_missing,still_missing,native
501,Adilabad,Telangana,,illustrative_placeholder,45.7,29.5,52.0,99.2,3.0,1.0,50.8,63.6,4105.0,90.0,90.0,10.8,12.8,13,,,,,,,,,,,,,0,native,native,native,native,native,native,native,native,native,native,native,native,native,native,still_missing,still_missing,still_missing,still_missing,still_missing,still_missing,still_missing,still_missing,still_missing,still_missing,still_missing,still_missing,native
438,Ahmedabad,Gujarat,,illustrative_placeholder,,,,,,,,,,,,,,,,,,,,,,,,,,,0,still_missing,still_missing,still_missing,still_missing,still_missing,still_missing,still_missing,still_missing,still_missing,still_missing,still_missing,still_missing,still_missing,still_missing,still_missing,still_missing,still_missing,still_missing,still_missing,still_missing,still_missing,still_missing,still_missing,still_missing,still_missing,still_missing,native
261,Aizawl,Mizoram,,illustrative_placeholder,,,,,,,,,,,,,,,,,,,,,,,,,,,0,still_missing,still_missing,still_missing,still_missing,still_missing,still_missing,still_missing,still_missing,still_missing,still_missing,still_missing,still_missing,still_missing,still_missing,still_missing,still_missing,still_missing,still_missing,still_missing,still_missing,still_missing,still_missing,still_missing,still_missing,still_missing,still_missing,native
467,Akola,Maharashtra,,illustrative_placeholder,,,,,,,,,,,,,,11,,,,,,,,,,,,,0,still_missing,still_missing,still_missing,still_missing,still_missing,still_missing,still_missing,still_missing,still_missing,still_missing,still_missing,still_missing,still_missing,native,still_missing,still_missing,still_missing,still_missing,still_missing,still_missing,still_missing,still_missing,still_missing,still_missing,still_missing,still_missing,native
119,Aligarh,Uttar Pradesh,,illustrative_placeholder,,,,,,,,,,,,,,,,,,,,,,,,,,,0,still_missing,still_missing,still_missing,still_missing,still_missing,still_missing,still_missing,still_missing,still_missing,still_missing,still_missing,still_missing,still_missing,still_missing,still_missing,still_missing,still_missing,still_missing,still_missing,still_missing,still_missing,still_missing,still_missing,still_missing,still_missing,still_missing,native
639,Alirajpur,Madhya Pradesh,,illustrative_placeholder,,,,,,,,,,,,,,2,,,,,,,,,,,,,0,still_missing,still_missing,still_missing,still_missing,still_missing,still_missing,still_missing,still_missing,still_missing,still_missing,still_missing,still_missing,still_missing,native,still_missing,still_missing,still_missing,still_missing,still_missing,still_missing,still_missing,still_missing,still_missing,still_missing,still_missing,still_missing,native
87,Alwar,Rajasthan,,illustrative_placeholder,,,,,,,,,,,,,,,,,,,,,,,,,,,0,still_missing,still_missing,still_missing,still_missing,still_missing,still_missing,still_missing,still_missing,still_missing,still_missing,still_missing,still_missing,still_missing,still_missing,still_missing,still_missing,still_missing,still_missing,still_missing,still_missing,still_missing,still_missing,still_missing,still_missing,still_missing,still_missing,native
640,Amethi,Uttar Pradesh,,illustrative_placeholder,,,,,,,,,,,,,,,,,,,,,,,,,,,0,still_missing,still_missing,still_missing,still_missing,still_missing,still_missing,still_missing,still_missing,still_missing,still_missing,still_missing,still_missing,still_missing,still_missing,still_missing,still_missing,still_missing,still_missing,still_missing,still_missing,still_missing,still_missing,still_missing,still_missing,still_missing,still_missing,native
123,Azamgarh,Uttar Pradesh,,illustrative_placeholder,,,,,,,,,,,,,,,,,,,,,,,,,,,0,still_missing,still_missing,still_missing,still_missing,still_missing,still_missing,still_missing,still_missing,still_missing,still_missing,still_missing,still_missing,still_missing,still_missing,still_missing,still_missing,still_missing,still_missing,still_missing,still_missing,still_missing,still_missing,still_missing,still_missing,still_missing,still_missing,native
524,Bagalkote,Karnataka,,illustrative_placeholder,47.3,24.6,44.6,97.7,3.0,1.0,23.0,37.2,2249.0,90.0,21.0,11.8,12.8,30,,,,,,,,,,,,,0,native,native,native,native,native,native,native,native,native,native,native,native,native,native,still_missing,still_missing,still_missing,still_missing,still_missing,still_missing,still_missing,still_missing,still_missing,still_missing,still_missing,still_missing,native
46,Bageshwar,Uttarakhand,,illustrative_placeholder,,,,,,,,,,,,,,,,,,,,,,,,,,,0,still_missing,still_missing,still_missing,still_missing,still_missing,still_missing,still_missing,still_missing,still_missing,still_missing,still_missing,still_missing,still_missing,still_missing,still_missing,still_missing,still_missing,still_missing,still_missing,still_missing,still_missing,still_missing,still_missing,still_missing,still_missing,still_missing,native
528,Ballari,Karnataka,,illustrative_placeholder,49.5,26.9,53.3,97.9,3.0,1.0,39.7,21.5,4413.0,90.0,20.9,9.2,11.6,33,,,,,,,,,,,,,0,native,native,native,native,native,native,native,native,native,native,native,native,native,native,still_missing,still_missing,still_missing,still_missing,still_missing,still_missing,still_missing,still_missing,still_missing,still_missing,still_missing,still_missing,native
750,Bapatla,Andhra Pradesh,,illustrative_placeholder,30.766666666666666,17.041666666666668,31.53333333333333,99.13333333333334,3.0,1.0,51.61666666666667,75.25,2368.5833333333335,90.0,28.691666666666666,19.308333333333334,21.358333333333334,9,,,,,,,,,,,,,0,state_mean,state_mean,state_mean,state_mean,state_mean,state_mean,state_mean,state_mean,state_mean,state_mean,state_mean,state_mean,state_mean,native,still_missing,still_missing,still_missing,still_missing,still_missing,still_missing,still_missing,still_missing,still_missing,still_missing,still_missing,still_missing,native
90,Barmer,Rajasthan,,illustrative_placeholder,,,,,,,,,,,,,,,,,,,,,,,,,,,0,still_missing,still_missing,still_missing,still_missing,still_missing,still_missing,still_missing,still_missing,still_missing,still_missing,still_missing,still_missing,still_missing,still_missing,still_missing,still_missing,still_missing,still_missing,still_missing,still_missing,still_missing,still_missing,still_missing,still_missing,still_missing,still_missing,native
605,Barnala,Punjab,,illustrative_placeholder,,,,,,,,,,,,,,,,,,,,,,,,,,,0,still_missing,still_missing,still_missing,still_missing,still_missing,still_missing,still_missing,still_missing,still_missing,still_missing,still_missing,still_missing,still_missing,still_missing,still_missing,still_missing,still_missing,still_missing,still_missing,still_missing,still_missing,still_missing,still_missing,still_missing,still_missing,still_missing,native
280,Barpeta,Assam,,illustrative_placeholder,,,,,,,,,,,,,,,,,,,,,,,,,,,1,still_missing,still_missing,still_missing,still_missing,still_missing,still_missing,still_missing,still_missing,still_missing,still_missing,still_missing,still_missing,still_missing,still_missing,still_missing,still_missing,still_missing,still_missing,still_missing,still_missing,still_missing,still_missing,still_missing,still_missing,still_missing,still_missing,native
374,Bastar,Chhattisgarh,,illustrative_placeholder,44.9,29.1,38.9,96.7,3.0,1.0,22.6,36.4,2914.0,90.0,21.0,11.6,14.3,,,,,,,,,,,,,,1,state_mean,state_mean,state_mean,state_mean,state_mean,state_mean,state_mean,state_mean,state_mean,state_mean,state_mean,state_mean,state_mean,still_missing,still_missing,still_missing,still_missing,still_missing,still_missing,still_missing,still_missing,still_missing,still_missing,still_missing,still_missing,still_missing,native
394,Betul,Madhya Pradesh,,illustrative_placeholder,,,,,,,,,,,,,,13,,,,,,,,,,,,,0,still_missing,still_missing,still_missing,still_missing,still_missing,still_missing,still_missing,still_missing,still_missing,still_missing,still_missing,still_missing,still_missing,native,still_missing,still_missing,still_missing,still_missing,still_missing,still_missing,still_missing,still_missing,still_missing,still_missing,still_missing,still_missing,native
348,Bhadrak,Odisha,,illustrative_placeholder,,,,,,,,,,,,,,1,,,,,,,,,,,,,0,still_missing,still_missing,still_missing,still_missing,still_missing,still_missing,still_missing,still_missing,still_missing,still_missing,still_missing,still_missing,still_missing,state_mean,still_missing,still_missing,still_missing,still_missing,still_missing,still_missing,still_missing,still_missing,still_missing,still_missing,still_missing,still_missing,native
443,Bhavnagar,Gujarat,,illustrative_placeholder,,,,,,,,,,,,,,,,,,,,,,,,,,,0,still_missing,still_missing,still_missing,still_missing,still_missing,still_missing,still_missing,still_missing,still_missing,still_missing,still_missing,still_missing,still_missing,still_missing,still_missing,still_missing,still_missing,still_missing,still_missing,still_missing,still_missing,still_missing,still_missing,still_missing,still_missing,still_missing,native
92,Bhilwara,Rajasthan,,illustrative_placeholder,,,,,,,,,,,,,,,,,,,,,,,,,,,0,still_missing,still_missing,still_missing,still_missing,still_missing,still_missing,still_missing,still_missing,still_missing,still_missing,still_missing,still_missing,still_missing,still_missing,still_missing,still_missing,still_missing,still_missing,still_missing,still_missing,still_missing,still_missing,still_missing,still_missing,still_missing,still_missing,native
59,Bhiwani,Haryana,,illustrative_placeholder,,,,,,,,,,,,,,,,,,,,,,,,,,,0,still_missing,still_missing,still_missing,still_missing,still_missing,still_missing,still_missing,still_missing,still_missing,still_missing,still_missing,still_missing,still_missing,still_missing,still_missing,still_missing,still_missing,still_missing,still_missing,still_missing,still_missing,still_missing,still_missing,still_missing,still_missing,still_missing,native
529,Bidar,Karnataka,,illustrative_placeholder,42.8,23.6,39.4,98.1,3.0,1.0,28.0,25.1,5689.0,90.0,24.1,9.0,12.5,34,,,,,,,,,,,,,0,native,native,native,native,native,native,native,native,native,native,native,native,native,native,still_missing,still_missing,still_missing,still_missing,still_missing,still_missing,still_missing,still_missing,still_missing,still_missing,still_missing,still_missing,native
132,Bijnor,Uttar Pradesh,,illustrative_placeholder,,,,,,,,,,,,,,,,,,,,,,,,,,,0,still_missing,still_missing,still_missing,still_missing,still_missing,still_missing,still_missing,still_missing,still_missing,still_missing,still_missing,still_missing,still_missing,still_missing,still_missing,still_missing,still_missing,still_missing,still_missing,still_missing,still_missing,still_missing,still_missing,still_missing,still_missing,still_missing,native
15,Bilaspur,Himachal Pradesh,,illustrative_placeholder,,,,,,,,,,,,,,,,,,,,,,,,,,,0,still_missing,still_missing,still_missing,still_missing,still_missing,still_missing,still_missing,still_missing,still_missing,still_missing,still_missing,still_missing,still_missing,still_missing,still_missing,still_missing,still_missing,still_missing,still_missing,still_missing,still_missing,still_missing,still_missing,still_missing,still_missing,still_missing,native
322,Bokaro,Jharkhand,,illustrative_placeholder,,,,,,,,,,,,,,,,,,,,,,,,,,,1,still_missing,still_missing,still_missing,still_missing,still_missing,still_missing,still_missing,still_missing,still_missing,still_missing,still_missing,still_missing,still_missing,still_missing,still_missing,still_missing,still_missing,still_missing,still_missing,still_missing,still_missing,still_missing,still_missing,still_missing,still_missing,still_missing,native
281,Bongaigaon,Assam,,illustrative_placeholder,,,,,,,,,,,,,,,,,,,,,,,,,,,0,still_missing,still_missing,still_missing,still_missing,still_missing,still_missing,still_missing,still_missing,still_missing,still_missing,still_missing,still_missing,still_missing,still_missing,still_missing,still_missing,still_missing,still_missing,still_missing,still_missing,still_missing,still_missing,still_missing,still_missing,still_missing,still_missing,native
2,Budgam,Jammu And Kashmir,,illustrative_placeholder,,,,,,,,,,,,,,,,,,,,,,,,,,,0,still_missing,still_missing,still_missing,still_missing,still_missing,still_missing,still_missing,still_missing,still_missing,still_missing,still_missing,still_missing,still_missing,still_missing,still_missing,still_missing,still_missing,still_missing,still_missing,still_missing,still_missing,still_missing,still_missing,still_missing,still_missing,still_missing,native
194,Buxar,Bihar,,illustrative_placeholder,,,,,,,,,,,,,,,,,,,,,,,,,,,0,still_missing,still_missing,still_missing,still_missing,still_missing,still_missing,still_missing,still_missing,still_missing,still_missing,still_missing,still_missing,still_missing,still_missing,still_missing,still_missing,still_missing,still_missing,still_missing,still_missing,still_missing,still_missing,still_missing,still_missing,still_missing,still_missing,native
77,Central,Delhi,,illustrative_placeholder,,,,,,,,,,,,,,,,,,,,,,,,,,,0,still_missing,still_missing,still_missing,still_missing,still_missing,still_missing,still_missing,still_missing,still_missing,still_missing,still_missing,still_missing,still_missing,still_missing,still_missing,still_missing,still_missing,still_missing,still_missing,still_missing,still_missing,still_missing,still_missing,still_missing,still_missing,still_missing,native
16,Chamba,Himachal Pradesh,,illustrative_placeholder,,,,,,,,,,,,,,,,,,,,,,,,,,,1,still_missing,still_missing,still_missing,still_missing,still_missing,still_missing,still_missing,still_missing,still_missing,still_missing,still_missing,still_missing,still_missing,still_missing,still_missing,still_missing,still_missing,still_missing,still_missing,still_missing,still_missing,still_missing,still_missing,still_missing,still_missing,still_missing,native
262,Champhai,Mizoram,,illustrative_placeholder,,,,,,,,,,,,,,,,,,,,,,,,,,,0,still_missing,still_missing,still_missing,still_missing,still_missing,still_missing,still_missing,still_missing,still_missing,still_missing,still_missing,still_missing,still_missing,still_missing,still_missing,still_missing,still_missing,still_missing,still_missing,still_missing,still_missing,still_missing,still_missing,still_missing,still_missing,still_missing,native
44,Chandigarh,Chandigarh,,illustrative_placeholder,,,,,,,,,,,,,,,,,,,,,,,,2.0,,,0,still_missing,still_missing,still_missing,still_missing,still_missing,still_missing,still_missing,still_missing,still_missing,still_missing,still_missing,still_missing,still_missing,still_missing,still_missing,still_missing,still_missing,still_missing,still_missing,still_missing,still_missing,still_missing,still_missing,native,still_missing,still_missing,native
730,Chengalpattu,Tamil Nadu,,illustrative_placeholder,26.635483870967743,19.838709677419356,23.95483870967742,98.88064516129032,3.0,1.0,50.04516129032258,64.81290322580645,2861.1290322580644,90.0,90.0,20.54193548387097,22.24516129032258,70,,,,,,,,,,,,,0,state_mean,state_mean,state_mean,state_mean,state_mean,state_mean,state_mean,state_mean,state_mean,state_mean,state_mean,state_mean,state_mean,native,still_missing,still_missing,still_missing,still_missing,still_missing,still_missing,still_missing,still_missing,still_missing,still_missing,still_missing,still_missing,native
469,Chhatrapati Sambhajinagar,Maharashtra,,illustrative_placeholder,,,,,,,,,,,,,,16,,,,,,,,,,,,,0,still_missing,still_missing,still_missing,still_missing,still_missing,still_missing,still_missing,still_missing,still_missing,still_missing,still_missing,still_missing,still_missing,native,still_missing,still_missing,still_missing,still_missing,still_missing,still_missing,still_missing,still_missing,still_missing,still_missing,still_missing,still_missing,native
399,Chhindwara,Madhya Pradesh,,illustrative_placeholder,,,,,,,,,,,,,,9,,,,,,,,,,,,,0,still_missing,still_missing,still_missing,still_missing,still_missing,still_missing,still_missing,still_missing,still_missing,still_missing,still_missing,still_missing,still_missing,native,still_missing,still_missing,still_missing,still_missing,still_missing,still_missing,still_missing,still_missing,still_missing,still_missing,still_missing,still_missing,native
136,Chitrakoot,Uttar Pradesh,,illustrative_placeholder,,,,,,,,,,,,,,,,,,,,,,,,,,,1,still_missing,still_missing,still_missing,still_missing,still_missing,still_missing,still_missing,still_missing,still_missing,still_missing,still_missing,still_missing,still_missing,still_missing,still_missing,still_missing,still_missing,still_missing,still_missing,still_missing,still_missing,still_missing,still_missing,still_missing,still_missing,still_missing,native
254,Churachandpur,Manipur,,illustrative_placeholder,,,,,,,,,,,,,,,,,,,,,,,,,,,0,still_missing,still_missing,still_missing,still_missing,still_missing,still_missing,still_missing,still_missing,still_missing,still_missing,still_missing,still_missing,still_missing,still_missing,still_missing,still_missing,still_missing,still_missing,still_missing,still_missing,still_missing,still_missing,still_missing,still_missing,still_missing,still_missing,native
570,Cuddalore,Tamil Nadu,,illustrative_placeholder,28.2,19.7,25.0,99.2,3.0,1.0,39.6,73.2,3303.0,90.0,90.0,20.5,20.7,42,,,,,,,,,,,,,0,native,native,native,native,native,native,native,native,native,native,native,native,native,native,still_missing,still_missing,still_missing,still_missing,still_missing,still_missing,still_missing,still_missing,still_missing,still_missing,still_missing,still_missing,native
350,Cuttack,Odisha,,illustrative_placeholder,,,,,,,,,,,,,,1,,,,,,,,,,,,,0,still_missing,still_missing,still_missing,still_missing,still_missing,still_missing,still_missing,still_missing,still_missing,still_missing,still_missing,still_missing,still_missing,state_mean,still_missing,still_missing,still_missing,still_missing,still_missing,still_missing,still_missing,still_missing,still_missing,still_missing,still_missing,still_missing,native
534,Dakshina Kannada,Karnataka,,illustrative_placeholder,23.9,17.1,21.7,98.1,3.0,1.0,93.0,34.7,3741.0,90.0,29.9,15.4,14.8,154,,,,,,,,,,,,,0,native,native,native,native,native,native,native,native,native,native,native,native,native,native,still_missing,still_missing,still_missing,still_missing,still_missing,still_missing,still_missing,still_missing,still_missing,still_missing,still_missing,still_missing,native
463,Daman,The Dadra And Nagar Haveli And Daman And Diu,,illustrative_placeholder,,,,,,,,,,,,,,,,,,,,,,,,1.0,,,0,still_missing,still_missing,still_missing,still_missing,still_missing,still_missing,still_missing,still_missing,still_missing,still_missing,still_missing,still_missing,still_missing,still_missing,still_missing,still_missing,still_missing,still_missing,still_missing,still_missing,still_missing,still_missing,still_missing,state_mean,still_missing,still_missing,native
195,Darbhanga,Bihar,,illustrative_placeholder,,,,,,,,,,,,,,,,,,,,,,,,,,,0,still_missing,still_missing,still_missing,still_missing,still_missing,still_missing,still_missing,still_missing,still_missing,still_missing,still_missing,still_missing,still_missing,still_missing,still_missing,still_missing,still_missing,still_missing,still_missing,still_missing,still_missing,still_missing,still_missing,still_missing,still_missing,still_missing,native
97,Dausa,Rajasthan,,illustrative_placeholder,,,,,,,,,,,,,,,,,,,,,,,,,,,0,still_missing,still_missing,still_missing,still_missing,still_missing,still_missing,still_missing,still_missing,still_missing,still_missing,still_missing,still_missing,still_missing,still_missing,still_missing,still_missing,still_missing,still_missing,still_missing,still_missing,still_missing,still_missing,still_missing,still_missing,still_missing,still_missing,native
767,Deeg,Rajasthan,,illustrative_placeholder,,,,,,,,,,,,,,,,,,,,,,,,,,,0,still_missing,still_missing,still_missing,still_missing,still_missing,still_missing,still_missing,still_missing,still_missing,still_missing,still_missing,still_missing,still_missing,still_missing,still_missing,still_missing,still_missing,still_missing,still_missing,still_missing,still_missing,still_missing,still_missing,still_missing,still_missing,still_missing,native
137,Deoria,Uttar Pradesh,,illustrative_placeholder,,,,,,,,,,,,,,,,,,,,,,,,,,,0,still_missing,still_missing,still_missing,still_missing,still_missing,still_missing,still_missing,still_missing,still_missing,still_missing,still_missing,still_missing,still_missing,still_missing,still_missing,still_missing,still_missing,still_missing,still_missing,still_missing,still_missing,still_missing,still_missing,still_missing,still_missing,still_missing,native
402,Dewas,Madhya Pradesh,,illustrative_placeholder,,,,,,,,,,,,,,27,,,,,,,,,,,,,0,still_missing,still_missing,still_missing,still_missing,still_missing,still_missing,still_missing,still_missing,still_missing,still_missing,still_missing,still_missing,still_missing,native,still_missing,still_missing,still_missing,still_missing,still_missing,still_missing,still_missing,still_missing,still_missing,still_missing,still_missing,still_missing,native
403,Dhar,Madhya Pradesh,,illustrative_placeholder,,,,,,,,,,,,,,17,,,,,,,,,,,,,0,still_missing,still_missing,still_missing,still_missing,still_missing,still_missing,still_missing,still_missing,still_missing,still_missing,still_missing,still_missing,still_missing,native,still_missing,still_missing,still_missing,still_missing,still_missing,still_missing,still_missing,still_missing,still_missing,still_missing,still_missing,still_missing,native
488,Dharashiv,Maharashtra,,illustrative_placeholder,,,,,,,,,,,,,,15,,,,,,,,,,,,,0,still_missing,still_missing,still_missing,still_missing,still_missing,still_missing,still_missing,still_missing,still_missing,still_missing,still_missing,still_missing,still_missing,native,still_missing,still_missing,still_missing,still_missing,still_missing,still_missing,still_missing,still_missing,still_missing,still_missing,still_missing,still_missing,native
474,Dhule,Maharashtra,,illustrative_placeholder,,,,,,,,,,,,,,3,,,,,,,,,,,,,0,still_missing,still_missing,still_missing,still_missing,still_missing,still_missing,still_missing,still_missing,still_missing,still_missing,still_missing,still_missing,still_missing,native,still_missing,still_missing,still_missing,still_missing,still_missing,still_missing,still_missing,still_missing,still_missing,still_missing,still_missing,still_missing,native
747,Dr. B.R. Ambedkar Konaseema,Andhra Pradesh,,illustrative_placeholder,30.766666666666666,17.041666666666668,31.53333333333333,99.13333333333334,3.0,1.0,51.61666666666667,75.25,2368.5833333333335,90.0,28.691666666666666,19.308333333333334,21.358333333333334,11,,,,,,,,,,,,,0,state_mean,state_mean,state_mean,state_mean,state_mean,state_mean,state_mean,state_mean,state_mean,state_mean,state_mean,state_mean,state_mean,native,still_missing,still_missing,still_missing,still_missing,still_missing,still_missing,still_missing,still_missing,still_missing,still_missing,still_missing,still_missing,native
231,East Kameng,Arunachal Pradesh,,illustrative_placeholder,,,,,,,,,,,,,,,,,,,,,,,,,,,0,still_missing,still_missing,still_missing,still_missing,still_missing,still_missing,still_missing,still_missing,still_missing,still_missing,still_missing,still_missing,still_missing,still_missing,still_missing,still_missing,still_missing,still_missing,still_missing,still_missing,still_missing,still_missing,still_missing,still_missing,still_missing,still_missing,native
139,Etawah,Uttar Pradesh,,illustrative_placeholder,,,,,,,,,,,,,,,,,,,,,,,,,,,0,still_missing,still_missing,still_missing,still_missing,still_missing,still_missing,still_missing,still_missing,still_missing,still_missing,still_missing,still_missing,still_missing,still_missing,still_missing,still_missing,still_missing,still_missing,still_missing,still_missing,still_missing,still_missing,still_missing,still_missing,still_missing,still_missing,native
60,Faridabad,Haryana,,illustrative_placeholder,,,,,,,,,,,,,,,,,,,,,,,,,,,0,still_missing,still_missing,still_missing,still_missing,still_missing,still_missing,still_missing,still_missing,still_missing,still_missing,still_missing,still_missing,still_missing,still_missing,still_missing,still_missing,still_missing,still_missing,still_missing,still_missing,still_missing,still_missing,still_missing,still_missing,still_missing,still_missing,native
143,Firozabad,Uttar Pradesh,,illustrative_placeholder,,,,,,,,,,,,,,,,,,,,,,,,,,,0,still_missing,still_missing,still_missing,still_missing,still_missing,still_missing,still_missing,still_missing,still_missing,still_missing,still_missing,still_missing,still_missing,still_missing,still_missing,still_missing,still_missing,still_missing,still_missing,still_missing,still_missing,still_missing,still_missing,still_missing,still_missing,still_missing,native
100,Ganganagar,Rajasthan,,illustrative_placeholder,,,,,,,,,,,,,,,,,,,,,,,,,,,0,still_missing,still_missing,still_missing,still_missing,still_missing,still_missing,still_missing,still_missing,still_missing,still_missing,still_missing,still_missing,still_missing,still_missing,still_missing,still_missing,still_missing,still_missing,still_missing,still_missing,still_missing,still_missing,still_missing,still_missing,still_missing,still_missing,native
288,Golaghat,Assam,,illustrative_placeholder,,,,,,,,,,,,,,,,,,,,,,,,,,,0,still_missing,still_missing,still_missing,still_missing,still_missing,still_missing,still_missing,still_missing,still_missing,still_missing,still_missing,still_missing,still_missing,still_missing,still_missing,still_missing,still_missing,still_missing,still_missing,still_missing,still_missing,still_missing,still_missing,still_missing,still_missing,still_missing,native
148,Gorakhpur,Uttar Pradesh,,illustrative_placeholder,,,,,,,,,,,,,,,,,,,,,,,,,,,0,still_missing,still_missing,still_missing,still_missing,still_missing,still_missing,still_missing,still_missing,still_missing,still_missing,still_missing,still_missing,still_missing,still_missing,still_missing,still_missing,still_missing,still_missing,still_missing,still_missing,still_missing,still_missing,still_missing,still_missing,still_missing,still_missing,native
406,Guna,Madhya Pradesh,,illustrative_placeholder,,,,,,,,,,,,,,4,,,,,,,,,,,,,1,still_missing,still_missing,still_missing,still_missing,still_missing,still_missing,still_missing,still_missing,still_missing,still_missing,still_missing,still_missing,still_missing,native,still_missing,still_missing,still_missing,still_missing,still_missing,still_missing,still_missing,still_missing,still_missing,still_missing,still_missing,still_missing,native
228,Gyalshing,Sikkim,,illustrative_placeholder,,,,,,,,,,,,,,,,,,,,,,,,,,,0,still_missing,still_missing,still_missing,still_missing,still_missing,still_missing,still_missing,still_missing,still_missing,still_missing,still_missing,still_missing,still_missing,still_missing,still_missing,still_missing,still_missing,still_missing,still_missing,still_missing,still_missing,still_missing,still_missing,still_missing,still_missing,still_missing,native
149,Hamirpur,Uttar Pradesh,,illustrative_placeholder,,,,,,,,,,,,,,,,,,,,,,,,,,,0,still_missing,still_missing,still_missing,still_missing,still_missing,still_missing,still_missing,still_missing,still_missing,still_missing,still_missing,still_missing,still_missing,still_missing,still_missing,still_missing,still_missing,still_missing,still_missing,still_missing,still_missing,still_missing,still_missing,still_missing,still_missing,still_missing,native
556,Idukki,Kerala,,illustrative_placeholder,15.1,24.2,14.8,99.4,3.0,1.0,94.8,54.2,6411.0,90.0,90.0,22.8,23.9,62,,,,,,,,,,,,,0,native,native,native,native,native,native,native,native,native,native,native,native,native,native,still_missing,still_missing,still_missing,still_missing,still_missing,still_missing,still_missing,still_missing,still_missing,still_missing,still_missing,still_missing,native
255,Imphal East,Manipur,,illustrative_placeholder,,,,,,,,,,,,,,,,,,,,,,,,,,,0,still_missing,still_missing,still_missing,still_missing,still_missing,still_missing,still_missing,still_missing,still_missing,still_missing,still_missing,still_missing,still_missing,still_missing,still_missing,still_missing,still_missing,still_missing,still_missing,still_missing,still_missing,still_missing,still_missing,still_missing,still_missing,still_missing,native
410,Indore,Madhya Pradesh,,illustrative_placeholder,,,,,,,,,,,,,,113,,,,,,,,,,,,,0,still_missing,still_missing,still_missing,still_missing,still_missing,still_missing,still_missing,still_missing,still_missing,still_missing,still_missing,still_missing,still_missing,native,still_missing,still_missing,still_missing,still_missing,still_missing,still_missing,still_missing,still_missing,still_missing,still_missing,still_missing,still_missing,native
783,Jaipur (Gramin),Rajasthan,,illustrative_placeholder,,,,,,,,,,,,,,,,,,,,,,,,,,,0,still_missing,still_missing,still_missing,still_missing,still_missing,still_missing,still_missing,still_missing,still_missing,still_missing,still_missing,still_missing,still_missing,still_missing,still_missing,still_missing,still_missing,still_missing,still_missing,still_missing,still_missing,still_missing,still_missing,still_missing,still_missing,still_missing,native
103,Jaisalmer,Rajasthan,,illustrative_placeholder,,,,,,,,,,,,,,,,,,,,,,,,,,,1,still_missing,still_missing,still_missing,still_missing,still_missing,still_missing,still_missing,still_missing,still_missing,still_missing,still_missing,still_missing,still_missing,still_missing,still_missing,still_missing,still_missing,still_missing,still_missing,still_missing,still_missing,still_missing,still_missing,still_missing,still_missing,still_missing,native
689,Jangoan,Telangana,,illustrative_placeholder,33.4,22.9,30.9,99.3,3.0,1.0,84.3,71.7,4741.0,90.0,90.0,14.4,18.3,9,,,,,,,,,,,,,0,native,native,native,native,native,native,native,native,native,native,native,native,native,native,still_missing,still_missing,still_missing,still_missing,still_missing,still_missing,still_missing,still_missing,still_missing,still_missing,still_missing,still_missing,native
152,Jaunpur,Uttar Pradesh,,illustrative_placeholder,,,,,,,,,,,,,,,,,,,,,,,,,,,0,still_missing,still_missing,still_missing,still_missing,still_missing,still_missing,still_missing,still_missing,still_missing,still_missing,still_missing,still_missing,still_missing,still_missing,still_missing,still_missing,still_missing,still_missing,still_missing,still_missing,still_missing,still_missing,still_missing,still_missing,still_missing,still_missing,native
64,Jhajjar,Haryana,,illustrative_placeholder,,,,,,,,,,,,,,,,,,,,,,,,,,,0,still_missing,still_missing,still_missing,still_missing,still_missing,still_missing,still_missing,still_missing,still_missing,still_missing,still_missing,still_missing,still_missing,still_missing,still_missing,still_missing,still_missing,still_missing,still_missing,still_missing,still_missing,still_missing,still_missing,still_missing,still_missing,still_missing,native
448,Junagadh,Gujarat,,illustrative_placeholder,,,,,,,,,,,,,,,,,,,,,,,,,,,0,still_missing,still_missing,still_missing,still_missing,still_missing,still_missing,still_missing,still_missing,still_missing,still_missing,still_missing,still_missing,still_missing,still_missing,still_missing,still_missing,still_missing,still_missing,still_missing,still_missing,still_missing,still_missing,still_missing,still_missing,still_missing,still_missing,native
66,Kaithal,Haryana,,illustrative_placeholder,,,,,,,,,,,,,,,,,,,,,,,,,,,0,still_missing,still_missing,still_missing,still_missing,still_missing,still_missing,still_missing,still_missing,still_missing,still_missing,still_missing,still_missing,still_missing,still_missing,still_missing,still_missing,still_missing,still_missing,still_missing,still_missing,still_missing,still_missing,still_missing,still_missing,still_missing,still_missing,native
718,Kamle,Arunachal Pradesh,,illustrative_placeholder,,,,,,,,,,,,,,,,,,,,,,,,,,,0,still_missing,still_missing,still_missing,still_missing,still_missing,still_missing,still_missing,still_missing,still_missing,still_missing,still_missing,still_missing,still_missing,still_missing,still_missing,still_missing,still_missing,still_missing,still_missing,still_missing,still_missing,still_missing,still_missing,still_missing,still_missing,still_missing,native
575,Kanniyakumari,Tamil Nadu,,illustrative_placeholder,17.2,9.0,12.8,99.5,3.0,1.0,85.8,54.9,5538.0,90.0,90.0,29.0,25.2,103,,,,,,,,,,,,,0,native,native,native,native,native,native,native,native,native,native,native,native,native,native,still_missing,still_missing,still_missing,still_missing,still_missing,still_missing,still_missing,still_missing,still_missing,still_missing,still_missing,still_missing,native
598,Karaikal,Puducherry,,illustrative_placeholder,19.0,23.3,24.8,99.7,3.0,1.0,69.4,36.0,2509.0,90.0,90.0,22.4,22.8,5,,,,,,,,,,1.0,,,0,native,native,native,native,native,native,native,native,native,native,native,native,native,native,still_missing,still_missing,still_missing,still_missing,still_missing,still_missing,still_missing,still_missing,still_missing,state_mean,still_missing,still_missing,native
293,Karimganj,Assam,,illustrative_placeholder,,,,,,,,,,,,,,,,,,,,,,,,,,,0,still_missing,still_missing,still_missing,still_missing,still_missing,still_missing,still_missing,still_missing,still_missing,still_missing,still_missing,still_missing,still_missing,still_missing,still_missing,still_missing,still_missing,still_missing,still_missing,still_missing,still_missing,still_missing,still_missing,still_missing,still_missing,still_missing,native
158,Kaushambi,Uttar Pradesh,,illustrative_placeholder,,,,,,,,,,,,,,,,,,,,,,,,,,,0,still_missing,still_missing,still_missing,still_missing,still_missing,still_missing,still_missing,still_missing,still_missing,still_missing,still_missing,still_missing,still_missing,still_missing,still_missing,still_missing,still_missing,still_missing,still_missing,still_missing,still_missing,still_missing,still_missing,still_missing,still_missing,still_missing,native
781,Kekri,Rajasthan,,illustrative_placeholder,,,,,,,,,,,,,,,,,,,,,,,,,,,0,still_missing,still_missing,still_missing,still_missing,still_missing,still_missing,still_missing,still_missing,still_missing,still_missing,still_missing,still_missing,still_missing,still_missing,still_missing,still_missing,still_missing,still_missing,still_missing,still_missing,still_missing,still_missing,still_missing,still_missing,still_missing,still_missing,native
361,Kendujhar,Odisha,,illustrative_placeholder,,,,,,,,,,,,,,1,,,,,,,,,,,,,0,still_missing,still_missing,still_missing,still_missing,still_missing,still_missing,still_missing,still_missing,still_missing,still_missing,still_missing,still_missing,still_missing,state_mean,still_missing,still_missing,still_missing,still_missing,still_missing,still_missing,still_missing,still_missing,still_missing,still_missing,still_missing,still_missing,native
759,Khairagarh-Chhuikhadan-Gandai,Chhattisgarh,,illustrative_placeholder,44.9,29.1,38.9,96.7,3.0,1.0,22.6,36.4,2914.0,90.0,21.0,11.6,14.3,,,,,,,,,,,,,,0,state_mean,state_mean,state_mean,state_mean,state_mean,state_mean,state_mean,state_mean,state_mean,state_mean,state_mean,state_mean,state_mean,still_missing,still_missing,still_missing,still_missing,still_missing,still_missing,still_missing,still_missing,still_missing,still_missing,still_missing,still_missing,still_missing,native
245,Kohima,Nagaland,,illustrative_placeholder,,,,,,,,,,,,,,,,,,,,,,,,,,,0,still_missing,still_missing,still_missing,still_missing,still_missing,still_missing,still_missing,still_missing,still_missing,still_missing,still_missing,still_missing,still_missing,still_missing,still_missing,still_missing,still_missing,still_missing,still_missing,still_missing,still_missing,still_missing,still_missing,still_missing,still_missing,still_missing,native
294,Kokrajhar,Assam,,illustrative_placeholder,,,,,,,,,,,,,,,,,,,,,,,,,,,0,still_missing,still_missing,still_missing,still_missing,still_missing,still_missing,still_missing,still_missing,still_missing,still_missing,still_missing,still_missing,still_missing,still_missing,still_missing,still_missing,still_missing,still_missing,still_missing,still_missing,still_missing,still_missing,still_missing,still_missing,still_missing,still_missing,native
480,Kolhapur,Maharashtra,,illustrative_placeholder,,,,,,,,,,,,,,23,,,,,,,,,,,,,0,still_missing,still_missing,still_missing,still_missing,still_missing,still_missing,still_missing,still_missing,still_missing,still_missing,still_missing,still_missing,still_missing,native,still_missing,still_missing,still_missing,still_missing,still_missing,still_missing,still_missing,still_missing,still_missing,still_missing,still_missing,still_missing,native
643,Kondagaon,Chhattisgarh,,illustrative_placeholder,44.9,29.1,38.9,96.7,3.0,1.0,22.6,36.4,2914.0,90.0,21.0,11.6,14.3,,,,,,,,,,,,,,1,state_mean,state_mean,state_mean,state_mean,state_mean,state_mean,state_mean,state_mean,state_mean,state_mean,state_mean,state_mean,state_mean,still_missing,still_missing,still_missing,still_missing,still_missing,still_missing,still_missing,still_missing,still_missing,still_missing,still_missing,still_missing,still_missing,native
20,Kullu,Himachal Pradesh,,illustrative_placeholder,,,,,,,,,,,,,,,,,,,,,,,,,,,0,still_missing,still_missing,still_missing,still_missing,still_missing,still_missing,still_missing,still_missing,still_missing,still_missing,still_missing,still_missing,still_missing,still_missing,still_missing,still_missing,still_missing,still_missing,still_missing,still_missing,still_missing,still_missing,still_missing,still_missing,still_missing,still_missing,native
233,Kurung Kumey,Arunachal Pradesh,,illustrative_placeholder,,,,,,,,,,,,,,,,,,,,,,,,,,,0,still_missing,still_missing,still_missing,still_missing,still_missing,still_missing,still_missing,still_missing,still_missing,still_missing,still_missing,still_missing,still_missing,still_missing,still_missing,still_missing,still_missing,still_missing,still_missing,still_missing,still_missing,still_missing,still_missing,still_missing,still_missing,still_missing,native
9,Leh Ladakh,Ladakh,,illustrative_placeholder,,,,,,,,,,,,,,,,,,,,,,,,,,,0,still_missing,still_missing,still_missing,still_missing,still_missing,still_missing,still_missing,still_missing,still_missing,still_missing,still_missing,still_missing,still_missing,still_missing,still_missing,still_missing,still_missing,still_missing,still_missing,still_missing,still_missing,still_missing,still_missing,still_missing,still_missing,still_missing,native
162,Lucknow,Uttar Pradesh,,illustrative_placeholder,,,,,,,,,,,,,,,,,,,,,,,,,,,0,still_missing,still_missing,still_missing,still_missing,still_missing,still_missing,still_missing,still_missing,still_missing,still_missing,still_missing,still_missing,still_missing,still_missing,still_missing,still_missing,still_missing,still_missing,still_missing,still_missing,still_missing,still_missing,still_missing,still_missing,still_missing,still_missing,native
205,Madhepura,Bihar,,illustrative_placeholder,,,,,,,,,,,,,,,,,,,,,,,,,,,0,still_missing,still_missing,still_missing,still_missing,still_missing,still_missing,still_missing,still_missing,still_missing,still_missing,still_missing,still_missing,still_missing,still_missing,still_missing,still_missing,still_missing,still_missing,still_missing,still_missing,still_missing,still_missing,still_missing,still_missing,still_missing,still_missing,native
737,Malerkotla,Punjab,,illustrative_placeholder,,,,,,,,,,,,,,,,,,,,,,,,,,,0,still_missing,still_missing,still_missing,still_missing,still_missing,still_missing,still_missing,still_missing,still_missing,still_missing,still_missing,still_missing,still_missing,still_missing,still_missing,still_missing,still_missing,still_missing,still_missing,still_missing,still_missing,still_missing,still_missing,still_missing,still_missing,still_missing,native
226,Mangan,Sikkim,,illustrative_placeholder,,,,,,,,,,,,,,,,,,,,,,,,,,,0,still_missing,still_missing,still_missing,still_missing,still_missing,still_missing,still_missing,still_missing,still_missing,still_missing,still_missing,still_missing,still_missing,still_missing,still_missing,still_missing,still_missing,still_missing,still_missing,still_missing,still_missing,still_missing,still_missing,still_missing,still_missing,still_missing,native
37,Mansa,Punjab,,illustrative_placeholder,,,,,,,,,,,,,,,,,,,,,,,,,,,0,still_missing,still_missing,still_missing,still_missing,still_missing,still_missing,still_missing,still_missing,still_missing,still_missing,still_missing,still_missing,still_missing,still_missing,still_missing,still_missing,still_missing,still_missing,still_missing,still_missing,still_missing,still_missing,still_missing,still_missing,still_missing,still_missing,native
296,Marigaon,Assam,,illustrative_placeholder,,,,,,,,,,,,,,,,,,,,,,,,,,,0,still_missing,still_missing,still_missing,still_missing,still_missing,still_missing,still_missing,still_missing,still_missing,still_missing,still_missing,still_missing,still_missing,still_missing,still_missing,still_missing,still_missing,still_missing,still_missing,still_missing,still_missing,still_missing,still_missing,still_missing,still_missing,still_missing,native
167,Mathura,Uttar Pradesh,,illustrative_placeholder,,,,,,,,,,,,,,,,,,,,,,,,,,,0,still_missing,still_missing,still_missing,still_missing,still_missing,still_missing,still_missing,still_missing,still_missing,still_missing,still_missing,still_missing,still_missing,still_missing,still_missing,still_missing,still_missing,still_missing,still_missing,still_missing,still_missing,still_missing,still_missing,still_missing,still_missing,still_missing,native
169,Meerut,Uttar Pradesh,,illustrative_placeholder,,,,,,,,,,,,,,,,,,,,,,,,,,,0,still_missing,still_missing,still_missing,still_missing,still_missing,still_missing,still_missing,still_missing,still_missing,still_missing,still_missing,still_missing,still_missing,still_missing,still_missing,still_missing,still_missing,still_missing,still_missing,still_missing,still_missing,still_missing,still_missing,still_missing,still_missing,still_missing,native
38,Moga,Punjab,,illustrative_placeholder,,,,,,,,,,,,,,,,,,,,,,,,,,,1,still_missing,still_missing,still_missing,still_missing,still_missing,still_missing,still_missing,still_missing,still_missing,still_missing,still_missing,still_missing,still_missing,still_missing,still_missing,still_missing,still_missing,still_missing,still_missing,still_missing,still_missing,still_missing,still_missing,still_missing,still_missing,still_missing,native
647,Mungeli,Chhattisgarh,,illustrative_placeholder,44.9,29.1,38.9,96.7,3.0,1.0,22.6,36.4,2914.0,90.0,21.0,11.6,14.3,,,,,,,,,,,,,,0,state_mean,state_mean,state_mean,state_mean,state_mean,state_mean,state_mean,state_mean,state_mean,state_mean,state_mean,state_mean,state_mean,still_missing,still_missing,still_missing,still_missing,still_missing,still_missing,still_missing,still_missing,still_missing,still_missing,still_missing,still_missing,still_missing,native
172,Muzaffarnagar,Uttar Pradesh,,illustrative_placeholder,,,,,,,,,,,,,,,,,,,,,,,,,,,0,still_missing,still_missing,still_missing,still_missing,still_missing,still_missing,still_missing,still_missing,still_missing,still_missing,still_missing,still_missing,still_missing,still_missing,still_missing,still_missing,still_missing,still_missing,still_missing,still_missing,still_missing,still_missing,still_missing,still_missing,still_missing,still_missing,native
208,Muzaffarpur,Bihar,,illustrative_placeholder,,,,,,,,,,,,,,,,,,,,,,,,,,,1,still_missing,still_missing,still_missing,still_missing,still_missing,still_missing,still_missing,still_missing,still_missing,still_missing,still_missing,still_missing,still_missing,still_missing,still_missing,still_missing,still_missing,still_missing,still_missing,still_missing,still_missing,still_missing,still_missing,still_missing,still_missing,still_missing,native
110,Nagaur,Rajasthan,,illustrative_placeholder,,,,,,,,,,,,,,,,,,,,,,,,,,,0,still_missing,still_missing,still_missing,still_missing,still_missing,still_missing,still_missing,still_missing,still_missing,still_missing,still_missing,still_missing,still_missing,still_missing,still_missing,still_missing,still_missing,still_missing,still_missing,still_missing,still_missing,still_missing,still_missing,still_missing,still_missing,still_missing,native
227,Namchi,Sikkim,,illustrative_placeholder,,,,,,,,,,,,,,,,,,,,,,,,,,,0,still_missing,still_missing,still_missing,still_missing,still_missing,still_missing,still_missing,still_missing,still_missing,still_missing,still_missing,still_missing,still_missing,still_missing,still_missing,still_missing,still_missing,still_missing,still_missing,still_missing,still_missing,still_missing,still_missing,still_missing,still_missing,still_missing,native
637,Narayanpur,Chhattisgarh,,illustrative_placeholder,44.9,29.1,38.9,96.7,3.0,1.0,22.6,36.4,2914.0,90.0,21.0,11.6,14.3,,,,,,,,,,,,,,1,state_mean,state_mean,state_mean,state_mean,state_mean,state_mean,state_mean,state_mean,state_mean,state_mean,state_mean,state_mean,state_mean,still_missing,still_missing,still_missing,still_missing,still_missing,still_missing,still_missing,still_missing,still_missing,still_missing,still_missing,still_missing,still_missing,native
452,Narmada,Gujarat,,illustrative_placeholder,,,,,,,,,,,,,,,,,,,,,,,,,,,1,still_missing,still_missing,still_missing,still_missing,still_missing,still_missing,still_missing,still_missing,still_missing,still_missing,still_missing,still_missing,still_missing,still_missing,still_missing,still_missing,still_missing,still_missing,still_missing,still_missing,still_missing,still_missing,still_missing,still_missing,still_missing,still_missing,native
367,Nayagarh,Odisha,,illustrative_placeholder,,,,,,,,,,,,,,1,,,,,,,,,,,,,0,still_missing,still_missing,still_missing,still_missing,still_missing,still_missing,still_missing,still_missing,still_missing,still_missing,still_missing,still_missing,still_missing,state_mean,still_missing,still_missing,still_missing,still_missing,still_missing,still_missing,still_missing,still_missing,still_missing,still_missing,still_missing,still_missing,native
764,Niuland,Nagaland,,illustrative_placeholder,,,,,,,,,,,,,,,,,,,,,,,,,,,0,still_missing,still_missing,still_missing,still_missing,still_missing,still_missing,still_missing,still_missing,still_missing,still_missing,still_missing,still_missing,still_missing,still_missing,still_missing,still_missing,still_missing,still_missing,still_missing,still_missing,still_missing,still_missing,still_missing,still_missing,still_missing,still_missing,native
303,North 24 Parganas,West Bengal,,illustrative_placeholder,,,,,,,,,,,,,,,,,,,,,,,,,,,0,still_missing,still_missing,still_missing,still_missing,still_missing,still_missing,still_missing,still_missing,still_missing,still_missing,still_missing,still_missing,still_missing,still_missing,still_missing,still_missing,still_missing,still_missing,still_missing,still_missing,still_missing,still_missing,still_missing,still_missing,still_missing,still_missing,native
632,North And Middle Andaman,Andaman And Nicobar Islands,,illustrative_placeholder,,,,,,,,,,,,,,,,,,,,,,,,,,,0,still_missing,still_missing,still_missing,still_missing,still_missing,still_missing,still_missing,still_missing,still_missing,still_missing,still_missing,still_missing,still_missing,still_missing,still_missing,still_missing,still_missing,still_missing,still_missing,still_missing,still_missing,still_missing,still_missing,still_missing,still_missing,still_missing,native
656,North Garo Hills,Meghalaya,,illustrative_placeholder,,,,,,,,,,,,,,,,,,,,,,,,,,,0,still_missing,still_missing,still_missing,still_missing,still_missing,still_missing,still_missing,still_missing,still_missing,still_missing,still_missing,still_missing,still_missing,still_missing,still_missing,still_missing,still_missing,still_missing,still_missing,still_missing,still_missing,still_missing,still_missing,still_missing,still_missing,still_missing,native
604,Nuh,Haryana,,illustrative_placeholder,,,,,,,,,,,,,,,,,,,,,,,,,,,0,still_missing,still_missing,still_missing,still_missing,still_missing,still_missing,still_missing,still_missing,still_missing,still_missing,still_missing,still_missing,still_missing,still_missing,still_missing,still_missing,still_missing,still_missing,still_missing,still_missing,still_missing,still_missing,still_missing,still_missing,still_missing,still_missing,native
741,Pakyong,Sikkim,,illustrative_placeholder,,,,,,,,,,,,,,,,,,,,,,,,,,,0,still_missing,still_missing,still_missing,still_missing,still_missing,still_missing,still_missing,still_missing,still_missing,still_missing,still_missing,still_missing,still_missing,still_missing,still_missing,still_missing,still_missing,still_missing,still_missing,still_missing,still_missing,still_missing,still_missing,still_missing,still_missing,still_missing,native
111,Pali,Rajasthan,,illustrative_placeholder,,,,,,,,,,,,,,,,,,,,,,,,,,,0,still_missing,still_missing,still_missing,still_missing,still_missing,still_missing,still_missing,still_missing,still_missing,still_missing,still_missing,still_missing,still_missing,still_missing,still_missing,still_missing,still_missing,still_missing,still_missing,still_missing,still_missing,still_missing,still_missing,still_missing,still_missing,still_missing,native
751,Palnadu,Andhra Pradesh,,illustrative_placeholder,30.766666666666666,17.041666666666668,31.53333333333333,99.13333333333334,3.0,1.0,51.61666666666667,75.25,2368.5833333333335,90.0,28.691666666666666,19.308333333333334,21.358333333333334,14,,,,,,,,,,,,,0,state_mean,state_mean,state_mean,state_mean,state_mean,state_mean,state_mean,state_mean,state_mean,state_mean,state_mean,state_mean,state_mean,native,still_missing,still_missing,still_missing,still_missing,still_missing,still_missing,still_missing,still_missing,still_missing,still_missing,still_missing,still_missing,native
619,Palwal,Haryana,,illustrative_placeholder,,,,,,,,,,,,,,,,,,,,,,,,,,,0,still_missing,still_missing,still_missing,still_missing,still_missing,still_missing,still_missing,still_missing,still_missing,still_missing,still_missing,still_missing,still_missing,still_missing,still_missing,still_missing,still_missing,still_missing,still_missing,still_missing,still_missing,still_missing,still_missing,still_missing,still_missing,still_missing,native
420,Panna,Madhya Pradesh,,illustrative_placeholder,,,,,,,,,,,,,,4,,,,,,,,,,,,,0,still_missing,still_missing,still_missing,still_missing,still_missing,still_missing,still_missing,still_missing,still_missing,still_missing,still_missing,still_missing,still_missing,native,still_missing,still_missing,still_missing,still_missing,still_missing,still_missing,still_missing,still_missing,still_missing,still_missing,still_missing,still_missing,native
52,Pauri Garhwal,Uttarakhand,,illustrative_placeholder,,,,,,,,,,,,,,,,,,,,,,,,,,,0,still_missing,still_missing,still_missing,still_missing,still_missing,still_missing,still_missing,still_missing,still_missing,still_missing,still_missing,still_missing,still_missing,still_missing,still_missing,still_missing,still_missing,still_missing,still_missing,still_missing,still_missing,still_missing,still_missing,still_missing,still_missing,still_missing,native
772,Phalodi,Rajasthan,,illustrative_placeholder,,,,,,,,,,,,,,,,,,,,,,,,,,,0,still_missing,still_missing,still_missing,still_missing,still_missing,still_missing,still_missing,still_missing,still_missing,still_missing,still_missing,still_missing,still_missing,still_missing,still_missing,still_missing,still_missing,still_missing,still_missing,still_missing,still_missing,still_missing,still_missing,still_missing,still_missing,still_missing,native
173,Pilibhit,Uttar Pradesh,,illustrative_placeholder,,,,,,,,,,,,,,,,,,,,,,,,,,,0,still_missing,still_missing,still_missing,still_missing,still_missing,still_missing,still_missing,still_missing,still_missing,still_missing,still_missing,still_missing,still_missing,still_missing,still_missing,still_missing,still_missing,still_missing,still_missing,still_missing,still_missing,still_missing,still_missing,still_missing,still_missing,still_missing,native
306,Purba Bardhaman,West Bengal,,illustrative_placeholder,,,,,,,,,,,,,,,,,,,,,,,,,,,0,still_missing,still_missing,still_missing,still_missing,still_missing,still_missing,still_missing,still_missing,still_missing,still_missing,still_missing,still_missing,still_missing,still_missing,still_missing,still_missing,still_missing,still_missing,still_missing,still_missing,still_missing,still_missing,still_missing,still_missing,still_missing,still_missing,native
457,Rajkot,Gujarat,,illustrative_placeholder,,,,,,,,,,,,,,,,,,,,,,,,,,,0,still_missing,still_missing,still_missing,still_missing,still_missing,still_missing,still_missing,still_missing,still_missing,still_missing,still_missing,still_missing,still_missing,still_missing,still_missing,still_missing,still_missing,still_missing,still_missing,still_missing,still_missing,still_missing,still_missing,still_missing,still_missing,still_missing,native
631,Ramanagara,Karnataka,,illustrative_placeholder,22.0,20.3,22.9,98.2,3.0,1.0,64.3,34.8,2420.0,90.0,29.9,18.2,19.6,18,,,,,,,,,,,,,0,native,native,native,native,native,native,native,native,native,native,native,native,native,native,still_missing,still_missing,still_missing,still_missing,still_missing,still_missing,still_missing,still_missing,still_missing,still_missing,still_missing,still_missing,native
607,Ramgarh,Jharkhand,,illustrative_placeholder,,,,,,,,,,,,,,,,,,,,,,,,,,,1,still_missing,still_missing,still_missing,still_missing,still_missing,still_missing,still_missing,still_missing,still_missing,still_missing,still_missing,still_missing,still_missing,still_missing,still_missing,still_missing,still_missing,still_missing,still_missing,still_missing,still_missing,still_missing,still_missing,still_missing,still_missing,still_missing,native
176,Rampur,Uttar Pradesh,,illustrative_placeholder,,,,,,,,,,,,,,,,,,,,,,,,,,,0,still_missing,still_missing,still_missing,still_missing,still_missing,still_missing,still_missing,still_missing,still_missing,still_missing,still_missing,still_missing,still_missing,still_missing,still_missing,still_missing,still_missing,still_missing,still_missing,still_missing,still_missing,still_missing,still_missing,still_missing,still_missing,still_missing,native
731,Ranipet,Tamil Nadu,,illustrative_placeholder,26.635483870967743,19.838709677419356,23.95483870967742,98.88064516129032,3.0,1.0,50.04516129032258,64.81290322580645,2861.1290322580644,90.0,90.0,20.54193548387097,22.24516129032258,18,,,,,,,,,,,,,0,state_mean,state_mean,state_mean,state_mean,state_mean,state_mean,state_mean,state_mean,state_mean,state_mean,state_mean,state_mean,state_mean,native,still_missing,still_missing,still_missing,still_missing,still_missing,still_missing,still_missing,still_missing,still_missing,still_missing,still_missing,still_missing,native
424,Rewa,Madhya Pradesh,,illustrative_placeholder,,,,,,,,,,,,,,16,,,,,,,,,,,,,0,still_missing,still_missing,still_missing,still_missing,still_missing,still_missing,still_missing,still_missing,still_missing,still_missing,still_missing,still_missing,still_missing,native,still_missing,still_missing,still_missing,still_missing,still_missing,still_missing,still_missing,still_missing,still_missing,still_missing,still_missing,still_missing,native
215,Rohtas,Bihar,,illustrative_placeholder,,,,,,,,,,,,,,,,,,,,,,,,,,,0,still_missing,still_missing,still_missing,still_missing,still_missing,still_missing,still_missing,still_missing,still_missing,still_missing,still_missing,still_missing,still_missing,still_missing,still_missing,still_missing,still_missing,still_missing,still_missing,still_missing,still_missing,still_missing,still_missing,still_missing,still_missing,still_missing,native
42,Rupnagar,Punjab,,illustrative_placeholder,,,,,,,,,,,,,,,,,,,,,,,,,,,0,still_missing,still_missing,still_missing,still_missing,still_missing,still_missing,still_missing,still_missing,still_missing,still_missing,still_missing,still_missing,still_missing,still_missing,still_missing,still_missing,still_missing,still_missing,still_missing,still_missing,still_missing,still_missing,still_missing,still_missing,still_missing,still_missing,native
779,Sanchore,Rajasthan,,illustrative_placeholder,,,,,,,,,,,,,,,,,,,,,,,,,,,0,still_missing,still_missing,still_missing,still_missing,still_missing,still_missing,still_missing,still_missing,still_missing,still_missing,still_missing,still_missing,still_missing,still_missing,still_missing,still_missing,still_missing,still_missing,still_missing,still_missing,still_missing,still_missing,still_missing,still_missing,still_missing,still_missing,native
494,Satara,Maharashtra,,illustrative_placeholder,,,,,,,,,,,,,,18,,,,,,,,,,,,,0,still_missing,still_missing,still_missing,still_missing,still_missing,still_missing,still_missing,still_missing,still_missing,still_missing,still_missing,still_missing,still_missing,native,still_missing,still_missing,still_missing,still_missing,still_missing,still_missing,still_missing,still_missing,still_missing,still_missing,still_missing,still_missing,native
428,Seoni,Madhya Pradesh,,illustrative_placeholder,,,,,,,,,,,,,,10,,,,,,,,,,,,,0,still_missing,still_missing,still_missing,still_missing,still_missing,still_missing,still_missing,still_missing,still_missing,still_missing,still_missing,still_missing,still_missing,native,still_missing,still_missing,still_missing,still_missing,still_missing,still_missing,still_missing,still_missing,still_missing,still_missing,still_missing,still_missing,native
180,Shahjahanpur,Uttar Pradesh,,illustrative_placeholder,,,,,,,,,,,,,,,,,,,,,,,,,,,0,still_missing,still_missing,still_missing,still_missing,still_missing,still_missing,still_missing,still_missing,still_missing,still_missing,still_missing,still_missing,still_missing,still_missing,still_missing,still_missing,still_missing,still_missing,still_missing,still_missing,still_missing,still_missing,still_missing,still_missing,still_missing,still_missing,native
430,Shajapur,Madhya Pradesh,,illustrative_placeholder,,,,,,,,,,,,,,9,,,,,,,,,,,,,0,still_missing,still_missing,still_missing,still_missing,still_missing,still_missing,still_missing,still_missing,still_missing,still_missing,still_missing,still_missing,still_missing,native,still_missing,still_missing,still_missing,still_missing,still_missing,still_missing,still_missing,still_missing,still_missing,still_missing,still_missing,still_missing,native
431,Sheopur,Madhya Pradesh,,illustrative_placeholder,,,,,,,,,,,,,,4,,,,,,,,,,,,,0,still_missing,still_missing,still_missing,still_missing,still_missing,still_missing,still_missing,still_missing,still_missing,still_missing,still_missing,still_missing,still_missing,native,still_missing,still_missing,still_missing,still_missing,still_missing,still_missing,still_missing,still_missing,still_missing,still_missing,still_missing,still_missing,native
432,Shivpuri,Madhya Pradesh,,illustrative_placeholder,,,,,,,,,,,,,,10,,,,,,,,,,,,,0,still_missing,still_missing,still_missing,still_missing,still_missing,still_missing,still_missing,still_missing,still_missing,still_missing,still_missing,still_missing,still_missing,native,still_missing,still_missing,still_missing,still_missing,still_missing,still_missing,still_missing,still_missing,still_missing,still_missing,still_missing,still_missing,native
625,Shopian,Jammu And Kashmir,,illustrative_placeholder,,,,,,,,,,,,,,,,,,,,,,,,,,,0,still_missing,still_missing,still_missing,still_missing,still_missing,still_missing,still_missing,still_missing,still_missing,still_missing,still_missing,still_missing,still_missing,still_missing,still_missing,still_missing,still_missing,still_missing,still_missing,still_missing,still_missing,still_missing,still_missing,still_missing,still_missing,still_missing,native
433,Sidhi,Madhya Pradesh,,illustrative_placeholder,,,,,,,,,,,,,,4,,,,,,,,,,,,,0,still_missing,still_missing,still_missing,still_missing,still_missing,still_missing,still_missing,still_missing,still_missing,still_missing,still_missing,still_missing,still_missing,native,still_missing,still_missing,still_missing,still_missing,still_missing,still_missing,still_missing,still_missing,still_missing,still_missing,still_missing,still_missing,native
638,Singrauli,Madhya Pradesh,,illustrative_placeholder,,,,,,,,,,,,,,7,,,,,,,,,,,,,1,still_missing,still_missing,still_missing,still_missing,still_missing,still_missing,still_missing,still_missing,still_missing,still_missing,still_missing,still_missing,still_missing,native,still_missing,still_missing,still_missing,still_missing,still_missing,still_missing,still_missing,still_missing,still_missing,still_missing,still_missing,still_missing,native
183,Sitapur,Uttar Pradesh,,illustrative_placeholder,,,,,,,,,,,,,,,,,,,,,,,,,,,0,still_missing,still_missing,still_missing,still_missing,still_missing,still_missing,still_missing,still_missing,still_missing,still_missing,still_missing,still_missing,still_missing,still_missing,still_missing,still_missing,still_missing,still_missing,still_missing,still_missing,still_missing,still_missing,still_missing,still_missing,still_missing,still_missing,native
496,Solapur,Maharashtra,,illustrative_placeholder,,,,,,,,,,,,,,29,,,,,,,,,,,,,0,still_missing,still_missing,still_missing,still_missing,still_missing,still_missing,still_missing,still_missing,still_missing,still_missing,still_missing,still_missing,still_missing,native,still_missing,still_missing,still_missing,still_missing,still_missing,still_missing,still_missing,still_missing,still_missing,still_missing,still_missing,still_missing,native
742,Soreng,Sikkim,,illustrative_placeholder,,,,,,,,,,,,,,,,,,,,,,,,,,,1,still_missing,still_missing,still_missing,still_missing,still_missing,still_missing,still_missing,still_missing,still_missing,still_missing,still_missing,still_missing,still_missing,still_missing,still_missing,still_missing,still_missing,still_missing,still_missing,still_missing,still_missing,still_missing,still_missing,still_missing,still_missing,still_missing,native
83,South,Delhi,,illustrative_placeholder,,,,,,,,,,,,,,,,,,,,,,,,,,,0,still_missing,still_missing,still_missing,still_missing,still_missing,still_missing,still_missing,still_missing,still_missing,still_missing,still_missing,still_missing,still_missing,still_missing,still_missing,still_missing,still_missing,still_missing,still_missing,still_missing,still_missing,still_missing,still_missing,still_missing,still_missing,still_missing,native
707,South Salmara Mancachar,Assam,,illustrative_placeholder,,,,,,,,,,,,,,,,,,,,,,,,,,,0,still_missing,still_missing,still_missing,still_missing,still_missing,still_missing,still_missing,still_missing,still_missing,still_missing,still_missing,still_missing,still_missing,still_missing,still_missing,still_missing,still_missing,still_missing,still_missing,still_missing,still_missing,still_missing,still_missing,still_missing,still_missing,still_missing,native
663,South West Garo Hills,Meghalaya,,illustrative_placeholder,,,,,,,,,,,,,,,,,,,,,,,,,,,0,still_missing,still_missing,still_missing,still_missing,still_missing,still_missing,still_missing,still_missing,still_missing,still_missing,still_missing,still_missing,still_missing,still_missing,still_missing,still_missing,still_missing,still_missing,still_missing,still_missing,still_missing,still_missing,still_missing,still_missing,still_missing,still_missing,native
519,Srikakulam,Andhra Pradesh,,illustrative_placeholder,28.0,15.6,28.7,98.3,3.0,1.0,33.3,82.2,3402.0,90.0,22.9,17.4,17.6,12,,,,,,,,,,,,,0,native,native,native,native,native,native,native,native,native,native,native,native,native,native,still_missing,still_missing,still_missing,still_missing,still_missing,still_missing,still_missing,still_missing,still_missing,still_missing,still_missing,still_missing,native
642,Sukma,Chhattisgarh,,illustrative_placeholder,44.9,29.1,38.9,96.7,3.0,1.0,22.6,36.4,2914.0,90.0,21.0,11.6,14.3,,,,,,,,,,,,,,1,state_mean,state_mean,state_mean,state_mean,state_mean,state_mean,state_mean,state_mean,state_mean,state_mean,state_mean,state_mean,state_mean,still_missing,still_missing,still_missing,still_missing,still_missing,still_missing,still_missing,still_missing,still_missing,still_missing,still_missing,still_missing,still_missing,native
223,Supaul,Bihar,,illustrative_placeholder,,,,,,,,,,,,,,,,,,,,,,,,,,,0,still_missing,still_missing,still_missing,still_missing,still_missing,still_missing,still_missing,still_missing,still_missing,still_missing,still_missing,still_missing,still_missing,still_missing,still_missing,still_missing,still_missing,still_missing,still_missing,still_missing,still_missing,still_missing,still_missing,still_missing,still_missing,still_missing,native
756,Tamulpur,Assam,,illustrative_placeholder,,,,,,,,,,,,,,,,,,,,,,,,,,,0,still_missing,still_missing,still_missing,still_missing,still_missing,still_missing,still_missing,still_missing,still_missing,still_missing,still_missing,still_missing,still_missing,still_missing,still_missing,still_missing,still_missing,still_missing,still_missing,still_missing,still_missing,still_missing,still_missing,still_missing,still_missing,still_missing,native
55,Tehri Garhwal,Uttarakhand,,illustrative_placeholder,,,,,,,,,,,,,,,,,,,,,,,,,,,0,still_missing,still_missing,still_missing,still_missing,still_missing,still_missing,still_missing,still_missing,still_missing,still_missing,still_missing,still_missing,still_missing,still_missing,still_missing,still_missing,still_missing,still_missing,still_missing,still_missing,still_missing,still_missing,still_missing,still_missing,still_missing,still_missing,native
497,Thane,Maharashtra,,illustrative_placeholder,,,,,,,,,,,,,,78,,,,,,,,,,,,,0,still_missing,still_missing,still_missing,still_missing,still_missing,still_missing,still_missing,still_missing,still_missing,still_missing,still_missing,still_missing,still_missing,native,still_missing,still_missing,still_missing,still_missing,still_missing,still_missing,still_missing,still_missing,still_missing,still_missing,still_missing,still_missing,native
565,Thiruvananthapuram,Kerala,,illustrative_placeholder,19.5,13.1,21.6,99.4,3.0,1.0,97.1,57.9,8788.0,90.0,90.0,26.1,36.2,197,,,,,,,,,,,,,0,native,native,native,native,native,native,native,native,native,native,native,native,native,native,still_missing,still_missing,still_missing,still_missing,still_missing,still_missing,still_missing,still_missing,still_missing,still_missing,still_missing,still_missing,native
591,Tiruchirappalli,Tamil Nadu,,illustrative_placeholder,30.0,19.0,27.6,99.2,3.0,1.0,46.5,63.4,1254.0,90.0,90.0,22.7,26.5,88,,,,,,,,,,,,,0,native,native,native,native,native,native,native,native,native,native,native,native,native,native,still_missing,still_missing,still_missing,still_missing,still_missing,still_missing,still_missing,still_missing,still_missing,still_missing,still_missing,still_missing,native
634,Tiruppur,Tamil Nadu,,illustrative_placeholder,29.4,20.4,24.9,99.6,3.0,1.0,51.4,62.5,2443.0,90.0,90.0,18.3,18.6,47,,,,,,,,,,,,,0,native,native,native,native,native,native,native,native,native,native,native,native,native,native,still_missing,still_missing,still_missing,still_missing,still_missing,still_missing,still_missing,still_missing,still_missing,still_missing,still_missing,still_missing,native
593,Tiruvannamalai,Tamil Nadu,,illustrative_placeholder,24.5,34.6,34.7,98.9,3.0,1.0,31.4,59.0,2140.0,90.0,90.0,18.8,21.8,18,,,,,,,,,,,,,0,native,native,native,native,native,native,native,native,native,native,native,native,native,native,still_missing,still_missing,still_missing,still_missing,still_missing,still_missing,still_missing,still_missing,still_missing,still_missing,still_missing,still_missing,native
117,Udaipur,Rajasthan,,illustrative_placeholder,,,,,,,,,,,,,,,,,,,,,,,,,,,0,still_missing,still_missing,still_missing,still_missing,still_missing,still_missing,still_missing,still_missing,still_missing,still_missing,still_missing,still_missing,still_missing,still_missing,still_missing,still_missing,still_missing,still_missing,still_missing,still_missing,still_missing,still_missing,still_missing,still_missing,still_missing,still_missing,native
617,Udalguri,Assam,,illustrative_placeholder,,,,,,,,,,,,,,,,,,,,,,,,,,,1,still_missing,still_missing,still_missing,still_missing,still_missing,still_missing,still_missing,still_missing,still_missing,still_missing,still_missing,still_missing,still_missing,still_missing,still_missing,still_missing,still_missing,still_missing,still_missing,still_missing,still_missing,still_missing,still_missing,still_missing,still_missing,still_missing,native
240,Upper Siang,Arunachal Pradesh,,illustrative_placeholder,,,,,,,,,,,,,,,,,,,,,,,,,,,0,still_missing,still_missing,still_missing,still_missing,still_missing,still_missing,still_missing,still_missing,still_missing,still_missing,still_missing,still_missing,still_missing,still_missing,still_missing,still_missing,still_missing,still_missing,still_missing,still_missing,still_missing,still_missing,still_missing,still_missing,still_missing,still_missing,native
550,Uttara Kannada,Karnataka,,illustrative_placeholder,37.9,18.3,30.1,97.5,3.0,1.0,68.1,24.2,3500.0,90.0,25.1,12.7,13.8,35,,,,,,,,,,,,,0,native,native,native,native,native,native,native,native,native,native,native,native,native,native,still_missing,still_missing,still_missing,still_missing,still_missing,still_missing,still_missing,still_missing,still_missing,still_missing,still_missing,still_missing,native
57,Uttar Kashi,Uttarakhand,,illustrative_placeholder,,,,,,,,,,,,,,,,,,,,,,,,,,,0,still_missing,still_missing,still_missing,still_missing,still_missing,still_missing,still_missing,still_missing,still_missing,still_missing,still_missing,still_missing,still_missing,still_missing,still_missing,still_missing,still_missing,still_missing,still_missing,still_missing,still_missing,still_missing,still_missing,still_missing,still_missing,still_missing,native
522,Warangal,Telangana,,illustrative_placeholder,29.5,29.5,36.0,99.6,3.0,1.0,81.2,62.0,2825.0,90.0,90.0,17.1,19.0,8,,,,,,,,,,,,,0,native,native,native,native,native,native,native,native,native,native,native,native,native,native,still_missing,still_missing,still_missing,still_missing,still_missing,still_missing,still_missing,still_missing,still_missing,still_missing,still_missing,still_missing,native
567,Wayanad,Kerala,,illustrative_placeholder,27.7,23.9,27.2,96.1,3.0,1.0,95.2,61.8,4232.0,90.0,90.0,18.3,17.9,29,,,,,,,,,,,,,1,native,native,native,native,native,native,native,native,native,native,native,native,native,native,still_missing,still_missing,still_missing,still_missing,still_missing,still_missing,still_missing,still_missing,still_missing,still_missing,still_missing,still_missing,native
278,West Garo Hills,Meghalaya,,illustrative_placeholder,,,,,,,,,,,,,,,,,,,,,,,,,,,0,still_missing,still_missing,still_missing,still_missing,still_missing,still_missing,still_missing,still_missing,still_missing,still_missing,still_missing,still_missing,still_missing,still_missing,still_missing,still_missing,still_missing,still_missing,still_missing,still_missing,still_missing,still_missing,still_missing,still_missing,still_missing,still_missing,native
275,West Jaintia Hills,Meghalaya,,illustrative_placeholder,,,,,,,,,,,,,,,,,,,,,,,,,,,0,still_missing,still_missing,still_missing,still_missing,still_missing,still_missing,still_missing,still_missing,still_missing,still_missing,still_missing,still_missing,still_missing,still_missing,still_missing,still_missing,still_missing,still_missing,still_missing,still_missing,still_missing,still_missing,still_missing,still_missing,still_missing,still_missing,native
243,West Siang,Arunachal Pradesh,,illustrative_placeholder,,,,,,,,,,,,,,,,,,,,,,,,,,,0,still_missing,still_missing,still_missing,still_missing,still_missing,still_missing,still_missing,still_missing,still_missing,still_missing,still_missing,still_missing,still_missing,still_missing,still_missing,still_missing,still_missing,still_missing,still_missing,still_missing,still_missing,still_missing,still_missing,still_missing,still_missing,still_missing,native
343,West Singhbhum,Jharkhand,,illustrative_placeholder,,,,,,,,,,,,,,,,,,,,,,,,,,,0,still_missing,still_missing,still_missing,still_missing,still_missing,still_missing,still_missing,still_missing,still_missing,still_missing,still_missing,still_missing,still_missing,still_missing,still_missing,still_missing,still_missing,still_missing,still_missing,still_missing,still_missing,still_missing,still_missing,still_missing,still_missing,still_missing,native
697,Yadadri Bhuvanagiri,Telangana,,illustrative_placeholder,38.3,10.3,27.2,99.6,3.0,1.0,81.9,65.3,3082.0,90.0,90.0,14.6,18.0,4,,,,,,,,,,,,,0,native,native,native,native,native,native,native,native,native,native,native,native,native,native,still_missing,still_missing,still_missing,still_missing,still_missing,still_missing,still_missing,still_missing,still_missing,still_missing,still_missing,still_missing,native
635,Yadgir,Karnataka,,illustrative_placeholder,55.5,31.3,50.3,98.3,3.0,1.0,18.9,28.6,1966.0,90.0,18.0,7.7,13.1,21,,,,,,,,,,,,,1,native,native,native,native,native,native,native,native,native,native,native,native,native,native,still_missing,still_missing,still_missing,still_missing,still_missing,still_missing,still_missing,still_missing,still_missing,still_missing,still_missing,still_missing,native
601,Yanam,Puducherry,,illustrative_placeholder,32.0,17.1,27.4,99.6,3.0,1.0,73.9,42.2,2554.0,90.0,90.0,22.0,24.7,0,,,,,,,,,,1.0,,,0,native,native,native,native,native,native,native,native,native,native,native,native,native,native,still_missing,still_missing,still_missing,still_missing,still_missing,still_missing,still_missing,still_missing,still_missing,state_mean,still_missing,still_missing,native
251,Zunheboto,Nagaland,,illustrative_placeholder,,,,,,,,,,,,,,,,,,,,,,,,,,,0,still_missing,still_missing,still_missing,still_missing,still_missing,still_missing,still_missing,still_missing,still_missing,still_missing,still_missing,still_missing,still_missing,still_missing,still_missing,still_missing,still_missing,still_missing,still_missing,still_missing,still_missing,still_missing,still_missing,still_missing,still_missing,still_missing,native
